Review ID,Run,Valid,Topic,Text Span,Errors
1,1,False,Staff,Staff is extremely helpful and easy to communicate with,
1,1,False,Location,close to the airport,
1,1,False,Location,close to the beach,
1,1,False,Food,Tasty food on the first floor,
1,1,False,Food,comfortable restaurant for both cozy evenings and calm work to escape the heat in the midday,
1,2,False,Staff,Staff is extremely helpful and easy to communicate with,
1,2,False,Location,close to the airport,
1,2,False,Location,close to the beach,
1,2,False,Food,Tasty food on the first floor,
1,2,False,Food,comfortable restaurant for both cozy evenings and calm work to escape the heat in the midday,
1,3,False,Staff,Staff is extremely helpful and easy to communicate with,
1,3,False,Location,close to the airport,
1,3,False,Location,close to the beach,
1,3,False,Food,Tasty food on the first floor,
1,3,False,Food,comfortable restaurant for both cozy evenings and calm work to escape the heat in the midday,
2,1,False,Room,"The room was very clean, well decorated and modern, although not big.",
2,1,False,Staff,The staff was very nice and helpful!,
2,1,False,Staff,all staff was very kind and helpful,
2,1,False,Food,"The breakfast was amazing, fresh and handmade! Especially vegetarian version with humus.",
2,2,False,Room,"The room was very clean, well decorated and modern, although not big.",
2,2,False,Staff,The staff was very nice and helpful!,
2,2,False,Staff,all staff was very kind and helpful,
2,2,False,Food,"The breakfast was amazing, fresh and handmade! Especially vegetarian version with humus.",
2,3,False,Room,"The room was very clean, well decorated and modern, although not big.",
2,3,False,Staff,The staff was very nice and helpful!,
2,3,False,Staff,all staff was very kind and helpful,
2,3,False,Food,"The breakfast was amazing, fresh and handmade! Especially vegetarian version with humus.",
3,1,True,Location,the location is great and near the airport.,
3,1,True,Location,bus stop is very close.,
3,2,True,Location,the location is great and near the airport.,
3,2,True,Location,bus stop is very close.,
3,3,True,Location,the location is great and near the airport.,
3,3,True,Location,bus stop is very close.,
4,1,False,Price,Great Quality/price,
4,1,False,Cleanliness,Clean,
4,2,False,Price,Great Quality/price,
4,2,False,Cleanliness,Clean,
4,3,False,Price,Great Quality/price,
4,3,False,Cleanliness,Clean,
5,1,True,Room,Clean and modern with very comfortable beds,
5,1,True,Location,in a very convenient location,
5,1,True,Location,An easy stroll to numerous nice restaurants and a great beach,
5,2,True,Room,Clean and modern with very comfortable beds,
5,2,True,Location,in a very convenient location,
5,2,True,Location,An easy stroll to numerous nice restaurants and a great beach,
5,3,True,Room,Clean and modern with very comfortable beds,
5,3,True,Location,in a very convenient location,
5,3,True,Location,An easy stroll to numerous nice restaurants and a great beach,
6,1,True,Room,The room was exceptionally clean with a really comfortable bed,
6,2,True,Room,The room was exceptionally clean with a really comfortable bed,
6,3,True,Room,The room was exceptionally clean with a really comfortable bed,
7,1,True,(no spans found),,
7,2,True,(no spans found),,
7,3,True,(no spans found),,
8,1,True,Location,"nice location,",
8,2,True,Location,"nice location,",
8,3,True,Location,"nice location,",
9,1,True,Staff,very helpful host,
9,1,True,Location,nearby bus takes to town-cntre,
9,1,True,Food,couldn't eat breakfast due to dietary restrictions,
9,1,True,Food,purchasing fresh fruit or veg,
9,1,True,Taxi-issue,21 euro taxi,
9,2,True,Staff,very helpful host,
9,2,True,Location,nearby bus takes to town-cntre,
9,2,True,Food,couldn't eat breakfast due to dietary restrictions,
9,2,True,Food,fresh fruit or veg,
9,2,True,Taxi-issue,21 euro taxi,
9,3,True,Staff,very helpful host,
9,3,True,Location,nearby bus takes to town-cntre,
9,3,True,Food,couldn't eat breakfast due to dietary restrictions,
9,3,True,Food,fresh fruit or veg,
9,3,True,Taxi-issue,21 euro taxi,
10,1,True,Room,Great modern room comfortable bed and quiet location.,
10,1,True,Location,quiet location.,
10,2,True,Room,Great modern room comfortable bed and quiet location.,
10,2,True,Location,quiet location.,
10,3,True,Room,Great modern room comfortable bed and quiet location.,
10,3,True,Location,quiet location.,
11,1,False,Room,The rooms are spacious and clean great to stay .. I even got an upgrade which is always so nice.,
11,1,False,Staff,The staff here are amazing beyond expectations..*****,
11,1,False,Staff,Maria at reception is just great she really took time to explain where to go how to get there and so helpful ... 🙏,
11,1,False,Staff,"Richard the guy is like the friendliest guy ever, such a nice guy with a permanent. Smile 😁",
11,1,False,Staff,Even the cleaning lady is so friendly and so nice to talk to.,
11,1,False,Location,The bus stop which goes to and from the airport as well as the town center is a minutes walk away and just 2 euros,
11,1,False,Food,Oh yeah the food is great to and very reasonable prices ..,
11,2,False,Room,The rooms are spacious and clean great to stay .. I even got an upgrade which is always so nice.,
11,2,False,Staff,The staff here are amazing beyond expectations..*****,
11,2,False,Staff,Maria at reception is just great she really took time to explain where to go how to get there and so helpful ... 🙏,
11,2,False,Staff,"Richard the guy is like the friendliest guy ever, such a nice guy with a permanent. Smile 😁",
11,2,False,Staff,Even the cleaning lady is so friendly and so nice to talk to.,
11,2,False,Location,The bus stop which goes to and from the airport as well as the town center is a minutes walk away and just 2 euros,
11,2,False,Food,Oh yeah the food is great to and very reasonable prices ..,
11,3,False,Room,The rooms are spacious and clean great to stay .. I even got an upgrade which is always so nice.,
11,3,False,Staff,The staff here are amazing beyond expectations..*****,
11,3,False,Staff,Maria at reception is just great she really took time to explain where to go how to get there and so helpful ... 🙏,
11,3,False,Staff,"Richard the guy is like the friendliest guy ever, such a nice guy with a permanent. Smile 😁",
11,3,False,Staff,Even the cleaning lady is so friendly and so nice to talk to.,
11,3,False,Location,The bus stop which goes to and from the airport as well as the town center is a minutes walk away and just 2 euros,
11,3,False,Food,Oh yeah the food is great to and very reasonable prices ..,
12,1,True,Staff,The staff were exceptional.,
12,1,True,Staff,So helpful and friendly.,
12,1,True,Staff,Went out of their way for us.,
12,1,True,Food,The breakfast was lovely with room service too.,
12,2,True,Staff,The staff were exceptional.,
12,2,True,Staff,So helpful and friendly.,
12,2,True,Staff,Went out of their way for us.,
12,2,True,Food,The breakfast was lovely with room service too.,
12,3,True,Staff,The staff were exceptional.,
12,3,True,Staff,So helpful and friendly.,
12,3,True,Staff,Went out of their way for us.,
12,3,True,Food,The breakfast was lovely with room service too.,
13,1,True,Room,"The rooms are lovely and new, very clean and comfortable.",
13,1,True,Room,The mattress was to my taste.,
13,1,True,Staff,"The staff are so welcoming, we felt like staying with family.",
13,1,True,Location,"Short drive to the airport and very well located, just a short walk from the promenade, coffee shops restaurants.",
13,2,True,Room,"The rooms are lovely and new, very clean and comfortable.",
13,2,True,Room,The mattress was to my taste.,
13,2,True,Staff,"The staff are so welcoming, we felt like staying with family.",
13,2,True,Location,"Short drive to the airport and very well located, just a short walk from the promenade, coffee shops restaurants.",
13,3,True,Room,"The rooms are lovely and new, very clean and comfortable.",
13,3,True,Room,The mattress was to my taste.,
13,3,True,Staff,"The staff are so welcoming, we felt like staying with family.",
13,3,True,Location,"Short drive to the airport and very well located, just a short walk from the promenade, coffee shops restaurants.",
14,1,True,Staff,The receptionist didn't speak English properly,
14,1,True,Location,close to the airport,
14,1,True,Location,10min of walking distance from the hotel,
14,1,True,Location,next to the beach,
14,2,True,Staff,The receptionist didn't speak English properly,
14,2,True,Location,close to the airport,
14,2,True,Location,10min of walking distance from the hotel,
14,2,True,Location,next to the beach,
14,3,True,Staff,The receptionist didn't speak English properly,
14,3,True,Location,close to the airport,
14,3,True,Location,10min of walking distance from the hotel,
14,3,True,Location,next to the beach,
15,1,False,Staff,The staff make it - particularly reception and the dining room.,
15,1,False,Location,"really close to the Airport for an early morning flight, yet could have a stroll along the nearby beach.",
15,2,False,Staff,The staff make it - particularly reception and the dining room.,
15,2,False,Location,"really close to the Airport for an early morning flight, yet could have a stroll along the nearby beach.",
15,3,False,Staff,The staff make it - particularly reception and the dining room.,
15,3,False,Location,"really close to the Airport for an early morning flight, yet could have a stroll along the nearby beach.",
16,1,True,Room,"I liked the rooms- they are spacious, clean, the window view is nice too.",
16,1,True,Food,"The restaurant downstairs is amazing- the food there is very very tasty and made with a lot of care- they care a lot about the details: olive oil galore, herbs- absolutely delicious!",
16,2,True,Room,"I liked the rooms- they are spacious, clean, the window view is nice too.",
16,2,True,Food,"The restaurant downstairs is amazing- the food there is very very tasty and made with a lot of care- they care a lot about the details: olive oil galore, herbs- absolutely delicious!",
16,3,True,Room,"I liked the rooms- they are spacious, clean, the window view is nice too.",
16,3,True,Food,"The restaurant downstairs is amazing- the food there is very very tasty and made with a lot of care- they care a lot about the details: olive oil galore, herbs- absolutely delicious!",
17,1,True,Room,Our room had a balcony with great view of the sea and surrounding area.,
17,1,True,Staff,The owner and staff were exceptionally friendly and supportive and helped with all our wishes.,
17,2,True,Room,Our room had a balcony with great view of the sea and surrounding area.,
17,2,True,Staff,The owner and staff were exceptionally friendly and supportive and helped with all our wishes.,
17,3,True,Room,Our room had a balcony with great view of the sea and surrounding area.,
17,3,True,Staff,The owner and staff were exceptionally friendly and supportive and helped with all our wishes.,
18,1,True,Staff,extremely friendly reception and dining staff,
18,1,True,Staff,very bright,
18,1,True,Location,Bus every 20 minutes to the centre of Larnaka,
18,1,True,Food,Meals well prepared and good value,
18,1,True,Price,considering the price,
18,1,True,Facility,nice seating areas inside and out,
18,2,True,Staff,extremely friendly reception and dining staff,
18,2,True,Staff,very bright,
18,2,True,Location,Bus every 20 minutes to the centre of Larnaka,
18,2,True,Food,Meals well prepared and good value,
18,2,True,Price,considering the price,
18,2,True,Facility,nice seating areas inside and out,
18,3,True,Staff,extremely friendly reception and dining staff,
18,3,True,Staff,very bright,
18,3,True,Location,Bus every 20 minutes to the centre of Larnaka,
18,3,True,Food,Meals well prepared and good value,
18,3,True,Price,considering the price,
18,3,True,Facility,nice seating areas inside and out,
19,1,True,Location,Close to airport,
19,2,True,Location,Close to airport,
19,3,True,Location,Close to airport,
20,1,True,Staff,friendly stuff,
20,1,True,Location,location,
20,2,True,Staff,friendly stuff,
20,2,True,Location,location,
20,3,True,Staff,friendly stuff,
20,3,True,Location,location,
21,1,False,Staff,The staff and the owners.,
21,1,False,Staff,Richard (the chef) is personally buying super fresh food for the restaurant.,
21,1,False,Food,Everything from breakfast to dinner is absolutely delicious.,
21,1,False,Food,super fresh food for the restaurant.,
21,2,False,Staff,The staff and the owners.,
21,2,False,Staff,Richard (the chef) is personally buying super fresh food for the restaurant.,
21,2,False,Food,Everything from breakfast to dinner is absolutely delicious.,
21,2,False,Food,super fresh food for the restaurant.,
21,3,False,Staff,The staff and the owners.,
21,3,False,Staff,Richard (the chef) is personally buying super fresh food for the restaurant.,
21,3,False,Food,Everything from breakfast to dinner is absolutely delicious.,
21,3,False,Food,super fresh food for the restaurant.,
22,1,True,Room,"Room was perfect, looked new, clean shiny tiled floors and bathroom tiles, just every inch perfect and clean.",
22,1,True,Room,"Bed was really comfortable, lots of room for me to put my things... although might have needed another set of drawers if there were two of us.",
22,1,True,Staff,staff very accomodating,
22,1,True,Food,"Ordered pizza one night and was not great, too stodgy",
22,2,True,Room,"Room was perfect, looked new, clean shiny tiled floors and bathroom tiles, just every inch perfect and clean.",
22,2,True,Room,"Bed was really comfortable, lots of room for me to put my things... although might have needed another set of drawers if there were two of us.",
22,2,True,Staff,staff very accomodating,
22,2,True,Food,"Ordered pizza one night and was not great, too stodgy",
22,3,True,Room,"Room was perfect, looked new, clean shiny tiled floors and bathroom tiles, just every inch perfect and clean.",
22,3,True,Room,"Bed was really comfortable, lots of room for me to put my things... although might have needed another set of drawers if there were two of us.",
22,3,True,Staff,staff very accomodating,
22,3,True,Food,"Ordered pizza one night and was not great, too stodgy",
23,1,True,(no spans found),,
23,2,True,(no spans found),,
23,3,True,(no spans found),,
24,1,True,(no spans found),,
24,2,True,(no spans found),,
24,3,True,(no spans found),,
25,1,True,(no spans found),,
25,2,True,(no spans found),,
25,3,True,(no spans found),,
26,1,False,Room,The rooms are a good size and are laid out very well with a good size bathroom,
26,1,False,Room,The room also has a great sized balcony to take a tea/coffee and chill,
26,1,False,Staff,The staff are super wonderful really friendly all of them the receptionist Maria is so nice she's amazing,
26,1,False,Location,The hotel is 5 minutes from the beach and the location is also near the lake,
26,1,False,Food,There is a great restaurant inside where the food is good and not to pricey,
26,2,False,Room,The rooms are a good size and are laid out very well with a good size bathroom,
26,2,False,Room,The room also has a great sized balcony to take a tea/coffee and chill,
26,2,False,Staff,The staff are super wonderful really friendly all of them the receptionist Maria is so nice she's amazing,
26,2,False,Location,The hotel is 5 minutes from the beach and the location is also near the lake,
26,2,False,Food,There is a great restaurant inside where the food is good and not to pricey,
26,3,False,Room,The rooms are a good size and are laid out very well with a good size bathroom,
26,3,False,Room,The room also has a great sized balcony to take a tea/coffee and chill,
26,3,False,Staff,The staff are super wonderful really friendly all of them the receptionist Maria is so nice she's amazing,
26,3,False,Location,The hotel is 5 minutes from the beach and the location is also near the lake,
26,3,False,Food,There is a great restaurant inside where the food is good and not to pricey,
27,1,False,(parse failed),,json_parse_error: Extra data: line 16 column 1 (char 348)
27,2,True,Staff,friendly staff,
27,3,True,Staff,friendly staff,
28,1,False,(parse failed),,json_parse_error: Extra data: line 18 column 1 (char 515)
28,2,False,(parse failed),,json_parse_error: Extra data: line 17 column 1 (char 513)
28,3,False,(parse failed),,json_parse_error: Extra data: line 17 column 1 (char 513)
29,1,True,Room,very clean functional rooms.,
29,1,True,Staff,lovely and very helpful staff.,
29,2,True,Room,very clean functional rooms.,
29,2,True,Staff,lovely and very helpful staff.,
29,3,True,Room,very clean functional rooms.,
29,3,True,Staff,lovely and very helpful staff.,
30,1,True,Room,The room was spotless.,
30,1,True,Staff,Staff were lovely.,
30,1,True,Location,Great location for restaurants.,
30,1,True,Location,Great location for a short drive to the airport.,
30,1,True,Off,Not applicable,
30,2,True,Room,The room was spotless.,
30,2,True,Staff,Staff were lovely.,
30,2,True,Location,Great location for restaurants.,
30,2,True,Location,Great location for a short drive to the airport.,
30,2,True,Off,Not applicable,
30,3,True,Room,The room was spotless.,
30,3,True,Staff,Staff were lovely.,
30,3,True,Location,Great location for restaurants.,
30,3,True,Location,Great location for a short drive to the airport.,
30,3,True,Off,Not applicable,
31,1,False,(parse failed),,json_parse_error: Expecting value: line 1 column 1 (char 0)
31,2,False,(parse failed),,json_parse_error: Expecting value: line 1 column 1 (char 0)
31,3,False,(parse failed),,json_parse_error: Expecting value: line 1 column 1 (char 0)
32,1,True,Room,The bed was great.,
32,1,True,Room,Rooms clean.,
32,1,True,Staff,Staff were so kind.,
32,2,True,Room,The bed was great.,
32,2,True,Room,Rooms clean.,
32,2,True,Staff,Staff were so kind.,
32,3,True,Room,The bed was great.,
32,3,True,Room,Rooms clean.,
32,3,True,Staff,Staff were so kind.,
33,1,True,Room,super clean room with modern furniture,
33,1,True,Staff,Very helpful staff,
33,2,True,Room,super clean room with modern furniture,
33,2,True,Staff,Very helpful staff,
33,3,True,Room,super clean room with modern furniture,
33,3,True,Staff,Very helpful staff,
34,1,False,Location,location,
34,1,False,Value,value for money,
34,1,False,Amenities,more hooks on walls for towels etc.,
34,2,False,Location,location,
34,2,False,Value,value for money,
34,2,False,Amenities,more hooks on walls for towels etc.,
34,3,False,Location,location,
34,3,False,Value,value for money,
34,3,False,Amenities,more hooks on walls for towels etc.,
35,1,True,(no spans found),,
35,2,True,(no spans found),,
35,3,True,(no spans found),,
36,1,True,Room,The room was smaller than I expected but as we were only there a few days it was acceptable.,
36,1,True,Room,"I am very fussy about beds and pillows, but I had no problem as they were very clean, and the bed was really comfortable.",
36,1,True,Staff,The receptionist on check in was very good and explained the information very clearly to us.,
36,1,True,Staff,"The chef was very polite, and his food was excellent, he had passion and it showed in his presentation.",
36,1,True,Location,"When we arrived, we were surprised at the location in a small side street, but it was only a 10-minute walk to the sea front.",
36,1,True,Food,"The chef was very polite, and his food was excellent, he had passion and it showed in his presentation.",
36,1,True,Check-in,The receptionist on check in was very good and explained the information very clearly to us.,
36,2,True,Room,The room was smaller than I expected but as we were only there a few days it was acceptable.,
36,2,True,Room,"I am very fussy about beds and pillows, but I had no problem as they were very clean, and the bed was really comfortable.",
36,2,True,Staff,The receptionist on check in was very good and explained the information very clearly to us.,
36,2,True,Staff,"The chef was very polite, and his food was excellent, he had passion and it showed in his presentation.",
36,2,True,Location,"When we arrived, we were surprised at the location in a small side street, but it was only a 10-minute walk to the sea front.",
36,2,True,Food,"The chef was very polite, and his food was excellent, he had passion and it showed in his presentation.",
36,2,True,Check-in,The receptionist on check in was very good and explained the information very clearly to us.,
36,3,True,Room,The room was smaller than I expected but as we were only there a few days it was acceptable.,
36,3,True,Room,"I am very fussy about beds and pillows, but I had no problem as they were very clean, and the bed was really comfortable.",
36,3,True,Staff,The receptionist on check in was very good and explained the information very clearly to us.,
36,3,True,Staff,"The chef was very polite, and his food was excellent, he had passion and it showed in his presentation.",
36,3,True,Location,"When we arrived, we were surprised at the location in a small side street, but it was only a 10-minute walk to the sea front.",
36,3,True,Food,"The chef was very polite, and his food was excellent, he had passion and it showed in his presentation.",
36,3,True,Check-in,The receptionist on check in was very good and explained the information very clearly to us.,
37,1,False,Staff,lovely caring staff.,
37,1,False,Food,food was good too!,
37,1,False,Cleanliness,Really clean,
37,2,False,(parse failed),,json_parse_error: Extra data: line 18 column 1 (char 492)
37,3,False,(parse failed),,json_parse_error: Extra data: line 18 column 1 (char 492)
38,1,True,Room,great rooms - nice and cool,
38,2,True,Room,great rooms - nice and cool,
38,3,True,Room,great rooms - nice and cool,
39,1,True,(no spans found),,
39,2,True,(no spans found),,
39,3,True,(no spans found),,
40,1,True,Location,"Nice location, not far from Airport and Mackenzie beach.",
40,2,True,Location,"Nice location, not far from Airport and Mackenzie beach.",
40,3,True,Location,"Nice location, not far from Airport and Mackenzie beach.",
41,1,True,Room,Clean modern rooms,
41,1,True,Staff,Super friendly and helpful staff,
41,1,True,Location,A good location 5 lins away from the airport by car,
41,1,True,Location,5 mins walk to the beach,
41,1,True,Food,very nice breakfast,
41,2,True,Room,Clean modern rooms,
41,2,True,Staff,Super friendly and helpful staff,
41,2,True,Location,A good location 5 lins away from the airport by car,
41,2,True,Location,5 mins walk to the beach,
41,2,True,Food,very nice breakfast,
41,3,True,Room,Clean modern rooms,
41,3,True,Staff,Super friendly and helpful staff,
41,3,True,Location,A good location 5 lins away from the airport by car,
41,3,True,Location,5 mins walk to the beach,
41,3,True,Food,very nice breakfast,
42,1,True,(no spans found),,
42,2,True,(no spans found),,
42,3,True,(no spans found),,
43,1,True,(no spans found),,
43,2,True,(no spans found),,
43,3,True,(no spans found),,
44,1,False,Staff,Was met with a warm welcome at reception and then again by the dining staff.,
44,1,False,Facility,"The facilities were really good, particularly for the tariff charged.",
44,1,False,Noise-issue,"Outside was a but noisy later in the evening, but that's not within the hotels control",
44,2,False,Staff,Was met with a warm welcome at reception and then again by the dining staff.,
44,2,False,Facility,"The facilities were really good, particularly for the tariff charged.",
44,2,False,Noise-issue,Outside was a but noisy later in the evening,
44,3,False,Staff,Was met with a warm welcome at reception and then again by the dining staff.,
44,3,False,Facility,"The facilities were really good, particularly for the tariff charged.",
44,3,False,Noise-issue,Outside was a but noisy later in the evening,
45,1,True,Room,"Recently updated, everything was me and clean.",
45,1,True,Location,The beach is about 5 minutes walk away.,
45,1,True,Food,"good food, very reasonably priced, so an easy choice to eat at the hotel when we wouldn't usually.",
45,2,False,Room,"Recently updated, everything was me and clean.",
45,2,False,Location,The beach is about 5 minutes walk away.,
45,2,False,Food,"good food, very reasonably priced, so an easy choice to eat at the hotel when we wouldn't usually.",
45,2,False,Restaurant,"Restaurant was a surprise hit: good food, very reasonably priced, so an easy choice to eat at the hotel when we wouldn't usually.",
45,2,False,Beach,The beach is about 5 minutes walk away.,
45,2,False,Noise,"There is a bit of plane noise in the afternoon and evening because it is right near the takeoff end of the runway, but next to no departures in the morning, so not a problem",
45,3,False,Room,"Recently updated, everything was me and clean.",
45,3,False,Location,The beach is about 5 minutes walk away.,
45,3,False,Food,"good food, very reasonably priced, so an easy choice to eat at the hotel when we wouldn't usually.",
45,3,False,Restaurant,"Restaurant was a surprise hit: good food, very reasonably priced, so an easy choice to eat at the hotel when we wouldn't usually.",
45,3,False,Beach,The beach is about 5 minutes walk away.,
45,3,False,Noise,"There is a bit of plane noise in the afternoon and evening because it is right near the takeoff end of the runway, but next to no departures in the morning, so not a problem",
46,1,True,Price,Great value for money,
46,2,True,Price,Great value for money,
46,3,True,Price,Great value for money,
47,1,False,Staff,very helpful staff who organised a taxi to collect us in the morning.,
47,1,False,Price,Good value for money.,
47,2,False,Staff,very helpful staff who organised a taxi to collect us in the morning.,
47,2,False,Price,Good value for money.,
47,3,False,Staff,very helpful staff who organised a taxi to collect us in the morning.,
47,3,False,Price,Good value for money.,
48,1,True,Room,Clean and comfortable rooms,
48,1,True,Staff,lovely owner,
48,2,True,Room,Clean and comfortable rooms,
48,2,True,Staff,lovely owner,
48,3,True,Room,Clean and comfortable rooms,
48,3,True,Staff,lovely owner,
49,1,False,Room,The 2 rooms were big enough for a family of 5.,
49,1,False,Location,Great location close to the airport and a short walk to the sea.,
49,1,False,Price,Great value for money.,
49,2,False,Room,The 2 rooms were big enough for a family of 5.,
49,2,False,Location,Great location close to the airport and a short walk to the sea.,
49,2,False,Price,Great value for money.,
49,3,False,Room,The 2 rooms were big enough for a family of 5.,
49,3,False,Location,Great location close to the airport and a short walk to the sea.,
49,3,False,Price,Great value for money.,
50,1,True,Location,Great little hotel close to airport,
50,2,True,Location,Great little hotel close to airport,
50,3,True,Location,Great little hotel close to airport,
51,1,False,Room,"nice clean room, very well kept.",
51,1,False,Staff,staff very helpful and friendly.,
51,1,False,Food,good food,
51,1,False,Location,Near airport,
51,2,False,Room,"nice clean room, very well kept.",
51,2,False,Staff,staff very helpful and friendly.,
51,2,False,Food,good food,
51,2,False,Location,Near airport,
51,3,False,Room,"nice clean room, very well kept.",
51,3,False,Staff,staff very helpful and friendly.,
51,3,False,Food,good food,
51,3,False,Location,Near airport,
52,1,True,(no spans found),,
52,2,True,(no spans found),,
52,3,True,(no spans found),,
53,1,False,(parse failed),,json_parse_error: Extra data: line 17 column 1 (char 518)
53,2,False,(parse failed),,json_parse_error: Extra data: line 17 column 1 (char 518)
53,3,False,(parse failed),,json_parse_error: Extra data: line 17 column 1 (char 518)
54,1,True,Room,Very nice and clean room.,
54,2,True,Room,Very nice and clean room.,
54,3,True,Room,Very nice and clean room.,
55,1,False,(parse failed),,json_parse_error: Expecting ':' delimiter: line 13 column 49 (char 356)
55,2,False,(parse failed),,json_parse_error: Expecting ':' delimiter: line 13 column 49 (char 356)
55,3,False,(parse failed),,json_parse_error: Expecting ':' delimiter: line 13 column 49 (char 356)
56,1,False,Staff,amazing hospitality from the staff,
56,1,False,Location,situated within 5 minutes from the airport,
56,1,False,Bed,beds are extremely comfortable,
56,2,False,Staff,amazing hospitality from the staff.,
56,2,False,Location,situated within 5 minutes from the airport.,
56,2,False,Bed,beds are extremely comfortable,
56,3,False,Staff,amazing hospitality from the staff.,
56,3,False,Location,situated within 5 minutes from the airport.,
56,3,False,Bed,beds are extremely comfortable,
57,1,True,Room,"Very clean, very comfortable room.",
57,1,True,Staff,Staff was extremely helpful.,
57,1,True,Staff,They ordered a taxi for us to get to the airport very early in the morning.,
57,1,True,Location,"We were able to enjoy a very nice, short walk to the beach where there were many restaurants available to choose from.",
57,1,True,Taxi-issue,They ordered a taxi for us to get to the airport very early in the morning.,
57,2,True,Room,"Very clean, very comfortable room.",
57,2,True,Staff,Staff was extremely helpful.,
57,2,True,Staff,They ordered a taxi for us to get to the airport very early in the morning.,
57,2,True,Location,"We were able to enjoy a very nice, short walk to the beach where there were many restaurants available to choose from.",
57,2,True,Taxi-issue,They ordered a taxi for us to get to the airport very early in the morning.,
57,3,True,Room,"Very clean, very comfortable room.",
57,3,True,Staff,Staff was extremely helpful.,
57,3,True,Staff,They ordered a taxi for us to get to the airport very early in the morning.,
57,3,True,Location,"We were able to enjoy a very nice, short walk to the beach where there were many restaurants available to choose from.",
57,3,True,Taxi-issue,They ordered a taxi for us to get to the airport very early in the morning.,
58,1,False,Room,The room wasn't soundproof so you can hear the planes.,
58,1,False,Staff,The staff were nice and helpful.,
58,1,False,Location,Close to the airport,
58,2,False,Room,The room wasn't soundproof so you can hear the planes.,
58,2,False,Staff,The staff were nice and helpful.,
58,2,False,Location,Close to the airport,
58,3,False,Room,The room wasn't soundproof so you can hear the planes.,
58,3,False,Staff,The staff were nice and helpful.,
58,3,False,Location,Close to the airport,
59,1,False,Location,Close to airport so very convenient for overnight stay.,
59,1,False,Check-in,very easy to check-in if you arrive late at night,
59,2,False,Location,Close to airport so very convenient for overnight stay.,
59,2,False,Check-in,very easy to check-in if you arrive late at night,
59,3,False,Location,Close to airport so very convenient for overnight stay.,
59,3,False,Check-in,very easy to check-in if you arrive late at night,
60,1,False,(parse failed),,json_parse_error: Extra data: line 16 column 1 (char 495)
60,2,True,Room,clear instructions left access to our room,
60,2,True,Check-in,Arrived in the early hours clear instructions left access to our room made easy 😊,
60,3,True,Room,clear instructions left access to our room,
60,3,True,Check-in,Arrived in the early hours clear instructions left access to our room made easy 😊,
61,1,True,Food,Excellent range of food offered and good service.,
61,2,True,Food,Excellent range of food offered and good service.,
61,3,True,Food,Excellent range of food offered and good service.,
62,1,True,Room,"Comfortable beds, the best linen and duvets I had",
62,1,True,Room,Clean modern bathroom.,
62,1,True,Room,In room mini bar+ tea/ coffee,
62,1,True,Staff,Caring and helpful host.,
62,1,True,Location,"Comfortable location near the airport, and near the beach.",
62,1,True,Facility,Good AC.,
62,2,True,Room,"Comfortable beds, the best linen and duvets I had",
62,2,True,Room,Clean modern bathroom.,
62,2,True,Room,In room mini bar+ tea/ coffee,
62,2,True,Staff,Caring and helpful host.,
62,2,True,Location,"Comfortable location near the airport, and near the beach.",
62,2,True,Facility,Good AC.,
62,3,True,Room,"Comfortable beds, the best linen and duvets I had",
62,3,True,Room,Clean modern bathroom.,
62,3,True,Room,In room mini bar+ tea/ coffee,
62,3,True,Staff,Caring and helpful host.,
62,3,True,Location,"Comfortable location near the airport, and near the beach.",
62,3,True,Facility,Good AC.,
63,1,False,Facility,It’s been renovated to a exceptionally high standard,
63,1,False,Facility,really is well up to 4* standard,
63,1,False,Value,Exceptional value,
63,2,False,Facility,It’s been renovated to a exceptionally high standard,
63,2,False,Facility,really is well up to 4* standard,
63,2,False,Value,Exceptional value,
63,3,False,Facility,It’s been renovated to a exceptionally high standard,
63,3,False,Facility,really is well up to 4* standard,
63,3,False,Value,Exceptional value,
64,1,False,Room,The room was new and clean,
64,1,False,Staff,The staff reached out in advance and provided us with the detailed instructions,
64,1,False,Location,The hotel is located in a close proximity to the airport,
64,1,False,Food,They made us a pizza which was really nice,
64,2,False,Room,The room was new and clean,
64,2,False,Staff,The staff reached out in advance and provided us with the detailed instructions,
64,2,False,Location,The hotel is located in a close proximity to the airport,
64,2,False,Food,They made us a pizza which was really nice,
64,3,False,Room,The room was new and clean,
64,3,False,Staff,The staff reached out in advance and provided us with the detailed instructions,
64,3,False,Location,The hotel is located in a close proximity to the airport,
64,3,False,Food,They made us a pizza which was really nice,
65,1,False,(parse failed),,json_parse_error: Extra data: line 16 column 1 (char 476)
65,2,False,Room,"The property was clean, bed was comfortable",
65,2,False,Staff,staff were really good,
65,2,False,Location,Location was great and easy to get to and from,
65,2,False,Food,food was really good,
65,3,False,Room,"The property was clean, bed was comfortable",
65,3,False,Staff,staff were really good,
65,3,False,Location,Location was great and easy to get to and from,
65,3,False,Food,food was really good,
66,1,False,Staff,The gentleman in reception was very friendly and had a lovely smile.,
66,1,False,Location,The location was perfect for the airport as we were flying out to uk.,
66,1,False,Food,The fish and steak restaurant around the corner was also great value and friendly.,
66,1,False,Facility,The entrance to the hotel is welcoming and the bar and coffee shop chic.,
66,1,False,Recommend,I would definitely recommend it and will be staying here again.,
66,2,False,Staff,The gentleman in reception was very friendly and had a lovely smile.,
66,2,False,Location,The location was perfect for the airport as we were flying out to uk.,
66,2,False,Food,The fish and steak restaurant around the corner was also great value and friendly.,
66,2,False,Facility,The entrance to the hotel is welcoming and the bar and coffee shop chic.,
66,2,False,Recommend,I would definitely recommend it and will be staying here again.,
66,3,False,Staff,The gentleman in reception was very friendly and had a lovely smile.,
66,3,False,Location,The location was perfect for the airport as we were flying out to uk.,
66,3,False,Food,The fish and steak restaurant around the corner was also great value and friendly.,
66,3,False,Facility,The entrance to the hotel is welcoming and the bar and coffee shop chic.,
66,3,False,Recommend,I would definitely recommend it and will be staying here again.,
67,1,True,Staff,friendly staff,
67,2,True,Staff,friendly staff,
67,3,True,Staff,friendly staff,
68,1,True,Price,good value,
68,2,True,Price,good value,
68,3,True,Price,good value,
69,1,True,Price,"The place and the people are lovely, I couldn't ask for more during my stay especially with such a price.",
69,2,True,Price,"The place and the people are lovely, I couldn't ask for more during my stay especially with such a price.",
69,3,True,Price,"The place and the people are lovely, I couldn't ask for more during my stay especially with such a price.",
70,1,True,Staff,friendly helpful staff,
70,2,True,Staff,friendly helpful staff,
70,3,True,Staff,friendly helpful staff,
71,1,False,Staff,The staff of the hotel is extremely friendly and nice.,
71,1,False,Location,The bus stop with direct access to the airport is a few steps from the accommodation.,
71,1,False,Location,The airport can be reached in a few minutes.,
71,1,False,Location,Mackenzie beach is also easily accessible on foot.,
71,1,False,Off,"Overall, we are extremely satisfied.",
71,2,False,(parse failed),,json_parse_error: Expecting value: line 1 column 1 (char 0)
71,3,False,(parse failed),,json_parse_error: Expecting value: line 1 column 1 (char 0)
72,1,False,(parse failed),,json_parse_error: Extra data: line 17 column 1 (char 325)
72,2,False,(parse failed),,json_parse_error: Extra data: line 15 column 1 (char 322)
72,3,False,(parse failed),,json_parse_error: Extra data: line 15 column 1 (char 322)
73,1,True,Room,wonderful room.,
73,1,True,Staff,Lovely staff doing best to assist always.,
73,2,True,Room,wonderful room.,
73,2,True,Staff,Lovely staff doing best to assist always.,
73,3,True,Room,wonderful room.,
73,3,True,Staff,Lovely staff doing best to assist always.,
74,1,True,Room,"very clean and cozy ones, with comfortable beds",
74,1,True,Staff,The staff of the hotel is extremely friendly and nice,
74,1,True,Location,"The hotel is based on a quiet place near to the airport, beach and the Salt Lake in the city",
74,1,True,Food,delicious food,
74,2,True,Room,"very clean and cozy ones, with comfortable beds",
74,2,True,Staff,The staff of the hotel is extremely friendly and nice,
74,2,True,Location,"The hotel is based on a quiet place near to the airport, beach and the Salt Lake in the city",
74,2,True,Food,delicious food,
74,3,True,Room,"very clean and cozy ones, with comfortable beds",
74,3,True,Staff,The staff of the hotel is extremely friendly and nice,
74,3,True,Location,"The hotel is based on a quiet place near to the airport, beach and the Salt Lake in the city",
74,3,True,Food,delicious food,
75,1,True,(no spans found),,
75,2,True,(no spans found),,
75,3,True,(no spans found),,
76,1,True,Location,perfect location nearby the beach 🏖,
76,2,True,Location,perfect location nearby the beach 🏖,
76,3,True,Location,perfect location nearby the beach 🏖,
77,1,True,Staff,The staff is very VERY helpful and eager to assist.,
77,2,True,Staff,The staff is very VERY helpful and eager to assist.,
77,3,True,Staff,The staff is very VERY helpful and eager to assist.,
78,1,True,Room,"clean, nice room, big bathroom",
78,1,True,Staff,Nice friendly staff,
78,2,True,Room,"clean, nice room, big bathroom",
78,2,True,Staff,Nice friendly staff,
78,3,True,Room,"clean, nice room, big bathroom",
78,3,True,Staff,Nice friendly staff,
79,1,True,Staff,friendly helpful staff,
79,2,True,Staff,friendly helpful staff,
79,3,True,Staff,friendly helpful staff,
80,1,True,Location,Mc Kenzie Beach within walking distance.,
80,1,True,Food,We had dinner. It was delicious and inexpensive.,
80,2,False,(parse failed),,json_parse_error: Expecting value: line 1 column 1 (char 0)
80,3,False,(parse failed),,json_parse_error: Expecting value: line 1 column 1 (char 0)
81,1,False,Room,clean spacious rooms.,
81,1,False,Location,Close to the airport,
81,2,False,(parse failed),,json_parse_error: Unterminated string starting at: line 147 column 5 (char 5034)
81,3,False,(parse failed),,json_parse_error: Unterminated string starting at: line 147 column 5 (char 5034)
82,1,False,(parse failed),,json_parse_error: Extra data: line 17 column 1 (char 455)
82,2,False,(parse failed),,json_parse_error: Extra data: line 18 column 1 (char 428)
82,3,False,(parse failed),,json_parse_error: Extra data: line 18 column 1 (char 428)
83,1,True,Room,Room was clean and comfortable.,
83,1,True,Staff,Stuff was very nice and friendly.,
83,1,True,Location,The location was a little bit far from the centre.,
83,2,True,Room,Room was clean and comfortable.,
83,2,True,Staff,Stuff was very nice and friendly.,
83,2,True,Location,The location was a little bit far from the centre.,
83,3,True,Room,Room was clean and comfortable.,
83,3,True,Staff,Stuff was very nice and friendly.,
83,3,True,Location,The location was a little bit far from the centre.,
84,1,False,Staff,very good staff serving you as a values customer and so very polite and caring at all times.,
84,1,False,Staff,Could not seem to do enough for their guests,
84,1,False,Food,The breakfast was very good plenty of selection,
84,1,False,Facility,"The only thing was they did not a have pool, but however had plenty of chairs to sot on outside in the garden which also was spotlessly clean everywhere too.",
84,1,False,Breakfast,The breakfast was very good plenty of selection and very good staff serving you as a values customer and so very polite and caring at all times.,
84,2,False,Staff,very good staff serving you as a values customer and so very polite and caring at all times.,
84,2,False,Staff,Could not seem to do enough for their guests,
84,2,False,Food,The breakfast was very good plenty of selection,
84,2,False,Facility,"The only thing was they did not a have pool, but however had plenty of chairs to sot on outside in the garden which also was spotlessly clean everywhere too.",
84,2,False,Breakfast,The breakfast was very good plenty of selection and very good staff serving you as a values customer and so very polite and caring at all times.,
84,3,False,Staff,very good staff serving you as a values customer and so very polite and caring at all times.,
84,3,False,Staff,Could not seem to do enough for their guests,
84,3,False,Food,The breakfast was very good plenty of selection,
84,3,False,Facility,"The only thing was they did not a have pool, but however had plenty of chairs to sot on outside in the garden which also was spotlessly clean everywhere too.",
84,3,False,Breakfast,The breakfast was very good plenty of selection and very good staff serving you as a values customer and so very polite and caring at all times.,
85,1,True,Room,The room wasn't clean when we checked in.,
85,1,True,Room,So they finished the cleaning after our complaint,
85,1,True,Staff,friendly personnel,
85,1,True,Food,Good food in the restaurant downstairs,
85,2,True,Room,The room wasn't clean when we checked in.,
85,2,True,Room,So they finished the cleaning after our complaint,
85,2,True,Staff,friendly personnel,
85,2,True,Food,Good food in the restaurant downstairs,
85,3,True,Room,The room wasn't clean when we checked in.,
85,3,True,Room,So they finished the cleaning after our complaint,
85,3,True,Staff,friendly personnel,
85,3,True,Food,Good food in the restaurant downstairs,
86,1,True,Staff,Lovely little hotel with very friendly staff.,
86,1,True,Food,Breakfast was excellent.,
86,2,True,Staff,Lovely little hotel with very friendly staff.,
86,2,True,Food,Breakfast was excellent.,
86,3,True,Staff,Lovely little hotel with very friendly staff.,
86,3,True,Food,Breakfast was excellent.,
87,1,False,(parse failed),,json_parse_error: Extra data: line 17 column 1 (char 419)
87,2,False,(parse failed),,json_parse_error: Extra data: line 17 column 1 (char 419)
87,3,False,(parse failed),,json_parse_error: Extra data: line 17 column 1 (char 419)
88,1,True,Staff,Lovely friendly staff.,
88,1,True,Location,Good location and easily reached from the airport.,
88,2,True,Staff,Lovely friendly staff.,
88,2,True,Location,Good location and easily reached from the airport.,
88,3,True,Staff,Lovely friendly staff.,
88,3,True,Location,Good location and easily reached from the airport.,
89,1,False,(parse failed),,json_parse_error: Expecting value: line 1 column 1 (char 0)
89,2,False,Room,"clean, comfortable bed",
89,2,False,Check-in,instructions for access were sent in advance and absolutely perfect,
89,2,False,Access,instructions for access were sent in advance and absolutely perfect,
89,3,False,Room,"clean, comfortable bed",
89,3,False,Check-in,instructions for access were sent in advance and absolutely perfect,
89,3,False,Access,instructions for access were sent in advance and absolutely perfect,
90,1,False,(parse failed),,json_parse_error: Extra data: line 16 column 1 (char 424)
90,2,False,(parse failed),,json_parse_error: Extra data: line 16 column 1 (char 424)
90,3,False,(parse failed),,json_parse_error: Extra data: line 16 column 1 (char 424)
91,1,True,Room,Very nice rooms that were very clean.,
91,1,True,Staff,"helpful, friendly staff.",
91,1,True,Location,Close to Larnaca airport.,
91,2,True,Room,Very nice rooms that were very clean.,
91,2,True,Staff,"helpful, friendly staff.",
91,2,True,Location,Close to Larnaca airport.,
91,3,True,Room,Very nice rooms that were very clean.,
91,3,True,Staff,"helpful, friendly staff.",
91,3,True,Location,Close to Larnaca airport.,
92,1,False,(parse failed),,json_parse_error: Extra data: line 15 column 1 (char 434)
92,2,False,(parse failed),,json_parse_error: Extra data: line 15 column 1 (char 434)
92,3,False,(parse failed),,json_parse_error: Extra data: line 15 column 1 (char 434)
93,1,False,(parse failed),,json_parse_error: Expecting value: line 1 column 1 (char 0)
93,2,False,(parse failed),,json_parse_error: Expecting value: line 1 column 1 (char 0)
93,3,False,(parse failed),,json_parse_error: Expecting value: line 1 column 1 (char 0)
94,1,False,Staff,Amazing staff,
94,1,False,Food,very tasty food,
94,1,False,Facility,modern facility,
94,1,False,Service,super service at the restaurant,
94,2,False,Staff,Amazing staff,
94,2,False,Food,very tasty food,
94,2,False,Facility,modern facility,
94,2,False,Service,super service at the restaurant,
94,3,False,Staff,Amazing staff,
94,3,False,Food,very tasty food,
94,3,False,Facility,modern facility,
94,3,False,Service,super service at the restaurant,
95,1,True,Location,clean and quiet - perfect location for the airport,
95,2,True,Location,clean and quiet - perfect location for the airport,
95,3,True,Location,clean and quiet - perfect location for the airport,
96,1,False,Room,the room is very comfortable,
96,1,False,Staff,the staff is very nice,
96,2,False,Room,the room is very comfortable,
96,2,False,Staff,the staff is very nice,
96,3,False,Room,the room is very comfortable,
96,3,False,Staff,the staff is very nice,
97,1,True,Food,"The food we had was excellent, service was excellent we will go back.",
97,2,True,Food,"The food we had was excellent, service was excellent we will go back.",
97,3,True,Food,"The food we had was excellent, service was excellent we will go back.",
98,1,True,Location,close to the airport,
98,1,True,Location,some nice places for at least a two-nights stay,
98,1,True,Location,"The nearby beach (mackenzie) is nice, long",
98,1,True,Location,salt lake,
98,1,True,Facility,"The Hotel itself was very nice, spacious, clean and modern",
98,2,True,Room,"The Hotel itself was very nice, spacious, clean and modern",
98,2,True,Location,close to the airport,
98,2,True,Location,some nice places for at least a two-nights stay,
98,2,True,Location,"The nearby beach (mackenzie) is nice, long",
98,2,True,Location,salt lake,
98,2,True,Facility,"The Hotel itself was very nice, spacious, clean and modern",
98,3,True,Room,"The Hotel itself was very nice, spacious, clean and modern",
98,3,True,Location,close to the airport,
98,3,True,Location,some nice places for at least a two-nights stay,
98,3,True,Location,"The nearby beach (mackenzie) is nice, long",
98,3,True,Location,salt lake,
98,3,True,Facility,"The Hotel itself was very nice, spacious, clean and modern",
99,1,True,Staff,very clean and the staff was wonderful,
99,2,True,Staff,very clean and the staff was wonderful,
99,3,True,Staff,very clean and the staff was wonderful,
100,1,False,Staff,exceptional staff,
100,1,False,Staff,incredibly polite,
100,1,False,Cleanliness,really clean,
100,2,True,Staff,exceptional staff,
100,3,True,Staff,exceptional staff,
101,1,False,(parse failed),,json_parse_error: Extra data: line 18 column 1 (char 496)
101,2,False,(parse failed),,json_parse_error: Extra data: line 20 column 1 (char 512)
101,3,False,(parse failed),,json_parse_error: Extra data: line 20 column 1 (char 512)
102,1,True,Room,Nice modern and clean rooms.,
102,1,True,Location,"The location is excellent close to Airport, Makenzie beach and touristic area, and bus stop going from Airport to town is few meters away.",
102,1,True,Staff,Very friendly staff.,
102,2,True,Room,Nice modern and clean rooms.,
102,2,True,Location,"The location is excellent close to Airport, Makenzie beach and touristic area, and bus stop going from Airport to town is few meters away.",
102,2,True,Staff,Very friendly staff.,
102,3,True,Room,Nice modern and clean rooms.,
102,3,True,Location,"The location is excellent close to Airport, Makenzie beach and touristic area, and bus stop going from Airport to town is few meters away.",
102,3,True,Staff,Very friendly staff.,
103,1,True,Room,The room was recently refurbished and very spatious.,
103,1,True,Room,Nice view of the salt lake by the terrace.,
103,1,True,Room,Sinks and toilette separated by a door inside the bathroom.,
103,2,True,Room,The room was recently refurbished and very spatious.,
103,2,True,Room,Nice view of the salt lake by the terrace.,
103,2,True,Room,Sinks and toilette separated by a door inside the bathroom.,
103,3,True,Room,The room was recently refurbished and very spatious.,
103,3,True,Room,Nice view of the salt lake by the terrace.,
103,3,True,Room,Sinks and toilette separated by a door inside the bathroom.,
104,1,True,Room,good rooms,
104,1,True,Location,Quiet place,
104,2,True,Room,good rooms,
104,2,True,Location,Quiet place,
104,3,True,Room,good rooms,
104,3,True,Location,Quiet place,
105,1,True,Room,the rooms were very clean,
105,1,True,Staff,The staff was super nice,
105,2,True,Room,the rooms were very clean,
105,2,True,Staff,The staff was super nice,
105,3,True,Room,the rooms were very clean,
105,3,True,Staff,The staff was super nice,
106,1,False,(parse failed),,json_parse_error: Expecting value: line 1 column 1 (char 0)
106,2,False,(parse failed),,json_parse_error: Expecting value: line 1 column 1 (char 0)
106,3,False,(parse failed),,json_parse_error: Expecting value: line 1 column 1 (char 0)
107,1,True,Room,Rooms large and newly redecorated in a contemporary style.,
107,1,True,Room,Bed very comfortable.,
107,1,True,Location,Very convenient for the airport.,
107,1,True,Food,Breakfast was excellent.,
107,2,True,Room,Rooms large and newly redecorated in a contemporary style.,
107,2,True,Room,Bed very comfortable.,
107,2,True,Location,Very convenient for the airport.,
107,2,True,Food,Breakfast was excellent.,
107,3,True,Room,Rooms large and newly redecorated in a contemporary style.,
107,3,True,Room,Bed very comfortable.,
107,3,True,Location,Very convenient for the airport.,
107,3,True,Food,Breakfast was excellent.,
108,1,True,(no spans found),,
108,2,True,(no spans found),,
108,3,True,(no spans found),,
109,1,True,Room,lovely rooms with comfortable beds,
109,1,True,Staff,Very helpful staff,
109,1,True,Location,Great location for overnight stay for late flights,
109,2,True,Room,lovely rooms with comfortable beds,
109,2,True,Staff,Very helpful staff,
109,2,True,Location,Great location for overnight stay for late flights,
109,3,True,Room,lovely rooms with comfortable beds,
109,3,True,Staff,Very helpful staff,
109,3,True,Location,Great location for overnight stay for late flights,
110,1,False,Facility,the building is completely refurbished,
110,1,False,Check-in,self check in was very easy,
110,1,False,UserExperience,I went there while on transit in Larnaca,
110,2,False,Facility,the building is completely refurbished,
110,2,False,Check-in,self check in was very easy,
110,2,False,User-Experience,I went there while on transit in Larnaca,
110,3,False,Facility,the building is completely refurbished,
110,3,False,Check-in,self check in was very easy,
110,3,False,User-Experience,I went there while on transit in Larnaca,
111,1,True,Room,spotlessly clean.,
111,1,True,Location,Excellent for airport and Mackenzie beach,
111,2,False,(parse failed),,"json_parse_error: Expecting ',' delimiter: line 14 column 1 (char 393)"
111,3,False,(parse failed),,"json_parse_error: Expecting ',' delimiter: line 14 column 1 (char 393)"
112,1,False,(parse failed),,json_parse_error: Extra data: line 30 column 1 (char 541)
112,2,False,(parse failed),,json_parse_error: Extra data: line 30 column 1 (char 541)
112,3,False,(parse failed),,json_parse_error: Extra data: line 30 column 1 (char 541)
113,1,True,Room,Very nice clean rooms,
113,1,True,Staff,Staff excellent and accommodating,
113,2,True,Room,Very nice clean rooms,
113,2,True,Staff,Staff excellent and accommodating,
113,3,True,Room,Very nice clean rooms,
113,3,True,Staff,Staff excellent and accommodating,
114,1,False,Staff,I was particularly impressed when the staff emailed me via booking.com and after asking me what time I was arriving,
114,1,False,Location,"10 minutes from the airport by taxi, 15 by shuttle bus",
114,1,False,Location,McKenzie beach is close by,
114,1,False,Location,the food restaurants off the opposite beach were only a ten minute walk,
114,1,False,Facility,Air con and fridge in rooms with a bottle of water provided,
114,1,False,Cleanliness,immaculately clean,
114,2,False,Staff,the staff emailed me via booking.com and after asking me what time I was arriving,
114,2,False,Location,10 minutes from the airport by taxi,
114,2,False,Location,15 minutes by shuttle bus,
114,2,False,Location,McKenzie beach is close by,
114,2,False,Location,the food restaurants off the opposite beach were only a ten minute walk,
114,2,False,Facility,Air con and fridge in rooms with a bottle of water provided,
114,3,False,Staff,the staff emailed me via booking.com and after asking me what time I was arriving,
114,3,False,Location,10 minutes from the airport by taxi,
114,3,False,Location,15 minutes by shuttle bus,
114,3,False,Location,McKenzie beach is close by,
114,3,False,Location,the food restaurants off the opposite beach were only a ten minute walk,
114,3,False,Facility,Air con and fridge in rooms with a bottle of water provided,
115,1,False,Staff,Stuff in the hotel were very helpful and nice,
115,1,False,Location,mackenzie beach is few minutes,
115,1,False,Location,best location in larnaca,
115,1,False,Location,airport near,
115,2,False,Staff,Stuff in the hotel were very helpful and nice,
115,2,False,Location,mackenzie beach is few minutes,
115,2,False,Location,best location in larnaca,
115,2,False,Location,airport near,
115,3,False,Staff,Stuff in the hotel were very helpful and nice,
115,3,False,Location,mackenzie beach is few minutes,
115,3,False,Location,best location in larnaca,
115,3,False,Location,airport near,
116,1,True,Location,close to the airport,
116,2,True,Location,close to the airport,
116,3,True,Location,close to the airport,
117,1,True,Location,"The location next to the airport is great for flights very early in the morning, because it only takes you 5 minutes to get to the airport.",
117,1,True,Location,The beach is a 10 minutes walk away,
117,2,True,Location,"The location next to the airport is great for flights very early in the morning, because it only takes you 5 minutes to get to the airport.",
117,2,True,Location,The beach is a 10 minutes walk away,
117,3,True,Location,"The location next to the airport is great for flights very early in the morning, because it only takes you 5 minutes to get to the airport.",
117,3,True,Location,The beach is a 10 minutes walk away,
118,1,True,Room,the room perfect!,
118,1,True,Staff,front desk are absolutely perfect 10/10,
118,1,True,Location,location near the airport and beach 10/10,
118,1,True,Food,hotel restaurant delicious! 10/10,
118,2,True,Room,the room perfect!,
118,2,True,Staff,front desk are absolutely perfect 10/10,
118,2,True,Location,location near the airport and beach 10/10,
118,2,True,Food,hotel restaurant delicious! 10/10,
118,3,True,Room,the room perfect!,
118,3,True,Staff,front desk are absolutely perfect 10/10,
118,3,True,Location,location near the airport and beach 10/10,
118,3,True,Food,hotel restaurant delicious! 10/10,
119,1,True,Room,The room was clean and comfortable with everything I needed including a fridge and kettle.,
119,1,True,Room,"The shower was great, the air con worked well.",
119,1,True,Staff,"But what made La Veranda stand out was the fantastic service, they couldn't have been friendlier, kinder or more helpful and it made a massive difference for me as they were able to accommodate my specific needs, for which I was extremely grateful!",
119,1,True,Location,It's in a great location for the airport and the beach.,
119,2,True,Room,The room was clean and comfortable with everything I needed including a fridge and kettle.,
119,2,True,Room,"The shower was great, the air con worked well.",
119,2,True,Staff,"But what made La Veranda stand out was the fantastic service, they couldn't have been friendlier, kinder or more helpful and it made a massive difference for me as they were able to accommodate my specific needs, for which I was extremely grateful!",
119,2,True,Location,It's in a great location for the airport and the beach.,
119,3,True,Room,The room was clean and comfortable with everything I needed including a fridge and kettle.,
119,3,True,Room,"The shower was great, the air con worked well.",
119,3,True,Staff,"But what made La Veranda stand out was the fantastic service, they couldn't have been friendlier, kinder or more helpful and it made a massive difference for me as they were able to accommodate my specific needs, for which I was extremely grateful!",
119,3,True,Location,It's in a great location for the airport and the beach.,
120,1,True,Room,The room was small but adequate,
120,1,True,Staff,Helpful staff,
120,1,True,Location,close to airport,
120,2,True,Room,The room was small but adequate,
120,2,True,Staff,Helpful staff,
120,2,True,Location,close to airport,
120,3,True,Room,The room was small but adequate,
120,3,True,Staff,Helpful staff,
120,3,True,Location,close to airport,
121,1,True,(no spans found),,
121,2,True,(no spans found),,
121,3,True,(no spans found),,
122,1,True,Staff,Very clean and super friendly staff.,
122,2,True,Staff,Very clean and super friendly staff.,
122,3,True,Staff,Very clean and super friendly staff.,
123,1,False,(parse failed),,json_parse_error: Unterminated string starting at: line 144 column 23 (char 5155)
123,2,True,Staff,The front desk was very friendly and helpful.,
123,2,True,Location,Very convenient location close to the airport.,
123,2,True,Location,The area was a little noisy when we stayed there.,
123,3,True,Staff,The front desk was very friendly and helpful.,
123,3,True,Location,Very convenient location close to the airport.,
123,3,True,Location,The area was a little noisy when we stayed there.,
124,1,True,Staff,Very friendly staff,
124,2,True,Staff,Very friendly staff,
124,3,True,Staff,Very friendly staff,
125,1,False,Location,close to one of the best beaches of Larnaca region,
125,1,False,Location,perfectly connect by public transport with Larnaca city centre,
125,1,False,Price,quite reasonable price,
125,1,False,Taxi-issue,Taxi drivers who charged 2-3 EUR above the price agreed with the hotel (20 EUR),
125,1,False,Cleanliness,Clean as hospital,
125,2,False,Location,close to one of the best beaches of Larnaca region,
125,2,False,Location,perfectly connect by public transport with Larnaca city centre,
125,2,False,Price,quite reasonable price,
125,2,False,Taxi-issue,Taxi drivers who charged 2-3 EUR above the price agreed with the hotel (20 EUR),
125,2,False,Cleanliness,Clean as hospital,
125,3,False,Location,close to one of the best beaches of Larnaca region,
125,3,False,Location,perfectly connect by public transport with Larnaca city centre,
125,3,False,Price,quite reasonable price,
125,3,False,Taxi-issue,Taxi drivers who charged 2-3 EUR above the price agreed with the hotel (20 EUR),
125,3,False,Cleanliness,Clean as hospital,
126,1,False,Room,the room was well equipped,
126,1,False,Room,and also smelled very nice,
126,1,False,Staff,staff very helpful and friendly,
126,1,False,Food,The food was very tasty,
126,1,False,Bathroom,very nice bathroom,
126,2,False,Room,the room was well equipped and also smelled very nice,
126,2,False,Staff,staff very helpful and friendly,
126,2,False,Food,The food was very tasty (I didn't have breakfast but ate dinner at the restaurant),
126,2,False,Bathroom,very nice bathroom,
126,3,False,Room,the room was well equipped and also smelled very nice,
126,3,False,Staff,staff very helpful and friendly,
126,3,False,Food,The food was very tasty (I didn't have breakfast but ate dinner at the restaurant),
126,3,False,Bathroom,very nice bathroom,
127,1,True,(no spans found),,
127,2,True,(no spans found),,
127,3,True,(no spans found),,
128,1,False,(parse failed),,json_parse_error: Extra data: line 18 column 1 (char 464)
128,2,True,Location,close to the airport,
128,3,True,Location,close to the airport,
129,1,True,Room,The room and bathroom were of very good size and clean!,
129,1,True,Staff,The guy at the reception was very kind and helpful!,
129,1,True,Location,We wanted something close to Makenzie as we had plans for the night and this place was just perfect!,
129,2,True,Room,The room and bathroom were of very good size and clean!,
129,2,True,Staff,The guy at the reception was very kind and helpful!,
129,2,True,Location,We wanted something close to Makenzie as we had plans for the night and this place was just perfect!,
129,3,True,Room,The room and bathroom were of very good size and clean!,
129,3,True,Staff,The guy at the reception was very kind and helpful!,
129,3,True,Location,We wanted something close to Makenzie as we had plans for the night and this place was just perfect!,
130,1,True,(no spans found),,
130,2,True,(no spans found),,
130,3,True,(no spans found),,
131,1,True,Room,The room was very clean.,
131,1,True,Staff,The staff was very nice.,
131,1,True,Location,The location of the hotel was a bit far from the city centre,
131,2,True,Room,The room was very clean.,
131,2,True,Staff,The staff was very nice.,
131,2,True,Location,The location of the hotel was a bit far from the city centre,
131,3,True,Room,The room was very clean.,
131,3,True,Staff,The staff was very nice.,
131,3,True,Location,The location of the hotel was a bit far from the city centre,
132,1,True,Staff,Very friendly and the most helpful host.,
132,1,True,Food,The breakfast prepared by Richard was delicious and freshly prepared.,
132,1,True,Food,As well there are many choices from Cyprus to English breakfast.,
132,2,True,Staff,Very friendly and the most helpful host.,
132,2,True,Staff,Impeccable service,
132,2,True,Food,The breakfast prepared by Richard was delicious and freshly prepared.,
132,2,True,Food,As well there are many choices from Cyprus to English breakfast.,
132,3,True,Staff,Very friendly and the most helpful host.,
132,3,True,Staff,Impeccable service,
132,3,True,Food,The breakfast prepared by Richard was delicious and freshly prepared.,
132,3,True,Food,As well there are many choices from Cyprus to English breakfast.,
133,1,True,Room,the room was clean,
133,1,True,Staff,the lady in reception (Maria) was VERY helpful,
133,1,True,Price,good value for money,
133,1,True,Facility,if the hotel had swimming pool it would be perfect,
133,2,True,Room,the room was clean,
133,2,True,Staff,the lady in reception (Maria) was VERY helpful,
133,2,True,Price,good value for money,
133,2,True,Facility,if the hotel had swimming pool it would be perfect,
133,3,True,Room,the room was clean,
133,3,True,Staff,the lady in reception (Maria) was VERY helpful,
133,3,True,Price,good value for money,
133,3,True,Facility,if the hotel had swimming pool it would be perfect,
134,1,False,Staff,great friendly staff,
134,1,False,Location,Brilliant location for beach and bars.,
134,1,False,Cleanliness,clean,
134,2,False,(parse failed),,json_parse_error: Extra data: line 19 column 1 (char 548)
134,3,False,(parse failed),,json_parse_error: Extra data: line 19 column 1 (char 548)
135,1,False,Room,"Modern, clean accommodation.",
135,1,False,Staff,Great staff.,
135,1,False,Staff,Richard is a star.,
135,1,False,Food,Good food.,
135,2,False,Room,"Modern, clean accommodation.",
135,2,False,Staff,Great staff.,
135,2,False,Staff,Richard is a star.,
135,2,False,Food,Good food.,
135,3,False,Room,"Modern, clean accommodation.",
135,3,False,Staff,Great staff.,
135,3,False,Staff,Richard is a star.,
135,3,False,Food,Good food.,
136,1,False,Price,such a cheap price,
136,1,False,Facility,clean and beautiful on the inside,
136,1,False,User-Comment,I did not expect such a beautiful hotel for such a cheap price  Disgusting on the outside but clean and beautiful on the inside,
136,2,False,Price,such a cheap price,
136,2,False,Facility,clean and beautiful on the inside,
136,2,False,User-Comment,I did not expect such a beautiful hotel for such a cheap price Disgusting on the outside but clean and beautiful on the inside,
136,3,False,Price,such a cheap price,
136,3,False,Facility,clean and beautiful on the inside,
136,3,False,User-Comment,I did not expect such a beautiful hotel for such a cheap price Disgusting on the outside but clean and beautiful on the inside,
137,1,True,Room,Room was clean and the bed was comfortable,
137,1,True,Staff,Friendly staff,
137,1,True,Location,great location,
137,2,True,Room,Room was clean and the bed was comfortable,
137,2,True,Staff,Friendly staff,
137,2,True,Location,great location,
137,3,True,Room,Room was clean and the bed was comfortable,
137,3,True,Staff,Friendly staff,
137,3,True,Location,great location,
138,1,True,Room,very clean room and bathroom,
138,1,True,Staff,very helpful and kind personel,
138,1,True,Location,Great localization,
138,2,True,Room,very clean room and bathroom,
138,2,True,Staff,very helpful and kind personel,
138,2,True,Location,Great localization,
138,3,True,Room,very clean room and bathroom,
138,3,True,Staff,very helpful and kind personel,
138,3,True,Location,Great localization,
139,1,False,(parse failed),,json_parse_error: Expecting value: line 1 column 1 (char 0)
139,2,False,(parse failed),,json_parse_error: Expecting value: line 1 column 1 (char 0)
139,3,False,(parse failed),,json_parse_error: Expecting value: line 1 column 1 (char 0)
140,1,False,Room,"Very clean, comfy bed",
140,1,False,Location,close to the airport,
140,1,False,Food,great breakfast,
140,1,False,Check-in,easy self check-in,
140,2,False,(parse failed),,json_parse_error: Extra data: line 16 column 1 (char 397)
140,3,False,(parse failed),,json_parse_error: Extra data: line 16 column 1 (char 397)
141,1,True,Staff,wonderful staff,
141,2,True,Staff,wonderful staff,
141,2,True,Facility,Fantastic hotel,
141,3,True,Staff,wonderful staff,
141,3,True,Facility,Fantastic hotel,
142,1,True,Staff,friendly staff,
142,1,True,Location,near mackenzie beach,
142,2,True,Staff,friendly staff,
142,2,True,Location,near mackenzie beach,
142,3,True,Staff,friendly staff,
142,3,True,Location,near mackenzie beach,
143,1,True,Location,close to the airport,
143,2,True,Location,perfect overnight stay close to the airport,
143,3,True,Location,perfect overnight stay close to the airport,
144,1,True,(no spans found),,
144,2,True,(no spans found),,
144,3,True,(no spans found),,
145,1,True,Room,"The room was super clean, everything new and cosy, the bathroom with a spacious cabin shower.",
145,1,True,Room,The bed and pillows were very comfy.,
145,1,True,Staff,The staff was super super friendly and made everything possible for our stay to be perfect.,
145,1,True,Location,Close to the airport and also a 5 min walk from Makenzie blue flag beach.,
145,1,True,Food,Rich breakfast with various local food.,
145,1,True,Food,Also we ate dinner a couple of times at the terrace and everything was very tasty.,
145,2,True,Room,"The room was super clean, everything new and cosy, the bathroom with a spacious cabin shower.",
145,2,True,Room,The bed and pillows were very comfy.,
145,2,True,Staff,The staff was super super friendly and made everything possible for our stay to be perfect.,
145,2,True,Location,Close to the airport and also a 5 min walk from Makenzie blue flag beach.,
145,2,True,Food,Rich breakfast with various local food.,
145,2,True,Food,Also we ate dinner a couple of times at the terrace and everything was very tasty.,
145,3,True,Room,"The room was super clean, everything new and cosy, the bathroom with a spacious cabin shower.",
145,3,True,Room,The bed and pillows were very comfy.,
145,3,True,Staff,The staff was super super friendly and made everything possible for our stay to be perfect.,
145,3,True,Location,Close to the airport and also a 5 min walk from Makenzie blue flag beach.,
145,3,True,Food,Rich breakfast with various local food.,
145,3,True,Food,Also we ate dinner a couple of times at the terrace and everything was very tasty.,
146,1,True,Room,"good rooms , clean, smart and comfortable",
146,1,True,Staff,the staff were so incredibly friendly,
146,1,True,Staff,But it’s the staff who make this hotel:,
146,2,True,Room,"good rooms , clean, smart and comfortable",
146,2,True,Staff,the staff were so incredibly friendly,
146,2,True,Staff,But it’s the staff who make this hotel:,
146,3,True,Room,"good rooms , clean, smart and comfortable",
146,3,True,Staff,the staff were so incredibly friendly,
146,3,True,Staff,But it’s the staff who make this hotel:,
147,1,True,Staff,Amazing staff!,
147,2,True,Staff,Amazing staff!,
147,3,True,Staff,Amazing staff!,
148,1,False,(parse failed),,json_parse_error: Extra data: line 23 column 1 (char 628)
148,2,False,(parse failed),,json_parse_error: Extra data: line 23 column 1 (char 628)
148,3,False,(parse failed),,json_parse_error: Extra data: line 23 column 1 (char 628)
149,1,False,(parse failed),,json_parse_error: Expecting value: line 1 column 1 (char 0)
149,2,False,(parse failed),,json_parse_error: Expecting value: line 1 column 1 (char 0)
149,3,False,(parse failed),,json_parse_error: Expecting value: line 1 column 1 (char 0)
150,1,False,UserExperience,"Everything was new, beautiful and clean.",
150,1,False,UserExperience,That there is no kiosk open 24 hours close to the hotel.,
150,2,False,(parse failed),,json_parse_error: Expecting value: line 1 column 1 (char 0)
150,3,False,(parse failed),,json_parse_error: Expecting value: line 1 column 1 (char 0)
151,1,True,(no spans found),,
151,2,True,(no spans found),,
151,3,True,(no spans found),,
152,1,False,Room,clean rooms.,
152,1,False,Location,"Close to the bars near the sea,",
152,1,False,Location,"close to the airport,",
152,1,False,Check-in,We had a late check in and there was no one in the hotel to give us keys and the door was locked.,
152,1,False,Taxi-issue,We had to ask the taxi driver to make the call because it was cyprus number.,
152,2,False,Room,clean rooms.,
152,2,False,Location,"Close to the bars near the sea,",
152,2,False,Location,"close to the airport,",
152,2,False,Check-in,We had a late check in and there was no one in the hotel to give us keys and the door was locked.,
152,2,False,Taxi-issue,We had to ask the taxi driver to make the call because it was cyprus number.,
152,3,False,Room,clean rooms.,
152,3,False,Location,"Close to the bars near the sea,",
152,3,False,Location,"close to the airport,",
152,3,False,Check-in,We had a late check in and there was no one in the hotel to give us keys and the door was locked.,
152,3,False,Taxi-issue,We had to ask the taxi driver to make the call because it was cyprus number.,
153,1,False,Room,"beautiful, spotless room.",
153,1,False,Room,really comfortable nights sleep in an air conditioned room,
153,1,False,Staff,lovely friendly staff who checked us in quickly,
153,1,False,Location,very close to the airport after a late flight,
153,1,False,Food,beautiful fresh breakfast which was very reasonably priced,
153,1,False,Price,very reasonably priced,
153,1,False,Facility,air conditioned room,
153,1,False,Check-in,checked us in quickly,
153,1,False,Off,nothing,
153,1,False,Taxi-issue,called a taxi for us,
153,2,False,Room,"beautiful, spotless room.",
153,2,False,Room,really comfortable nights sleep in an air conditioned room,
153,2,False,Staff,lovely friendly staff who checked us in quickly,
153,2,False,Location,very close to the airport after a late flight,
153,2,False,Food,beautiful fresh breakfast,
153,2,False,Price,very reasonably priced,
153,2,False,Facility,air conditioned room,
153,2,False,Check-in,checked us in quickly,
153,2,False,Off,nothing,
153,2,False,Taxi-issue,called a taxi for us,
153,3,False,Room,"beautiful, spotless room.",
153,3,False,Room,really comfortable nights sleep in an air conditioned room,
153,3,False,Staff,lovely friendly staff who checked us in quickly,
153,3,False,Location,very close to the airport after a late flight,
153,3,False,Food,beautiful fresh breakfast,
153,3,False,Price,very reasonably priced,
153,3,False,Facility,air conditioned room,
153,3,False,Check-in,checked us in quickly,
153,3,False,Off,nothing,
153,3,False,Taxi-issue,called a taxi for us,
154,1,True,Staff,Lovely staff.,
154,1,True,Food,Good food.,
154,2,True,Staff,Lovely staff.,
154,2,True,Food,Good food.,
154,3,True,Staff,Lovely staff.,
154,3,True,Food,Good food.,
155,1,True,Room,"A comfortable, nice and clean hotel",
155,1,True,Location,near the airport,
155,1,True,Food,We really enjoyed the dinner in the restaurant. Everything was freshmade and prepare by the cheff,
155,1,True,Price,Excellent value for money,
155,1,True,Facility,"The facilities are wonderful, brand new and full equiped",
155,2,True,Room,"A comfortable, nice and clean hotel",
155,2,True,Location,near the airport,
155,2,True,Food,We really enjoyed the dinner in the restaurant. Everything was freshmade and prepare by the cheff,
155,2,True,Price,Excellent value for money,
155,2,True,Facility,"The facilities are wonderful, brand new and full equiped",
155,3,True,Room,"A comfortable, nice and clean hotel",
155,3,True,Location,near the airport,
155,3,True,Food,We really enjoyed the dinner in the restaurant. Everything was freshmade and prepare by the cheff,
155,3,True,Price,Excellent value for money,
155,3,True,Facility,"The facilities are wonderful, brand new and full equiped",
156,1,True,Room,"it was great, comfy, air conditioned and clean",
156,1,True,Price,very good value for money,
156,2,True,Room,"it was great, comfy, air conditioned and clean",
156,2,True,Price,very good value for money,
156,3,True,Room,"it was great, comfy, air conditioned and clean",
156,3,True,Price,very good value for money,
157,1,True,Room,"modern new rooms, very clean.",
157,1,True,Location,7 minutes walking to the beach,
157,2,True,Room,"modern new rooms, very clean.",
157,2,True,Location,7 minutes walking to the beach,
157,3,True,Room,"modern new rooms, very clean.",
157,3,True,Location,7 minutes walking to the beach,
158,1,False,Staff,Staff are great,
158,1,False,Location,Fantastic location for the airport on the beach,
158,1,False,Food,The breakfasts were amazing,
158,1,False,Check-in,Easy check in at 3am,
158,2,False,Staff,Staff are great,
158,2,False,Location,Fantastic location for the airport on the beach,
158,2,False,Food,The breakfasts were amazing,
158,2,False,Check-in,Easy check in at 3am,
158,3,False,Staff,Staff are great,
158,3,False,Location,Fantastic location for the airport on the beach,
158,3,False,Food,The breakfasts were amazing,
158,3,False,Check-in,Easy check in at 3am,
159,1,True,Room,Clean rooms,
159,1,True,Staff,very friendly staff,
159,1,True,Location,great location as it is close to the airport,
159,2,True,Room,Clean rooms,
159,2,True,Staff,very friendly staff,
159,2,True,Location,great location as it is close to the airport,
159,3,True,Room,Clean rooms,
159,3,True,Staff,very friendly staff,
159,3,True,Location,great location as it is close to the airport,
160,1,True,(no spans found),,
160,2,True,(no spans found),,
160,3,True,(no spans found),,
161,1,True,Staff,the staff,
161,1,True,Price,the price,
161,1,True,Check-out,check out time,
161,2,True,Staff,the staff,
161,2,True,Price,the price,
161,2,True,Check-out,check out time,
161,3,True,Staff,the staff,
161,3,True,Price,the price,
161,3,True,Check-out,check out time,
162,1,True,Staff,Exceptional friendly stuff,
162,1,True,Food,the breakfast was really delicious,
162,2,True,Staff,Exceptional friendly stuff,
162,2,True,Food,the breakfast was really delicious,
162,3,True,Staff,Exceptional friendly stuff,
162,3,True,Food,the breakfast was really delicious,
163,1,True,Check-in,Easy late night check in,
163,2,True,Check-in,Easy late night check in,
163,3,True,Check-in,Easy late night check in,
164,1,True,Staff,All the staff were so accommodating and friendly.,
164,2,True,Staff,All the staff were so accommodating and friendly.,
164,3,True,Staff,All the staff were so accommodating and friendly.,
165,1,True,Staff,friendly staff,
165,2,True,Staff,friendly staff,
165,3,True,Staff,friendly staff,
166,1,True,(no spans found),,
166,2,True,(no spans found),,
166,3,True,(no spans found),,
167,1,True,Staff,excellent staff,
167,1,True,Food,SUPER EXCELLENT 🙏,
167,1,True,Food,the food is SUPER EXCELLENT 🙏,
167,2,True,Staff,excellent staff,
167,2,True,Food,SUPER EXCELLENT 🙏,
167,2,True,Food,the food is SUPER EXCELLENT 🙏,
167,3,True,Staff,excellent staff,
167,3,True,Food,SUPER EXCELLENT 🙏,
167,3,True,Food,the food is SUPER EXCELLENT 🙏,
168,1,False,Room,The room is clean.,
168,1,False,Staff,The staff are good.,
168,1,False,Location,"We liked the location, near the airport and at the same time short walking distance to the beach and restaurants,",
168,1,False,Food,"The food at the restaurant is a must try, pretty delicious.",
168,2,False,Room,The room is clean.,
168,2,False,Staff,The staff are good.,
168,2,False,Location,"We liked the location, near the airport and at the same time short walking distance to the beach and restaurants,",
168,2,False,Food,"The food at the restaurant is a must try, pretty delicious.",
168,3,False,Room,The room is clean.,
168,3,False,Staff,The staff are good.,
168,3,False,Location,"We liked the location, near the airport and at the same time short walking distance to the beach and restaurants,",
168,3,False,Food,"The food at the restaurant is a must try, pretty delicious.",
169,1,False,(parse failed),,json_parse_error: Expecting value: line 1 column 1 (char 0)
169,2,False,Location,5 min drive to airport,
169,2,False,Food,"We ate 2 meals at the onsite small restaurant, both were delish and the service was great",
169,2,False,Accommodation,"Great accomodation, clean, quiet, friendly and helpful",
169,3,False,Location,5 min drive to airport,
169,3,False,Food,"We ate 2 meals at the onsite small restaurant, both were delish and the service was great",
169,3,False,Accommodation,"Great accomodation, clean, quiet, friendly and helpful",
170,1,True,Staff,"Richard, the chef prepared the fish, which was the best that I ever tasted.",
170,1,True,Staff,the stau at the hotel was a wonderful experience!,
170,1,True,Food,The food was excellent.,
170,1,True,Food,"Richard, the chef prepared the fish, which was the best that I ever tasted.",
170,2,True,Staff,"Richard, the chef prepared the fish, which was the best that I ever tasted.",
170,2,True,Staff,the stau at the hotel was a wonderful experience!,
170,2,True,Food,The food was excellent.,
170,2,True,Food,"Richard, the chef prepared the fish, which was the best that I ever tasted.",
170,3,True,Staff,"Richard, the chef prepared the fish, which was the best that I ever tasted.",
170,3,True,Staff,the stau at the hotel was a wonderful experience!,
170,3,True,Food,The food was excellent.,
170,3,True,Food,"Richard, the chef prepared the fish, which was the best that I ever tasted.",
171,1,False,Staff,The staff was very welcoming as well.,
171,1,False,Location,just few steps from the salt lake and the McKenzie Beach,
171,1,False,Facility,The electronic system for saying if you want to clean-up your room or you don't want to be disturbed.,
171,1,False,Parking,the hotel doesn't have it's own parking lot,
171,2,False,(parse failed),,json_parse_error: Expecting value: line 1 column 1 (char 0)
171,3,False,(parse failed),,json_parse_error: Expecting value: line 1 column 1 (char 0)
172,1,False,Personal,Personal was friendly..,
172,2,False,(parse failed),,json_parse_error: Extra data: line 17 column 1 (char 412)
172,3,False,(parse failed),,json_parse_error: Extra data: line 17 column 1 (char 412)
173,1,True,Room,The bedding and floors were SOO CLEAN.,
173,1,True,Staff,The staff so friendly and kind and helpful!!!,
173,2,False,Staff,The staff so friendly and kind and helpful!!!,
173,2,False,Cleanliness,IMMACULATELY CLEAN!!!,
173,2,False,Cleanliness,The bedding and floors were SOO CLEAN.,
173,2,False,Cleanliness,how clean it was and the bed and linens were soo comfy and everything smelled good,
173,3,False,Staff,The staff so friendly and kind and helpful!!!,
173,3,False,Cleanliness,IMMACULATELY CLEAN!!!,
173,3,False,Cleanliness,The bedding and floors were SOO CLEAN.,
173,3,False,Cleanliness,how clean it was and the bed and linens were soo comfy and everything smelled good,
174,1,True,(no spans found),,
174,2,True,(no spans found),,
174,3,True,(no spans found),,
175,1,True,Location,Location,
175,2,True,Location,Location,
175,3,True,Location,Location,
176,1,True,Room,The room was spacious enough for two people and it was very clean.,
176,2,True,Room,The room was spacious enough for two people and it was very clean.,
176,3,True,Room,The room was spacious enough for two people and it was very clean.,
177,1,True,Staff,The staff was nice and helpful.,
177,1,True,Staff,Extremely agile to respond.,
177,1,True,Location,It’s close to the beach and the airport.,
177,2,True,Staff,The staff was nice and helpful.,
177,2,True,Staff,Extremely agile to respond.,
177,2,True,Location,It’s close to the beach and the airport.,
177,3,True,Staff,The staff was nice and helpful.,
177,3,True,Staff,Extremely agile to respond.,
177,3,True,Location,It’s close to the beach and the airport.,
178,1,True,(no spans found),,
178,2,True,(no spans found),,
178,3,True,(no spans found),,
179,1,False,(parse failed),,json_parse_error: Expecting value: line 1 column 1 (char 0)
179,2,False,(parse failed),,json_parse_error: Expecting value: line 1 column 1 (char 0)
179,3,False,(parse failed),,json_parse_error: Expecting value: line 1 column 1 (char 0)
180,1,True,Room,"Sparkling clean, comfy bed",
180,1,True,Room,AC was a bit loud and the people in the next hotel were also loud to be heard from our room,
180,1,True,Staff,friendly staff,
180,1,True,Food,delicious breakfast (great freshly made croissants),
180,2,True,Room,"Sparkling clean, comfy bed",
180,2,True,Room,AC was a bit loud and the people in the next hotel were also loud to be heard from our room,
180,2,True,Staff,friendly staff,
180,2,True,Food,delicious breakfast (great freshly made croissants),
180,3,True,Room,"Sparkling clean, comfy bed",
180,3,True,Room,AC was a bit loud and the people in the next hotel were also loud to be heard from our room,
180,3,True,Staff,friendly staff,
180,3,True,Food,delicious breakfast (great freshly made croissants),
181,1,False,(parse failed),,json_parse_error: Extra data: line 27 column 1 (char 623)
181,2,False,(parse failed),,json_parse_error: Extra data: line 24 column 1 (char 674)
181,3,False,(parse failed),,json_parse_error: Extra data: line 24 column 1 (char 674)
182,1,False,Closure,Closure to the Airport,
182,1,False,Hospitality,Hospitality,
182,2,False,(parse failed),,json_parse_error: Extra data: line 18 column 1 (char 454)
182,3,False,(parse failed),,json_parse_error: Extra data: line 18 column 1 (char 454)
183,1,False,Staff,the Team is very friendly,
183,1,False,Location,Very close to the beach,
183,1,False,Food,the food is terrific,
183,1,False,Cleanliness,very clean hotel,
183,2,False,Staff,the Team is very friendly,
183,2,False,Location,Very close to the beach,
183,2,False,Food,the food is terrific,
183,2,False,Cleanliness,very clean hotel,
183,3,False,Staff,the Team is very friendly,
183,3,False,Location,Very close to the beach,
183,3,False,Food,the food is terrific,
183,3,False,Cleanliness,very clean hotel,
184,1,True,Food,"The chef was very kind and friendly, also the food was delicious, especially the jasmine burger.",
184,2,True,Food,"The chef was very kind and friendly, also the food was delicious, especially the jasmine burger.",
184,3,True,Food,"The chef was very kind and friendly, also the food was delicious, especially the jasmine burger.",
185,1,False,Staff,The staff accommodated my arrival at 3 a.m. with very clear instructions.,
185,1,False,Staff,The building manager/owner is exceptionally congenial.,
185,1,False,Staff,the manager of the kitchen.,
185,1,False,Location,"it was located near the airport, which is what I was looking for.",
185,1,False,Food,And breakfast was served until noon!,
185,2,False,Staff,The staff accommodated my arrival at 3 a.m. with very clear instructions.,
185,2,False,Staff,The building manager/owner is exceptionally congenial.,
185,2,False,Staff,the manager of the kitchen.,
185,2,False,Location,"it was located near the airport, which is what I was looking for.",
185,2,False,Food,And breakfast was served until noon!,
185,3,False,Staff,The staff accommodated my arrival at 3 a.m. with very clear instructions.,
185,3,False,Staff,The building manager/owner is exceptionally congenial.,
185,3,False,Staff,the manager of the kitchen.,
185,3,False,Location,"it was located near the airport, which is what I was looking for.",
185,3,False,Food,And breakfast was served until noon!,
186,1,True,Staff,Very friendly staff.,
186,2,True,Staff,Very friendly staff.,
186,3,True,Staff,Very friendly staff.,
187,1,True,(no spans found),,
187,2,True,(no spans found),,
187,3,True,(no spans found),,
188,1,True,Off,lovely,
188,2,True,Off,lovely,
188,3,True,Off,lovely,
189,1,True,(no spans found),,
189,2,True,(no spans found),,
189,3,True,(no spans found),,
190,1,False,Room,"Our room was rather small and lacked a balcony, which can make a lot of difference (we had one on our previous stay).",
190,1,False,Location,Conveniently located.,
190,1,False,Facility,A very modern and contemporary hotel.,
190,1,False,Check-in,We had a very late (1am) self check-in which worked very well.,
190,1,False,Breakfast,Excellent breakfast.,
190,2,False,Room,"Our room was rather small and lacked a balcony, which can make a lot of difference (we had one on our previous stay).",
190,2,False,Location,Conveniently located.,
190,2,False,Facility,A very modern and contemporary hotel.,
190,2,False,Check-in,We had a very late (1am) self check-in which worked very well.,
190,2,False,Breakfast,Excellent breakfast.,
190,3,False,Room,"Our room was rather small and lacked a balcony, which can make a lot of difference (we had one on our previous stay).",
190,3,False,Location,Conveniently located.,
190,3,False,Facility,A very modern and contemporary hotel.,
190,3,False,Check-in,We had a very late (1am) self check-in which worked very well.,
190,3,False,Breakfast,Excellent breakfast.,
191,1,True,Location,beside the airport,
191,2,True,Location,beside the airport,
191,3,True,Location,beside the airport,
192,1,True,Staff,staff was amazing.,
192,1,True,Location,location and cleanliness.,
192,2,True,Staff,staff was amazing.,
192,2,True,Location,location and cleanliness.,
192,3,True,Staff,staff was amazing.,
192,3,True,Location,location and cleanliness.,
193,1,True,Room,Room clean and spacious.,
193,1,True,Staff,Staff very helpful.,
193,1,True,Location,Excellent location for beach and airport transfer.,
193,2,True,Room,Room clean and spacious.,
193,2,True,Staff,Staff very helpful.,
193,2,True,Location,Excellent location for beach and airport transfer.,
193,3,True,Room,Room clean and spacious.,
193,3,True,Staff,Staff very helpful.,
193,3,True,Location,Excellent location for beach and airport transfer.,
194,1,False,(parse failed),,json_parse_error: Extra data: line 26 column 1 (char 581)
194,2,False,(parse failed),,json_parse_error: Extra data: line 26 column 1 (char 581)
194,3,False,(parse failed),,json_parse_error: Extra data: line 26 column 1 (char 581)
195,1,False,Location,Not too close to the beach,
195,1,False,Clean,Clean,
195,1,False,Spacious,spacious,
195,1,False,Friendly,friendly,
195,1,False,New,new,
195,1,False,Modern,modern,
195,2,False,Location,Not too close to the beach,
195,3,False,Location,Not too close to the beach,
196,1,False,(parse failed),,json_parse_error: Expecting value: line 1 column 1 (char 0)
196,2,False,(parse failed),,json_parse_error: Expecting value: line 1 column 1 (char 0)
196,3,False,(parse failed),,json_parse_error: Expecting value: line 1 column 1 (char 0)
197,1,True,Location,Perfect if you want to stay close to the airport.,
197,1,True,Location,Mackenzy beach with restaurants is not that far away.,
197,2,True,Location,Perfect if you want to stay close to the airport.,
197,2,True,Location,Mackenzy beach with restaurants is not that far away.,
197,3,True,Location,Perfect if you want to stay close to the airport.,
197,3,True,Location,Mackenzy beach with restaurants is not that far away.,
198,1,True,Staff,The staff were so friendly that we really felt we are at home with our relatives.,
198,1,True,Food,The food at the restaurant was amazing.,
198,1,True,Food,"Richard as the head of Hotel's restaurant, cooks with passion and almost everything from scratch.",
198,1,True,Food,So fresh and good looking.,
198,1,True,Food,"He makes a simple breakfast amazing and his lunch table, looks like a feast.",
198,2,True,Staff,The staff were so friendly that we really felt we are at home with our relatives.,
198,2,True,Food,The food at the restaurant was amazing.,
198,2,True,Food,"Richard as the head of Hotel's restaurant, cooks with passion and almost everything from scratch.",
198,2,True,Food,So fresh and good looking.,
198,2,True,Food,"He makes a simple breakfast amazing and his lunch table, looks like a feast.",
198,3,True,Staff,The staff were so friendly that we really felt we are at home with our relatives.,
198,3,True,Food,The food at the restaurant was amazing.,
198,3,True,Food,"Richard as the head of Hotel's restaurant, cooks with passion and almost everything from scratch.",
198,3,True,Food,So fresh and good looking.,
198,3,True,Food,"He makes a simple breakfast amazing and his lunch table, looks like a feast.",
199,1,True,Staff,kind service with a smile!,
199,1,True,Location,"it is clean, beautiful and perfectly located being 5 minute walk from the beach, restaurants and cafés.",
199,2,True,Staff,kind service with a smile!,
199,2,True,Location,"it is clean, beautiful and perfectly located being 5 minute walk from the beach, restaurants and cafés.",
199,3,True,Staff,kind service with a smile!,
199,3,True,Location,"it is clean, beautiful and perfectly located being 5 minute walk from the beach, restaurants and cafés.",
200,1,True,Food,food was 5 star!,
200,1,True,Food,The best club sandwich ever!!,
200,2,True,Food,food was 5 star!,
200,2,True,Food,The best club sandwich ever!!,
200,3,True,Food,food was 5 star!,
200,3,True,Food,The best club sandwich ever!!,
201,1,True,(no spans found),,
201,2,True,(no spans found),,
201,3,True,(no spans found),,
202,1,True,Staff,the staff is exceptionally nice,
202,1,True,Location,close to the beach and great restaurants,
202,2,True,Staff,the staff is exceptionally nice,
202,2,True,Location,close to the beach and great restaurants,
202,3,True,Staff,the staff is exceptionally nice,
202,3,True,Location,close to the beach and great restaurants,
203,1,True,Room,The room was very clean and ac worked well.,
203,1,True,Staff,Staff was very friendly.,
203,1,True,Price,Definitely worth the price.,
203,2,True,Room,The room was very clean and ac worked well.,
203,2,True,Staff,Staff was very friendly.,
203,2,True,Price,Definitely worth the price.,
203,3,True,Room,The room was very clean and ac worked well.,
203,3,True,Staff,Staff was very friendly.,
203,3,True,Price,Definitely worth the price.,
204,1,True,Staff,Staff were very friendly.,
204,1,True,Location,Great to come to from the airport.,
204,2,True,Staff,Staff were very friendly.,
204,2,True,Location,Great to come to from the airport.,
204,3,True,Staff,Staff were very friendly.,
204,3,True,Location,Great to come to from the airport.,
205,1,True,(no spans found),,
205,2,True,(no spans found),,
205,3,True,(no spans found),,
206,1,True,Location,great location.,
206,1,True,Location,The beach is less than 5 minutes away.,
206,1,True,Price,Good value.,
206,2,True,Location,great location.,
206,2,True,Location,The beach is less than 5 minutes away.,
206,2,True,Price,Good value.,
206,3,True,Location,great location.,
206,3,True,Location,The beach is less than 5 minutes away.,
206,3,True,Price,Good value.,
207,1,True,Staff,The WONDERFUL staff at this place makes all the difference.,
207,1,True,Staff,The WONDERFUL staff at this place makes all the difference.,
207,2,True,Staff,The WONDERFUL staff at this place makes all the difference.,
207,2,True,Staff,The WONDERFUL staff at this place makes all the difference.,
207,3,True,Staff,The WONDERFUL staff at this place makes all the difference.,
207,3,True,Staff,The WONDERFUL staff at this place makes all the difference.,
208,1,False,Location,"quit area , easy find parking places",
208,1,False,Cleanliness,"there was hair on the floor from previous visitors, it should be better cleaner .",
208,2,False,Location,"quit area , easy find parking places",
208,2,False,Cleanliness,"there was hair on the floor from previous visitors, it should be better cleaner .",
208,3,False,Location,"quit area , easy find parking places",
208,3,False,Cleanliness,"there was hair on the floor from previous visitors, it should be better cleaner .",
209,1,False,(parse failed),,json_parse_error: Expecting value: line 1 column 1 (char 0)
209,2,True,Room,it was a really nice room,
209,2,True,Food,we loved the breakfast,
209,3,True,Room,it was a really nice room,
209,3,True,Food,we loved the breakfast,
210,1,True,Location,fine location,
210,2,True,Location,fine location,
210,3,True,Location,fine location,
211,1,False,Staff,The stuff was very friendly and helpfull.,
211,1,False,Location,close to airport and town half an hour walking to town,
211,1,False,Food,Breakfast for charge same as anywhere else was enormous size and very delicious.,
211,1,False,UserExperience,They exceeded my expectations.,
211,1,False,Uncategorized,Liked everythingz,
211,2,False,Staff,The stuff was very friendly and helpfull.,
211,2,False,Location,close to airport and town half an hour walking to town,
211,2,False,Food,Breakfast for charge same as anywhere else was enormous size and very delicious.,
211,2,False,UserExperience,They exceeded my expectations.,
211,2,False,Uncategorized,Liked everythingz,
211,3,False,Staff,The stuff was very friendly and helpfull.,
211,3,False,Location,close to airport and town half an hour walking to town,
211,3,False,Food,Breakfast for charge same as anywhere else was enormous size and very delicious.,
211,3,False,UserExperience,They exceeded my expectations.,
211,3,False,Uncategorized,Liked everythingz,
212,1,True,Staff,Very friendly and helpful staff !,
212,1,True,Price,very cheap,
212,1,True,Facility,Beautiful hotel,
212,2,True,Staff,Very friendly and helpful staff !,
212,2,True,Price,very cheap,
212,2,True,Facility,Beautiful hotel,
212,3,True,Staff,Very friendly and helpful staff !,
212,3,True,Price,very cheap,
212,3,True,Facility,Beautiful hotel,
213,1,False,(parse failed),,json_parse_error: Extra data: line 18 column 1 (char 493)
213,2,False,(parse failed),,json_parse_error: Extra data: line 18 column 1 (char 487)
213,3,False,(parse failed),,json_parse_error: Extra data: line 18 column 1 (char 487)
214,1,False,(parse failed),,json_parse_error: Expecting value: line 18 column 3 (char 637)
214,2,False,Check-in,The hotell organised a taxi for me and made sure I could check in.,
214,2,False,Taxi-issue,The hotell organised a taxi for me,
214,3,False,Check-in,The hotell organised a taxi for me and made sure I could check in.,
214,3,False,Taxi-issue,The hotell organised a taxi for me,
215,1,True,(no spans found),,
215,2,True,(no spans found),,
215,3,True,(no spans found),,
216,1,True,Room,the room is very clean,
216,1,True,Facility,the facilities are new,
216,2,True,Room,the room is very clean,
216,2,True,Facility,the facilities are new,
216,3,True,Room,the room is very clean,
216,3,True,Facility,the facilities are new,
217,1,True,(no spans found),,
217,2,True,(no spans found),,
217,3,True,(no spans found),,
218,1,True,Room,"Nice clean room, comfortable bed and good location.",
218,1,True,Location,good location.,
218,2,True,Room,"Nice clean room, comfortable bed and good location.",
218,2,True,Location,good location.,
218,3,True,Room,"Nice clean room, comfortable bed and good location.",
218,3,True,Location,good location.,
219,1,True,Room,"very clean room, comfy beds, very nice showers.",
219,1,True,Room,all freshly renovated.,
219,2,True,Room,"very clean room, comfy beds, very nice showers.",
219,2,True,Room,all freshly renovated.,
219,3,True,Room,"very clean room, comfy beds, very nice showers.",
219,3,True,Room,all freshly renovated.,
220,1,False,Room,airy and comfortable room,
220,1,False,Location,only 4km from the airport,
220,1,False,Location,40 minutes walk,
220,1,False,Facility,super fast wifi,
220,1,False,Check-in,excellent communication on late check in process,
220,2,False,Room,airy and comfortable room,
220,2,False,Location,only 4km from the airport,
220,2,False,Location,40 minutes walk,
220,2,False,Facility,super fast wifi,
220,2,False,Check-in,excellent communication on late check in process,
220,3,False,Room,airy and comfortable room,
220,3,False,Location,only 4km from the airport,
220,3,False,Location,40 minutes walk,
220,3,False,Facility,super fast wifi,
220,3,False,Check-in,excellent communication on late check in process,
221,1,True,Room,The room was clean and an adequate size with a nice balcony.,
221,1,True,Staff,The staff were all friendly and welcoming - especially the restaurant owner.,
221,1,True,Food,Breakfast was outstanding.,
221,1,True,Food,food and drink in the bar,
221,2,True,Room,The room was clean and an adequate size with a nice balcony.,
221,2,True,Staff,The staff were all friendly and welcoming - especially the restaurant owner.,
221,2,True,Food,Breakfast was outstanding.,
221,2,True,Food,food and drink in the bar,
221,3,True,Room,The room was clean and an adequate size with a nice balcony.,
221,3,True,Staff,The staff were all friendly and welcoming - especially the restaurant owner.,
221,3,True,Food,Breakfast was outstanding.,
221,3,True,Food,food and drink in the bar,
222,1,True,Room,the room was nice,
222,2,True,Room,the room was nice,
222,3,True,Room,the room was nice,
223,1,True,(no spans found),,
223,2,True,(no spans found),,
223,3,True,(no spans found),,
224,1,False,Staff,Staff very friendly and very helpful.,
224,1,False,UserExperience,Very good.,
224,1,False,UserExperience,No complaints about the hotel.,
224,2,False,Staff,Staff very friendly and very helpful.,
224,2,False,UserExperience,Very good.,
224,2,False,UserExperience,No complaints about the hotel.,
224,3,False,Staff,Staff very friendly and very helpful.,
224,3,False,UserExperience,Very good.,
224,3,False,UserExperience,No complaints about the hotel.,
225,1,True,(no spans found),,
225,2,True,(no spans found),,
225,3,True,(no spans found),,
226,1,False,Room,"Rooms and hotel in general are very clean, aircon modern and quiet, and room service is also excellent.",
226,1,False,Room,"The double bed, although nothing fancy, was probably the best hotel bed we've slept in ... ever!!!",
226,1,False,Room,"Plenty of electricity outlets in the room, also by the bed, but remember the UK-adapter to use standard EU-plugs ;-)",
226,1,False,Staff,Excellent staff in this family driven hotel. Very helpful and pleasant people who speak perfect English and couldn't have been better -- all the way from the booking process and online dialog to putting us on a taxi to the airport! This alone is reason enough to come back :-),
226,1,False,Staff,except excellent staff/owners,
226,1,False,Food,Room service,
226,1,False,Facility,The out-of-order pool table hidden away in the backyard should be brought back to life.,
226,1,False,Facility,The backyard itself could actually have been used so much better.,
226,2,False,Room,"Rooms and hotel in general are very clean, aircon modern and quiet, and room service is also excellent.",
226,2,False,Room,"The double bed, although nothing fancy, was probably the best hotel bed we've slept in ... ever!!!",
226,2,False,Room,"Plenty of electricity outlets in the room, also by the bed, but remember the UK-adapter to use standard EU-plugs ;-)",
226,2,False,Staff,Excellent staff in this family driven hotel. Very helpful and pleasant people who speak perfect English and couldn't have been better -- all the way from the booking process and online dialog to putting us on a taxi to the airport! This alone is reason enough to come back :-),
226,2,False,Staff,except excellent staff/owners,
226,2,False,Food,Room service,
226,2,False,Facility,The out-of-order pool table hidden away in the backyard should be brought back to life.,
226,2,False,Facility,The backyard itself could actually have been used so much better.,
226,3,False,Room,"Rooms and hotel in general are very clean, aircon modern and quiet, and room service is also excellent.",
226,3,False,Room,"The double bed, although nothing fancy, was probably the best hotel bed we've slept in ... ever!!!",
226,3,False,Room,"Plenty of electricity outlets in the room, also by the bed, but remember the UK-adapter to use standard EU-plugs ;-)",
226,3,False,Staff,Excellent staff in this family driven hotel. Very helpful and pleasant people who speak perfect English and couldn't have been better -- all the way from the booking process and online dialog to putting us on a taxi to the airport! This alone is reason enough to come back :-),
226,3,False,Staff,except excellent staff/owners,
226,3,False,Food,Room service,
226,3,False,Facility,The out-of-order pool table hidden away in the backyard should be brought back to life.,
226,3,False,Facility,The backyard itself could actually have been used so much better.,
227,1,False,Room,Perfect room for family.,
227,1,False,Staff,Very kind hosts,
227,1,False,Location,Close to airport.,
227,1,False,Check-in,made late check in simple,
227,2,False,Room,Perfect room for family.,
227,2,False,Staff,Very kind hosts,
227,2,False,Location,Close to airport.,
227,2,False,Check-in,made late check in simple,
227,3,False,Room,Perfect room for family.,
227,3,False,Staff,Very kind hosts,
227,3,False,Location,Close to airport.,
227,3,False,Check-in,made late check in simple,
228,1,False,Room,the room had a big balcony,
228,1,False,Location,the location is convenient,
228,1,False,Location,location,
228,1,False,Hospitality,the Cyprus hospitality at the highest level,
228,2,False,Room,the room had a big balcony,
228,2,False,Location,the location is convenient,
228,2,False,Location,location,
228,2,False,Hospitality,the Cyprus hospitality at the highest level,
228,3,False,Room,the room had a big balcony,
228,3,False,Location,the location is convenient,
228,3,False,Location,location,
228,3,False,Hospitality,the Cyprus hospitality at the highest level,
229,1,True,Staff,Exceptionally friendly service of hotel,
229,1,True,Staff,Attention and service superb.,
229,2,True,Staff,Exceptionally friendly service of hotel,
229,2,True,Staff,Attention and service superb.,
229,3,True,Staff,Exceptionally friendly service of hotel,
229,3,True,Staff,Attention and service superb.,
230,1,True,Location,"location,",
230,1,True,Price,good value,
230,2,True,Location,"location,",
230,2,True,Price,good value,
230,3,True,Location,"location,",
230,3,True,Price,good value,
231,1,True,Room,rooms were clean,
231,1,True,Staff,very friendly staff,
231,1,True,Location,ideally situated for the airport,
231,2,True,Room,rooms were clean,
231,2,True,Staff,very friendly staff,
231,2,True,Location,ideally situated for the airport,
231,3,True,Room,rooms were clean,
231,3,True,Staff,very friendly staff,
231,3,True,Location,ideally situated for the airport,
232,1,False,Room,everything was clean and nice in the room,
232,1,False,Location,Great location for a late flight,
232,1,False,Staff,the manager catered to our every need,
232,1,False,Food,Terrific late breakfast at the café downstairs,
232,1,False,Price,great for the price,
232,2,False,Room,everything was clean and nice in the room,
232,2,False,Location,Great location for a late flight,
232,2,False,Staff,the manager catered to our every need,
232,2,False,Food,Terrific late breakfast at the café downstairs,
232,2,False,Price,great for the price,
232,3,False,Room,everything was clean and nice in the room,
232,3,False,Location,Great location for a late flight,
232,3,False,Staff,the manager catered to our every need,
232,3,False,Food,Terrific late breakfast at the café downstairs,
232,3,False,Price,great for the price,
233,1,True,Room,rooms where really spacious and fresh and clean,
233,1,True,Staff,management are wonderful,
233,1,True,Location,a little far from local shop,
233,1,True,Food,Breakfast was amazing in a beautiful setting,
233,1,True,Facility,Beautiful property,
233,2,True,Room,rooms where really spacious and fresh and clean,
233,2,True,Staff,management are wonderful,
233,2,True,Location,a little far from local shop,
233,2,True,Food,Breakfast was amazing in a beautiful setting,
233,2,True,Facility,Beautiful property,
233,3,True,Room,rooms where really spacious and fresh and clean,
233,3,True,Staff,management are wonderful,
233,3,True,Location,a little far from local shop,
233,3,True,Food,Breakfast was amazing in a beautiful setting,
233,3,True,Facility,Beautiful property,
234,1,False,Location,"great location for bars, restaurants and beach",
234,1,False,Price,very good rate,
234,1,False,Standard,excellent standard of accommodation,
234,2,False,Location,"great location for bars, restaurants and beach",
234,2,False,Price,very good rate,
234,2,False,Standard,excellent standard of accommodation,
234,3,False,Location,"great location for bars, restaurants and beach",
234,3,False,Price,very good rate,
234,3,False,Standard,excellent standard of accommodation,
235,1,False,Staff,very welcoming staff,
235,1,False,Location,Great location,
235,1,False,Cleanliness,very clean,
235,2,False,Staff,very welcoming staff,
235,2,False,Location,Great location,
235,2,False,Cleanliness,very clean,
235,3,False,Staff,very welcoming staff,
235,3,False,Location,Great location,
235,3,False,Cleanliness,very clean,
236,1,False,Room,"Although small, the room was comfortable.",
236,1,False,Facility,Modern hotel with good facilities.,
236,1,False,Breakfast,Breakfast as an extra was good.,
236,1,False,Location,"The hotel is about 100m from the 425 bus route which runs to the airport, about 10 minutes away.",
236,1,False,Price,"A ticket costs 2 Euros, a far better option than paying 15 Euros for a taxi.",
236,2,False,Room,"Although small, the room was comfortable.",
236,2,False,Facility,Modern hotel with good facilities.,
236,2,False,Breakfast,Breakfast as an extra was good.,
236,2,False,Location,"The hotel is about 100m from the 425 bus route which runs to the airport, about 10 minutes away.",
236,2,False,Taxi-issue,"A ticket costs 2 Euros, a far better option than paying 15 Euros for a taxi.",
236,3,False,Room,"Although small, the room was comfortable.",
236,3,False,Facility,Modern hotel with good facilities.,
236,3,False,Breakfast,Breakfast as an extra was good.,
236,3,False,Location,"The hotel is about 100m from the 425 bus route which runs to the airport, about 10 minutes away.",
236,3,False,Taxi-issue,"A ticket costs 2 Euros, a far better option than paying 15 Euros for a taxi.",
237,1,True,(no spans found),,
237,2,True,(no spans found),,
237,3,True,(no spans found),,
238,1,True,Room,stingy smell from the bathroom,
238,1,True,Location,close to the airport,
238,2,True,Room,stingy smell from the bathroom,
238,2,True,Location,close to the airport,
238,3,True,Room,stingy smell from the bathroom,
238,3,True,Location,close to the airport,
239,1,True,Room,Light and airy and clean room.,
239,1,True,Location,Not far from the sea.,
239,2,True,Room,Light and airy and clean room.,
239,2,True,Location,Not far from the sea.,
239,3,True,Room,Light and airy and clean room.,
239,3,True,Location,Not far from the sea.,
240,1,True,Staff,The hotel manager was reachable at all times due to my flight times and further delays.,
240,1,True,Staff,I couldn't have asked for more informative and reassuring service.,
240,1,True,Location,The location is very nice of this hotel due to such close proximity to the beach and restaurants.,
240,2,True,Staff,The hotel manager was reachable at all times due to my flight times and further delays.,
240,2,True,Staff,I couldn't have asked for more informative and reassuring service.,
240,2,True,Location,The location is very nice of this hotel due to such close proximity to the beach and restaurants.,
240,3,True,Staff,The hotel manager was reachable at all times due to my flight times and further delays.,
240,3,True,Staff,I couldn't have asked for more informative and reassuring service.,
240,3,True,Location,The location is very nice of this hotel due to such close proximity to the beach and restaurants.,
241,1,True,Room,spacious room and minifridge; large bathroom; very clean and comfy bed and lovely little balcony,
241,1,True,Staff,staff was very friendly and lend me an adaptor several times,
241,1,True,Location,i didnt want to be in the center so for me the location was perfect! walking distance to airport and close to the more luxurious beach strip with delicious restaurants,
241,1,True,Price,for the price that it was,
241,2,True,Room,spacious room and minifridge; large bathroom; very clean and comfy bed and lovely little balcony,
241,2,True,Staff,staff was very friendly and lend me an adaptor several times,
241,2,True,Location,i didnt want to be in the center so for me the location was perfect! walking distance to airport and close to the more luxurious beach strip with delicious restaurants,
241,2,True,Price,for the price that it was,
241,3,True,Room,spacious room and minifridge; large bathroom; very clean and comfy bed and lovely little balcony,
241,3,True,Staff,staff was very friendly and lend me an adaptor several times,
241,3,True,Location,i didnt want to be in the center so for me the location was perfect! walking distance to airport and close to the more luxurious beach strip with delicious restaurants,
241,3,True,Price,for the price that it was,
242,1,True,Staff,The staff were very accommodating and kind.,
242,2,True,Staff,The staff were very accommodating and kind.,
242,3,True,Staff,The staff were very accommodating and kind.,
243,1,True,Location,near beaches and restaurants,
243,1,True,Facility,Very modern clean beautifully kept hotel,
243,2,True,Location,near beaches and restaurants,
243,2,True,Facility,Very modern clean beautifully kept hotel,
243,3,True,Location,near beaches and restaurants,
243,3,True,Facility,Very modern clean beautifully kept hotel,
244,1,True,(no spans found),,
244,2,True,(no spans found),,
244,3,True,(no spans found),,
245,1,True,Room,The room was extremely clean,
245,1,True,Staff,great staff,
245,1,True,Staff,Richard is a great chef,
245,1,True,Food,their room service,
245,2,True,Room,The room was extremely clean,
245,2,True,Staff,great staff,
245,2,True,Staff,Richard is a great chef and his friendliness,
245,2,True,Food,their room service,
245,3,True,Room,The room was extremely clean,
245,3,True,Staff,great staff,
245,3,True,Staff,Richard is a great chef and his friendliness,
245,3,True,Food,their room service,
246,1,False,Room,"The rooms were a nice size, very clean, and modern.",
246,1,False,Room,"We had both a family room and a double room, and they were perfect for our quick stay.",
246,1,False,Staff,The owners were very friendly and helpful.,
246,1,False,Staff,The chef was very friendly.,
246,1,False,Location,"The hotel is small, which we liked, and is about 10 minutes from the airport.",
246,1,False,Location,The location is a bit hard to find.,
246,1,False,Location,It’s amongst several apartment buildings on a small side street.,
246,1,False,Food,"We also had dinner there, and the food was very good.",
246,1,False,Taxi-issue,The taxi driver had a hard time finding it to drop us off.,
246,2,False,Room,"The rooms were a nice size, very clean, and modern.",
246,2,False,Room,"We had both a family room and a double room, and they were perfect for our quick stay.",
246,2,False,Staff,The owners were very friendly and helpful.,
246,2,False,Staff,The chef was very friendly.,
246,2,False,Location,"The hotel is small, which we liked, and is about 10 minutes from the airport.",
246,2,False,Location,The location is a bit hard to find.,
246,2,False,Location,It’s amongst several apartment buildings on a small side street.,
246,2,False,Food,"We also had dinner there, and the food was very good.",
246,2,False,Taxi-issue,"The taxi driver had a hard time finding it to drop us off,",
246,3,False,Room,"The rooms were a nice size, very clean, and modern.",
246,3,False,Room,"We had both a family room and a double room, and they were perfect for our quick stay.",
246,3,False,Staff,The owners were very friendly and helpful.,
246,3,False,Staff,The chef was very friendly.,
246,3,False,Location,"The hotel is small, which we liked, and is about 10 minutes from the airport.",
246,3,False,Location,The location is a bit hard to find.,
246,3,False,Location,It’s amongst several apartment buildings on a small side street.,
246,3,False,Food,"We also had dinner there, and the food was very good.",
246,3,False,Taxi-issue,"The taxi driver had a hard time finding it to drop us off,",
247,1,True,Location,very good location,
247,2,True,Location,very good location,
247,3,True,Location,very good location,
248,1,True,Room,"Bed was soooooooo comfortable, I didn't want to leave my room!!",
248,1,True,Staff,"Staff super kind, professional, polite and helpful.",
248,1,True,Taxi-issue,"Also thank you for taxi, it arrived right in time!",
248,2,True,Room,"Bed was soooooooo comfortable, I didn't want to leave my room!!",
248,2,True,Staff,"Staff super kind, professional, polite and helpful.",
248,2,True,Taxi-issue,it arrived right in time,
248,3,True,Room,"Bed was soooooooo comfortable, I didn't want to leave my room!!",
248,3,True,Staff,"Staff super kind, professional, polite and helpful.",
248,3,True,Taxi-issue,it arrived right in time,
249,1,True,(no spans found),,
249,2,True,(no spans found),,
249,3,True,(no spans found),,
250,1,False,Room,"The rooms, lobby and restaurant were lovely; exceedingly modern, and comfortable.",
250,1,False,Staff,"The family that runs the hotel was incredibly friendly and very, very nice.",
250,1,False,Staff,chef Richard,
250,1,False,Location,The location allowed us to walk to the beach and restaurants.,
250,1,False,Food,"We ate dinner at the hotel because we were so impressed with ""chef Richard"" and the food was fabulous.",
250,2,False,Room,"The rooms, lobby and restaurant were lovely; exceedingly modern, and comfortable.",
250,2,False,Staff,"The family that runs the hotel was incredibly friendly and very, very nice.",
250,2,False,Staff,chef Richard,
250,2,False,Location,The location allowed us to walk to the beach and restaurants.,
250,2,False,Food,"We ate dinner at the hotel because we were so impressed with ""chef Richard"" and the food was fabulous.",
250,3,False,Room,"The rooms, lobby and restaurant were lovely; exceedingly modern, and comfortable.",
250,3,False,Staff,"The family that runs the hotel was incredibly friendly and very, very nice.",
250,3,False,Staff,chef Richard,
250,3,False,Location,The location allowed us to walk to the beach and restaurants.,
250,3,False,Food,"We ate dinner at the hotel because we were so impressed with ""chef Richard"" and the food was fabulous.",
251,1,True,Staff,friendly staff,
251,2,True,Staff,friendly staff,
251,3,True,Staff,friendly staff,
252,1,False,Room,Exceptionally clean and brand new.,
252,1,False,Staff,Everyone very friendly.,
252,1,False,Food,Breakfast was freshly made and delicious.,
252,2,False,Room,Exceptionally clean and brand new.,
252,2,False,Staff,Everyone very friendly.,
252,2,False,Food,Breakfast was freshly made and delicious.,
252,3,False,Room,Exceptionally clean and brand new.,
252,3,False,Staff,Everyone very friendly.,
252,3,False,Food,Breakfast was freshly made and delicious.,
253,1,True,(no spans found),,
253,2,True,(no spans found),,
253,3,True,(no spans found),,
254,1,True,Room,The rooms are spotless,
254,1,True,Staff,The family were so helpful,
254,1,True,Location,It’s very close to the airport,
254,2,True,Room,The rooms are spotless,
254,2,True,Staff,The family were so helpful,
254,2,True,Location,It’s very close to the airport,
254,3,True,Room,The rooms are spotless,
254,3,True,Staff,The family were so helpful,
254,3,True,Location,It’s very close to the airport,
255,1,True,Room,The room is spacious and new.,
255,1,True,Staff,The staff is super friendly and attentive.,
255,1,True,Location,"The location is super convenient, only few steps from the beach.",
255,2,True,Room,The room is spacious and new.,
255,2,True,Staff,The staff is super friendly and attentive.,
255,2,True,Location,"The location is super convenient, only few steps from the beach.",
255,3,True,Room,The room is spacious and new.,
255,3,True,Staff,The staff is super friendly and attentive.,
255,3,True,Location,"The location is super convenient, only few steps from the beach.",
256,1,True,(no spans found),,
256,2,True,(no spans found),,
256,3,True,(no spans found),,
257,1,True,Staff,Lovely staff,
257,1,True,Location,"Great location, quiet",
257,2,True,Staff,Lovely staff,
257,2,True,Location,"Great location, quiet",
257,3,True,Staff,Lovely staff,
257,3,True,Location,"Great location, quiet",
258,1,True,Staff,wonderful staff,
258,1,True,Food,delicious food,
258,2,True,Staff,wonderful staff,
258,2,True,Food,delicious food,
258,3,True,Staff,wonderful staff,
258,3,True,Food,delicious food,
259,1,False,(parse failed),,json_parse_error: Expecting value: line 1 column 1 (char 0)
259,2,False,(parse failed),,json_parse_error: Expecting value: line 1 column 1 (char 0)
259,3,False,(parse failed),,json_parse_error: Expecting value: line 1 column 1 (char 0)
260,1,True,Staff,"Friendly staff,",
260,1,True,Location,10 mins walk to Mackenzie Beach,
260,1,True,Location,40 mins (3 km) walk to downtown on a nice promenade.,
260,1,True,Food,delicious breakfast.,
260,2,True,Staff,"Friendly staff,",
260,2,True,Location,10 mins walk to Mackenzie Beach,
260,2,True,Location,40 mins (3 km) walk to downtown on a nice promenade.,
260,2,True,Food,delicious breakfast.,
260,3,True,Staff,"Friendly staff,",
260,3,True,Location,10 mins walk to Mackenzie Beach,
260,3,True,Location,40 mins (3 km) walk to downtown on a nice promenade.,
260,3,True,Food,delicious breakfast.,
261,1,False,(parse failed),,json_parse_error: Extra data: line 19 column 1 (char 585)
261,2,False,Cleanliness,Everything was clean and cozy.,
261,2,False,Service,We were introduced very good in everything and we felt very good there!,
261,3,False,Cleanliness,Everything was clean and cozy.,
261,3,False,Service,We were introduced very good in everything and we felt very good there!,
262,1,True,Room,really nice room with a balcony,
262,1,True,Staff,attentive staff,
262,1,True,Staff,The staff could not be more helpful,
262,1,True,Location,close to the airport,
262,2,True,Room,really nice room with a balcony,
262,2,True,Staff,attentive staff,
262,2,True,Staff,The staff could not be more helpful,
262,2,True,Location,close to the airport,
262,3,True,Room,really nice room with a balcony,
262,3,True,Staff,attentive staff,
262,3,True,Staff,The staff could not be more helpful,
262,3,True,Location,close to the airport,
263,1,True,Room,room was big enough with comfy beds for family of four; liked having a small balcony for outdoor space.,
263,2,True,Room,room was big enough with comfy beds for family of four; liked having a small balcony for outdoor space.,
263,3,True,Room,room was big enough with comfy beds for family of four; liked having a small balcony for outdoor space.,
264,1,True,Room,clean and comfortable beds.,
264,1,True,Staff,Friendly staff.,
264,2,True,Room,clean and comfortable beds.,
264,2,True,Staff,Friendly staff.,
264,3,True,Room,clean and comfortable beds.,
264,3,True,Staff,Friendly staff.,
265,1,False,Location,near the airport,
265,1,False,Price,£50 a night,
265,1,False,Cleanliness,Very clean,
265,1,False,Comfort,comfortable,
265,2,False,Location,near the airport,
265,2,False,Price,£50 a night,
265,2,False,UserExperience,Very warm welcome and very clean and comfortable- as good a hotel as I’ve stayed at for £50 a night.,
265,2,False,Cleanliness,very clean,
265,2,False,Comfort,comfortable,
265,3,False,Location,near the airport,
265,3,False,Price,£50 a night,
265,3,False,UserExperience,Very warm welcome and very clean and comfortable- as good a hotel as I’ve stayed at for £50 a night.,
265,3,False,Cleanliness,very clean,
265,3,False,Comfort,comfortable,
266,1,True,(no spans found),,
266,2,True,Staff,very nice crew,
266,3,True,Staff,very nice crew,
267,1,False,Staff,Helpful staff arranged a taxi for us from the airport to the hotel.,
267,1,False,Hotel,The hotel was basic but clean and comfortable.,
267,2,False,Staff,Helpful staff arranged a taxi for us from the airport to the hotel.,
267,2,False,Hotel,The hotel was basic but clean and comfortable.,
267,3,False,Staff,Helpful staff arranged a taxi for us from the airport to the hotel.,
267,3,False,Hotel,The hotel was basic but clean and comfortable.,
268,1,True,Room,"La Veranda has been recently refurbished and the rooms and bathroom, were both modern and comfortable, balcony with sea view",
268,1,True,Staff,extremely helpful and friendly,
268,1,True,Location,Easy walk to Mackenzie Beach and short journey from airport,
268,1,True,Food,Good breakfast available if required,
268,1,True,Off,Nothing really,
268,2,True,Room,"La Veranda has been recently refurbished and the rooms and bathroom, were both modern and comfortable, balcony with sea view",
268,2,True,Staff,extremely helpful and friendly,
268,2,True,Location,Easy walk to Mackenzie Beach and short journey from airport,
268,2,True,Food,Good breakfast available if required,
268,2,True,Off,Nothing really,
268,3,True,Room,"La Veranda has been recently refurbished and the rooms and bathroom, were both modern and comfortable, balcony with sea view",
268,3,True,Staff,extremely helpful and friendly,
268,3,True,Location,Easy walk to Mackenzie Beach and short journey from airport,
268,3,True,Food,Good breakfast available if required,
268,3,True,Off,Nothing really,
269,1,True,Staff,super friendly,
269,1,True,Location,convenient,
269,2,True,Staff,super friendly,
269,2,True,Location,convenient,
269,3,True,Staff,super friendly,
269,3,True,Location,convenient,
270,1,True,Room,Clean rooms,
270,1,True,Staff,helpful staff,
270,2,True,Room,Clean rooms,
270,2,True,Staff,helpful staff,
270,3,True,Room,Clean rooms,
270,3,True,Staff,helpful staff,
271,1,True,Location,Location very convenient.,
271,1,True,Location,Near the beach and the Restaurants.,
271,1,True,Location,Public Bus station at 30 meters from the hotel.,
271,1,True,Location,Also very close to the airport.,
271,2,True,Location,Location very convenient.,
271,2,True,Location,Near the beach and the Restaurants.,
271,2,True,Location,Public Bus station at 30 meters from the hotel.,
271,2,True,Location,Also very close to the airport.,
271,3,True,Location,Location very convenient.,
271,3,True,Location,Near the beach and the Restaurants.,
271,3,True,Location,Public Bus station at 30 meters from the hotel.,
271,3,True,Location,Also very close to the airport.,
272,1,False,(parse failed),,json_parse_error: Expecting value: line 1 column 1 (char 0)
272,2,False,(parse failed),,json_parse_error: Expecting value: line 1 column 1 (char 0)
272,3,False,(parse failed),,json_parse_error: Expecting value: line 1 column 1 (char 0)
273,1,True,(no spans found),,
273,2,True,(no spans found),,
273,3,True,(no spans found),,
274,1,False,Staff,"Every staff member I encountered, from the valet to the check- in to the cleaning staff were delightful and eager to help!",
274,1,False,Staff,I had a wonderful experience at the La Veranda Hotel.,
274,2,False,Staff,"Every staff member I encountered, from the valet to the check- in to the cleaning staff were delightful and eager to help!",
274,2,False,Staff,I had a wonderful experience at the La Veranda Hotel.,
274,3,False,Staff,"Every staff member I encountered, from the valet to the check- in to the cleaning staff were delightful and eager to help!",
274,3,False,Staff,I had a wonderful experience at the La Veranda Hotel.,
275,1,False,Room,"The rooms were clean, very comfortable",
275,1,False,Staff,The staff was amazing,
275,1,False,Staff,went over and beyond to help make my stay enjoyable,
275,2,False,Room,"The rooms were clean, very comfortable",
275,2,False,Staff,The staff was amazing,
275,2,False,Staff,went over and beyond to help make my stay enjoyable,
275,3,False,Room,"The rooms were clean, very comfortable",
275,3,False,Staff,The staff was amazing,
275,3,False,Staff,went over and beyond to help make my stay enjoyable,
276,1,False,(parse failed),,json_parse_error: Expecting value: line 1 column 1 (char 0)
276,2,False,Staff,friendly staff who allow you to check in the early hours of morning,
276,2,False,Location,45 min walk to airport,
276,2,False,Check-in,friendly staff who allow you to check in the early hours of morning,
276,2,False,Window-security,locks on windows didn’t seem secure,
276,3,False,Staff,friendly staff who allow you to check in the early hours of morning,
276,3,False,Location,45 min walk to airport,
276,3,False,Check-in,friendly staff who allow you to check in the early hours of morning,
276,3,False,Window-security,locks on windows didn’t seem secure,
277,1,True,Staff,"The staff is always very helpful, exceptional!",
277,1,True,Staff,The staff explained that the dispancer in the shower holds 3 in 1.,
277,2,True,Staff,"The staff is always very helpful, exceptional!",
277,2,True,Staff,The staff explained that the dispancer in the shower holds 3 in 1.,
277,3,True,Staff,"The staff is always very helpful, exceptional!",
277,3,True,Staff,The staff explained that the dispancer in the shower holds 3 in 1.,
278,1,False,Staff,"The staff were wonderful, so friendly and welcoming",
278,1,False,Location,The hotel was clean and easy for the airport,
278,1,False,Food,The food was superb,
278,2,True,Staff,"The staff were wonderful, so friendly and welcoming",
278,2,True,Location,The hotel was clean and easy for the airport,
278,2,True,Food,the food was superb,
278,3,True,Staff,"The staff were wonderful, so friendly and welcoming",
278,3,True,Location,The hotel was clean and easy for the airport,
278,3,True,Food,the food was superb,
279,1,False,Location,The hotel is in a residential neighborhood of apartments and is modern.,
279,1,False,Location,The hotel is approx 10 minute drive from the airport and 20 minute drive from the historical area.,
279,1,False,Food,Breakfast is not included in the hotel cost.,
279,1,False,Food,"However, there is small restaurant within the hotel lobby that charged $10 euros for a very nice hot breakfast (no menu - you get whatever is served).",
279,1,False,Bed,The bed linens were wonderful and the mattress was neither too hard or soft.,
279,1,False,Breakfast,Breakfast is not included in the hotel cost.,
279,1,False,Breakfast,"However, there is small restaurant within the hotel lobby that charged $10 euros for a very nice hot breakfast (no menu - you get whatever is served).",
279,2,False,Location,The hotel is in a residential neighborhood of apartments and is modern.,
279,2,False,Location,The hotel is approx 10 minute drive from the airport and 20 minute drive from the historical area.,
279,2,False,Food,Breakfast is not included in the hotel cost.,
279,2,False,Food,"However, there is small restaurant within the hotel lobby that charged $10 euros for a very nice hot breakfast (no menu - you get whatever is served).",
279,2,False,Bed,The bed linens were wonderful and the mattress was neither too hard or soft.,
279,2,False,Breakfast,Breakfast is not included in the hotel cost.,
279,2,False,Breakfast,"However, there is small restaurant within the hotel lobby that charged $10 euros for a very nice hot breakfast (no menu - you get whatever is served).",
279,3,False,Location,The hotel is in a residential neighborhood of apartments and is modern.,
279,3,False,Location,The hotel is approx 10 minute drive from the airport and 20 minute drive from the historical area.,
279,3,False,Food,Breakfast is not included in the hotel cost.,
279,3,False,Food,"However, there is small restaurant within the hotel lobby that charged $10 euros for a very nice hot breakfast (no menu - you get whatever is served).",
279,3,False,Bed,The bed linens were wonderful and the mattress was neither too hard or soft.,
279,3,False,Breakfast,Breakfast is not included in the hotel cost.,
279,3,False,Breakfast,"However, there is small restaurant within the hotel lobby that charged $10 euros for a very nice hot breakfast (no menu - you get whatever is served).",
280,1,False,Room,"Very smart, modern rooms and everything you need.",
280,1,False,Room,Having a family suite was a big bonus and lots of space.,
280,1,False,Location,Immediate location wasn’t inspiring,
280,1,False,Location,lovely restaurants very close in the sea front and handy for Limassol and airport.,
280,2,False,Room,"Very smart, modern rooms and everything you need.",
280,2,False,Room,Having a family suite was a big bonus and lots of space.,
280,2,False,Location,Immediate location wasn’t inspiring,
280,2,False,Location,lovely restaurants very close in the sea front and handy for Limassol and airport.,
280,3,False,Room,"Very smart, modern rooms and everything you need.",
280,3,False,Room,Having a family suite was a big bonus and lots of space.,
280,3,False,Location,Immediate location wasn’t inspiring,
280,3,False,Location,lovely restaurants very close in the sea front and handy for Limassol and airport.,
281,1,True,Staff,The owner and staff are so welcoming and helpful.,
281,1,True,Staff,"Taking time to print off flight documentation, booking taxis and even when my flight was cancelled, I was able to keep my room for longer without a problem.",
281,1,True,Location,This hotel is in a great location for the airport and restaurants.,
281,2,True,Staff,The owner and staff are so welcoming and helpful.,
281,2,True,Staff,"Taking time to print off flight documentation, booking taxis and even when my flight was cancelled, I was able to keep my room for longer without a problem.",
281,2,True,Location,This hotel is in a great location for the airport and restaurants.,
281,3,True,Staff,The owner and staff are so welcoming and helpful.,
281,3,True,Staff,"Taking time to print off flight documentation, booking taxis and even when my flight was cancelled, I was able to keep my room for longer without a problem.",
281,3,True,Location,This hotel is in a great location for the airport and restaurants.,
282,1,True,Staff,"Helpful, friendly staff.",
282,1,True,Location,close to the beach,
282,1,True,Location,quiet place,
282,1,True,Food,Tasty breakfast.,
282,2,True,Staff,"Helpful, friendly staff.",
282,2,True,Staff,but situated in a quiet place.,
282,2,True,Location,"close to the beach,",
282,2,True,Location,situated in a quiet place.,
282,2,True,Food,Tasty breakfast.,
282,3,True,Staff,"Helpful, friendly staff.",
282,3,True,Staff,but situated in a quiet place.,
282,3,True,Location,"close to the beach,",
282,3,True,Location,situated in a quiet place.,
282,3,True,Food,Tasty breakfast.,
283,1,False,Staff,staff was very friendly.,
283,1,False,Staff,They also were very responsive to any pre-arrival questions,
283,1,False,Cleanliness,Everything was very clean,
283,2,False,Staff,staff was very friendly.,
283,2,False,Staff,They also were very responsive to any pre-arrival questions,
283,2,False,Cleanliness,Everything was very clean,
283,3,False,Staff,staff was very friendly.,
283,3,False,Staff,They also were very responsive to any pre-arrival questions,
283,3,False,Cleanliness,Everything was very clean,
284,1,True,Room,"La Veranda was very clean, provided everything needed (even a bottle of water in the room!), and was flexible with our schedule.",
284,1,True,Staff,The staff was excellent.,
284,1,True,Staff,kindly told us about,
284,1,True,Location,quite close to the hotel,
284,2,True,Room,"La Veranda was very clean, provided everything needed (even a bottle of water in the room!), and was flexible with our schedule.",
284,2,True,Staff,The staff was excellent.,
284,2,True,Staff,kindly told us about,
284,2,True,Location,quite close to the hotel,
284,3,True,Room,"La Veranda was very clean, provided everything needed (even a bottle of water in the room!), and was flexible with our schedule.",
284,3,True,Staff,The staff was excellent.,
284,3,True,Staff,kindly told us about,
284,3,True,Location,quite close to the hotel,
285,1,False,(parse failed),,json_parse_error: Expecting value: line 1 column 1 (char 0)
285,2,False,(parse failed),,json_parse_error: Expecting value: line 1 column 1 (char 0)
285,3,False,(parse failed),,json_parse_error: Expecting value: line 1 column 1 (char 0)
286,1,True,Location,Very convenient location for arriving at the airport.,
286,2,True,Location,Very convenient location for arriving at the airport.,
286,3,True,Location,Very convenient location for arriving at the airport.,
287,1,True,Room,"Very clean, nice bed and linen.",
287,1,True,Price,Good value.,
287,2,True,Room,"Very clean, nice bed and linen.",
287,2,True,Price,Good value.,
287,3,True,Room,"Very clean, nice bed and linen.",
287,3,True,Price,Good value.,
288,1,False,(parse failed),,json_parse_error: Extra data: line 18 column 2 (char 636)
288,2,False,(parse failed),,json_parse_error: Extra data: line 18 column 2 (char 636)
288,3,False,(parse failed),,json_parse_error: Extra data: line 18 column 2 (char 636)
289,1,True,Room,The room does not maintain well noise insulation.,
289,1,True,Location,Close to airport and Makenzie beach area.,
289,1,True,Taxi-issue,Taxi fare to airport around 15-18 euro.,
289,2,True,Room,The room does not maintain well noise insulation.,
289,2,True,Location,Close to airport and Makenzie beach area.,
289,2,True,Taxi-issue,Taxi fare to airport around 15-18 euro.,
289,3,True,Room,The room does not maintain well noise insulation.,
289,3,True,Location,Close to airport and Makenzie beach area.,
289,3,True,Taxi-issue,Taxi fare to airport around 15-18 euro.,
290,1,True,Room,"The room and location were excellent value for money- I was also upgraded a room free of charge, I suspect because the hotel was quite empty.",
290,1,True,Staff,"Staff were happy to go above and beyond to help me with Covid restrictions for the airport, which was very close by.",
290,1,True,Staff,I actually had a couple of issues that would have made it hard for me to travel had it not been for the staff.,
290,1,True,Location,"The room and location were excellent value for money- I was also upgraded a room free of charge, I suspect because the hotel was quite empty.",
290,1,True,Food,The breakfast was good.,
290,2,False,Room,"The room and location were excellent value for money- I was also upgraded a room free of charge, I suspect because the hotel was quite empty.",
290,2,False,Staff,"Staff were happy to go above and beyond to help me with Covid restrictions for the airport, which was very close by.",
290,2,False,Staff,I actually had a couple of issues that would have made it hard for me to travel had it not been for the staff.,
290,2,False,Location,"The room and location were excellent value for money- I was also upgraded a room free of charge, I suspect because the hotel was quite empty.",
290,2,False,Location,The balcony view of the ocean.,
290,2,False,Food,The breakfast was good.,
290,3,False,Room,"The room and location were excellent value for money- I was also upgraded a room free of charge, I suspect because the hotel was quite empty.",
290,3,False,Staff,"Staff were happy to go above and beyond to help me with Covid restrictions for the airport, which was very close by.",
290,3,False,Staff,I actually had a couple of issues that would have made it hard for me to travel had it not been for the staff.,
290,3,False,Location,"The room and location were excellent value for money- I was also upgraded a room free of charge, I suspect because the hotel was quite empty.",
290,3,False,Location,The balcony view of the ocean.,
290,3,False,Food,The breakfast was good.,
291,1,False,(parse failed),,json_parse_error: Extra data: line 17 column 1 (char 467)
291,2,False,(parse failed),,json_parse_error: Extra data: line 17 column 1 (char 467)
291,3,False,(parse failed),,json_parse_error: Extra data: line 17 column 1 (char 467)
292,1,False,(parse failed),,json_parse_error: Expecting value: line 1 column 1 (char 0)
292,2,False,(parse failed),,json_parse_error: Expecting value: line 1 column 1 (char 0)
292,3,False,(parse failed),,json_parse_error: Expecting value: line 1 column 1 (char 0)
293,1,True,Staff,"Very pleasant, helpful and friendly staff.",
293,2,True,Staff,"Very pleasant, helpful and friendly staff.",
293,3,True,Staff,"Very pleasant, helpful and friendly staff.",
294,1,True,(no spans found),,
294,2,True,(no spans found),,
294,3,True,(no spans found),,
295,1,True,Room,comfortable rooms,
295,1,True,Staff,the staff is polite and helpful,
295,1,True,Staff,Mr. Richard and Sendi are awesome,
295,1,True,Location,"the location is good, only 20 minutes away from the centre but located in a quiet area",
295,1,True,Food,the Garnish restaurant downstairs is a very warm and cosy place with tasty breakfasts every morning,
295,1,True,Facility,new and well furnished hotel,
295,2,True,Room,comfortable rooms,
295,2,True,Staff,the staff is polite and helpful,
295,2,True,Staff,Mr. Richard and Sendi are awesome,
295,2,True,Location,"the location is good, only 20 minutes away from the centre but located in a quiet area",
295,2,True,Food,the Garnish restaurant downstairs is a very warm and cosy place with tasty breakfasts every morning,
295,2,True,Facility,new and well furnished hotel,
295,3,True,Room,comfortable rooms,
295,3,True,Staff,the staff is polite and helpful,
295,3,True,Staff,Mr. Richard and Sendi are awesome,
295,3,True,Location,"the location is good, only 20 minutes away from the centre but located in a quiet area",
295,3,True,Food,the Garnish restaurant downstairs is a very warm and cosy place with tasty breakfasts every morning,
295,3,True,Facility,new and well furnished hotel,
296,1,False,(parse failed),,"json_parse_error: Expecting ',' delimiter: line 14 column 28 (char 409)"
296,2,False,(parse failed),,"json_parse_error: Expecting ',' delimiter: line 14 column 28 (char 409)"
296,3,False,(parse failed),,"json_parse_error: Expecting ',' delimiter: line 14 column 28 (char 409)"
297,1,True,Facility,recently refurbished and very clean!,
297,2,True,Facility,recently refurbished and very clean!,
297,3,True,Facility,recently refurbished and very clean!,
298,1,True,Room,"room is spacious and clean, bed is comfy too",
298,1,True,Staff,stuff were super nice,
298,1,True,Location,location is good,
298,2,True,Room,"room is spacious and clean, bed is comfy too",
298,2,True,Staff,stuff were super nice,
298,2,True,Location,location is good,
298,3,True,Room,"room is spacious and clean, bed is comfy too",
298,3,True,Staff,stuff were super nice,
298,3,True,Location,location is good,
299,1,False,Room,"The room is just as in the pictures; newly renovated, fully functional and most importantly comfortable and clean.",
299,1,False,Staff,The staff was very welcoming and friendly,
299,1,False,Location,The hotel's location is convenient,
299,1,False,Location,"Very easy to catch public transportations, many café around and close to the center",
299,2,False,Room,"The room is just as in the pictures; newly renovated, fully functional and most importantly comfortable and clean.",
299,2,False,Staff,The staff was very welcoming and friendly,
299,2,False,Location,The hotel's location is convenient,
299,2,False,Location,"Very easy to catch public transportations, many café around and close to the center",
299,3,False,Room,"The room is just as in the pictures; newly renovated, fully functional and most importantly comfortable and clean.",
299,3,False,Staff,The staff was very welcoming and friendly,
299,3,False,Location,The hotel's location is convenient,
299,3,False,Location,"Very easy to catch public transportations, many café around and close to the center",
300,1,False,Room,The room was very clean and spacious.,
300,1,False,Staff,"The staff was so helpful, friendly and welcoming.",
300,1,False,Location,"Great location very close to the airport, 1 minute walk to the bus station, beach and restaurants.",
300,1,False,Food,even breakfast was presentable and tasty!,
300,1,False,Price,The mini bar was rich and very well priced.,
300,2,False,Room,The room was very clean and spacious.,
300,2,False,Staff,"The staff was so helpful, friendly and welcoming.",
300,2,False,Location,"Great location very close to the airport, 1 minute walk to the bus station, beach and restaurants.",
300,2,False,Food,even breakfast was presentable and tasty!,
300,2,False,Price,The mini bar was rich and very well priced.,
300,3,False,Room,The room was very clean and spacious.,
300,3,False,Staff,"The staff was so helpful, friendly and welcoming.",
300,3,False,Location,"Great location very close to the airport, 1 minute walk to the bus station, beach and restaurants.",
300,3,False,Food,even breakfast was presentable and tasty!,
300,3,False,Price,The mini bar was rich and very well priced.,
301,1,True,Staff,Staff make you feel at home.,
301,1,True,Location,Quiet area.,
301,2,True,Staff,Staff make you feel at home.,
301,2,True,Location,Quiet area.,
301,3,True,Staff,Staff make you feel at home.,
301,3,True,Location,Quiet area.,
302,1,True,(no spans found),,
302,2,True,(no spans found),,
302,3,True,(no spans found),,
303,1,True,Room,"I managed to remote work from the room and balcony, that was pleasant.",
303,1,True,Staff,"Very welcoming couple, helpful, and happy to help for any situation or question.",
303,2,True,Room,"I managed to remote work from the room and balcony, that was pleasant.",
303,2,True,Staff,"Very welcoming couple, helpful, and happy to help for any situation or question.",
303,3,True,Room,"I managed to remote work from the room and balcony, that was pleasant.",
303,3,True,Staff,"Very welcoming couple, helpful, and happy to help for any situation or question.",
304,1,True,Room,"What i liked most about the hotel is the room, bed sheets and toilet are super clean.",
304,1,True,Room,Bed is very comfortable.,
304,1,True,Staff,"The staff was nice, they gave me recommendations on what places to visit and how to roam around.",
304,1,True,Location,"The city is nice, a lot of restaurants, bars and shops in the area.",
304,1,True,Location,"And of course lots and lots of beach shores to relax at, one of which you can get on foot for less than 5 minutes.",
304,2,True,Room,"What i liked most about the hotel is the room, bed sheets and toilet are super clean.",
304,2,True,Room,Bed is very comfortable.,
304,2,True,Staff,"The staff was nice, they gave me recommendations on what places to visit and how to roam around.",
304,2,True,Location,"The city is nice, a lot of restaurants, bars and shops in the area.",
304,2,True,Location,"And of course lots and lots of beach shores to relax at, one of which you can get on foot for less than 5 minutes.",
304,3,True,Room,"What i liked most about the hotel is the room, bed sheets and toilet are super clean.",
304,3,True,Room,Bed is very comfortable.,
304,3,True,Staff,"The staff was nice, they gave me recommendations on what places to visit and how to roam around.",
304,3,True,Location,"The city is nice, a lot of restaurants, bars and shops in the area.",
304,3,True,Location,"And of course lots and lots of beach shores to relax at, one of which you can get on foot for less than 5 minutes.",
305,1,True,Staff,They have been so accommodating and easy to deal with and have gone above and beyond to help us out.,
305,1,True,Staff,Richard was amazing and whipped us up an excellent pizza even though they were long since closed.,
305,1,True,Food,Richard was amazing and whipped us up an excellent pizza even though they were long since closed.,
305,2,True,Staff,They have been so accommodating and easy to deal with and have gone above and beyond to help us out.,
305,2,True,Staff,Richard was amazing and whipped us up an excellent pizza even though they were long since closed.,
305,2,True,Food,Richard was amazing and whipped us up an excellent pizza even though they were long since closed.,
305,3,True,Staff,They have been so accommodating and easy to deal with and have gone above and beyond to help us out.,
305,3,True,Staff,Richard was amazing and whipped us up an excellent pizza even though they were long since closed.,
305,3,True,Food,Richard was amazing and whipped us up an excellent pizza even though they were long since closed.,
306,1,True,Staff,excellent stuff,
306,2,True,Staff,excellent stuff,
306,3,True,Staff,excellent stuff,
307,1,True,Taxi-issue,The hotel arranged a taxi to the airport for 15 €,
307,2,True,Taxi-issue,The hotel arranged a taxi to the airport for 15 €,
307,3,True,Taxi-issue,The hotel arranged a taxi to the airport for 15 €,
308,1,True,Staff,Wonderful people on reception and in the restaurant :) always smiling and glad to help,
308,2,True,Staff,Wonderful people on reception and in the restaurant :) always smiling and glad to help,
308,3,True,Staff,Wonderful people on reception and in the restaurant :) always smiling and glad to help,
309,1,True,Staff,The management/husband and wife/were fantastic as were all the staff!,
309,2,True,Staff,The management/husband and wife/were fantastic as were all the staff!,
309,3,True,Staff,The management/husband and wife/were fantastic as were all the staff!,
310,1,True,Location,close proximity to Larnaca airport,
310,1,True,Location,close to Mckenzie beach with lots of restaurants for dinner,
310,1,True,Food,breakfasts were nice,
310,1,True,Check-out,check out later prior to our flight,
310,2,True,Location,close proximity to Larnaca airport,
310,2,True,Location,close to Mckenzie beach with lots of restaurants for dinner,
310,2,True,Food,breakfasts were nice,
310,2,True,Check-out,allowed us to check out later prior to our flight,
310,3,True,Location,close proximity to Larnaca airport,
310,3,True,Location,close to Mckenzie beach with lots of restaurants for dinner,
310,3,True,Food,breakfasts were nice,
310,3,True,Check-out,allowed us to check out later prior to our flight,
311,1,True,Room,Nice freshly decorated rooms.,
311,1,True,Staff,staff very welcoming and helpful.,
311,1,True,Facility,"Pet friendly hotel,",
311,2,True,Room,Nice freshly decorated rooms.,
311,2,True,Staff,staff very welcoming and helpful.,
311,2,True,Facility,"Pet friendly hotel,",
311,3,True,Room,Nice freshly decorated rooms.,
311,3,True,Staff,staff very welcoming and helpful.,
311,3,True,Facility,"Pet friendly hotel,",
312,1,False,(parse failed),,json_parse_error: Expecting value: line 1 column 1 (char 0)
312,2,False,(parse failed),,json_parse_error: Expecting value: line 1 column 1 (char 0)
312,3,False,(parse failed),,json_parse_error: Expecting value: line 1 column 1 (char 0)
313,1,False,Staff,Super friendly staff.,
313,1,False,Location,Quiet street with sufficient parking facilities.,
313,1,False,Price,Fantastic value for money.,
313,1,False,Facility,Nicely renovated and clean hotel.,
313,2,False,Staff,Super friendly staff.,
313,2,False,Location,Quiet street with sufficient parking facilities.,
313,2,False,Price,Fantastic value for money.,
313,2,False,Facility,Nicely renovated and clean hotel.,
313,3,False,Staff,Super friendly staff.,
313,3,False,Location,Quiet street with sufficient parking facilities.,
313,3,False,Price,Fantastic value for money.,
313,3,False,Facility,Nicely renovated and clean hotel.,
314,1,False,(parse failed),,json_parse_error: Expecting value: line 1 column 1 (char 0)
314,2,False,(parse failed),,json_parse_error: Extra data: line 29 column 1 (char 1010)
314,3,False,(parse failed),,json_parse_error: Extra data: line 29 column 1 (char 1010)
315,1,True,Staff,it’s was exceptionally clean and staff all very friendly,
315,2,True,Staff,it’s was exceptionally clean and staff all very friendly,
315,3,True,Staff,it’s was exceptionally clean and staff all very friendly,
316,1,False,Room,the very clean and tidy room,
316,1,False,Location,Perfect location to McKenzie Beach and only a 30 minute walk to the central marina.,
316,1,False,Staff,everyone was very accommodating and welcoming,
316,2,False,Room,the very clean and tidy room,
316,2,False,Location,Perfect location to McKenzie Beach and only a 30 minute walk to the central marina.,
316,2,False,Staff,everyone was very accommodating and welcoming,
316,3,False,Room,the very clean and tidy room,
316,3,False,Location,Perfect location to McKenzie Beach and only a 30 minute walk to the central marina.,
316,3,False,Staff,everyone was very accommodating and welcoming,
317,1,True,(no spans found),,
317,2,True,(no spans found),,
317,3,True,(no spans found),,
318,1,True,Room,"Our room was a family suite (for 4 people), so could do with one more double hook in bathroom for towels.",
318,1,True,Staff,Staff were very friendly and extremely helpful.,
318,1,True,Location,In a quiet area 10 minutes from Larnaca airport.,
318,1,True,Location,Only 6 minutes walk down to the beach & restaurants.,
318,1,True,Facility,"A lovely family hotel, refurbished during the main Corona period.",
318,2,True,Room,"Our room was a family suite (for 4 people), so could do with one more double hook in bathroom for towels.",
318,2,True,Staff,Staff were very friendly and extremely helpful.,
318,2,True,Location,In a quiet area 10 minutes from Larnaca airport.,
318,2,True,Location,Only 6 minutes walk down to the beach & restaurants.,
318,2,True,Facility,"A lovely family hotel, refurbished during the main Corona period.",
318,3,True,Room,"Our room was a family suite (for 4 people), so could do with one more double hook in bathroom for towels.",
318,3,True,Staff,Staff were very friendly and extremely helpful.,
318,3,True,Location,In a quiet area 10 minutes from Larnaca airport.,
318,3,True,Location,Only 6 minutes walk down to the beach & restaurants.,
318,3,True,Facility,"A lovely family hotel, refurbished during the main Corona period.",
319,1,True,Room,"The room was very clean, a bit small though, but the bathroom was spacious and the bed was comfortable.",
319,1,True,Staff,"The receptionist was waiting for me to arrive, even though it was after the usual open hours.",
319,2,True,Room,"The room was very clean, a bit small though, but the bathroom was spacious and the bed was comfortable.",
319,2,True,Staff,"The receptionist was waiting for me to arrive, even though it was after the usual open hours.",
319,3,True,Room,"The room was very clean, a bit small though, but the bathroom was spacious and the bed was comfortable.",
319,3,True,Staff,"The receptionist was waiting for me to arrive, even though it was after the usual open hours.",
320,1,True,Room,room,
320,1,True,Location,location,
320,2,True,Room,room,
320,2,True,Location,location,
320,3,True,Room,room,
320,3,True,Location,location,
321,1,True,Facility,Well organised and clean,
321,2,True,Facility,Well organised and clean,
321,3,True,Facility,Well organised and clean,
322,1,True,Room,"The place was clean, spacious and really nice.",
322,1,True,Location,It was a pleasant walk to the sea but there was not much else to do close by.,
322,1,True,Check-in,"We got there early, around 10 am and they had our room ready.",
322,2,True,Room,"The place was clean, spacious and really nice.",
322,2,True,Location,It was a pleasant walk to the sea but there was not much else to do close by.,
322,2,True,Check-in,"We got there early, around 10 am and they had our room ready.",
322,3,True,Room,"The place was clean, spacious and really nice.",
322,3,True,Location,It was a pleasant walk to the sea but there was not much else to do close by.,
322,3,True,Check-in,"We got there early, around 10 am and they had our room ready.",
323,1,True,Room,"The rooms are a bit small, but they have nice amenities (fridge, coffee making, AC, nice balcony) and are spotless and comfortable.",
323,1,True,Staff,The staff is nice and it's very welcoming.,
323,1,True,Location,I stayed in this hotel (twice) because of the location to the airport.,
323,1,True,Location,It is a 10 minute walk to Makenzie Beach and those restaurants,
323,2,True,Room,"The rooms are a bit small, but they have nice amenities (fridge, coffee making, AC, nice balcony) and are spotless and comfortable.",
323,2,True,Staff,The staff is nice and it's very welcoming.,
323,2,True,Location,I stayed in this hotel (twice) because of the location to the airport.,
323,2,True,Location,It is a 10 minute walk to Makenzie Beach and those restaurants,
323,3,True,Room,"The rooms are a bit small, but they have nice amenities (fridge, coffee making, AC, nice balcony) and are spotless and comfortable.",
323,3,True,Staff,The staff is nice and it's very welcoming.,
323,3,True,Location,I stayed in this hotel (twice) because of the location to the airport.,
323,3,True,Location,It is a 10 minute walk to Makenzie Beach and those restaurants,
324,1,True,Room,"Room was excellent, very clean and everything seems fairly new.",
324,1,True,Staff,Staff was very helpful.,
324,1,True,Location,"Location is also very good if you have a morning flight, airport is a 7 min drive away.",
324,2,True,Room,"Room was excellent, very clean and everything seems fairly new.",
324,2,True,Staff,Staff was very helpful.,
324,2,True,Location,"Location is also very good if you have a morning flight, airport is a 7 min drive away.",
324,3,True,Room,"Room was excellent, very clean and everything seems fairly new.",
324,3,True,Staff,Staff was very helpful.,
324,3,True,Location,"Location is also very good if you have a morning flight, airport is a 7 min drive away.",
325,1,True,Room,clean and fresh rooms,
325,1,True,Staff,good hosts,
325,1,True,Location,not far from the airport,
325,1,True,Location,5 min walk to the beach,
325,2,True,Room,clean and fresh rooms,
325,2,True,Staff,good hosts,
325,2,True,Location,not far from the airport,
325,2,True,Location,5 min walk to the beach,
325,3,True,Room,clean and fresh rooms,
325,3,True,Staff,good hosts,
325,3,True,Location,not far from the airport,
325,3,True,Location,5 min walk to the beach,
326,1,True,Room,Clean and freshly renovated room,
326,2,True,Room,Clean and freshly renovated room,
326,3,True,Room,Clean and freshly renovated room,
327,1,True,Staff,The host of the Hotel was so kind and helpful. Always a smile on his face with great energy and amazing hospitality making sure we had a great stay.,
327,1,True,Staff,I would rate him 10/10 for sure!,
327,1,True,Location,It’s location was ideal for the purpose of our stay because it’s close to the Larnaca AirPort.,
327,2,True,Staff,The host of the Hotel was so kind and helpful. Always a smile on his face with great energy and amazing hospitality making sure we had a great stay.,
327,2,True,Staff,I would rate him 10/10 for sure!,
327,2,True,Location,It’s location was ideal for the purpose of our stay because it’s close to the Larnaca AirPort.,
327,3,True,Staff,The host of the Hotel was so kind and helpful. Always a smile on his face with great energy and amazing hospitality making sure we had a great stay.,
327,3,True,Staff,I would rate him 10/10 for sure!,
327,3,True,Location,It’s location was ideal for the purpose of our stay because it’s close to the Larnaca AirPort.,
328,1,False,Room,The room was a bit cramped,
328,1,False,Room,it was clean,
328,1,False,Location,The beach is very close,
328,2,False,(parse failed),,json_parse_error: Expecting value: line 1 column 1 (char 0)
328,3,False,(parse failed),,json_parse_error: Expecting value: line 1 column 1 (char 0)
329,1,True,(no spans found),,
329,2,True,(no spans found),,
329,3,True,(no spans found),,
330,1,True,Staff,The staff was exceptional.,
330,1,True,Staff,They were really customer-centric and kind.,
330,1,True,Food,The breakfast was really delicious too 😊,
330,2,True,Staff,The staff was exceptional.,
330,2,True,Staff,They were really customer-centric and kind.,
330,2,True,Food,The breakfast was really delicious too 😊,
330,3,True,Staff,The staff was exceptional.,
330,3,True,Staff,They were really customer-centric and kind.,
330,3,True,Food,The breakfast was really delicious too 😊,
331,1,True,(no spans found),,
331,2,True,(no spans found),,
331,3,True,(no spans found),,
332,1,True,Room,The room was really clean and the bed was comfortable.,
332,1,True,Staff,The staff was super nice!,
332,1,True,Taxi-issue,We needed a taxi for the airport and they've helped us book it for a really good price (better than everything we've seen online).,
332,2,True,Room,The room was really clean,
332,2,True,Staff,The staff was super nice,
332,2,True,Taxi-issue,We needed a taxi for the airport and they've helped us book it for a really good price,
332,3,True,Room,The room was really clean,
332,3,True,Staff,The staff was super nice,
332,3,True,Taxi-issue,We needed a taxi for the airport and they've helped us book it for a really good price,
333,1,True,Room,a bit small,
333,1,True,Food,Breakfast was exceptional,
333,2,True,Room,a bit small,
333,2,True,Food,Breakfast was exceptional,
333,3,True,Room,a bit small,
333,3,True,Food,Breakfast was exceptional,
334,1,True,Staff,friendly and helpful,
334,1,True,Staff,friendly and helpful,
334,1,True,Location,great,
334,2,False,Staff,Absolutely clean and friendly staff.,
334,2,False,Staff,Staff and owners very friendly and helpful.,
334,2,False,Location,Location is great.,
334,2,False,Cleanliness,Ultimate hygiene.,
334,2,False,Cleanliness,Very clean.,
334,2,False,Economy,Very economic.,
334,2,False,Return,Definitely a place to come again if came to larnaca,
334,3,False,Staff,Absolutely clean and friendly staff.,
334,3,False,Staff,Staff and owners very friendly and helpful.,
334,3,False,Location,Location is great.,
334,3,False,Cleanliness,Ultimate hygiene.,
334,3,False,Cleanliness,Very clean.,
334,3,False,Economy,Very economic.,
334,3,False,Return,Definitely a place to come again if came to larnaca,
335,1,True,(no spans found),,
335,2,True,(no spans found),,
335,3,True,(no spans found),,
336,1,True,Room,Tastefully decorated room and super comfy bed.,
336,1,True,Staff,Exceptionally friendly and helpful.,
336,1,True,Food,Dinner and breakfast were freshly made and very tasty.,
336,2,True,Room,Tastefully decorated room and super comfy bed.,
336,2,True,Staff,Exceptionally friendly and helpful.,
336,2,True,Food,Dinner and breakfast were freshly made and very tasty.,
336,3,True,Room,Tastefully decorated room and super comfy bed.,
336,3,True,Staff,Exceptionally friendly and helpful.,
336,3,True,Food,Dinner and breakfast were freshly made and very tasty.,
337,1,False,(parse failed),,json_parse_error: Extra data: line 26 column 1 (char 476)
337,2,False,(parse failed),,json_parse_error: Extra data: line 26 column 1 (char 476)
337,3,False,(parse failed),,json_parse_error: Extra data: line 26 column 1 (char 476)
338,1,True,Room,Spotlessly clean.,
338,1,True,Room,The building and the hotel are brand new.,
338,1,True,Staff,The family running this hotel are very friendly and welcoming!,
338,1,True,Location,"Walking distance to the beach, restaurants and shops.",
338,1,True,Location,It is away from traffic.,
338,1,True,Price,Value for money.,
338,1,True,Facility,Fully stocked minibar with coffee and tea-making facilities.,
338,1,True,Off,"Tip: If you like sleeping in the dark, bring a sleeping mask and/or some blu tack to secure the curtains in place.",
338,2,True,Room,Spotlessly clean.,
338,2,True,Room,The building and the hotel are brand new.,
338,2,True,Staff,The family running this hotel are very friendly and welcoming!,
338,2,True,Location,"Walking distance to the beach, restaurants and shops.",
338,2,True,Location,It is away from traffic.,
338,2,True,Price,Value for money.,
338,2,True,Facility,Fully stocked minibar with coffee and tea-making facilities.,
338,2,True,Off,"Tip: If you like sleeping in the dark, bring a sleeping mask and/or some blu tack to secure the curtains in place.",
338,3,True,Room,Spotlessly clean.,
338,3,True,Room,The building and the hotel are brand new.,
338,3,True,Staff,The family running this hotel are very friendly and welcoming!,
338,3,True,Location,"Walking distance to the beach, restaurants and shops.",
338,3,True,Location,It is away from traffic.,
338,3,True,Price,Value for money.,
338,3,True,Facility,Fully stocked minibar with coffee and tea-making facilities.,
338,3,True,Off,"Tip: If you like sleeping in the dark, bring a sleeping mask and/or some blu tack to secure the curtains in place.",
339,1,True,Room,"Clean rooms, cleaning every day;",
339,1,True,Staff,Great staff and very pleasant hosts;,
339,1,True,Food,Garnish restaurant on the ground is amazing! The owner is a very kind person and creative chef.,
339,1,True,Food,I’ll miss his breakfasts.,
339,1,True,Facility,Strong wi-fi at any time;,
339,2,True,Room,"Clean rooms, cleaning every day",
339,2,True,Staff,Great staff and very pleasant hosts,
339,2,True,Food,Garnish restaurant on the ground is amazing! The owner is a very kind person and creative chef,
339,2,True,Facility,Strong wi-fi at any time,
339,3,True,Room,"Clean rooms, cleaning every day",
339,3,True,Staff,Great staff and very pleasant hosts,
339,3,True,Food,Garnish restaurant on the ground is amazing! The owner is a very kind person and creative chef,
339,3,True,Facility,Strong wi-fi at any time,
340,1,False,Room,"the room was nice, with a big balcony.",
340,1,False,Location,A bit farther away than most hotels so it's a bit of a trek to get to get to the busier beach and bars.,
340,1,False,Location,the area its in is good for water sports and is where the quieter beaches are.,
340,1,False,Price,"Very good value for money,",
340,2,False,Room,"the room was nice, with a big balcony.",
340,2,False,Location,A bit farther away than most hotels so it's a bit of a trek to get to get to the busier beach and bars.,
340,2,False,Location,the area its in is good for water sports and is where the quieter beaches are.,
340,2,False,Price,Very good value for money,
340,3,False,Room,"the room was nice, with a big balcony.",
340,3,False,Location,A bit farther away than most hotels so it's a bit of a trek to get to get to the busier beach and bars.,
340,3,False,Location,the area its in is good for water sports and is where the quieter beaches are.,
340,3,False,Price,Very good value for money,
341,1,True,Staff,The owners were absolutely lovely and made sure we had everything we needed,
341,1,True,Location,location was good.,
341,1,True,Facility,Property was clean and modern,
341,2,True,Staff,The owners were absolutely lovely and made sure we had everything we needed,
341,2,True,Location,location was good.,
341,2,True,Facility,Property was clean and modern,
341,3,True,Staff,The owners were absolutely lovely and made sure we had everything we needed,
341,3,True,Location,location was good.,
341,3,True,Facility,Property was clean and modern,
342,1,True,Staff,Extremely friendly people work at La Veranda! they helped us in any possible way. thank you!,
342,2,True,Staff,Extremely friendly people work at La Veranda! they helped us in any possible way. thank you!,
342,3,True,Staff,Extremely friendly people work at La Veranda! they helped us in any possible way. thank you!,
343,1,True,Staff,"great friendly staff, very welcoming, the owner took me personally to our room, and gave me a prime parking spot.",
343,1,True,Staff,he introduced us to his daughter who was learning the trade and she was super nice and helpful.,
343,2,True,Staff,"great friendly staff, very welcoming, the owner took me personally to our room, and gave me a prime parking spot.",
343,2,True,Staff,he introduced us to his daughter who was learning the trade and she was super nice and helpful.,
343,3,True,Staff,"great friendly staff, very welcoming, the owner took me personally to our room, and gave me a prime parking spot.",
343,3,True,Staff,he introduced us to his daughter who was learning the trade and she was super nice and helpful.,
344,1,True,Room,rooms were comfortable snd very clean,
344,1,True,Staff,staff very good and helpful,
344,1,True,Location,Great location 5 min walk to beach And amenities,
344,2,True,Room,rooms were comfortable snd very clean,
344,2,True,Staff,staff very good and helpful,
344,2,True,Location,Great location 5 min walk to beach And amenities,
344,3,True,Room,rooms were comfortable snd very clean,
344,3,True,Staff,staff very good and helpful,
344,3,True,Location,Great location 5 min walk to beach And amenities,
345,1,True,Facility,Very modern and clean,
345,2,True,Facility,Very modern and clean,
345,3,True,Facility,Very modern and clean,
346,1,False,(parse failed),,json_parse_error: Extra data: line 16 column 1 (char 472)
346,2,True,Taxi-issue,Booked a taxi from the airport was a no show.,
346,3,True,Taxi-issue,Booked a taxi from the airport was a no show.,
347,1,True,Room,Rooms were also exceptional in their cleanliness and although compact had everything that you might need for your stay.,
347,1,True,Staff,Exceptional staff who were so friendly and keen to please.,
347,1,True,Location,Also only 10 minutes walk from beach and loads of restaurants.,
347,2,True,Room,Rooms were also exceptional in their cleanliness and although compact had everything that you might need for your stay.,
347,2,True,Staff,Exceptional staff who were so friendly and keen to please.,
347,2,True,Location,Also only 10 minutes walk from beach and loads of restaurants.,
347,3,True,Room,Rooms were also exceptional in their cleanliness and although compact had everything that you might need for your stay.,
347,3,True,Staff,Exceptional staff who were so friendly and keen to please.,
347,3,True,Location,Also only 10 minutes walk from beach and loads of restaurants.,
348,1,False,Staff,"Staff and owners were very welcoming,",
348,1,False,Food,breakfast was a typical Cypriot one,
348,1,False,Facility,not much parking around the property,
348,1,False,Facility,the inside is excellent compared to the view from outside,
348,1,False,Noise-issue,Aircraft noise does not bother me but the noise from aircraft landing and taking off may be an issue if you have young family or just want a quiet area,
348,2,False,Staff,"Staff and owners were very welcoming,",
348,2,False,Food,breakfast was a typical Cypriot one,
348,2,False,Facility,not much parking around the property,
348,2,False,Facility,the inside is excellent compared to the view from outside,
348,2,False,Noise-issue,Aircraft noise does not bother me but the noise from aircraft landing and taking off may be an issue if you have young family or just want a quiet area,
348,3,False,Staff,"Staff and owners were very welcoming,",
348,3,False,Food,breakfast was a typical Cypriot one,
348,3,False,Facility,not much parking around the property,
348,3,False,Facility,the inside is excellent compared to the view from outside,
348,3,False,Noise-issue,Aircraft noise does not bother me but the noise from aircraft landing and taking off may be an issue if you have young family or just want a quiet area,
349,1,True,Room,Clean rooms.,
349,1,True,Staff,Very friendly and helpful staff.,
349,1,True,Location,Close to bus stop.,
349,1,True,Location,Pretty far from major tourist spots.,
349,2,True,Room,Clean rooms.,
349,2,True,Staff,Very friendly and helpful staff.,
349,2,True,Location,Close to bus stop.,
349,2,True,Location,Pretty far from major tourist spots.,
349,3,True,Room,Clean rooms.,
349,3,True,Staff,Very friendly and helpful staff.,
349,3,True,Location,Close to bus stop.,
349,3,True,Location,Pretty far from major tourist spots.,
350,1,True,Room,Lovely clean room,
350,1,True,Staff,Lovely helpful staff,
350,1,True,Location,6 mins drive from the airport,
350,2,True,Room,Lovely clean room,
350,2,True,Staff,Lovely helpful staff,
350,2,True,Location,6 mins drive from the airport,
350,3,True,Room,Lovely clean room,
350,3,True,Staff,Lovely helpful staff,
350,3,True,Location,6 mins drive from the airport,
351,1,True,Room,"Clean, modern room, with comfy bed and great air conditioning.",
351,1,True,Location,Fab location Close to Mackenzie beach and bars.,
351,2,True,Room,"Clean, modern room, with comfy bed and great air conditioning.",
351,2,True,Location,Fab location Close to Mackenzie beach and bars.,
351,3,True,Room,"Clean, modern room, with comfy bed and great air conditioning.",
351,3,True,Location,Fab location Close to Mackenzie beach and bars.,
352,1,True,(no spans found),,
352,2,True,(no spans found),,
352,3,True,(no spans found),,
353,1,False,Room,* Very clean and comfy room with balcony,
353,1,False,Staff,* Friendly staff.,
353,1,False,Staff,* although very friendly,
353,1,False,Location,* Near the airport,
353,1,False,Location,* Far from centre town.,
353,1,False,Facility,* Simple clear contemporary decoration,
353,1,False,Facility,* Pool is very tiny.,
353,2,False,Room,* Very clean and comfy room with balcony,
353,2,False,Staff,* Friendly staff.,
353,2,False,Location,* Near the airport,
353,2,False,Location,* Far from centre town.,
353,2,False,Food,* Healthy breakfast.,
353,2,False,Facility,* Weak WiFi,
353,2,False,Facility,* Pool is very tiny.,
353,3,False,Room,* Very clean and comfy room with balcony,
353,3,False,Staff,* Friendly staff.,
353,3,False,Location,* Near the airport,
353,3,False,Location,* Far from centre town.,
353,3,False,Food,* Healthy breakfast.,
353,3,False,Facility,* Weak WiFi,
353,3,False,Facility,* Pool is very tiny.,
354,1,True,Staff,Very nice staff,
354,2,True,Staff,Very nice staff,
354,3,True,Staff,Very nice staff,
355,1,True,Location,There is a beach strip nearby with various restaurants for every taste,
355,1,True,Food,Breakfast in the hotel was great,
355,1,True,Food,"we walked there, had cocktails in one place, and a dinner in another",
355,2,True,Location,There is a beach strip nearby with various restaurants for every taste,
355,2,True,Food,Breakfast in the hotel was great,
355,2,True,Food,"we walked there, had cocktails in one place, and a dinner in another",
355,3,True,Location,There is a beach strip nearby with various restaurants for every taste,
355,3,True,Food,Breakfast in the hotel was great,
355,3,True,Food,"we walked there, had cocktails in one place, and a dinner in another",
356,1,False,Staff,"The staff at the hotel were friendly, polite and nothing was too much for them.",
356,1,False,Staff,Always willing to help in anyway which made our stay enjoyable.,
356,1,False,Cleanliness,Extremely clean too.,
356,1,False,Communication,The communication prior to arriving was brilliant.,
356,2,False,Staff,"The staff at the hotel were friendly, polite and nothing was too much for them.",
356,2,False,Staff,Always willing to help in anyway which made our stay enjoyable.,
356,2,False,Cleanliness,Extremely clean too.,
356,2,False,Communication,The communication prior to arriving was brilliant.,
356,3,False,Staff,"The staff at the hotel were friendly, polite and nothing was too much for them.",
356,3,False,Staff,Always willing to help in anyway which made our stay enjoyable.,
356,3,False,Cleanliness,Extremely clean too.,
356,3,False,Communication,The communication prior to arriving was brilliant.,
357,1,True,Staff,Staff is friendly,
357,1,True,Facility,hotel is comfortable and clean,
357,2,True,Staff,Staff is friendly,
357,2,True,Facility,hotel is comfortable and clean,
357,3,True,Staff,Staff is friendly,
357,3,True,Facility,hotel is comfortable and clean,
358,1,True,Location,Location close to airport,
358,2,True,Location,Location close to airport,
358,3,True,Location,Location close to airport,
359,1,True,Location,Good location,
359,2,True,Location,Good location,
359,3,True,Location,Good location,
360,1,True,(no spans found),,
360,2,True,(no spans found),,
360,3,True,(no spans found),,
361,1,True,Location,The location near Makanzie Beach6,
361,2,True,Location,The location near Makanzie Beach6,
361,3,True,Location,The location near Makanzie Beach6,
362,1,True,Room,the room with a balcony overlooking Makenzy and Salt Lake made an amazing impression.,
362,1,True,Staff,very kind and helpful staff,
362,1,True,Staff,Excellent service,
362,1,True,Food,"I recommend the breakfasts, which are really delicious.",
362,2,True,Room,the room with a balcony overlooking Makenzy and Salt Lake made an amazing impression.,
362,2,True,Staff,very kind and helpful staff,
362,2,True,Food,"I recommend the breakfasts, which are really delicious.",
362,3,True,Room,the room with a balcony overlooking Makenzy and Salt Lake made an amazing impression.,
362,3,True,Staff,very kind and helpful staff,
362,3,True,Food,"I recommend the breakfasts, which are really delicious.",
363,1,True,Staff,The staff were exceptionally attentive to ensuring that our stay was pleasent.,
363,1,True,Staff,"Hospitality was great, highly recommend the hotel 😊",
363,2,True,Staff,The staff were exceptionally attentive to ensuring that our stay was pleasent.,
363,2,True,Staff,"Hospitality was great, highly recommend the hotel 😊",
363,3,True,Staff,The staff were exceptionally attentive to ensuring that our stay was pleasent.,
363,3,True,Staff,"Hospitality was great, highly recommend the hotel 😊",
364,1,False,Location,Loads of bars and restaurants 5 mins walk away on the beach.,
364,1,False,Host,Really friendly and accomodating hosts.,
364,2,False,Location,Loads of bars and restaurants 5 mins walk away on the beach.,
364,2,False,Host,Really friendly and accomodating hosts.,
364,3,False,Location,Loads of bars and restaurants 5 mins walk away on the beach.,
364,3,False,Host,Really friendly and accomodating hosts.,
365,1,False,Facility,"The hotel had been just renovated,",
365,1,False,Check-in,We arrived in the night and were checked-in quickly,
365,1,False,Other,it was a pity not to be able to stay longer,
365,2,False,Facility,"The hotel had been just renovated,",
365,2,False,Check-in,We arrived in the night and were checked-in quickly,
365,2,False,Experience,it was a pity not to be able to stay longer,
365,3,False,Facility,"The hotel had been just renovated,",
365,3,False,Check-in,We arrived in the night and were checked-in quickly,
365,3,False,Experience,it was a pity not to be able to stay longer,
366,1,True,Food,"Especially,the chef of La Vernada Hotel is perfest,he made delicious breakfast,lunch and dinner and his food is better than a 5star hotel.",
366,1,True,Food,Absolutely fantastic hotel with an excellent chef that make this hotel perfect.,
366,1,True,Price,the price of his hotel and the prices of the food are very good and are not expensive.,
366,2,True,Food,"Especially,the chef of La Vernada Hotel is perfest,he made delicious breakfast,lunch and dinner and his food is better than a 5star hotel.",
366,2,True,Food,Absolutely fantastic hotel with an excellent chef that make this hotel perfect.,
366,2,True,Price,the price of his hotel and the prices of the food are very good and are not expensive,
366,3,True,Food,"Especially,the chef of La Vernada Hotel is perfest,he made delicious breakfast,lunch and dinner and his food is better than a 5star hotel.",
366,3,True,Food,Absolutely fantastic hotel with an excellent chef that make this hotel perfect.,
366,3,True,Price,the price of his hotel and the prices of the food are very good and are not expensive,
367,1,True,Room,Nice room with comfortable beds and nice bathroom.,
367,1,True,Staff,Friendly Staff.,
367,2,True,Room,Nice room with comfortable beds and nice bathroom.,
367,2,True,Staff,Friendly Staff.,
367,3,True,Room,Nice room with comfortable beds and nice bathroom.,
367,3,True,Staff,Friendly Staff.,
368,1,True,Location,Clean and perfect location.,
368,2,True,Location,Clean and perfect location.,
368,3,True,Location,Clean and perfect location.,
369,1,True,Staff,staff,
369,1,True,Location,Location,
369,1,True,Food,The food was amazing at the restaurant,
369,2,True,Staff,staff,
369,2,True,Location,Location,
369,2,True,Food,The food was amazing at the restaurant,
369,3,True,Staff,staff,
369,3,True,Location,Location,
369,3,True,Food,The food was amazing at the restaurant,
370,1,True,Location,good location from the airport and sea.,
370,1,True,Facility,"Extremely clean, newly renovated, efficiently run",
370,2,True,Location,good location from the airport and sea.,
370,2,True,Facility,"Extremely clean, newly renovated, efficiently run",
370,3,True,Location,good location from the airport and sea.,
370,3,True,Facility,"Extremely clean, newly renovated, efficiently run",
371,1,True,Staff,People working here are the best ever,
371,2,True,Staff,People working here are the best ever,
371,3,True,Staff,People working here are the best ever,
372,1,True,Location,silent part of town,
372,1,True,Facility,"Bright, cozy, looks like almost new hotel",
372,2,True,Location,silent part of town,
372,2,True,Facility,"Bright, cozy, looks like almost new hotel",
372,3,True,Location,silent part of town,
372,3,True,Facility,"Bright, cozy, looks like almost new hotel",
373,1,False,(parse failed),,json_parse_error: Extra data: line 23 column 1 (char 758)
373,2,False,(parse failed),,json_parse_error: Extra data: line 18 column 1 (char 567)
373,3,False,(parse failed),,json_parse_error: Extra data: line 18 column 1 (char 567)
374,1,True,Room,"Rooms were a great size, very clean, modern and comfy.",
374,1,True,Location,Location is great.,
374,1,True,Location,right next to an amazing beach “mckenzie beach”,
374,2,True,Room,"Rooms were a great size, very clean, modern and comfy.",
374,2,True,Location,Location is great.,
374,2,True,Location,right next to an amazing beach “mckenzie beach”,
374,3,True,Room,"Rooms were a great size, very clean, modern and comfy.",
374,3,True,Location,Location is great.,
374,3,True,Location,right next to an amazing beach “mckenzie beach”,
375,1,False,Staff,The staff are helpful and friendly.,
375,1,False,Food,Richard is the chef at the hotel.,
375,1,False,Food,The food he creates is outstanding and delicious.,
375,1,False,Food,Even the simplest of food ie. chicken burger and salad was made to taste exceptional.,
375,1,False,Food,Whether you stay at the hotel or not you should go to their restaurant for lunch or dinner or both.,
375,1,False,Food,It will not disappoint and you will want to keep going back.,
375,1,False,Food,Richard cooks from the heart.,
375,1,False,Location,Overall the hotel is well situated.,
375,2,False,Staff,The staff are helpful and friendly.,
375,2,False,Food,Richard is the chef at the hotel.,
375,2,False,Food,The food he creates is outstanding and delicious.,
375,2,False,Food,Even the simplest of food ie. chicken burger and salad was made to taste exceptional.,
375,2,False,Food,Whether you stay at the hotel or not you should go to their restaurant for lunch or dinner or both.,
375,2,False,Food,It will not disappoint and you will want to keep going back.,
375,2,False,Food,Richard cooks from the heart.,
375,2,False,Location,Overall the hotel is well situated.,
375,3,False,Staff,The staff are helpful and friendly.,
375,3,False,Food,Richard is the chef at the hotel.,
375,3,False,Food,The food he creates is outstanding and delicious.,
375,3,False,Food,Even the simplest of food ie. chicken burger and salad was made to taste exceptional.,
375,3,False,Food,Whether you stay at the hotel or not you should go to their restaurant for lunch or dinner or both.,
375,3,False,Food,It will not disappoint and you will want to keep going back.,
375,3,False,Food,Richard cooks from the heart.,
375,3,False,Location,Overall the hotel is well situated.,
376,1,False,Location,5 minute walk to the beach.,
376,1,False,Food,"The chef is incredible and very friendly, the kind of person who loves nothing more than you enjoying his food!",
376,1,False,Cleanliness,It was very clean,
376,1,False,Comfort,very comfortable,
376,1,False,Welcome,Very welcoming,
376,2,False,Location,5 minute walk to the beach.,
376,2,False,Food,"The chef is incredible and very friendly, the kind of person who loves nothing more than you enjoying his food!",
376,2,False,Cleanliness,It was very clean,
376,2,False,Comfort,very comfortable,
376,2,False,Welcome,Very welcoming,
376,3,False,Location,5 minute walk to the beach.,
376,3,False,Food,"The chef is incredible and very friendly, the kind of person who loves nothing more than you enjoying his food!",
376,3,False,Cleanliness,It was very clean,
376,3,False,Comfort,very comfortable,
376,3,False,Welcome,Very welcoming,
377,1,True,Room,Rooms are clean.,
377,1,True,Staff,Staff very polite and helpful.,
377,1,True,Location,"Hotel is near to the beach, airport and bus station.",
377,1,True,Food,Breakfast was delicious.,
377,2,True,Room,Rooms are clean.,
377,2,True,Staff,Staff very polite and helpful.,
377,2,True,Location,"Hotel is near to the beach, airport and bus station.",
377,2,True,Food,Breakfast was delicious.,
377,3,True,Room,Rooms are clean.,
377,3,True,Staff,Staff very polite and helpful.,
377,3,True,Location,"Hotel is near to the beach, airport and bus station.",
377,3,True,Food,Breakfast was delicious.,
378,1,True,Room,The room was very clean and comfortable.,
378,1,True,Staff,The staff was very friendly.,
378,1,True,Food,The food was delicious.,
378,2,True,Room,The room was very clean and comfortable.,
378,2,True,Staff,The staff was very friendly.,
378,2,True,Food,The food was delicious.,
378,3,True,Room,The room was very clean and comfortable.,
378,3,True,Staff,The staff was very friendly.,
378,3,True,Food,The food was delicious.,
379,1,True,Room,"Clean rooms, comfortable beds",
379,1,True,Staff,were pleased by staff,
379,1,True,Taxi-issue,Hotel administrator helped us with taxi,
379,2,True,Room,"Clean rooms, comfortable beds",
379,2,True,Staff,were pleased by staff,
379,2,True,Taxi-issue,Hotel administrator helped us with taxi,
379,3,True,Room,"Clean rooms, comfortable beds",
379,3,True,Staff,were pleased by staff,
379,3,True,Taxi-issue,Hotel administrator helped us with taxi,
380,1,False,Room,"Rooms were very spacy, quiet, tidy with a modern design.",
380,1,False,Staff,Very nice and helpful staff able to go an extra mile for your satisfaction.,
380,1,False,Location,"This hotel has great location, because it is very close to the airport, beaches and entertainment.",
380,1,False,Food,Breakfasts were tasty!,
380,2,False,Room,"Rooms were very spacy, quiet, tidy with a modern design.",
380,2,False,Staff,Very nice and helpful staff able to go an extra mile for your satisfaction.,
380,2,False,Location,"This hotel has great location, because it is very close to the airport, beaches and entertainment.",
380,2,False,Food,Breakfasts were tasty!,
380,3,False,Room,"Rooms were very spacy, quiet, tidy with a modern design.",
380,3,False,Staff,Very nice and helpful staff able to go an extra mile for your satisfaction.,
380,3,False,Location,"This hotel has great location, because it is very close to the airport, beaches and entertainment.",
380,3,False,Food,Breakfasts were tasty!,
381,1,True,Staff,staff was very friendly,
381,1,True,Location,"great location,walking distance to the beach and close to the airport",
381,1,True,Facility,interior was clearly recently renovated,
381,2,True,Staff,staff was very friendly,
381,2,True,Location,"great location,walking distance to the beach and close to the airport",
381,2,True,Facility,interior was clearly recently renovated,
381,3,True,Staff,staff was very friendly,
381,3,True,Location,"great location,walking distance to the beach and close to the airport",
381,3,True,Facility,interior was clearly recently renovated,
382,1,True,Room,The room was clean.,
382,1,True,Staff,Maha was responsive and reachable via whatsap and was able to accommodate the needs for my stay.,
382,1,True,Location,The hotel is good for a layover in Larnaca as it is close to the airport and also allows you access to the beach at 7min walking distance.,
382,1,True,Facility,The hotel facilitated shuttle service from the airport for an additional cost based on my request.,
382,1,True,Facility,The hotel also very kindly received a package on my behalf prior to my arrival.,
382,2,True,Room,The room was clean.,
382,2,True,Staff,Maha was responsive and reachable via whatsap and was able to accommodate the needs for my stay.,
382,2,True,Location,The hotel is good for a layover in Larnaca as it is close to the airport and also allows you access to the beach at 7min walking distance.,
382,2,True,Facility,The hotel facilitated shuttle service from the airport for an additional cost based on my request.,
382,2,True,Facility,The hotel also very kindly received a package on my behalf prior to my arrival.,
382,3,True,Room,The room was clean.,
382,3,True,Staff,Maha was responsive and reachable via whatsap and was able to accommodate the needs for my stay.,
382,3,True,Location,The hotel is good for a layover in Larnaca as it is close to the airport and also allows you access to the beach at 7min walking distance.,
382,3,True,Facility,The hotel facilitated shuttle service from the airport for an additional cost based on my request.,
382,3,True,Facility,The hotel also very kindly received a package on my behalf prior to my arrival.,
383,1,True,Staff,Very friendly and helpful staff.,
383,1,True,Food,Good breakfast,
383,1,True,Facility,Clean facilities.,
383,2,True,Staff,Very friendly and helpful staff.,
383,2,True,Food,Good breakfast,
383,2,True,Facility,Clean facilities.,
383,3,True,Staff,Very friendly and helpful staff.,
383,3,True,Food,Good breakfast,
383,3,True,Facility,Clean facilities.,
384,1,True,Staff,staff & management are great,
384,2,True,Staff,staff & management are great,
384,3,True,Staff,staff & management are great,
385,1,True,(no spans found),,
385,2,True,(no spans found),,
385,3,True,(no spans found),,
386,1,True,Room,The rooms were completely renovated and stunning with brand new air conditioning systems that chilled the rooms within minutes (we rented a 2 bedroom suite).,
386,1,True,Room,The rooms were completely renovated and stunning with brand new air conditioning systems that chilled the rooms within minutes (we rented a 2 bedroom suite).,
386,1,True,Staff,"The owners, Tony and Joanna were very friendly, welcoming and accommodating as was Richard at the bar/restaurant.",
386,1,True,Staff,Tony had multiple for us to borrow.,
386,1,True,Staff,Richard at the bar/restaurant,
386,2,True,Room,The rooms were completely renovated and stunning with brand new air conditioning systems that chilled the rooms within minutes (we rented a 2 bedroom suite).,
386,2,True,Room,The rooms were completely renovated and stunning with brand new air conditioning systems that chilled the rooms within minutes (we rented a 2 bedroom suite).,
386,2,True,Staff,"The owners, Tony and Joanna were very friendly, welcoming and accommodating as was Richard at the bar/restaurant.",
386,2,True,Staff,Tony had multiple for us to borrow.,
386,2,True,Staff,Richard at the bar/restaurant,
386,3,True,Room,The rooms were completely renovated and stunning with brand new air conditioning systems that chilled the rooms within minutes (we rented a 2 bedroom suite).,
386,3,True,Room,The rooms were completely renovated and stunning with brand new air conditioning systems that chilled the rooms within minutes (we rented a 2 bedroom suite).,
386,3,True,Staff,"The owners, Tony and Joanna were very friendly, welcoming and accommodating as was Richard at the bar/restaurant.",
386,3,True,Staff,Tony had multiple for us to borrow.,
386,3,True,Staff,Richard at the bar/restaurant,
387,1,True,Room,The rooms,
387,1,True,Staff,the staff,
387,2,True,Room,The rooms,
387,2,True,Staff,the staff,
387,3,True,Room,The rooms,
387,3,True,Staff,the staff,
388,1,False,Staff,Very friendly and effective employees and owners.,
388,1,False,Location,Excellent location near the airport and the beach.,
388,1,False,Facility,Brand new fittings and furniture.,
388,1,False,Facility,Very clean and quite.,
388,1,False,UserExperience,I recommend it without any reservation.,
388,2,False,Staff,Very friendly and effective employees and owners.,
388,2,False,Location,Excellent location near the airport and the beach.,
388,2,False,Facility,Brand new fittings and furniture.,
388,2,False,Facility,Very clean and quite.,
388,2,False,UserExperience,I recommend it without any reservation.,
388,3,False,Staff,Very friendly and effective employees and owners.,
388,3,False,Location,Excellent location near the airport and the beach.,
388,3,False,Facility,Brand new fittings and furniture.,
388,3,False,Facility,Very clean and quite.,
388,3,False,UserExperience,I recommend it without any reservation.,
389,1,True,Staff,Professional and friendly staff.,
389,1,True,Location,Great location!,
389,1,True,Location,Convenient to the airport and the beach.,
389,1,True,Location,"5 minutes away from the airport and within walking distance to the beach, restaurants, and other amenities",
389,2,True,Staff,Professional and friendly staff.,
389,2,True,Location,Great location!,
389,2,True,Location,Convenient to the airport and the beach.,
389,2,True,Location,"5 minutes away from the airport and within walking distance to the beach, restaurants, and other amenities",
389,3,True,Staff,Professional and friendly staff.,
389,3,True,Location,Great location!,
389,3,True,Location,Convenient to the airport and the beach.,
389,3,True,Location,"5 minutes away from the airport and within walking distance to the beach, restaurants, and other amenities",
390,1,False,Service,Very good service,
390,2,False,Service,Very good service,
390,3,False,Service,Very good service,
391,1,True,Room,the rooms were nice and clean,
391,1,True,Location,Mackenzie Beach promenade is 5 min walk,
391,2,True,Room,the rooms were nice and clean,
391,2,True,Location,Mackenzie Beach promenade is 5 min walk,
391,3,True,Room,the rooms were nice and clean,
391,3,True,Location,Mackenzie Beach promenade is 5 min walk,
392,1,True,Room,excellent rooms,
392,1,True,Staff,very friendly staff,
392,1,True,Location,Nice location,
392,2,True,Room,excellent rooms,
392,2,True,Staff,very friendly staff,
392,2,True,Location,Nice location,
392,3,True,Room,excellent rooms,
392,3,True,Staff,very friendly staff,
392,3,True,Location,Nice location,
393,1,False,(parse failed),,json_parse_error: Extra data: line 17 column 1 (char 476)
393,2,False,(parse failed),,json_parse_error: Extra data: line 16 column 1 (char 447)
393,3,False,(parse failed),,json_parse_error: Extra data: line 16 column 1 (char 447)
394,1,True,Room,"Rooms very clean, good quality bed linen and towels, A/C, flat screen tv.",
394,1,True,Staff,"Check in was quick and easy by polite, friendly hotel managers.",
394,1,True,Staff,Great service by Richard (bar manager).,
394,1,True,Location,"Located 7 minutes walk from beach, restaurants and supermarket.",
394,1,True,Location,Airport 10 mins by taxi.,
394,1,True,Location,Larnaca centre 10 mins by bus or about 30 mins walking.,
394,1,True,Check-in,"Check in was quick and easy by polite, friendly hotel managers.",
394,2,True,Room,"Rooms very clean, good quality bed linen and towels, A/C, flat screen tv.",
394,2,True,Staff,"Check in was quick and easy by polite, friendly hotel managers.",
394,2,True,Staff,Great service by Richard (bar manager).,
394,2,True,Location,"Located 7 minutes walk from beach, restaurants and supermarket.",
394,2,True,Location,Airport 10 mins by taxi.,
394,2,True,Location,Larnaca centre 10 mins by bus or about 30 mins walking.,
394,2,True,Check-in,"Check in was quick and easy by polite, friendly hotel managers.",
394,3,True,Room,"Rooms very clean, good quality bed linen and towels, A/C, flat screen tv.",
394,3,True,Staff,"Check in was quick and easy by polite, friendly hotel managers.",
394,3,True,Staff,Great service by Richard (bar manager).,
394,3,True,Location,"Located 7 minutes walk from beach, restaurants and supermarket.",
394,3,True,Location,Airport 10 mins by taxi.,
394,3,True,Location,Larnaca centre 10 mins by bus or about 30 mins walking.,
394,3,True,Check-in,"Check in was quick and easy by polite, friendly hotel managers.",
395,1,True,(no spans found),,
395,2,True,(no spans found),,
395,3,True,(no spans found),,
396,1,True,Room,"Very clean, nice renovated rooms",
396,1,True,Staff,staff was fantastic,
396,1,True,Price,price was great,
396,1,True,Facility,Need some renovation in lobby and common areas,
396,1,True,Facility,During night lights in common areas didn't work well,
396,2,True,Room,"Very clean, nice renovated rooms",
396,2,True,Staff,staff was fantastic,
396,2,True,Price,price was great,
396,2,True,Facility,Need some renovation in lobby and common areas,
396,2,True,Facility,During night lights in common areas didn't work well,
396,3,True,Room,"Very clean, nice renovated rooms",
396,3,True,Staff,staff was fantastic,
396,3,True,Price,price was great,
396,3,True,Facility,Need some renovation in lobby and common areas,
396,3,True,Facility,During night lights in common areas didn't work well,
397,1,True,(no spans found),,
397,2,True,(no spans found),,
397,3,True,(no spans found),,
398,1,True,Room,Very modern and clean.,
398,1,True,Room,Room small.,
398,1,True,Location,No views but a short walk to nice beach bars.,
398,1,True,Location,Close to airport.,
398,1,True,Facility,"Netflix in room an unexpected surprise, but beware, difficult to sign back out of your account!",
398,2,True,Room,Very modern and clean.,
398,2,True,Room,Room small.,
398,2,True,Location,No views but a short walk to nice beach bars.,
398,2,True,Location,Close to airport.,
398,2,True,Facility,"Netflix in room an unexpected surprise, but beware, difficult to sign back out of your account!",
398,3,True,Room,Very modern and clean.,
398,3,True,Room,Room small.,
398,3,True,Location,No views but a short walk to nice beach bars.,
398,3,True,Location,Close to airport.,
398,3,True,Facility,"Netflix in room an unexpected surprise, but beware, difficult to sign back out of your account!",
399,1,False,Room,the room was clean and ready by 12 to check in.,
399,1,False,Staff,Amazing staff.,
399,1,False,Staff,the owners at the reception and they took care of my girl and she was very happy,
399,2,False,Room,the room was clean,
399,2,False,Staff,Amazing staff.,
399,2,False,Staff,the owners at the reception and they took care of my girl,
399,2,False,Check-in,by 12 to check in,
399,3,False,Room,the room was clean,
399,3,False,Staff,Amazing staff.,
399,3,False,Staff,the owners at the reception and they took care of my girl,
399,3,False,Check-in,by 12 to check in,
400,1,True,Staff,"the personnel, especially the Chief.",
400,1,True,Staff,"He is real professional, was always trying to prepare for us traditional vegan dishes of local cuisine (always delicious!).",
400,1,True,Staff,"very friendly and kind-hearted to us, recommending places of interest, routes e.t.c.",
400,1,True,Location,"the hotel, it's location and services.",
400,2,True,Staff,"the personnel, especially the Chief.",
400,2,True,Staff,"He is real professional, was always trying to prepare for us traditional vegan dishes of local cuisine (always delicious!).",
400,2,True,Staff,"very friendly and kind-hearted to us, recommending places of interest, routes e.t.c.",
400,2,True,Location,"the hotel, it's location and services.",
400,3,True,Staff,"the personnel, especially the Chief.",
400,3,True,Staff,"He is real professional, was always trying to prepare for us traditional vegan dishes of local cuisine (always delicious!).",
400,3,True,Staff,"very friendly and kind-hearted to us, recommending places of interest, routes e.t.c.",
400,3,True,Location,"the hotel, it's location and services.",
401,1,True,Room,The room was fresh and clean.,
401,1,True,Staff,Friendly staff.,
401,2,True,Room,The room was fresh and clean.,
401,2,True,Staff,Friendly staff.,
401,3,True,Room,The room was fresh and clean.,
401,3,True,Staff,Friendly staff.,
402,1,True,Room,clean and spacious rooms,
402,1,True,Staff,The staff is superb,
402,1,True,Location,near Mackenzie Beach just 2 min walk,
402,2,True,Room,clean and spacious rooms,
402,2,True,Staff,The staff is superb,
402,2,True,Location,near Mackenzie Beach just 2 min walk,
402,3,True,Room,clean and spacious rooms,
402,3,True,Staff,The staff is superb,
402,3,True,Location,near Mackenzie Beach just 2 min walk,
403,1,True,Staff,Very good team,
403,1,True,Staff,Smiling and willing people,
403,1,True,Food,Good food,
403,2,True,Staff,Very good team,
403,2,True,Staff,Smiling and willing people,
403,2,True,Food,Good food,
403,3,True,Staff,Very good team,
403,3,True,Staff,Smiling and willing people,
403,3,True,Food,Good food,
404,1,True,Room,A bit small rooms,
404,2,True,Room,A bit small rooms,
404,3,True,Room,A bit small rooms,
405,1,False,Room,The rooms are brand new very good bedding!,
405,1,False,Staff,The owners (mum&children from lebanon) are very kind and ready to help,
405,1,False,Staff,Richard the chef of the hotel! He makes you feel like you know each other years before..!he is kind polite ready to help you with whatever you want to eat and drink,
405,1,False,Food,Delicious food,
405,1,False,Facility,5* facilities,
405,2,False,Room,The rooms are brand new very good bedding!,
405,2,False,Staff,The owners (mum&children from lebanon) are very kind and ready to help even they invite you to sit with them and relax with a drink at night!,
405,2,False,Staff,Richard the chef of the hotel! He makes you feel like you know each other years before..!he is kind polite ready to help you with whatever you want to eat and drink!,
405,2,False,Food,Delicious food,
405,2,False,Facility,5* facilities,
405,3,False,Room,The rooms are brand new very good bedding!,
405,3,False,Staff,The owners (mum&children from lebanon) are very kind and ready to help even they invite you to sit with them and relax with a drink at night!,
405,3,False,Staff,Richard the chef of the hotel! He makes you feel like you know each other years before..!he is kind polite ready to help you with whatever you want to eat and drink!,
405,3,False,Food,Delicious food,
405,3,False,Facility,5* facilities,
406,1,True,Room,"New hotel - so everything is modern and clean (and good bed linen, furniture)",
406,1,True,Room,The lock on the balcony's door was broken,
406,1,True,Staff,Staff is very polite and friendly,
406,1,True,Location,5 minutes walk to Makkenzy beach,
406,1,True,Location,30 minutes walk to city center,
406,2,True,Room,The lock on the balcony's door was broken,
406,2,True,Staff,Staff is very polite and friendly,
406,2,True,Location,5 minutes walk to Makkenzy beach,
406,2,True,Location,30 minutes walk to city center,
406,2,True,Facility,New hotel - so everything is modern and clean,
406,3,True,Room,The lock on the balcony's door was broken,
406,3,True,Staff,Staff is very polite and friendly,
406,3,True,Location,5 minutes walk to Makkenzy beach,
406,3,True,Location,30 minutes walk to city center,
406,3,True,Facility,New hotel - so everything is modern and clean,
407,1,True,Room,Nice modern bedroom,
407,1,True,Food,nice greek breakfast,
407,1,True,Location,great location,
407,2,True,Room,Nice modern bedroom,
407,2,True,Food,greek breakfast,
407,2,True,Location,great location,
407,3,True,Room,Nice modern bedroom,
407,3,True,Food,greek breakfast,
407,3,True,Location,great location,
408,1,True,Staff,A wonderful place run by wonderful people!,
408,2,True,Staff,A wonderful place run by wonderful people!,
408,3,True,Staff,A wonderful place run by wonderful people!,
409,1,True,Room,rooms were to a very high standard and clean,
409,1,True,Staff,"the staff, they have been helpful, kind and professional",
409,1,True,Food,The restaurant had delicious food,
409,2,True,Room,rooms were to a very high standard and clean,
409,2,True,Staff,"the staff, they have been helpful, kind and professional",
409,2,True,Food,The restaurant had delicious food,
409,3,True,Room,rooms were to a very high standard and clean,
409,3,True,Staff,"the staff, they have been helpful, kind and professional",
409,3,True,Food,The restaurant had delicious food,
410,1,True,Room,The recently renovated room is about as clean as it could be.,
410,1,True,Room,The facilities are modern and new.,
410,1,True,Room,The shower is amazing for couples to use together.,
410,1,True,Room,"The balcony is a nice addition to an already fresh, well presented room.",
410,1,True,Room,The double bed is extremely comfortable and the new bedding was a delight.,
410,1,True,Staff,"The staff make this hotel great. They are friendly, warm, helpful.",
410,1,True,Staff,Always willing to do more to make the guest have a better stay.,
410,1,True,Location,The location is amazing.,
410,1,True,Location,Being close to the airport in Larnaka makes travelling easier.,
410,1,True,Location,Also being right next to the Salt Lake is a must-see especially if there is a good sunset.,
410,1,True,Location,Within a 10 minute walk you can be on MacKenzie beach which is well maintained and cleaner than other beaches we seen in Larnaka.,
410,1,True,Food,Rebuke lounge at the beach is worth visiting for the quality of food and decor.,
410,1,True,Facility,The minibar was extremely reasonably priced and well stocked.,
410,1,True,Facility,"Aircon perfect, easy to use.",
410,1,True,Facility,Wifi great when we used it.,
410,2,True,Room,The recently renovated room is about as clean as it could be.,
410,2,True,Room,The facilities are modern and new.,
410,2,True,Room,The shower is amazing for couples to use together.,
410,2,True,Room,"The balcony is a nice addition to an already fresh, well presented room.",
410,2,True,Room,The double bed is extremely comfortable and the new bedding was a delight.,
410,2,True,Staff,"The staff make this hotel great. They are friendly, warm, helpful.",
410,2,True,Staff,Always willing to do more to make the guest have a better stay.,
410,2,True,Location,The location is amazing.,
410,2,True,Location,Being close to the airport in Larnaka makes travelling easier.,
410,2,True,Location,Also being right next to the Salt Lake is a must-see especially if there is a good sunset.,
410,2,True,Location,Within a 10 minute walk you can be on MacKenzie beach which is well maintained and cleaner than other beaches we seen in Larnaka.,
410,2,True,Food,Rebuke lounge at the beach is worth visiting for the quality of food and decor.,
410,2,True,Facility,The minibar was extremely reasonably priced and well stocked.,
410,2,True,Facility,"Aircon perfect, easy to use.",
410,2,True,Facility,Wifi great when we used it.,
410,3,True,Room,The recently renovated room is about as clean as it could be.,
410,3,True,Room,The facilities are modern and new.,
410,3,True,Room,The shower is amazing for couples to use together.,
410,3,True,Room,"The balcony is a nice addition to an already fresh, well presented room.",
410,3,True,Room,The double bed is extremely comfortable and the new bedding was a delight.,
410,3,True,Staff,"The staff make this hotel great. They are friendly, warm, helpful.",
410,3,True,Staff,Always willing to do more to make the guest have a better stay.,
410,3,True,Location,The location is amazing.,
410,3,True,Location,Being close to the airport in Larnaka makes travelling easier.,
410,3,True,Location,Also being right next to the Salt Lake is a must-see especially if there is a good sunset.,
410,3,True,Location,Within a 10 minute walk you can be on MacKenzie beach which is well maintained and cleaner than other beaches we seen in Larnaka.,
410,3,True,Food,Rebuke lounge at the beach is worth visiting for the quality of food and decor.,
410,3,True,Facility,The minibar was extremely reasonably priced and well stocked.,
410,3,True,Facility,"Aircon perfect, easy to use.",
410,3,True,Facility,Wifi great when we used it.,
411,1,True,(no spans found),,
411,2,True,(no spans found),,
411,3,True,(no spans found),,
412,1,False,Facility,"Superbly refurbished, with high-tech displays “clean/DnD” outside.",
412,2,False,Facility,"Superbly refurbished, with high-tech displays “clean/DnD” outside.",
412,3,False,Facility,"Superbly refurbished, with high-tech displays “clean/DnD” outside.",
413,1,True,(no spans found),,
413,2,True,Staff,"The bed, the customer service",
413,3,True,Staff,"The bed, the customer service",
414,1,False,Room,very clean and modern rooms,
414,1,False,Staff,Great staff,
414,1,False,Price,great value,
414,2,False,Room,very clean and modern rooms,
414,2,False,Staff,Great staff,
414,2,False,Price,great value,
414,3,False,Room,very clean and modern rooms,
414,3,False,Staff,Great staff,
414,3,False,Price,great value,
415,1,False,Room,the room were super clean,
415,1,False,Staff,The staff were really welcoming,
415,1,False,Location,"Walking distance from the Mackenzie beach, beach lounges and restaurants",
415,1,False,Food,breakfast was awesome,
415,2,False,Room,the room were super clean,
415,2,False,Staff,The staff were really welcoming,
415,2,False,Location,"Walking distance from the Mackenzie beach, beach lounges and restaurants",
415,2,False,Food,breakfast was awesome,
415,3,False,Room,the room were super clean,
415,3,False,Staff,The staff were really welcoming,
415,3,False,Location,"Walking distance from the Mackenzie beach, beach lounges and restaurants",
415,3,False,Food,breakfast was awesome,
416,1,False,Staff,The staff and hosts were great!,
416,1,False,Value,Value for money!,
416,1,False,Experience,We liked everything!,
416,1,False,Experience,Will visit again for sure!,
416,1,False,Experience,Just an amazing place.,
416,1,False,Pet,Pet friendly!,
416,2,False,Staff,The staff and hosts were great!,
416,2,False,Value,Value for money!,
416,2,False,Experience,We liked everything!,
416,2,False,Experience,Will visit again for sure!,
416,2,False,Experience,Just an amazing place.,
416,2,False,Pet,Pet friendly!,
416,3,False,Staff,The staff and hosts were great!,
416,3,False,Value,Value for money!,
416,3,False,Experience,We liked everything!,
416,3,False,Experience,Will visit again for sure!,
416,3,False,Experience,Just an amazing place.,
416,3,False,Pet,Pet friendly!,
417,1,True,Room,"Clean, fresh rooms with all you need for overnight stay.",
417,1,True,Staff,Very friendly staff.,
417,1,True,Location,Close to airport - just 7-10 min by taxi,
417,2,True,Room,"Clean, fresh rooms with all you need for overnight stay.",
417,2,True,Staff,Very friendly staff.,
417,2,True,Location,Close to airport - just 7-10 min by taxi,
417,3,True,Room,"Clean, fresh rooms with all you need for overnight stay.",
417,3,True,Staff,Very friendly staff.,
417,3,True,Location,Close to airport - just 7-10 min by taxi,
418,1,True,Staff,Very nice and kind stuff!,
418,1,True,Food,Breakfast was tasty and excellent.,
418,2,True,Staff,Very nice and kind stuff!,
418,2,True,Food,Breakfast was tasty and excellent.,
418,3,True,Staff,Very nice and kind stuff!,
418,3,True,Food,Breakfast was tasty and excellent.,
419,1,True,Room,comfortable rooms,
419,1,True,Staff,Very friendly and helpful staff,
419,1,True,Location,great location,
419,2,True,Room,comfortable rooms,
419,2,True,Staff,Very friendly and helpful staff,
419,2,True,Location,great location,
419,3,True,Room,comfortable rooms,
419,3,True,Staff,Very friendly and helpful staff,
419,3,True,Location,great location,
420,1,True,Location,A LITTLE BIT FAR FROM SEA,
420,2,True,Location,A LITTLE BIT FAR FROM SEA,
420,3,True,Location,A LITTLE BIT FAR FROM SEA,
421,1,False,Staff,The staff made me feel welcome and was very helpful when asking about things to do.,
421,1,False,Location,"My stay was fantastic, steps to Makenzy beach, cafés, and restaurants.",
421,1,False,Location,Easy access to nightlife.,
421,1,False,Facility,The building is very clean and made for a comfortable stay.,
421,1,False,Off,I wish I stayed longer.,
421,2,False,Staff,The staff made me feel welcome and was very helpful when asking about things to do.,
421,2,False,Location,"My stay was fantastic, steps to Makenzy beach, cafés, and restaurants.",
421,2,False,Location,Easy access to nightlife.,
421,2,False,Facility,The building is very clean and made for a comfortable stay.,
421,2,False,Off,I wish I stayed longer.,
421,3,False,Staff,The staff made me feel welcome and was very helpful when asking about things to do.,
421,3,False,Location,"My stay was fantastic, steps to Makenzy beach, cafés, and restaurants.",
421,3,False,Location,Easy access to nightlife.,
421,3,False,Facility,The building is very clean and made for a comfortable stay.,
421,3,False,Off,I wish I stayed longer.,
422,1,True,Room,The room is completely new and very clean.,
422,1,True,Staff,very good service from the family that owns it.,
422,1,True,Location,close to the city and very accessible by any transportation.,
422,1,True,Facility,"It’s spotless clean, comfortable",
422,2,True,Room,The room is completely new and very clean.,
422,2,True,Staff,very good service from the family that owns it.,
422,2,True,Location,close to the city and very accessible by any transportation.,
422,2,True,Facility,"It’s spotless clean, comfortable",
422,3,True,Room,The room is completely new and very clean.,
422,3,True,Staff,very good service from the family that owns it.,
422,3,True,Location,close to the city and very accessible by any transportation.,
422,3,True,Facility,"It’s spotless clean, comfortable",
423,1,True,Room,Rooms are so clean and comfortable,
423,1,True,Staff,Staff was amazing and very welcoming,
423,1,True,Location,Walking distance from the beach and very easy access to public transportation,
423,1,True,Price,very affordable price,
423,2,True,Room,Rooms are so clean and comfortable,
423,2,True,Staff,Staff was amazing and very welcoming,
423,2,True,Location,Walking distance from the beach and very easy access to public transportation,
423,2,True,Price,very affordable price,
423,3,True,Room,Rooms are so clean and comfortable,
423,3,True,Staff,Staff was amazing and very welcoming,
423,3,True,Location,Walking distance from the beach and very easy access to public transportation,
423,3,True,Price,very affordable price,
424,1,True,Room,Family room that fits a family of five.,
424,1,True,Staff,super friendly staff.,
424,1,True,Food,Fantastic breakfast.,
424,1,True,Location,Close to jogging trails along the lake and close to the airport.,
424,2,True,Room,Family room that fits a family of five.,
424,2,True,Staff,super friendly staff.,
424,2,True,Food,Fantastic breakfast.,
424,2,True,Location,Close to jogging trails along the lake and close to the airport.,
424,3,True,Room,Family room that fits a family of five.,
424,3,True,Staff,super friendly staff.,
424,3,True,Food,Fantastic breakfast.,
424,3,True,Location,Close to jogging trails along the lake and close to the airport.,
425,1,True,Room,The room sizes were excellent for the wheelchair.,
425,1,True,Food,The breakfast could have had more variety. They had no cereal on offer at all. They had no ordinary tea on offer. It was al Earl Grey.,
425,1,True,Facility,The hotel was airy and light.,
425,1,True,Facility,The hotel was nice and very clean.,
425,2,True,Room,The room sizes were excellent for the wheelchair.,
425,2,True,Food,The breakfast could have had more variety. They had no cereal on offer at all. They had no ordinary tea on offer. It was al Earl Grey.,
425,2,True,Facility,The hotel was airy and light.,
425,2,True,Facility,The hotel was nice and very clean.,
425,3,True,Room,The room sizes were excellent for the wheelchair.,
425,3,True,Food,The breakfast could have had more variety. They had no cereal on offer at all. They had no ordinary tea on offer. It was al Earl Grey.,
425,3,True,Facility,The hotel was airy and light.,
425,3,True,Facility,The hotel was nice and very clean.,
426,1,True,Room,comfortable bed lovely soft duvet and pillows,
426,1,True,Food,I Didn't eat at hotel,
426,2,True,Room,comfortable bed lovely soft duvet and pillows,
426,3,True,Room,comfortable bed lovely soft duvet and pillows,
427,1,True,Staff,spotlessly clean and the staff were so helpful.,
427,2,True,Staff,spotlessly clean and the staff were so helpful.,
427,3,True,Staff,spotlessly clean and the staff were so helpful.,
428,1,False,(parse failed),,json_parse_error: Extra data: line 17 column 1 (char 353)
428,2,False,(parse failed),,json_parse_error: Extra data: line 15 column 1 (char 350)
428,3,False,(parse failed),,json_parse_error: Extra data: line 15 column 1 (char 350)
429,1,False,(parse failed),,json_parse_error: Extra data: line 19 column 1 (char 524)
429,2,False,(parse failed),,json_parse_error: Expecting property name enclosed in double quotes: line 16 column 1 (char 443)
429,3,False,(parse failed),,json_parse_error: Expecting property name enclosed in double quotes: line 16 column 1 (char 443)
430,1,True,(no spans found),,
430,2,True,(no spans found),,
430,3,True,(no spans found),,
431,1,True,Room,The room was large and had a nice balcony.,
431,1,True,Location,The bus stop into town was around the corner.,
431,2,True,Room,The room was large and had a nice balcony.,
431,2,True,Location,The bus stop into town was around the corner.,
431,3,True,Room,The room was large and had a nice balcony.,
431,3,True,Location,The bus stop into town was around the corner.,
432,1,True,Room,Clean and comfortable.,
432,1,True,Room,Cute balconies.,
432,1,True,Location,Short walk to Mckenzie beach.,
432,2,True,Room,Clean and comfortable.,
432,2,True,Room,Cute balconies.,
432,2,True,Location,Short walk to Mckenzie beach.,
432,3,True,Room,Clean and comfortable.,
432,3,True,Room,Cute balconies.,
432,3,True,Location,Short walk to Mckenzie beach.,
433,1,True,Room,the size of the room,
433,1,True,Staff,I really liked how polite and friendly the staff was,
433,1,True,Facility,"the shower of our room is very inconviniently placed, making a mess because of insufficient coverage of the bathroom glass",
433,1,True,Facility,the edges of the shower (between wall tiles and the shower floor) need replacement - they are hollow and seem moldy,
433,1,True,Facility,the bin is rusty,
433,1,True,Facility,"the mirror is weirdly placed, on the right of the sink",
433,1,True,Check-out,"we have requested late check out (1pm) which we got and we appreciate it. However, we got a call that prompted us to check out at the normal time (12pm) as the next customers would arrive",
433,2,True,Room,the size of the room,
433,2,True,Staff,I really liked how polite and friendly the staff was,
433,2,True,Facility,"the shower of our room is very inconviniently placed, making a mess because of insufficient coverage of the bathroom glass",
433,2,True,Facility,the edges of the shower (between wall tiles and the shower floor) need replacement - they are hollow and seem moldy,
433,2,True,Facility,the bin is rusty,
433,2,True,Facility,"the mirror is weirdly placed, on the right of the sink",
433,2,True,Check-out,"we have requested late check out (1pm) which we got and we appreciate it. However, we got a call that prompted us to check out at the normal time (12pm) as the next customers would arrive",
433,3,True,Room,the size of the room,
433,3,True,Staff,I really liked how polite and friendly the staff was,
433,3,True,Facility,"the shower of our room is very inconviniently placed, making a mess because of insufficient coverage of the bathroom glass",
433,3,True,Facility,the edges of the shower (between wall tiles and the shower floor) need replacement - they are hollow and seem moldy,
433,3,True,Facility,the bin is rusty,
433,3,True,Facility,"the mirror is weirdly placed, on the right of the sink",
433,3,True,Check-out,"we have requested late check out (1pm) which we got and we appreciate it. However, we got a call that prompted us to check out at the normal time (12pm) as the next customers would arrive",
434,1,False,Location,Near to the airport,
434,1,False,Uncategorized,There was some kind of unpleasant smell in the bathroom,
434,2,True,Location,Near to the airport,
434,3,True,Location,Near to the airport,
435,1,False,(parse failed),,json_parse_error: Expecting property name enclosed in double quotes: line 75 column 3 (char 4572)
435,2,False,(parse failed),,json_parse_error: Extra data: line 18 column 1 (char 474)
435,3,False,(parse failed),,json_parse_error: Extra data: line 18 column 1 (char 474)
436,1,True,Room,The room was perfectly clean.,
436,1,True,Room,Size of the room is one of the smallest I have ever seen. There is no space for the suitcase nor a wardrobe.,
436,1,True,Staff,Maria and Richard are really great hosts! Very kind and hospitable.,
436,1,True,Location,Central location.,
436,2,True,Room,The room was perfectly clean.,
436,2,True,Room,Size of the room is one of the smallest I have ever seen. There is no space for the suitcase nor a wardrobe.,
436,2,True,Staff,Maria and Richard are really great hosts! Very kind and hospitable.,
436,2,True,Location,Central location.,
436,3,True,Room,The room was perfectly clean.,
436,3,True,Room,Size of the room is one of the smallest I have ever seen. There is no space for the suitcase nor a wardrobe.,
436,3,True,Staff,Maria and Richard are really great hosts! Very kind and hospitable.,
436,3,True,Location,Central location.,
437,1,True,Room,"It was clean, the beds were comfortable.",
437,1,True,Food,We tried it one time at their restaurant and it was low quality compared to an original greek breakfast.,
437,1,True,Food,No breakfast included.,
437,1,True,Price,For what you get it was a bit expensive.,
437,2,True,Room,"It was clean, the beds were comfortable.",
437,2,True,Food,We tried it one time at their restaurant and it was low quality compared to an original greek breakfast.,
437,2,True,Food,No breakfast included.,
437,2,True,Price,For what you get it was a bit expensive.,
437,3,True,Room,"It was clean, the beds were comfortable.",
437,3,True,Food,We tried it one time at their restaurant and it was low quality compared to an original greek breakfast.,
437,3,True,Food,No breakfast included.,
437,3,True,Price,For what you get it was a bit expensive.,
438,1,True,Room,Very spacious and clean room.,
438,1,True,Location,Very close to the Larnaka airport as we needed it to be.,
438,2,True,Room,Very spacious and clean room.,
438,2,True,Location,Very close to the Larnaka airport as we needed it to be.,
438,3,True,Room,Very spacious and clean room.,
438,3,True,Location,Very close to the Larnaka airport as we needed it to be.,
439,1,True,Room,Room quite small.,
439,1,True,Location,Usefully located hotel in between city centre and airport.,
439,1,True,Food,Restaurant was offering a rather narrow set of choices compared to what was listed on the menu.,
439,2,True,Room,Room quite small.,
439,2,True,Location,Usefully located hotel in between city centre and airport.,
439,2,True,Food,Restaurant was offering a rather narrow set of choices compared to what was listed on the menu.,
439,3,True,Room,Room quite small.,
439,3,True,Location,Usefully located hotel in between city centre and airport.,
439,3,True,Food,Restaurant was offering a rather narrow set of choices compared to what was listed on the menu.,
440,1,False,(parse failed),,json_parse_error: Expecting value: line 1 column 1 (char 0)
440,2,False,(parse failed),,json_parse_error: Expecting value: line 1 column 1 (char 0)
440,3,False,(parse failed),,json_parse_error: Expecting value: line 1 column 1 (char 0)
441,1,False,Room,The room was PERFECT.,
441,1,False,Room,Cold floor in the room :-),
441,1,False,Location,bit far from the center,
441,1,False,Location,quite Area around,
441,2,False,Room,The room was PERFECT.,
441,2,False,Room,Cold floor in the room :-),
441,2,False,Location,bit far from the center,
441,2,False,Location,quite Area around,
441,3,False,Room,The room was PERFECT.,
441,3,False,Room,Cold floor in the room :-),
441,3,False,Location,bit far from the center,
441,3,False,Location,quite Area around,
442,1,True,Room,Room was a little cold.,
442,1,True,Food,Breakfast was very filling.,
442,2,True,Room,Room was a little cold.,
442,2,True,Food,Breakfast was very filling.,
442,3,True,Room,Room was a little cold.,
442,3,True,Food,Breakfast was very filling.,
443,1,True,Room,clean room,
443,1,True,Staff,friendly staff,
443,2,False,(parse failed),,json_parse_error: Extra data: line 20 column 1 (char 458)
443,3,False,(parse failed),,json_parse_error: Extra data: line 20 column 1 (char 458)
444,1,True,Room,nice and very clean.,
444,2,True,Room,nice and very clean.,
444,3,True,Room,nice and very clean.,
445,1,True,Location,Nice clean little hotel next to the airport,
445,1,True,Food,Breakfast was below average,
445,2,True,Location,Nice clean little hotel next to the airport,
445,2,True,Food,Breakfast was below average,
445,3,True,Location,Nice clean little hotel next to the airport,
445,3,True,Food,Breakfast was below average,
446,1,False,(parse failed),,json_parse_error: Extra data: line 18 column 1 (char 500)
446,2,False,(parse failed),,json_parse_error: Extra data: line 18 column 1 (char 500)
446,3,False,(parse failed),,json_parse_error: Extra data: line 18 column 1 (char 500)
447,1,False,Staff,the staff were lovely,
447,1,False,Bed,The bed and pillows were very uncomfortable,
447,1,False,TV,the telly was not working properly,
447,2,False,Staff,the staff were lovely,
447,2,False,Bed,The bed and pillows were very uncomfortable,
447,2,False,TV,the telly was not working properly,
447,3,False,Staff,the staff were lovely,
447,3,False,Bed,The bed and pillows were very uncomfortable,
447,3,False,TV,the telly was not working properly,
448,1,True,Room,Clean room.,
448,1,True,Room,comfortable bed,
448,1,True,Staff,Staff was excellent,
448,1,True,Location,Good location for makenzie beach.,
448,2,True,Room,Clean room.,
448,2,True,Room,comfortable bed,
448,2,True,Staff,Staff was excellent,
448,2,True,Location,Good location for makenzie beach.,
448,3,True,Room,Clean room.,
448,3,True,Room,comfortable bed,
448,3,True,Staff,Staff was excellent,
448,3,True,Location,Good location for makenzie beach.,
449,1,False,(parse failed),,json_parse_error: Expecting value: line 1 column 1 (char 0)
449,2,False,(parse failed),,json_parse_error: Expecting value: line 1 column 1 (char 0)
449,3,False,(parse failed),,json_parse_error: Expecting value: line 1 column 1 (char 0)
450,1,True,Room,Room Cleanliness,
450,1,True,Staff,Friendly and Helpful Staff.,
450,2,True,Room,Room Cleanliness,
450,2,True,Staff,Friendly and Helpful Staff.,
450,3,True,Room,Room Cleanliness,
450,3,True,Staff,Friendly and Helpful Staff.,
451,1,False,Room,Rooms are a nice size but is unfortunately situated on top of the outside bar area.,
451,1,False,Room,twin beds are provided and the pillows is not comfortable at all.,
451,1,False,Room,The shower in the bathroom is open in-front which results in the whole floor being wet.,
451,1,False,Location,Property is perfectly located close from the airport and close to the famous Makenzie Beach.,
451,1,False,Facility,Neat and modern hotel facility.,
451,1,False,Facility,Property have a great potential with some care.,
451,1,False,Facility,"Property feels cold without an warm inviting atmosphere, as it’s to minimalistic.",
451,2,False,Room,Rooms are a nice size but is unfortunately situated on top of the outside bar area.,
451,2,False,Room,twin beds are provided and the pillows is not comfortable at all.,
451,2,False,Room,The shower in the bathroom is open in-front which results in the whole floor being wet.,
451,2,False,Location,Property is perfectly located close from the airport and close to the famous Makenzie Beach.,
451,2,False,Facility,Neat and modern hotel facility.,
451,2,False,Facility,Property have a great potential with some care.,
451,2,False,Facility,"Property feels cold without an warm inviting atmosphere, as it’s to minimalistic.",
451,3,False,Room,Rooms are a nice size but is unfortunately situated on top of the outside bar area.,
451,3,False,Room,twin beds are provided and the pillows is not comfortable at all.,
451,3,False,Room,The shower in the bathroom is open in-front which results in the whole floor being wet.,
451,3,False,Location,Property is perfectly located close from the airport and close to the famous Makenzie Beach.,
451,3,False,Facility,Neat and modern hotel facility.,
451,3,False,Facility,Property have a great potential with some care.,
451,3,False,Facility,"Property feels cold without an warm inviting atmosphere, as it’s to minimalistic.",
452,1,False,Staff,Friendly welcoming staff,
452,1,False,Location,Proximity to airport,
452,1,False,Facility,Spotlessly clean,
452,1,False,Facility,COVID prevention measures taken,
452,1,False,Check-in,Easy check-in,
452,1,False,Bar,Cold beers available,
452,1,False,Travel,One nights stay straight from the flight,
452,1,False,Recommend,Would certainly recommend,
452,2,False,Staff,Friendly welcoming staff,
452,2,False,Location,Proximity to airport,
452,2,False,Facility,Spotlessly clean,
452,2,False,Facility,COVID prevention measures taken,
452,2,False,Check-in,Easy check-in,
452,2,False,Bar,Cold beers available,
452,2,False,Travel,One nights stay straight from the flight,
452,2,False,Recommend,Would certainly recommend,
452,3,False,Staff,Friendly welcoming staff,
452,3,False,Location,Proximity to airport,
452,3,False,Facility,Spotlessly clean,
452,3,False,Facility,COVID prevention measures taken,
452,3,False,Check-in,Easy check-in,
452,3,False,Bar,Cold beers available,
452,3,False,Travel,One nights stay straight from the flight,
452,3,False,Recommend,Would certainly recommend,
453,1,False,(parse failed),,json_parse_error: Expecting value: line 1 column 1 (char 0)
453,2,False,(parse failed),,json_parse_error: Expecting value: line 1 column 1 (char 0)
453,3,False,(parse failed),,json_parse_error: Expecting value: line 1 column 1 (char 0)
454,1,False,Noise,Very noisy neighborhood,
454,2,False,(parse failed),,json_parse_error: Extra data: line 15 column 1 (char 367)
454,3,False,(parse failed),,json_parse_error: Extra data: line 15 column 1 (char 367)
455,1,False,(parse failed),,json_parse_error: Expecting value: line 1 column 1 (char 0)
455,2,False,(parse failed),,json_parse_error: Expecting value: line 1 column 1 (char 0)
455,3,False,(parse failed),,json_parse_error: Expecting value: line 1 column 1 (char 0)
456,1,False,Room,The rooms are very well maintained.,
456,1,False,Room,The rooms are spotless.,
456,1,False,Location,Location is good,
456,1,False,Staff,Mrs Tony does a fabulous job keeping the place spotless and making the guests comfortable.,
456,1,False,Staff,The helps are amazing too.,
456,1,False,Food,The sandwiches and hummus by the chef were delicious.,
456,1,False,Booking-issue,I booked this property in advance it was a higher price but booking.com reduced the price before my travel date and the hotel refused to accept the lower price which I felt was unfair for me as they charged twice for cancellation and rebooking.,
456,2,False,Room,The rooms are very well maintained.,
456,2,False,Room,The rooms are spotless.,
456,2,False,Location,Location is good,
456,2,False,Staff,Mrs Tony does a fabulous job keeping the place spotless and making the guests comfortable.,
456,2,False,Staff,The helps are amazing too.,
456,2,False,Food,The sandwiches and hummus by the chef were delicious.,
456,2,False,Booking-issue,I booked this property in advance it was a higher price but booking.com reduced the price before my travel date and the hotel refused to accept the lower price which I felt was unfair for me as they charged twice for cancellation and rebooking.,
456,3,False,Room,The rooms are very well maintained.,
456,3,False,Room,The rooms are spotless.,
456,3,False,Location,Location is good,
456,3,False,Staff,Mrs Tony does a fabulous job keeping the place spotless and making the guests comfortable.,
456,3,False,Staff,The helps are amazing too.,
456,3,False,Food,The sandwiches and hummus by the chef were delicious.,
456,3,False,Booking-issue,I booked this property in advance it was a higher price but booking.com reduced the price before my travel date and the hotel refused to accept the lower price which I felt was unfair for me as they charged twice for cancellation and rebooking.,
457,1,True,Room,The way room are furnished is not comfortable,
457,1,True,Location,I like the quietness and it’s close to airport,
457,2,True,Room,The way room are furnished is not comfortable,
457,2,True,Location,I like the quietness and it’s close to airport,
457,3,True,Room,The way room are furnished is not comfortable,
457,3,True,Location,I like the quietness and it’s close to airport,
458,1,False,(parse failed),,json_parse_error: Expecting value: line 1 column 1 (char 0)
458,2,False,(parse failed),,json_parse_error: Expecting value: line 1 column 1 (char 0)
458,3,False,(parse failed),,json_parse_error: Expecting value: line 1 column 1 (char 0)
459,1,True,Room,"Very comfortable bed, room very new and comfortable.",
459,2,True,Room,"Very comfortable bed, room very new and comfortable.",
459,3,True,Room,"Very comfortable bed, room very new and comfortable.",
460,1,True,Room,Room was very clean upon arrival,
460,1,True,Staff,staff was very polite,
460,1,True,Location,Location was excellent,
460,1,True,Price,Rate was very expensive for what it offered,
460,2,True,Room,Room was very clean upon arrival,
460,2,True,Staff,staff was very polite,
460,2,True,Location,Location was excellent,
460,2,True,Price,Rate was very expensive for what it offered,
460,3,True,Room,Room was very clean upon arrival,
460,3,True,Staff,staff was very polite,
460,3,True,Location,Location was excellent,
460,3,True,Price,Rate was very expensive for what it offered,
461,1,False,Staff,The people working there were kind and responsive.,
461,1,False,Plumbing,Our plumbing had complications twice.,
461,1,False,Gift,These cookies are only made in Thessaloniki and cost us 25 euros.,
461,1,False,Service,"When we asked if they had seem them, the owners brought them out of the trash room and offered to spray them as if that would be acceptable for an edible gift during COVID pandemic cautions.",
461,1,False,Service,"It was nice that they tried, but they should be refunding us for the cookies we lost.",
461,1,False,Service,"I feel bad writing a negative review because they were kind; however, only things near the garbage should be thrown out.",
461,1,False,Service,"I was extremely disappointed in how they dealt with the situation, and that they thought it was acceptable to take an edible gift out of a trash room and continue as if nothing happened.",
461,2,False,Staff,The people working there were kind and responsive.,
461,2,False,Plumbing,Our plumbing had complications twice.,
461,2,False,Gift,These cookies are only made in Thessaloniki and cost us 25 euros.,
461,2,False,Service,"When we asked if they had seem them, the owners brought them out of the trash room and offered to spray them as if that would be acceptable for an edible gift during COVID pandemic cautions.",
461,2,False,Service,"It was nice that they tried, but they should be refunding us for the cookies we lost.",
461,2,False,Service,"I feel bad writing a negative review because they were kind; however, only things near the garbage should be thrown out.",
461,2,False,Service,"I was extremely disappointed in how they dealt with the situation, and that they thought it was acceptable to take an edible gift out of a trash room and continue as if nothing happened.",
461,3,False,Staff,The people working there were kind and responsive.,
461,3,False,Plumbing,Our plumbing had complications twice.,
461,3,False,Gift,These cookies are only made in Thessaloniki and cost us 25 euros.,
461,3,False,Service,"When we asked if they had seem them, the owners brought them out of the trash room and offered to spray them as if that would be acceptable for an edible gift during COVID pandemic cautions.",
461,3,False,Service,"It was nice that they tried, but they should be refunding us for the cookies we lost.",
461,3,False,Service,"I feel bad writing a negative review because they were kind; however, only things near the garbage should be thrown out.",
461,3,False,Service,"I was extremely disappointed in how they dealt with the situation, and that they thought it was acceptable to take an edible gift out of a trash room and continue as if nothing happened.",
462,1,True,Location,excellent location,
462,2,True,Location,excellent location,
462,3,True,Location,excellent location,
463,1,True,(no spans found),,
463,2,True,(no spans found),,
463,3,True,(no spans found),,
464,1,True,Room,"The room was nice and clean, the two beds were set up as we requested",
464,2,True,Room,"The room was nice and clean, the two beds were set up as we requested",
464,3,True,Room,"The room was nice and clean, the two beds were set up as we requested",
465,1,False,Room,"Room fresh, clean and modern.",
465,1,False,Room,Same as shown in photos.,
465,1,False,Location,"Calm area, close to the beach, many restaurants and coffee shops there.",
465,1,False,Breakfast,Breakfast above expectations.,
465,2,False,Room,"Room fresh, clean and modern.",
465,2,False,Room,Same as shown in photos.,
465,2,False,Location,"Calm area, close to the beach, many restaurants and coffee shops there.",
465,2,False,Breakfast,Breakfast above expectations.,
465,3,False,Room,"Room fresh, clean and modern.",
465,3,False,Room,Same as shown in photos.,
465,3,False,Location,"Calm area, close to the beach, many restaurants and coffee shops there.",
465,3,False,Breakfast,Breakfast above expectations.,
466,1,True,Location,"Hotel is very close to the airport, nice place to stay if you arrive late at night.",
466,2,True,Location,"Hotel is very close to the airport, nice place to stay if you arrive late at night.",
466,3,True,Location,"Hotel is very close to the airport, nice place to stay if you arrive late at night.",
467,1,False,Food,breakfasts looked amazing,
467,1,False,Breakfast,breakfasts looked amazing,
467,1,False,General,Liked the happy and smiling welcome that greets you once you arrive at the property.,
467,1,False,General,I will definitely return and I can thoroughly recommend this property.,
467,1,False,General,Thank you very much!,
467,2,False,Food,breakfasts looked amazing,
467,2,False,Breakfast,breakfasts looked amazing,
467,2,False,General,Liked the happy and smiling welcome that greets you once you arrive at the property.,
467,2,False,General,I will definitely return and I can thoroughly recommend this property.,
467,2,False,General,Thank you very much!,
467,3,False,Food,breakfasts looked amazing,
467,3,False,Breakfast,breakfasts looked amazing,
467,3,False,General,Liked the happy and smiling welcome that greets you once you arrive at the property.,
467,3,False,General,I will definitely return and I can thoroughly recommend this property.,
467,3,False,General,Thank you very much!,
468,1,True,Room,room very nice and clean,
468,1,True,Staff,Nice staff,
468,1,True,Facility,Swimming pool could be cleaner,
468,2,True,Room,room very nice and clean,
468,2,True,Staff,Nice staff,
468,2,True,Facility,Swimming pool could be cleaner,
468,3,True,Room,room very nice and clean,
468,3,True,Staff,Nice staff,
468,3,True,Facility,Swimming pool could be cleaner,
469,1,True,Room,Rooms are updated and clean.,
469,1,True,Staff,Very helpful and knowledgeable staff.,
469,2,True,Room,Rooms are updated and clean.,
469,2,True,Staff,Very helpful and knowledgeable staff.,
469,3,True,Room,Rooms are updated and clean.,
469,3,True,Staff,Very helpful and knowledgeable staff.,
470,1,False,Staff,Owners very nice and friendly.,
470,1,False,Cleanliness,Nice and clean.,
470,1,False,Overall Experience,Perfect for an overnight stay.,
470,2,False,Staff,Owners very nice and friendly.,
470,2,False,Cleanliness,Nice and clean.,
470,2,False,Overall Experience,Perfect for an overnight stay.,
470,3,False,Staff,Owners very nice and friendly.,
470,3,False,Cleanliness,Nice and clean.,
470,3,False,Overall Experience,Perfect for an overnight stay.,
471,1,False,Room,"Very clean, modern rooms, comfortable bed and good shower.",
471,1,False,Staff,Very helpful staff.,
471,1,False,Location,Very close to beach.,
471,1,False,Price,Exceptional value for money.,
471,2,False,Room,"Very clean, modern rooms, comfortable bed and good shower.",
471,2,False,Staff,Very helpful staff.,
471,2,False,Location,Very close to beach.,
471,2,False,Price,Exceptional value for money.,
471,3,False,Room,"Very clean, modern rooms, comfortable bed and good shower.",
471,3,False,Staff,Very helpful staff.,
471,3,False,Location,Very close to beach.,
471,3,False,Price,Exceptional value for money.,
472,1,False,Food,Huge and delicious breakfast.,
472,1,False,Facility,The hotel is very comfortable.,
472,1,False,Atmosphere,Very friendly atmosphere.,
472,1,False,Experience,A family business where you feel like at home.,
472,1,False,Experience,We definitely will come again.,
472,2,False,Food,Huge and delicious breakfast.,
472,2,False,Facility,The hotel is very comfortable.,
472,2,False,Atmosphere,Very friendly atmosphere.,
472,3,False,Food,Huge and delicious breakfast.,
472,3,False,Facility,The hotel is very comfortable.,
472,3,False,Atmosphere,Very friendly atmosphere.,
473,1,True,Room,Very nice rooms.,
473,1,True,Staff,Friendly staff and service.,
473,1,True,Facility,Clean.,
473,2,True,Room,Very nice rooms.,
473,2,True,Room,Clean.,
473,2,True,Staff,Friendly staff and service.,
473,3,True,Room,Very nice rooms.,
473,3,True,Room,Clean.,
473,3,True,Staff,Friendly staff and service.,
474,1,False,Food,Very poor lunch (breakfast).,
474,1,False,Price,Overpriced for its facilities,
474,1,False,Cleanliness,"Clean, smart devices.",
474,1,False,Breakfast,Very poor lunch (breakfast).,
474,2,False,(parse failed),,json_parse_error: Expecting value: line 1 column 1 (char 0)
474,3,False,(parse failed),,json_parse_error: Expecting value: line 1 column 1 (char 0)
475,1,True,Room,"The floor is not cleaned enough, full of dust, water does not drain and floods the room",
475,2,True,Room,"The floor is not cleaned enough, full of dust, water does not drain and floods the room",
475,3,True,Room,"The floor is not cleaned enough, full of dust, water does not drain and floods the room",
476,1,False,Room,The size of the room,
476,1,False,Staff,The kindness of the staff,
476,1,False,Location,location,
476,2,False,Room,The size of the room,
476,2,False,Staff,The kindness of the staff,
476,2,False,Location,location,
476,3,False,Room,The size of the room,
476,3,False,Staff,The kindness of the staff,
476,3,False,Location,location,
477,1,True,Staff,Very kind staff.,
477,1,True,Food,"Delicious food,",
477,2,True,Staff,Very kind staff.,
477,2,True,Food,"Delicious food,",
477,3,True,Staff,Very kind staff.,
477,3,True,Food,"Delicious food,",
478,1,False,Room,The cleanliness of the room.,
478,1,False,Staff,The kindness of the staff.,
478,1,False,Location,the location.,
478,2,False,Room,The cleanliness of the room.,
478,2,False,Staff,The kindness of the staff.,
478,2,False,Location,the location.,
478,3,False,Room,The cleanliness of the room.,
478,3,False,Staff,The kindness of the staff.,
478,3,False,Location,the location.,
479,1,True,Room,"Friendly, clean hotel, functionally furnished.",
479,1,True,Room,Balcony with courtyard or street view.,
479,1,True,Staff,Very friendly host.,
479,1,True,Location,Proximity to the airport (3km) and the beach including numerous restaurants (500m).,
479,1,True,Food,"Good breakfast directly in the hotel, to be paid separately (various options up to 10 EUR).",
479,2,True,Room,"Friendly, clean hotel, functionally furnished.",
479,2,True,Room,Balcony with courtyard or street view.,
479,2,True,Staff,Very friendly host.,
479,2,True,Location,Proximity to the airport (3km) and the beach including numerous restaurants (500m).,
479,2,True,Food,"Good breakfast directly in the hotel, to be paid separately (various options up to 10 EUR).",
479,3,True,Room,"Friendly, clean hotel, functionally furnished.",
479,3,True,Room,Balcony with courtyard or street view.,
479,3,True,Staff,Very friendly host.,
479,3,True,Location,Proximity to the airport (3km) and the beach including numerous restaurants (500m).,
479,3,True,Food,"Good breakfast directly in the hotel, to be paid separately (various options up to 10 EUR).",
480,1,True,Staff,French speaking and competent staff.,
480,2,True,Staff,French speaking and competent staff.,
480,3,True,Staff,French speaking and competent staff.,
481,1,False,Staff,The staff is kind and welcoming.,
481,1,False,Cleanliness,The cleanest place I stayed in Cyprus!,
481,2,False,Staff,The staff is kind and welcoming.,
481,2,False,Cleanliness,The cleanest place I stayed in Cyprus!,
481,3,False,Staff,The staff is kind and welcoming.,
481,3,False,Cleanliness,The cleanest place I stayed in Cyprus!,
482,1,False,Room,pleasant accommodation,
482,1,False,Room,the rooms were not soundproofed enough,
482,1,False,Staff,helpful reception,
482,1,False,Cleanliness,cleanliness,
482,2,True,Room,the rooms were not soundproofed enough,
482,2,True,Staff,helpful reception,
482,3,True,Room,the rooms were not soundproofed enough,
482,3,True,Staff,helpful reception,
483,1,True,Staff,The staff are extremely friendly and always happy to help when needed.,
483,1,True,Staff,They were always ready to answer any of our questions.,
483,1,True,Location,"In a very good location, close to the airport, especially if you have an early or late flight, and also close to the beach.",
483,2,True,Staff,The staff are extremely friendly and always happy to help when needed.,
483,2,True,Staff,They were always ready to answer any of our questions.,
483,2,True,Location,"In a very good location, close to the airport, especially if you have an early or late flight, and also close to the beach.",
483,3,True,Staff,The staff are extremely friendly and always happy to help when needed.,
483,3,True,Staff,They were always ready to answer any of our questions.,
483,3,True,Location,"In a very good location, close to the airport, especially if you have an early or late flight, and also close to the beach.",
484,1,True,Room,"Nice room, very clean.",
484,1,True,Room,Room a bit small,
484,1,True,Staff,Very kind and helpful staff.,
484,1,True,Location,Convenient because close to the airport.,
484,1,True,Location,Just a bit far from town,
484,1,True,Food,"We had dinner in the evening, it was very good.",
484,2,True,Room,"Nice room, very clean.",
484,2,True,Room,Room a bit small,
484,2,True,Location,Convenient because close to the airport.,
484,2,True,Location,Just a bit far from town,
484,2,True,Staff,Very kind and helpful staff.,
484,2,True,Food,"We had dinner in the evening, it was very good.",
484,3,True,Room,"Nice room, very clean.",
484,3,True,Room,Room a bit small,
484,3,True,Location,Convenient because close to the airport.,
484,3,True,Location,Just a bit far from town,
484,3,True,Staff,Very kind and helpful staff.,
484,3,True,Food,"We had dinner in the evening, it was very good.",
485,1,True,Staff,wonderful hotel and staff!,
485,2,True,Staff,wonderful hotel and staff!,
485,3,True,Staff,wonderful hotel and staff!,
486,1,True,Room,The room was very clean and very spacious.,
486,1,True,Room,The mattresses and pillows were excellent.,
486,2,True,Room,The room was very clean and very spacious.,
486,2,True,Room,The mattresses and pillows were excellent.,
486,3,True,Room,The room was very clean and very spacious.,
486,3,True,Room,The mattresses and pillows were excellent.,
487,1,True,(no spans found),,
487,2,True,(no spans found),,
487,3,True,(no spans found),,
488,1,True,(no spans found),,
488,2,True,(no spans found),,
488,3,True,(no spans found),,
489,1,True,Room,nice and comfortable small room.,
489,1,True,Staff,Friendly staff and very good advice,
489,1,True,Location,"The beach is 10 minutes walk, the airport 10 minutes by bus.",
489,2,True,Room,nice and comfortable small room.,
489,2,True,Staff,Friendly staff and very good advice,
489,2,True,Location,"The beach is 10 minutes walk, the airport 10 minutes by bus.",
489,3,True,Room,nice and comfortable small room.,
489,3,True,Staff,Friendly staff and very good advice,
489,3,True,Location,"The beach is 10 minutes walk, the airport 10 minutes by bus.",
490,1,True,Location,Proximity to the airport,
490,1,True,Food,excellent cuisine,
490,2,True,Location,Proximity to the airport,
490,2,True,Food,excellent cuisine,
490,3,True,Location,Proximity to the airport,
490,3,True,Food,excellent cuisine,
491,1,True,Room,"Practical rooms, balconies in each room.",
491,1,True,Room,The rooms are poorly soundproofed.,
491,1,True,Staff,Listening staff.,
491,1,True,Location,good location for the airport.,
491,2,True,Room,"Practical rooms, balconies in each room.",
491,2,True,Room,The rooms are poorly soundproofed.,
491,2,True,Staff,Listening staff.,
491,2,True,Location,good location for the airport.,
491,3,True,Room,"Practical rooms, balconies in each room.",
491,3,True,Room,The rooms are poorly soundproofed.,
491,3,True,Staff,Listening staff.,
491,3,True,Location,good location for the airport.,
492,1,False,(parse failed),,json_parse_error: Expecting value: line 1 column 1 (char 0)
492,2,False,(parse failed),,json_parse_error: Expecting value: line 1 column 1 (char 0)
492,3,False,(parse failed),,json_parse_error: Expecting value: line 1 column 1 (char 0)
493,1,True,Staff,super sweet hosts,
493,2,True,Staff,super sweet hosts,
493,3,True,Staff,super sweet hosts,
494,1,False,Staff,Very kind staff,
494,1,False,Location,Very close to the airport,
494,1,False,Cleanliness,Very clean hotel,
494,2,True,Staff,Very kind staff,
494,2,True,Location,Very close to the airport,
494,3,True,Staff,Very kind staff,
494,3,True,Location,Very close to the airport,
495,1,True,Location,clean close to the beach close to the field Intimate and quiet,
495,2,True,Location,clean close to the beach close to the field Intimate and quiet,
495,3,True,Location,clean close to the beach close to the field Intimate and quiet,
496,1,True,Staff,friendly service,
496,1,True,Location,Great location close to the airport,
496,1,True,Food,delicious breakfasts,
496,2,True,Staff,friendly service,
496,2,True,Location,Great location close to the airport,
496,2,True,Food,delicious breakfasts,
496,3,True,Staff,friendly service,
496,3,True,Location,Great location close to the airport,
496,3,True,Food,delicious breakfasts,
497,1,True,Room,the room was spacious.,
497,1,True,Room,and clean.,
497,1,True,Staff,welcoming and helpful staff.,
497,1,True,Staff,"Tony for his welcome and his smile,",
497,1,True,Location,the location close to the airport and the beach,
497,1,True,Food,the restaurant is very varied.,
497,2,True,Room,the room was spacious.,
497,2,True,Room,and clean.,
497,2,True,Staff,welcoming and helpful staff.,
497,2,True,Staff,"Tony for his welcome and his smile,",
497,2,True,Location,the location close to the airport and the beach,
497,2,True,Food,the restaurant is very varied.,
497,3,True,Room,the room was spacious.,
497,3,True,Room,and clean.,
497,3,True,Staff,welcoming and helpful staff.,
497,3,True,Staff,"Tony for his welcome and his smile,",
497,3,True,Location,the location close to the airport and the beach,
497,3,True,Food,the restaurant is very varied.,
498,1,False,(parse failed),,json_parse_error: Extra data: line 17 column 1 (char 542)
498,2,False,(parse failed),,json_parse_error: Extra data: line 17 column 1 (char 542)
498,3,False,(parse failed),,json_parse_error: Extra data: line 17 column 1 (char 542)
499,1,True,Room,the room had everything you need,
499,1,True,Staff,Very helpful staff,
499,1,True,Location,The hotel is located close to Larnaca airport,
499,2,True,Room,the room had everything you need,
499,2,True,Staff,Very helpful staff,
499,2,True,Location,The hotel is located close to Larnaca airport,
499,3,True,Room,the room had everything you need,
499,3,True,Staff,Very helpful staff,
499,3,True,Location,The hotel is located close to Larnaca airport,
500,1,False,(parse failed),,json_parse_error: Expecting value: line 1 column 1 (char 0)
500,2,False,(parse failed),,json_parse_error: Expecting value: line 1 column 1 (char 0)
500,3,False,(parse failed),,json_parse_error: Expecting value: line 1 column 1 (char 0)
501,1,True,Room,Simple and comfortable rooms,
501,1,True,Location,The hotel is very clean and close to the airport,
501,1,True,Food,"The restaurant in the hotel lobby is good, although it took a relatively long time for our food to be ready",
501,2,True,Room,Simple and comfortable rooms,
501,2,True,Location,The hotel is very clean and close to the airport,
501,2,True,Food,"The restaurant in the hotel lobby is good, although it took a relatively long time for our food to be ready",
501,3,True,Room,Simple and comfortable rooms,
501,3,True,Location,The hotel is very clean and close to the airport,
501,3,True,Food,"The restaurant in the hotel lobby is good, although it took a relatively long time for our food to be ready",
502,1,False,(no spans found),,Additional properties are not allowed ('Service' was unexpected)
502,2,False,(no spans found),,Additional properties are not allowed ('Service' was unexpected)
502,3,False,(no spans found),,Additional properties are not allowed ('Service' was unexpected)
503,1,True,Room,"the room is restful and pleasant, clean and renovated",
503,1,True,Room,The bed is comfortable,
503,1,True,Staff,the staff is nice,
503,1,True,Location,Close to the field,
503,2,True,Room,"the room is restful and pleasant, clean and renovated",
503,2,True,Staff,the staff is nice,
503,2,True,Location,Close to the field,
503,3,True,Room,"the room is restful and pleasant, clean and renovated",
503,3,True,Staff,the staff is nice,
503,3,True,Location,Close to the field,
504,1,True,(no spans found),,
504,2,True,(no spans found),,
504,3,True,(no spans found),,
505,1,True,Room,Modern furnished and very clean room,
505,1,True,Staff,friendly staff,
505,1,True,Location,"Close to the city center, the airport and the sea",
505,1,True,Price,Price/performance is totally right,
505,1,True,Food,"Nice restaurant in the house, great coffee",
505,2,True,Room,Modern furnished and very clean room,
505,2,True,Staff,friendly staff,
505,2,True,Food,"Nice restaurant in the house, great coffee",
505,2,True,Location,"Close to the city center, the airport and the sea",
505,2,True,Price,Price/performance is totally right,
505,3,True,Room,Modern furnished and very clean room,
505,3,True,Staff,friendly staff,
505,3,True,Food,"Nice restaurant in the house, great coffee",
505,3,True,Location,"Close to the city center, the airport and the sea",
505,3,True,Price,Price/performance is totally right,
506,1,False,(parse failed),,json_parse_error: Extra data: line 17 column 1 (char 495)
506,2,False,(parse failed),,json_parse_error: Extra data: line 17 column 1 (char 495)
506,3,False,(parse failed),,json_parse_error: Extra data: line 17 column 1 (char 495)
507,1,False,Room,The room is spacious enough,
507,1,False,Staff,The staff at the reception willingly arranged a ride to the airport for us.,
507,1,False,Facility,The hotel is very modernly furnished,
507,2,False,Room,The room is spacious enough,
507,2,False,Staff,The staff at the reception willingly arranged a ride to the airport for us.,
507,2,False,Facility,The hotel is very modernly furnished,
507,3,False,Room,The room is spacious enough,
507,3,False,Staff,The staff at the reception willingly arranged a ride to the airport for us.,
507,3,False,Facility,The hotel is very modernly furnished,
508,1,True,(no spans found),,
508,2,True,(no spans found),,
508,3,True,(no spans found),,
509,1,True,Staff,very nice and helpful staff.,
509,1,True,Facility,"Nice facility,",
509,2,True,Staff,very nice and helpful staff.,
509,2,True,Facility,"Nice facility,",
509,3,True,Staff,very nice and helpful staff.,
509,3,True,Facility,"Nice facility,",
510,1,False,Room,cramped,
510,1,False,Room,the third bed for a child is more suitable for a baby,
510,1,False,Room,minimalist room accessories,
510,1,False,Location,proximity to the airport,
510,1,False,Price,cheap,
510,2,False,Room,cramped,
510,2,False,Room,the third bed for a child is more suitable for a baby,
510,2,False,Room,minimalist room accessories,
510,2,False,Location,proximity to the airport,
510,2,False,Price,cheap,
510,3,False,Room,cramped,
510,3,False,Room,the third bed for a child is more suitable for a baby,
510,3,False,Room,minimalist room accessories,
510,3,False,Location,proximity to the airport,
510,3,False,Price,cheap,
511,1,False,(parse failed),,json_parse_error: Expecting ':' delimiter: line 13 column 35 (char 342)
511,2,False,Reception,new clean reception,
511,3,False,Reception,new clean reception,
512,1,False,Staff,the staff is available and always helps,
512,1,False,Cleanliness,very clean,
512,2,False,Staff,the staff is available and always helps,
512,2,False,Cleanliness,very clean,
512,3,False,Staff,the staff is available and always helps,
512,3,False,Cleanliness,very clean,
513,1,True,Room,The room for 5 was very tight.,
513,1,True,Location,The place is close to the airport and easy to get to.,
513,1,True,Location,A short distance from the promenade where you can find nice restaurants on the beach,
513,2,True,Room,The room for 5 was very tight.,
513,2,True,Location,The place is close to the airport and easy to get to.,
513,2,True,Location,A short distance from the promenade where you can find nice restaurants on the beach,
513,3,True,Room,The room for 5 was very tight.,
513,3,True,Location,The place is close to the airport and easy to get to.,
513,3,True,Location,A short distance from the promenade where you can find nice restaurants on the beach,
514,1,True,(no spans found),,
514,2,True,(no spans found),,
514,3,True,(no spans found),,
515,1,True,Staff,Very nice staff.,
515,1,True,Location,I really liked the location.,
515,1,True,Location,Close to the lake and the beach.,
515,1,True,Facility,Very clean new hotel,
515,1,True,Check-in,Thank you very much for being able to move in earlier.,
515,2,False,Staff,Very nice staff.,
515,2,False,Location,I really liked the location.,
515,2,False,Location,Close to the lake and the beach.,
515,2,False,Facility,Very clean new hotel,
515,3,False,Staff,Very nice staff.,
515,3,False,Location,I really liked the location.,
515,3,False,Location,Close to the lake and the beach.,
515,3,False,Facility,Very clean new hotel,
516,1,True,Staff,friendliness of staff,
516,2,True,Staff,friendliness of staff,
516,3,True,Staff,friendliness of staff,
517,1,True,Staff,The manager very friendly,
517,1,True,Facility,the hotel of very good quality,
517,2,True,Staff,The manager very friendly,
517,2,True,Facility,the hotel of very good quality,
517,3,True,Staff,The manager very friendly,
517,3,True,Facility,the hotel of very good quality,
518,1,True,Location,quiet place,
518,2,True,Location,quiet place,
518,3,True,Location,quiet place,
519,1,True,Staff,Staff very polite and helpful almost family atmosphere.,
519,1,True,Location,great location near MacKenzie beach.,
519,1,True,Food,"Very good breakfast,",
519,2,True,Staff,Staff very polite and helpful almost family atmosphere.,
519,2,True,Location,great location near MacKenzie beach.,
519,2,True,Food,"Very good breakfast,",
519,3,True,Staff,Staff very polite and helpful almost family atmosphere.,
519,3,True,Location,great location near MacKenzie beach.,
519,3,True,Food,"Very good breakfast,",
521,1,True,Room,"Very clean, well organized, nothing missing, pleasant balcony, nice hosts, comfortable mattress.",
521,1,True,Staff,nice hosts,
521,2,False,Room,"Very clean, well organized, nothing missing, pleasant balcony, comfortable mattress.",
521,2,False,Staff,nice hosts,
521,3,False,Room,"Very clean, well organized, nothing missing, pleasant balcony, comfortable mattress.",
521,3,False,Staff,nice hosts,
522,1,True,Staff,friendly staff,
522,2,True,Staff,friendly staff,
522,3,True,Staff,friendly staff,
523,1,False,Room,Changed us to a family room that we requested..,
523,1,False,Staff,Amazing team!!!,
523,1,False,Staff,Helps with any question and problem... smiling and patient.,
523,1,False,Staff,They gave us great recommendations for places in the city.,
523,1,False,Staff,Order taxis for us...help with car rental.,
523,1,False,Staff,They even celebrated our daughter's birthday with a surprise..,
523,1,False,Taxi-issue,Order taxis for us...help with car rental.,
523,1,False,Inshort,"In short, an experience",
523,2,False,Room,Changed us to a family room that we requested.,
523,2,False,Staff,Amazing team!!!,
523,2,False,Staff,Helps with any question and problem... smiling and patient.,
523,2,False,Staff,They gave us great recommendations for places in the city.,
523,2,False,Staff,Order taxis for us...help with car rental.,
523,2,False,Staff,They even celebrated our daughter's birthday with a surprise.,
523,2,False,Taxi-issue,Order taxis for us...help with car rental.,
523,2,False,Inshort,"In short, an experience",
523,3,False,Room,Changed us to a family room that we requested.,
523,3,False,Staff,Amazing team!!!,
523,3,False,Staff,Helps with any question and problem... smiling and patient.,
523,3,False,Staff,They gave us great recommendations for places in the city.,
523,3,False,Staff,Order taxis for us...help with car rental.,
523,3,False,Staff,They even celebrated our daughter's birthday with a surprise.,
523,3,False,Taxi-issue,Order taxis for us...help with car rental.,
523,3,False,Inshort,"In short, an experience",
524,1,False,Staff,Professional staff.,
524,1,False,Location,Good location.,
524,1,False,Food,Excellent food.,
524,1,False,Price,Full value for the price.,
524,1,False,Cleanliness,Excellent cleanliness.,
524,2,False,Staff,Professional staff.,
524,2,False,Location,Good location.,
524,2,False,Food,Excellent food.,
524,2,False,Price,Full value for the price.,
524,2,False,Cleanliness,Excellent cleanliness.,
524,3,False,Staff,Professional staff.,
524,3,False,Location,Good location.,
524,3,False,Food,Excellent food.,
524,3,False,Price,Full value for the price.,
524,3,False,Cleanliness,Excellent cleanliness.,
525,1,True,(no spans found),,
525,2,True,(no spans found),,
525,3,True,(no spans found),,
526,1,True,(no spans found),,
526,2,True,(no spans found),,
526,3,True,(no spans found),,
527,1,False,(parse failed),,json_parse_error: Expecting value: line 1 column 1 (char 0)
527,2,False,Staff,The staff extremely friendly.,
527,2,False,Location,near Larnaca airport and mckenzie beach.,
527,2,False,Price,excellent value for money.,
527,2,False,Accommodation,great accommodation,
527,3,False,Staff,The staff extremely friendly.,
527,3,False,Location,near Larnaca airport and mckenzie beach.,
527,3,False,Price,excellent value for money.,
527,3,False,Accommodation,great accommodation,
528,1,False,Location,near the airport,
528,1,False,Facility,clean and fresh,
528,1,False,New hotel,New hotel,
528,2,False,(parse failed),,json_parse_error: Extra data: line 19 column 1 (char 518)
528,3,False,(parse failed),,json_parse_error: Extra data: line 19 column 1 (char 518)
529,1,False,Staff,Staff: 10/10,
529,1,False,Sound,Soundproofing: 07/10 (separated rooms with plasterboards),
529,1,False,Design,Design/Furniture: 10/10,
529,1,False,Cleanliness,Cleanliness/Towels: 10/10,
529,1,False,Balcony,Balcony furniture set: 08/10 (could refurbish these too),
529,1,False,Shampoo,Set of shampoo etc. for the bathroom: 08/10 (Could offer 1 to 1 for the pampering),
529,2,False,Staff,10/10,
529,2,False,Soundproofing,07/10 (separated rooms with plasterboards),
529,2,False,Design/Furniture,10/10,
529,2,False,Cleanliness/Towels,10/10,
529,2,False,Balcony furniture set,08/10 (could refurbish these too),
529,2,False,Set of shampoo etc. for the bathroom,08/10 (Could offer 1 to 1 for the pamper),
529,3,False,Staff,10/10,
529,3,False,Soundproofing,07/10 (separated rooms with plasterboards),
529,3,False,Design/Furniture,10/10,
529,3,False,Cleanliness/Towels,10/10,
529,3,False,Balcony furniture set,08/10 (could refurbish these too),
529,3,False,Set of shampoo etc. for the bathroom,08/10 (Could offer 1 to 1 for the pamper),
530,1,False,Staff,The staff was very nice and polite,
530,1,False,Location,Not far from the beach,
530,1,False,Location,In an easy and quiet place,
530,1,False,Hotel,Very nice and clean hotel,
530,2,False,Staff,The staff was very nice and polite,
530,2,False,Location,Not far from the beach,
530,2,False,Location,In an easy and quiet place,
530,2,False,Hotel,Very nice and clean hotel,
530,3,False,Staff,The staff was very nice and polite,
530,3,False,Location,Not far from the beach,
530,3,False,Location,In an easy and quiet place,
530,3,False,Hotel,Very nice and clean hotel,
531,1,True,Room,"Clean, tidy, comfortable and beautiful room.",
531,1,True,Location,Location close to the airport and the promenade by the sea.,
531,1,True,Staff,Courteous and welcoming service.,
531,2,True,Room,"Clean, tidy, comfortable and beautiful room.",
531,2,True,Location,Location close to the airport and the promenade by the sea.,
531,2,True,Staff,Courteous and welcoming service.,
531,3,True,Room,"Clean, tidy, comfortable and beautiful room.",
531,3,True,Location,Location close to the airport and the promenade by the sea.,
531,3,True,Staff,Courteous and welcoming service.,
532,1,True,Room,large rooms! very clean,
532,1,True,Location,The proximity to the airport,
532,1,True,Facility,free parking,
532,2,True,Room,large rooms! very clean,
532,2,True,Location,The proximity to the airport,
532,2,True,Facility,free parking,
532,3,True,Room,large rooms! very clean,
532,3,True,Location,The proximity to the airport,
532,3,True,Facility,free parking,
533,1,True,Food,The cook particularly affable fast and delicious irreproachable service.,
533,1,True,Food,A real Lebanese tabbouleh all hearty I recommend the restaurant as much as the hotel,
533,2,True,Food,The cook particularly affable fast and delicious irreproachable service.,
533,2,True,Food,A real Lebanese tabbouleh all hearty I recommend the restaurant as much as the hotel,
533,3,True,Food,The cook particularly affable fast and delicious irreproachable service.,
533,3,True,Food,A real Lebanese tabbouleh all hearty I recommend the restaurant as much as the hotel,
534,1,True,Food,Very good homemade breakfast.,
534,2,True,Food,Very good homemade breakfast.,
534,3,True,Food,Very good homemade breakfast.,
535,1,True,Staff,very friendly and helpful hosts,
535,1,True,Location,30 minute walk from Larnaca center,
535,1,True,Location,10 minute walk from beautiful Mackenzie Beach,
535,2,True,Staff,very friendly and helpful hosts,
535,2,True,Location,30 minute walk from Larnaca center,
535,2,True,Location,10 minute walk from beautiful Mackenzie Beach,
535,3,True,Staff,very friendly and helpful hosts,
535,3,True,Location,30 minute walk from Larnaca center,
535,3,True,Location,10 minute walk from beautiful Mackenzie Beach,
536,1,True,Location,Location on +.,
536,1,True,Location,"close to the beach, gastronomy and the airport",
536,1,True,Food,The cuisine is simple but tasty.,
536,2,True,Location,Location on +.,
536,2,True,Location,"close to the beach, gastronomy and the airport",
536,2,True,Food,The cuisine is simple but tasty.,
536,3,True,Location,Location on +.,
536,3,True,Location,"close to the beach, gastronomy and the airport",
536,3,True,Food,The cuisine is simple but tasty.,
537,1,False,Terrace,Terrace was very cozy,
537,2,False,Terrace,Terrace was very cozy,
537,3,False,Terrace,Terrace was very cozy,
538,1,False,(parse failed),,json_parse_error: Expecting value: line 1 column 1 (char 0)
538,2,False,(parse failed),,json_parse_error: Expecting value: line 1 column 1 (char 0)
538,3,False,(parse failed),,json_parse_error: Expecting value: line 1 column 1 (char 0)
539,1,True,Staff,"lovely staff, ready to help at any hour",
539,2,True,Staff,"lovely staff, ready to help at any hour",
539,3,True,Staff,"lovely staff, ready to help at any hour",
540,1,True,Room,Room a little smaller than average but large bathroom and shower.,
540,1,True,Staff,very kind staff,
540,1,True,Location,Location is very close to the beach,
540,1,True,Location,Very close to the airport,
540,2,False,Room,Room a little smaller than average but large bathroom and shower.,
540,2,False,Staff,very kind staff on the last day kept our suitcases in custody for the whole day.,
540,2,False,Location,"Location is very close to the beach,",
540,2,False,Location,"Very close to the airport, like 8 minutes by car.",
540,2,False,Bed,Really soft bed and pillows,
540,3,False,Room,Room a little smaller than average but large bathroom and shower.,
540,3,False,Staff,very kind staff on the last day kept our suitcases in custody for the whole day.,
540,3,False,Location,"Location is very close to the beach,",
540,3,False,Location,"Very close to the airport, like 8 minutes by car.",
540,3,False,Bed,Really soft bed and pillows,
541,1,False,Staff,"Courteous and helpful staff,",
541,1,False,Location,Strategic location: the property is close to both the airport and Mackenzie Beach.,
541,1,False,Location,In fifteen minutes of walking along the sea you can also reach Finikoudes.,
541,1,False,Facility,excellent upholstery and modern furnishings.,
541,1,False,Cleanliness,"maximum cleanliness,",
541,2,False,Staff,"Courteous and helpful staff,",
541,2,False,Location,Strategic location: the property is close to both the airport and Mackenzie Beach.,
541,2,False,Location,In fifteen minutes of walking along the sea you can also reach Finikoudes.,
541,2,False,Facility,excellent upholstery and modern furnishings.,
541,2,False,Cleanliness,"maximum cleanliness,",
541,3,False,Staff,"Courteous and helpful staff,",
541,3,False,Location,Strategic location: the property is close to both the airport and Mackenzie Beach.,
541,3,False,Location,In fifteen minutes of walking along the sea you can also reach Finikoudes.,
541,3,False,Facility,excellent upholstery and modern furnishings.,
541,3,False,Cleanliness,"maximum cleanliness,",
542,1,True,Room,We were given a superior room with a balcony for free.,
542,1,True,Location,The hotel is very close to the airport.,
542,1,True,Location,There are many restaurants and cafes within walking distance from the hotel (which was very convenient for us).,
542,1,True,Location,Very close to the beach.,
542,2,True,Room,We were given a superior room with a balcony for free.,
542,2,True,Location,The hotel is very close to the airport.,
542,2,True,Location,There are many restaurants and cafes within walking distance from the hotel (which was very convenient for us).,
542,2,True,Location,Very close to the beach.,
542,3,True,Room,We were given a superior room with a balcony for free.,
542,3,True,Location,The hotel is very close to the airport.,
542,3,True,Location,There are many restaurants and cafes within walking distance from the hotel (which was very convenient for us).,
542,3,True,Location,Very close to the beach.,
543,1,False,Room,recently refurbished rooms.,
543,1,False,Parking,Little parking nearby arriving in the evening,
543,2,False,Room,recently refurbished rooms.,
543,2,False,Parking,Little parking nearby arriving in the evening,
543,3,False,Room,recently refurbished rooms.,
543,3,False,Parking,Little parking nearby arriving in the evening,
544,1,False,Hospitality Sense of Owner,All. The sense of hospitality of the owner.,
544,2,False,Hospitality Sense of Owner,All. The sense of hospitality of the owner.,
544,3,False,Hospitality Sense of Owner,All. The sense of hospitality of the owner.,
545,1,True,(no spans found),,
545,2,True,(no spans found),,
545,3,True,(no spans found),,
546,1,False,Location,convenient location,
546,1,False,Location,Walking distance to Mackenzie Beach and Salt Lake,
546,1,False,Check-in,no problem with check-in after 12 at night,
546,1,False,Parking,Parking next to the hotel,
546,2,False,Location,convenient location,
546,2,False,Location,Walking distance to Mackenzie Beach and Salt Lake,
546,2,False,Check-in,no problem with check-in after 12 at night,
546,2,False,Parking,Parking next to the hotel,
546,3,False,Location,convenient location,
546,3,False,Location,Walking distance to Mackenzie Beach and Salt Lake,
546,3,False,Check-in,no problem with check-in after 12 at night,
546,3,False,Parking,Parking next to the hotel,
547,1,True,Room,"large comfortable bed, clean linen, cozy.",
547,1,True,Location,close to the airport (7-10 minutes by taxi),
547,2,True,Room,"large comfortable bed, clean linen, cozy.",
547,2,True,Location,close to the airport (7-10 minutes by taxi),
547,3,True,Room,"large comfortable bed, clean linen, cozy.",
547,3,True,Location,close to the airport (7-10 minutes by taxi),
548,1,True,Food,Arabic food,
548,1,True,Food,Have to pay for breakfast,
548,2,True,Food,Arabic food,
548,2,True,Food,Have to pay for breakfast,
548,3,True,Food,Arabic food,
548,3,True,Food,Have to pay for breakfast,
549,1,False,Staff,Super nice staff.,
549,1,False,Location,Great location and pet friendly!,
549,1,False,Cleanliness,very clean!!,
549,2,False,Staff,Super nice staff.,
549,2,False,Location,Great location and pet friendly!,
549,2,False,Cleanliness,very clean!!,
549,3,False,Staff,Super nice staff.,
549,3,False,Location,Great location and pet friendly!,
549,3,False,Cleanliness,very clean!!,
550,1,True,Room,The rooms are big and very clean!,
550,1,True,Room,There is also a balcony.,
550,1,True,Staff,Tony the hotel owner is a great man!,
550,1,True,Staff,Helped us with everything we needed,
550,2,True,Room,The rooms are big and very clean!,
550,2,True,Room,There is also a balcony.,
550,2,True,Staff,Tony the hotel owner is a great man!,
550,2,True,Staff,Helped us with everything we needed,
550,3,True,Room,The rooms are big and very clean!,
550,3,True,Room,There is also a balcony.,
550,3,True,Staff,Tony the hotel owner is a great man!,
550,3,True,Staff,Helped us with everything we needed,
551,1,True,Staff,"A very welcoming staff, smiling and always available to satisfy you.",
551,1,True,Staff,"At the reception as in the restaurant there is always someone to take care of you in one of the four languages ​​(Greek, English, French or Arabic).",
551,1,True,Location,The proximity to the famous Mackenzie Beach is an asset for this charming hotel.,
551,1,True,Location,The beach is around 5 minutes walk.,
551,2,True,Staff,"A very welcoming staff, smiling and always available to satisfy you.",
551,2,True,Staff,"At the reception as in the restaurant there is always someone to take care of you in one of the four languages ​​(Greek, English, French or Arabic).",
551,2,True,Location,The proximity to the famous Mackenzie Beach is an asset for this charming hotel.,
551,2,True,Location,The beach is around 5 minutes walk.,
551,3,True,Staff,"A very welcoming staff, smiling and always available to satisfy you.",
551,3,True,Staff,"At the reception as in the restaurant there is always someone to take care of you in one of the four languages ​​(Greek, English, French or Arabic).",
551,3,True,Location,The proximity to the famous Mackenzie Beach is an asset for this charming hotel.,
551,3,True,Location,The beach is around 5 minutes walk.,
552,1,True,Room,"The rooms are pleasant, clean, the beds are comfortable, everything is new and clean!!",
552,2,True,Room,"The rooms are pleasant, clean, the beds are comfortable, everything is new and clean!!",
552,3,True,Room,"The rooms are pleasant, clean, the beds are comfortable, everything is new and clean!!",
553,1,False,(parse failed),,json_parse_error: Extra data: line 16 column 1 (char 393)
553,2,False,(parse failed),,json_parse_error: Extra data: line 16 column 1 (char 393)
553,3,False,(parse failed),,json_parse_error: Extra data: line 16 column 1 (char 393)
554,1,False,Staff,Very friendly and pleasant welcome.,
554,1,False,Location,extremely close to the airport,
554,1,False,Location,extremely close to the beach,
554,1,False,Location,The situation,
554,1,False,Facility,Very clean,
554,1,False,Facility,Very comfortable,
554,1,False,Facility,brand new,
554,2,True,Staff,Very friendly and pleasant welcome.,
554,2,True,Location,extremely close to the airport,
554,2,True,Location,extremely close to the beach,
554,2,True,Location,close to the beach and its entertainment,
554,2,True,Facility,Very clean,
554,2,True,Facility,brand new,
554,3,True,Staff,Very friendly and pleasant welcome.,
554,3,True,Location,extremely close to the airport,
554,3,True,Location,extremely close to the beach,
554,3,True,Location,close to the beach and its entertainment,
554,3,True,Facility,Very clean,
554,3,True,Facility,brand new,
555,1,True,Room,"Clean room, pleasant and comfortable bedding.",
555,1,True,Room,Bed 5 could be opened and was less comfortable.,
555,1,True,Staff,We were received with a beautiful and kind hospitality by the hotel staff.,
555,1,True,Location,Close to Larnaca airport. Less than 10 minutes,
555,1,True,Facility,There is a kettle and a fridge in the room.,
555,2,True,Room,"Clean room, pleasant and comfortable bedding.",
555,2,True,Room,Bed 5 could be opened and was less comfortable.,
555,2,True,Staff,We were received with a beautiful and kind hospitality by the hotel staff.,
555,2,True,Location,Close to Larnaca airport. Less than 10 minutes,
555,2,True,Facility,There is a kettle and a fridge in the room.,
555,3,True,Room,"Clean room, pleasant and comfortable bedding.",
555,3,True,Room,Bed 5 could be opened and was less comfortable.,
555,3,True,Staff,We were received with a beautiful and kind hospitality by the hotel staff.,
555,3,True,Location,Close to Larnaca airport. Less than 10 minutes,
555,3,True,Facility,There is a kettle and a fridge in the room.,
556,1,False,(parse failed),,json_parse_error: Expecting value: line 1 column 1 (char 0)
556,2,False,(parse failed),,json_parse_error: Expecting value: line 1 column 1 (char 0)
556,3,False,(parse failed),,json_parse_error: Expecting value: line 1 column 1 (char 0)
557,1,False,Staff,kindness of the staff,
557,1,False,Food,"The breakfast offered by an independent service does not correspond quantitatively and qualitatively to the known levels of Cypriot hospitality and gastronomy, and the price of €12 for breakfast is much more expensive than the reasonable value (in terms of quality and quantity) of the offered product!",
557,1,False,Cleanliness,Cleanliness first,
557,2,False,Staff,kindness of the staff,
557,2,False,Food,"The breakfast offered by an independent service does not correspond quantitatively and qualitatively to the known levels of Cypriot hospitality and gastronomy, and the price of €12 for breakfast is much more expensive than the reasonable value (in terms of quality and quantity) of the offered product!",
557,2,False,Cleanliness,Cleanliness first,
557,3,False,Staff,kindness of the staff,
557,3,False,Food,"The breakfast offered by an independent service does not correspond quantitatively and qualitatively to the known levels of Cypriot hospitality and gastronomy, and the price of €12 for breakfast is much more expensive than the reasonable value (in terms of quality and quantity) of the offered product!",
557,3,False,Cleanliness,Cleanliness first,
558,1,True,(no spans found),,
558,2,True,(no spans found),,
558,3,True,(no spans found),,
559,1,True,(no spans found),,
559,2,True,(no spans found),,
559,3,True,(no spans found),,
560,1,False,(parse failed),,json_parse_error: Extra data: line 25 column 1 (char 721)
560,2,False,(parse failed),,json_parse_error: Extra data: line 38 column 1 (char 1094)
560,3,False,(parse failed),,json_parse_error: Extra data: line 38 column 1 (char 1094)
561,1,True,Staff,kindness of the staff,
561,2,True,Staff,kindness of the staff,
561,3,True,Staff,kindness of the staff,
562,1,False,Room,The room is really clean,
562,1,False,Location,close to Larnaca airport,
562,2,False,Room,The room is really clean,
562,2,False,Location,close to Larnaca airport,
562,3,False,Room,The room is really clean,
562,3,False,Location,close to Larnaca airport,
564,1,True,Room,The room was spotless and the sheets were musky!,
564,1,True,Room,"we had booked a double room, they gave us a 4-bed room with two rooms,",
564,1,True,Staff,The staff is very kind and helpful!,
564,1,True,Staff,there was a person at the reception to check in.,
564,1,True,Check-in,While we arrived after midnight there was a person at the reception to check in.,
564,2,True,Room,The room was spotless and the sheets were musky!,
564,2,True,Room,"we had booked a double room, they gave us a 4-bed room with two rooms,",
564,2,True,Staff,The staff is very kind and helpful!,
564,2,True,Staff,there was a person at the reception to check in.,
564,2,True,Check-in,While we arrived after midnight there was a person at the reception to check in.,
564,3,True,Room,The room was spotless and the sheets were musky!,
564,3,True,Room,"we had booked a double room, they gave us a 4-bed room with two rooms,",
564,3,True,Staff,The staff is very kind and helpful!,
564,3,True,Staff,there was a person at the reception to check in.,
564,3,True,Check-in,While we arrived after midnight there was a person at the reception to check in.,
565,1,True,Room,"Homer comfortable, clean, cleaned every day.",
565,1,True,Staff,attentive staff,
565,1,True,Location,"Location near the airport, near Mackenzie beach - super convenient.",
565,1,True,Location,five minutes to the beach.,
565,1,True,Food,Delicious breakfasts,
565,2,True,Room,"Homer comfortable, clean, cleaned every day.",
565,2,True,Staff,attentive staff,
565,2,True,Location,"Location near the airport, near Mackenzie beach - super convenient.",
565,2,True,Location,five minutes to the beach.,
565,2,True,Food,Delicious breakfasts,
565,3,True,Room,"Homer comfortable, clean, cleaned every day.",
565,3,True,Staff,attentive staff,
565,3,True,Location,"Location near the airport, near Mackenzie beach - super convenient.",
565,3,True,Location,five minutes to the beach.,
565,3,True,Food,Delicious breakfasts,
566,1,True,Staff,Kindness of staff,
566,1,True,Staff,Staff speaks French,
566,1,True,Location,Location close to the airport,
566,2,True,Staff,Kindness of staff,
566,2,True,Staff,Staff speaks French,
566,2,True,Location,Location close to the airport,
566,3,True,Staff,Kindness of staff,
566,3,True,Staff,Staff speaks French,
566,3,True,Location,Location close to the airport,
567,1,False,(no spans found),,Additional properties are not allowed ('Service' was unexpected)
567,2,False,(no spans found),,Additional properties are not allowed ('Service' was unexpected)
567,3,False,(no spans found),,Additional properties are not allowed ('Service' was unexpected)
568,1,True,Taxi-issue,The taxi driver who picked us up for the short drive to the airport ripped us off.,
568,1,True,Taxi-issue,Be sure to negotiate the price beforehand.,
568,2,True,Taxi-issue,The taxi driver who picked us up for the short drive to the airport ripped us off.,
568,2,True,Taxi-issue,Be sure to negotiate the price beforehand.,
568,3,True,Taxi-issue,The taxi driver who picked us up for the short drive to the airport ripped us off.,
568,3,True,Taxi-issue,Be sure to negotiate the price beforehand.,
569,1,True,Room,The hotel staff is simply charming and kind!,
569,1,True,Room,"The hotel was recently renovated, rooms are in new and clean condition",
569,1,True,Room,"In addition, there is smart technology, there are electronic buttons to request cleaning for the room, a bell and remote control of the air conditioner if there is a problem.",
569,1,True,Room,They upgraded our room for free.,
569,1,True,Staff,The hotel staff is simply charming and kind!,
569,1,True,Location,"Excellent location, 7 minutes walk from the boardwalk and the airport",
569,1,True,Facility,"In addition, there is smart technology, there are electronic buttons to request cleaning for the room, a bell and remote control of the air conditioner if there is a problem.",
569,1,True,Taxi-issue,The hotel put us in touch with a taxi driver who took us to visit the mall and charged us decent prices.,
569,2,True,Room,The hotel staff is simply charming and kind!,
569,2,True,Room,"The hotel was recently renovated, rooms are in new and clean condition",
569,2,True,Room,"In addition, there is smart technology, there are electronic buttons to request cleaning for the room, a bell and remote control of the air conditioner if there is a problem.",
569,2,True,Room,They upgraded our room for free.,
569,2,True,Staff,The hotel staff is simply charming and kind!,
569,2,True,Location,"Excellent location, 7 minutes walk from the boardwalk and the airport",
569,2,True,Facility,"In addition, there is smart technology, there are electronic buttons to request cleaning for the room, a bell and remote control of the air conditioner if there is a problem.",
569,2,True,Taxi-issue,The hotel put us in touch with a taxi driver who took us to visit the mall and charged us decent prices.,
569,3,True,Room,The hotel staff is simply charming and kind!,
569,3,True,Room,"The hotel was recently renovated, rooms are in new and clean condition",
569,3,True,Room,"In addition, there is smart technology, there are electronic buttons to request cleaning for the room, a bell and remote control of the air conditioner if there is a problem.",
569,3,True,Room,They upgraded our room for free.,
569,3,True,Staff,The hotel staff is simply charming and kind!,
569,3,True,Location,"Excellent location, 7 minutes walk from the boardwalk and the airport",
569,3,True,Facility,"In addition, there is smart technology, there are electronic buttons to request cleaning for the room, a bell and remote control of the air conditioner if there is a problem.",
569,3,True,Taxi-issue,The hotel put us in touch with a taxi driver who took us to visit the mall and charged us decent prices.,
570,1,False,Staff,"Staff very welcoming, kind and very friendly.",
570,1,False,Staff,I strongly advise.,
570,1,False,Cleanliness,Everything is clean and perfect.,
570,1,False,Overall Experience,No complaints.,
570,1,False,Overall Experience,I strongly advise.,
570,2,False,Staff,"Staff very welcoming, kind and very friendly.",
570,2,False,Staff,I strongly advise.,
570,2,False,Cleanliness,Everything is clean and perfect.,
570,2,False,Overall Experience,No complaints.,
570,2,False,Overall Experience,I strongly advise.,
570,3,False,Staff,"Staff very welcoming, kind and very friendly.",
570,3,False,Staff,I strongly advise.,
570,3,False,Cleanliness,Everything is clean and perfect.,
570,3,False,Overall Experience,No complaints.,
570,3,False,Overall Experience,I strongly advise.,
571,1,False,(parse failed),,json_parse_error: Extra data: line 19 column 1 (char 608)
571,2,False,(parse failed),,json_parse_error: Extra data: line 19 column 1 (char 549)
571,3,False,(parse failed),,json_parse_error: Extra data: line 19 column 1 (char 549)
572,1,False,(parse failed),,json_parse_error: Expecting value: line 1 column 1 (char 0)
572,2,True,Staff,"Friendly people both at the reception and in the restaurant, willing to serve",
572,2,True,Facility,The elevator. it needs more cleaning and maybe a complete renovation would be better.,
572,3,True,Staff,"Friendly people both at the reception and in the restaurant, willing to serve",
572,3,True,Facility,The elevator. it needs more cleaning and maybe a complete renovation would be better.,
573,1,False,(parse failed),,json_parse_error: Extra data: line 15 column 1 (char 489)
573,2,False,(parse failed),,json_parse_error: Extra data: line 15 column 1 (char 393)
573,3,False,(parse failed),,json_parse_error: Extra data: line 15 column 1 (char 393)
574,1,True,(no spans found),,
574,2,True,(no spans found),,
574,3,True,(no spans found),,
575,1,True,Staff,personal attention,
575,1,True,Staff,excellent,
575,2,True,Staff,personal attention,
575,2,True,Staff,excellent,
575,3,True,Staff,personal attention,
575,3,True,Staff,excellent,
576,1,False,Staff,The workers are very pleasant and attentive.,
576,1,False,Food,"The restaurant service is very good, varied and with good prices,",
576,1,False,Price,good prices,
576,1,False,Air-Conditioning,The air conditioning had poor regulation... or cold (and directly to the body) or heat.,
576,1,False,Service,"The restaurant service is very good, varied and with good prices,",
576,2,False,Staff,The workers are very pleasant and attentive.,
576,2,False,Food,"The restaurant service is very good, varied and with good prices,",
576,2,False,Price,good prices,
576,2,False,Air-Conditioning,The air conditioning had poor regulation... or cold (and directly to the body) or heat.,
576,2,False,Service,"The restaurant service is very good, varied and with good prices,",
576,3,False,Staff,The workers are very pleasant and attentive.,
576,3,False,Food,"The restaurant service is very good, varied and with good prices,",
576,3,False,Price,good prices,
576,3,False,Air-Conditioning,The air conditioning had poor regulation... or cold (and directly to the body) or heat.,
576,3,False,Service,"The restaurant service is very good, varied and with good prices,",
577,1,True,(no spans found),,
577,2,True,(no spans found),,
577,3,True,(no spans found),,
578,1,False,Room,"Good, firm beds and nice air conditioning in the room.",
578,1,False,Staff,they were very nice and prepared a fantastic breakfast for us!,
578,1,False,Staff,The staff: they were very nice,
578,1,False,Food,fantastic breakfast,
578,1,False,Check-in,Self check-in at night was also very easy.,
578,1,False,Taxi-issue,"And they arranged a taxi from the airport to the hotel for us, what a great service!",
578,2,False,Room,"Good, firm beds and nice air conditioning in the room.",
578,2,False,Staff,they were very nice and prepared a fantastic breakfast for us!,
578,2,False,Staff,The staff: they were very nice,
578,2,False,Food,fantastic breakfast,
578,2,False,Check-in,Self check-in at night was also very easy.,
578,2,False,Taxi-issue,"And they arranged a taxi from the airport to the hotel for us, what a great service!",
578,3,False,Room,"Good, firm beds and nice air conditioning in the room.",
578,3,False,Staff,they were very nice and prepared a fantastic breakfast for us!,
578,3,False,Staff,The staff: they were very nice,
578,3,False,Food,fantastic breakfast,
578,3,False,Check-in,Self check-in at night was also very easy.,
578,3,False,Taxi-issue,"And they arranged a taxi from the airport to the hotel for us, what a great service!",
579,1,True,Location,Hotel near airport about 10 minutes drive away,
579,2,True,Location,Hotel near airport about 10 minutes drive away,
579,3,True,Location,Hotel near airport about 10 minutes drive away,
580,1,False,(parse failed),,json_parse_error: Extra data: line 17 column 1 (char 432)
580,2,True,Staff,"Super establishment undervalued in my opinion with an available, pleasant and very professional staff.",
580,3,True,Staff,"Super establishment undervalued in my opinion with an available, pleasant and very professional staff.",
581,1,False,(parse failed),,"json_parse_error: Expecting ',' delimiter: line 15 column 1 (char 407)"
581,2,False,(parse failed),,"json_parse_error: Expecting ',' delimiter: line 15 column 1 (char 407)"
581,3,False,(parse failed),,"json_parse_error: Expecting ',' delimiter: line 15 column 1 (char 407)"
582,1,True,Room,The comfort of the room and its layout.,
582,1,True,Staff,The reception and availability of staff.,
582,2,True,Room,The comfort of the room and its layout.,
582,2,True,Staff,The reception and availability of staff.,
582,3,True,Room,The comfort of the room and its layout.,
582,3,True,Staff,The reception and availability of staff.,
583,1,True,Room,Room comfort.,
583,2,True,Room,Room comfort.,
583,3,True,Room,Room comfort.,
584,1,True,(no spans found),,
584,2,True,(no spans found),,
584,3,True,(no spans found),,
585,1,True,Staff,Very friendly and courteous staff.,
585,1,True,Facility,Clean and chic furnishings.,
585,2,True,Staff,Very friendly and courteous staff.,
585,2,True,Facility,Clean and chic furnishings.,
585,3,True,Staff,Very friendly and courteous staff.,
585,3,True,Facility,Clean and chic furnishings.,
586,1,True,Staff,Friendly and welcoming staff.,
586,1,True,Location,"The hotel is close to the airport, convenient for a short stay.",
586,1,True,Location,"Near the sea, promenade and several excellent restaurants.",
586,2,True,Staff,Friendly and welcoming staff.,
586,2,True,Location,"The hotel is close to the airport, convenient for a short stay.",
586,2,True,Location,"Near the sea, promenade and several excellent restaurants.",
586,3,True,Staff,Friendly and welcoming staff.,
586,3,True,Location,"The hotel is close to the airport, convenient for a short stay.",
586,3,True,Location,"Near the sea, promenade and several excellent restaurants.",
587,1,False,(parse failed),,json_parse_error: Extra data: line 16 column 1 (char 440)
587,2,False,(parse failed),,json_parse_error: Extra data: line 16 column 1 (char 440)
587,3,False,(parse failed),,json_parse_error: Extra data: line 16 column 1 (char 440)
588,1,True,Location,Excellent location close to everything.,
588,2,True,Location,Excellent location close to everything.,
588,3,True,Location,Excellent location close to everything.,
589,1,False,(parse failed),,json_parse_error: Expecting value: line 1 column 1 (char 0)
589,2,False,(parse failed),,json_parse_error: Expecting value: line 1 column 1 (char 0)
589,3,False,(parse failed),,json_parse_error: Expecting value: line 1 column 1 (char 0)
590,1,False,Room,"crisp white linens, small but cozy and very clean room",
590,1,False,Staff,Very pleasant and helpful staff!,
590,1,False,Location,5 minutes from the beach and the airport,
590,1,False,Price,reasonable price,
590,2,False,Room,"crisp white linens, small but cozy and very clean room",
590,2,False,Staff,Very pleasant and helpful staff!,
590,2,False,Location,5 minutes from the beach and the airport,
590,2,False,Price,reasonable price,
590,3,False,Room,"crisp white linens, small but cozy and very clean room",
590,3,False,Staff,Very pleasant and helpful staff!,
590,3,False,Location,5 minutes from the beach and the airport,
590,3,False,Price,reasonable price,
591,1,True,Food,Very varied breakfasts to choose from in the hotel restaurant.,
591,2,True,Food,Very varied breakfasts to choose from in the hotel restaurant.,
591,3,True,Food,Very varied breakfasts to choose from in the hotel restaurant.,
592,1,True,(no spans found),,
592,2,True,(no spans found),,
592,3,True,(no spans found),,
593,1,True,Food,"The dishes cooked to order are delicious, I recommend eating at Jasmine Garden.",
593,2,True,Food,"The dishes cooked to order are delicious, I recommend eating at Jasmine Garden.",
593,3,True,Food,"The dishes cooked to order are delicious, I recommend eating at Jasmine Garden.",
594,1,False,Staff,Nice welcoming staff.,
594,1,False,Location,It is close to the airport.,
594,1,False,Location,"The location, I think, does not apply to the hotel.",
594,1,False,Food,We had a delicious dinner at the hotel restaurant.,
594,1,False,Facility,"Newly refurbished, clean and tidy.",
594,1,False,Facility,Cozy courtyard.,
594,1,False,Facility,Parking.,
594,1,False,Room-Quality,Very uncomfortable folding bed,
594,2,False,Staff,Nice welcoming staff.,
594,2,False,Location,It is close to the airport.,
594,2,False,Location,"The location, I think, does not apply to the hotel.",
594,2,False,Food,We had a delicious dinner at the hotel restaurant.,
594,2,False,Facility,"Newly refurbished, clean and tidy.",
594,2,False,Facility,Cozy courtyard.,
594,2,False,Facility,Parking.,
594,2,False,Room-Quality,Very uncomfortable folding bed,
594,3,False,Staff,Nice welcoming staff.,
594,3,False,Location,It is close to the airport.,
594,3,False,Location,"The location, I think, does not apply to the hotel.",
594,3,False,Food,We had a delicious dinner at the hotel restaurant.,
594,3,False,Facility,"Newly refurbished, clean and tidy.",
594,3,False,Facility,Cozy courtyard.,
594,3,False,Facility,Parking.,
594,3,False,Room-Quality,Very uncomfortable folding bed,
595,1,True,Price,The meal is not included in the price,
595,2,True,Price,The meal is not included in the price,
595,3,True,Price,The meal is not included in the price,
596,1,True,Room,"very clean cheap, modern room",
596,2,True,Room,"very clean cheap, modern room",
596,3,True,Room,"very clean cheap, modern room",
597,1,True,Room,"Modern and renovated rooms, very comfortable beds",
597,1,True,Location,"Excellent location, a few steps from the sea and from via dei premises, in 20 minutes on foot you can also reach the ""historic"" center",
597,1,True,Food,"Excellent breakfast and meals in the restaurant, all freshly made",
597,2,True,Room,"Modern and renovated rooms, very comfortable beds",
597,2,True,Location,"Excellent location, a few steps from the sea and from via dei premises, in 20 minutes on foot you can also reach the ""historic"" center",
597,2,True,Food,"Excellent breakfast and meals in the restaurant, all freshly made",
597,3,True,Room,"Modern and renovated rooms, very comfortable beds",
597,3,True,Location,"Excellent location, a few steps from the sea and from via dei premises, in 20 minutes on foot you can also reach the ""historic"" center",
597,3,True,Food,"Excellent breakfast and meals in the restaurant, all freshly made",
598,1,True,Staff,Very nice staff,
598,2,True,Staff,Very nice staff,
598,3,True,Staff,Very nice staff,
599,1,False,Room,The room is small but everything is new and very clean.,
599,1,False,Room,Comfortable double bed and crisp white linen.,
599,1,False,Staff,friendly staff.,
599,1,False,Location,Great transit hotel near the airport.,
599,1,False,Food,Delicious breakfast in cafe.,
599,2,False,Room,The room is small but everything is new and very clean.,
599,2,False,Room,Comfortable double bed and crisp white linen.,
599,2,False,Staff,friendly staff.,
599,2,False,Location,Great transit hotel near the airport.,
599,2,False,Food,Delicious breakfast in cafe.,
599,3,False,Room,The room is small but everything is new and very clean.,
599,3,False,Room,Comfortable double bed and crisp white linen.,
599,3,False,Staff,friendly staff.,
599,3,False,Location,Great transit hotel near the airport.,
599,3,False,Food,Delicious breakfast in cafe.,
600,1,False,(parse failed),,json_parse_error: Extra data: line 25 column 1 (char 809)
600,2,False,(parse failed),,json_parse_error: Extra data: line 25 column 1 (char 809)
600,3,False,(parse failed),,json_parse_error: Extra data: line 25 column 1 (char 809)
601,1,True,(no spans found),,
601,2,True,(no spans found),,
601,3,True,(no spans found),,
602,1,False,Location,Hotel very well located for the airport.,
602,1,False,Cleanliness,"clean, quiet.",
602,2,False,(parse failed),,json_parse_error: Extra data: line 18 column 1 (char 518)
602,3,False,(parse failed),,json_parse_error: Extra data: line 18 column 1 (char 518)
603,1,False,Staff,Friendly staff.,
603,1,False,Facility,Very pleasant terrace in the evening.,
603,1,False,Accommodation,Very clean accommodation.,
603,1,False,Television,The quality of the television image quite poor.,
603,2,False,Staff,Friendly staff.,
603,2,False,Facility,Very pleasant terrace in the evening.,
603,2,False,Accommodation,Very clean accommodation.,
603,2,False,Television,The quality of the television image quite poor.,
603,3,False,Staff,Friendly staff.,
603,3,False,Facility,Very pleasant terrace in the evening.,
603,3,False,Accommodation,Very clean accommodation.,
603,3,False,Television,The quality of the television image quite poor.,
604,1,True,Off,everything in general,
604,2,True,Off,everything in general,
604,3,True,Off,everything in general,
605,1,True,Staff,"The hosts are very nice, they help in everything.",
605,2,True,Staff,"The hosts are very nice, they help in everything.",
605,3,True,Staff,"The hosts are very nice, they help in everything.",
606,1,False,(parse failed),,"json_parse_error: Expecting ',' delimiter: line 15 column 1 (char 523)"
606,2,False,(parse failed),,"json_parse_error: Expecting ',' delimiter: line 15 column 1 (char 523)"
606,3,False,(parse failed),,"json_parse_error: Expecting ',' delimiter: line 15 column 1 (char 523)"
607,1,True,Room,"The room is not sealed off from the corridor, you can hear everything.",
607,1,True,Room,Somewhat small and sterile rooms.,
607,1,True,Staff,friendly staff,
607,1,True,Location,"very close to the beach and the airport, lots of restaurants nearby, relatively quiet location.",
607,2,True,Room,"The room is not sealed off from the corridor, you can hear everything.",
607,2,True,Room,Somewhat small and sterile rooms.,
607,2,True,Staff,friendly staff,
607,2,True,Location,"very close to the beach and the airport, lots of restaurants nearby, relatively quiet location.",
607,3,True,Room,"The room is not sealed off from the corridor, you can hear everything.",
607,3,True,Room,Somewhat small and sterile rooms.,
607,3,True,Staff,friendly staff,
607,3,True,Location,"very close to the beach and the airport, lots of restaurants nearby, relatively quiet location.",
608,1,True,Room,the view from my room.,
608,2,True,Room,the view from my room.,
608,3,True,Room,the view from my room.,
609,1,False,(parse failed),,json_parse_error: Expecting value: line 1 column 1 (char 0)
609,2,False,(parse failed),,json_parse_error: Expecting value: line 1 column 1 (char 0)
609,3,False,(parse failed),,json_parse_error: Expecting value: line 1 column 1 (char 0)
610,1,False,Location,Close to Larnaca airport and 5min walk to the beach.,
610,1,False,Food,The breakfast on the terrace is very nice too.,
610,1,False,Food,Very quiet hotel with a restaurant in the enclosure which is very good.,
610,2,True,Location,Close to Larnaca airport and 5min walk to the beach.,
610,2,True,Food,The breakfast on the terrace is very nice too!,
610,2,True,Food,Very quiet hotel with a restaurant in the enclosure which is very good.,
610,3,True,Location,Close to Larnaca airport and 5min walk to the beach.,
610,3,True,Food,The breakfast on the terrace is very nice too!,
610,3,True,Food,Very quiet hotel with a restaurant in the enclosure which is very good.,
611,1,False,Room,The comfortable and very clean room.,
611,1,False,Staff,"The kindness and availability of the staff,",
611,1,False,Location,Proximity to the city center and the beach.,
611,1,False,Food,The restaurant offering a good quality of dishes.,
611,1,False,Price,Very good value for money,
611,2,False,Room,The comfortable and very clean room.,
611,2,False,Staff,"The kindness and availability of the staff,",
611,2,False,Location,Proximity to the city center and the beach.,
611,2,False,Food,The restaurant offering a good quality of dishes.,
611,2,False,Price,Very good value for money,
611,3,False,Room,The comfortable and very clean room.,
611,3,False,Staff,"The kindness and availability of the staff,",
611,3,False,Location,Proximity to the city center and the beach.,
611,3,False,Food,The restaurant offering a good quality of dishes.,
611,3,False,Price,Very good value for money,
612,1,True,Room,the room is nice and well furnished,
612,1,True,Staff,the managers of the hotel are extraordinarily kind and caring,
612,1,True,Staff,"they speak French and helped us find a rental car at a good price, they accompanied and advised us during our stay",
612,1,True,Location,"the establishment is really close to the airport, i.e. 6 minutes by car",
612,2,True,Room,the room is nice and well furnished,
612,2,True,Staff,the managers of the hotel are extraordinarily kind and caring,
612,2,True,Staff,"they speak French and helped us find a rental car at a good price, they accompanied and advised us during our stay",
612,2,True,Location,"the establishment is really close to the airport, i.e. 6 minutes by car",
612,3,True,Room,the room is nice and well furnished,
612,3,True,Staff,the managers of the hotel are extraordinarily kind and caring,
612,3,True,Staff,"they speak French and helped us find a rental car at a good price, they accompanied and advised us during our stay",
612,3,True,Location,"the establishment is really close to the airport, i.e. 6 minutes by car",
613,1,True,Staff,Friendly staff.,
613,1,True,Food,Very good breakfast!,
613,2,True,Staff,Friendly staff.,
613,2,True,Food,Very good breakfast!,
613,3,True,Staff,Friendly staff.,
613,3,True,Food,Very good breakfast!,
614,1,True,Room,The rooms are spacious and comfortable.,
614,1,True,Staff,"Very friendly staff,",
614,1,True,Location,"It is ideally located near the airport, 5min by bus.",
614,2,True,Room,The rooms are spacious and comfortable.,
614,2,True,Staff,"Very friendly staff,",
614,2,True,Location,"It is ideally located near the airport, 5min by bus.",
614,3,True,Room,The rooms are spacious and comfortable.,
614,3,True,Staff,"Very friendly staff,",
614,3,True,Location,"It is ideally located near the airport, 5min by bus.",
615,1,False,Staff,Very nice staff,
615,1,False,Taxi-issue,"We had ordered a shuttle and thought it was specific to the hotel but it turned out to be just a lambda taxi, the problem is that we waited for it for 40 minutes because it was late but nobody warned us.",
615,1,False,Restaurant,restaurant very good,
615,2,False,Staff,Very nice staff,
615,2,False,Taxi-issue,"We had ordered a shuttle and thought it was specific to the hotel but it turned out to be just a lambda taxi, the problem is that we waited for it for 40 minutes because it was late but nobody warned us.",
615,2,False,Restaurant,restaurant very good,
615,3,False,Staff,Very nice staff,
615,3,False,Taxi-issue,"We had ordered a shuttle and thought it was specific to the hotel but it turned out to be just a lambda taxi, the problem is that we waited for it for 40 minutes because it was late but nobody warned us.",
615,3,False,Restaurant,restaurant very good,
616,1,True,Staff,Very friendly and helpful hotel staff.,
616,1,True,Location,"Mackenzie Beach is super easy to reach, but not too close to be disturbed by the parties there at night.",
616,2,True,Staff,Very friendly and helpful hotel staff.,
616,2,True,Location,"Mackenzie Beach is super easy to reach, but not too close to be disturbed by the parties there at night.",
616,3,True,Staff,Very friendly and helpful hotel staff.,
616,3,True,Location,"Mackenzie Beach is super easy to reach, but not too close to be disturbed by the parties there at night.",
617,1,False,(parse failed),,json_parse_error: Extra data: line 18 column 1 (char 477)
617,2,False,(parse failed),,json_parse_error: Extra data: line 18 column 1 (char 477)
617,3,False,(parse failed),,json_parse_error: Extra data: line 18 column 1 (char 477)
618,1,True,Location,location,
618,2,False,(parse failed),,json_parse_error: Expecting value: line 1 column 1 (char 0)
618,3,False,(parse failed),,json_parse_error: Expecting value: line 1 column 1 (char 0)
619,1,False,Staff,Excellent welcome by the owner who speaks fluent French.,
619,1,False,Staff,lovely waiter.,
619,1,False,Location,extremely well located for the airport and Larnaca salt lake.,
619,1,False,Food,Perfect and good dinner.,
619,1,False,Price,unbeatable value for money I think.,
619,2,False,(parse failed),,json_parse_error: Expecting value: line 1 column 1 (char 0)
619,3,False,(parse failed),,json_parse_error: Expecting value: line 1 column 1 (char 0)
620,1,True,Room,The room has everything you need.,
620,1,True,Room,"I booked a room with one bed, in fact it was 2 separate beds, no one warned about this, it was very uncomfortable for me and my husband to sleep, having moved the mattresses.",
620,1,True,Staff,The staff are friendly and try to help.,
620,1,True,Location,Nice clean hotel near the airport.,
620,1,True,Location,in 7-10 minutes you can walk to the embankment.,
620,2,True,Room,The room has everything you need.,
620,2,True,Room,"I booked a room with one bed, in fact it was 2 separate beds, no one warned about this, it was very uncomfortable for me and my husband to sleep, having moved the mattresses.",
620,2,True,Staff,The staff are friendly and try to help.,
620,2,True,Location,Nice clean hotel near the airport.,
620,2,True,Location,in 7-10 minutes you can walk to the embankment.,
620,3,True,Room,The room has everything you need.,
620,3,True,Room,"I booked a room with one bed, in fact it was 2 separate beds, no one warned about this, it was very uncomfortable for me and my husband to sleep, having moved the mattresses.",
620,3,True,Staff,The staff are friendly and try to help.,
620,3,True,Location,Nice clean hotel near the airport.,
620,3,True,Location,in 7-10 minutes you can walk to the embankment.,
621,1,False,Staff,"The owner of the place is an amazing guy, nice and answers everything!",
621,1,False,Food,"there are breakfasts, not a big variety but tasty",
621,2,False,Staff,"The owner of the place is an amazing guy, nice and answers everything!",
621,2,False,Food,"there are breakfasts, not a big variety but tasty",
621,3,False,Staff,"The owner of the place is an amazing guy, nice and answers everything!",
621,3,False,Food,"there are breakfasts, not a big variety but tasty",
622,1,True,Room,"a clean, modern room",
622,1,True,Staff,super friendly staff,
622,2,True,Room,"a clean, modern room",
622,2,True,Staff,super friendly staff,
622,3,True,Room,"a clean, modern room",
622,3,True,Staff,super friendly staff,
623,1,False,(parse failed),,json_parse_error: Extra data: line 18 column 1 (char 459)
623,2,False,(parse failed),,json_parse_error: Extra data: line 18 column 1 (char 459)
623,3,False,(parse failed),,json_parse_error: Extra data: line 18 column 1 (char 459)
624,1,True,Room,Nice modern room.,
624,1,True,Staff,Boss and family take care of that,
624,2,True,Room,Nice modern room.,
624,2,True,Staff,Boss and family take care of that,
624,3,True,Room,Nice modern room.,
624,3,True,Staff,Boss and family take care of that,
625,1,True,Location,Location very good for airport and beach.,
625,1,True,Booking-issue,No breakfast booked.,
625,2,True,Location,Location very good for airport and beach.,
625,2,True,Booking-issue,No breakfast booked.,
625,3,True,Location,Location very good for airport and beach.,
625,3,True,Booking-issue,No breakfast booked.,
626,1,True,Room,"The rooms are clean, air-conditioned, balcony, mini-bar.",
626,1,True,Staff,The most important thing about the hotel is the incredible staff.,
626,1,True,Staff,"The general manager, he is behind the counter in the restaurant, made our holiday",
626,1,True,Food,"Definitely recommend trying the food in the restaurant. We took pasta, pizza, salads and burgers and everything was piping hot and very tasty and homemade.",
626,2,True,Room,"The rooms are clean, air-conditioned, balcony, mini-bar.",
626,2,True,Staff,The most important thing about the hotel is the incredible staff.,
626,2,True,Staff,"The general manager, he is behind the counter in the restaurant, made our holiday",
626,2,True,Food,"Definitely recommend trying the food in the restaurant. We took pasta, pizza, salads and burgers and everything was piping hot and very tasty and homemade.",
626,3,True,Room,"The rooms are clean, air-conditioned, balcony, mini-bar.",
626,3,True,Staff,The most important thing about the hotel is the incredible staff.,
626,3,True,Staff,"The general manager, he is behind the counter in the restaurant, made our holiday",
626,3,True,Food,"Definitely recommend trying the food in the restaurant. We took pasta, pizza, salads and burgers and everything was piping hot and very tasty and homemade.",
627,1,True,Staff,"I loved the staff, they always greeted us with a smile, they were really nice, they always responded to the help we needed",
627,1,True,Staff,"they called us a taxi, they didn't charge me again because I lost my room ticket",
627,1,True,Location,A bit far from the city center,
627,1,True,Facility,a stunning hotel,
627,1,True,Facility,an aesthetic and clean place with innovative and interesting service,
627,2,True,Staff,"I loved the staff, they always greeted us with a smile, they were really nice, they always responded to the help we needed, they called us a taxi, they didn't charge me again because I lost my room ticket",
627,2,True,Staff,amazing thank you so much to this hotel,
627,2,True,Location,A bit far from the city center,
627,2,True,Facility,an aesthetic and clean place with innovative and interesting service,
627,2,True,Taxi-issue,they called us a taxi,
627,3,True,Staff,"I loved the staff, they always greeted us with a smile, they were really nice, they always responded to the help we needed, they called us a taxi, they didn't charge me again because I lost my room ticket",
627,3,True,Staff,amazing thank you so much to this hotel,
627,3,True,Location,A bit far from the city center,
627,3,True,Facility,an aesthetic and clean place with innovative and interesting service,
627,3,True,Taxi-issue,they called us a taxi,
628,1,False,Staff,The staff at the hotel (Tony) was nice and gave a pleasant feeling - immediately after the booking we received a WhatsApp from him to confirm the time of arrival and to inform that they were waiting for us.,
628,1,False,Location,The hotel is located close to the airport (there is a bus with good frequency from the street next to the airport) and close to the city center.,
628,1,False,Location,The hotel is located in a dead-end and quiet street - we had plenty of parking.,
628,2,False,Room,The rooms were very clean.,
628,2,False,Staff,The staff at the hotel (Tony) was nice and gave a pleasant feeling,
628,2,False,Location,The hotel is located close to the airport,
628,2,False,Location,The hotel is located close to the city center,
628,2,False,Location,The hotel is located in a dead-end and quiet street,
628,2,False,Parking,plenty of parking,
628,2,False,Bus,there is a bus with good frequency from the street next to the airport,
628,3,False,Room,The rooms were very clean.,
628,3,False,Staff,The staff at the hotel (Tony) was nice and gave a pleasant feeling,
628,3,False,Location,The hotel is located close to the airport,
628,3,False,Location,The hotel is located close to the city center,
628,3,False,Location,The hotel is located in a dead-end and quiet street,
628,3,False,Parking,plenty of parking,
628,3,False,Bus,there is a bus with good frequency from the street next to the airport,
629,1,True,Staff,the welcome was pleasant,
629,1,True,Taxi-issue,they helped us order a taxi to the airport,
629,2,True,Staff,the welcome was pleasant,
629,2,True,Taxi-issue,they helped us order a taxi to the airport,
629,3,True,Staff,the welcome was pleasant,
629,3,True,Taxi-issue,they helped us order a taxi to the airport,
630,1,False,Staff,Very friendly and helpful Staff.,
630,1,False,Wifi,Wifi was weak at times.,
630,2,False,(parse failed),,json_parse_error: Extra data: line 26 column 1 (char 727)
630,3,False,(parse failed),,json_parse_error: Extra data: line 26 column 1 (char 727)
631,1,True,Price,Excellent price/quality ratio,
631,1,True,Facility,"It was very new, clean and quite modern.",
631,2,True,Price,Excellent price/quality ratio,
631,2,True,Facility,"It was very new, clean and quite modern.",
631,3,True,Price,Excellent price/quality ratio,
631,3,True,Facility,"It was very new, clean and quite modern.",
632,1,True,Room,"The room was very nicely furnished and, above all, super clean.",
632,1,True,Location,It was perfect for that.,
632,1,True,Location,The location was also perfect for the trip to the airport the next morning (7:00 am).,
632,1,True,Location,Mackenzie Beach is super close and so are lots of cool bars and restaurants.,
632,2,True,Room,"The room was very nicely furnished and, above all, super clean.",
632,2,True,Location,It was perfect for that.,
632,2,True,Location,The location was also perfect for the trip to the airport the next morning (7:00 am).,
632,2,True,Location,Mackenzie Beach is super close and so are lots of cool bars and restaurants.,
632,3,True,Room,"The room was very nicely furnished and, above all, super clean.",
632,3,True,Location,It was perfect for that.,
632,3,True,Location,The location was also perfect for the trip to the airport the next morning (7:00 am).,
632,3,True,Location,Mackenzie Beach is super close and so are lots of cool bars and restaurants.,
633,1,False,Staff,Very friendly,
633,1,False,Location,close to the airport,
633,1,False,Check-in,"Even though we arrived at 3 a.m., they waited for us.",
633,1,False,Cleanliness,very clean,
633,2,False,Staff,Very friendly,
633,2,False,Location,close to the airport,
633,2,False,Check-in,"Even though we arrived at 3 a.m., they waited for us.",
633,2,False,Cleanliness,very clean,
633,3,False,Staff,Very friendly,
633,3,False,Location,close to the airport,
633,3,False,Check-in,"Even though we arrived at 3 a.m., they waited for us.",
633,3,False,Cleanliness,very clean,
634,1,True,(no spans found),,
634,2,True,(no spans found),,
634,3,True,(no spans found),,
635,1,False,Staff,The staff is friendly.,
635,1,False,Location,Great location.,
635,1,False,Location,10 minutes by bus from and to the airport.,
635,1,False,Location,10 minutes walk to the beach and cafes by the beach.,
635,1,False,Location,"It takes 40 minutes to walk along the promenade to the city, but it's nice.",
635,2,False,Staff,The staff is friendly.,
635,2,False,Location,Great location.,
635,2,False,Location,10 minutes by bus from and to the airport.,
635,2,False,Location,10 minutes walk to the beach and cafes by the beach.,
635,2,False,Location,"It takes 40 minutes to walk along the promenade to the city, but it's nice.",
635,3,False,Staff,The staff is friendly.,
635,3,False,Location,Great location.,
635,3,False,Location,10 minutes by bus from and to the airport.,
635,3,False,Location,10 minutes walk to the beach and cafes by the beach.,
635,3,False,Location,"It takes 40 minutes to walk along the promenade to the city, but it's nice.",
636,1,False,Staff,A very friendly staff.,
636,1,False,Food,We had dinner at the hotel restaurant and it was excellent!,
636,2,False,Staff,A very friendly staff.,
636,2,False,Food,We had dinner at the hotel restaurant and it was excellent!,
636,2,False,Restaurant,The chef gave a personal touch to understand exactly what we want.,
636,3,False,Staff,A very friendly staff.,
636,3,False,Food,We had dinner at the hotel restaurant and it was excellent!,
636,3,False,Restaurant,The chef gave a personal touch to understand exactly what we want.,
637,1,False,Staff,Very friendly reception.,
637,1,False,Location,Perfect location to the airport.,
637,1,False,Cleanliness,Very clean.,
637,2,False,Staff,Very friendly reception.,
637,2,False,Location,Perfect location to the airport.,
637,2,False,Cleanliness,Very clean.,
637,3,False,Staff,Very friendly reception.,
637,3,False,Location,Perfect location to the airport.,
637,3,False,Cleanliness,Very clean.,
638,1,True,Staff,service and courtesy of the staff.,
638,1,True,Location,"Location,",
638,2,True,Staff,service and courtesy of the staff.,
638,2,True,Location,"Location,",
638,3,True,Staff,service and courtesy of the staff.,
638,3,True,Location,"Location,",
639,1,True,Room,Small beautiful clean room.,
639,1,True,Check-in,They accommodated us with an earlier check-in and earlier check-out.,
639,1,True,Check-in,There is no problem with a later check-in either.,
639,1,True,Check-out,They accommodated us with an earlier check-in and earlier check-out.,
639,2,True,Room,Small beautiful clean room.,
639,2,True,Check-in,They accommodated us with an earlier check-in and earlier check-out.,
639,2,True,Check-in,There is no problem with a later check-in either.,
639,2,True,Check-out,They accommodated us with an earlier check-in and earlier check-out.,
639,3,True,Room,Small beautiful clean room.,
639,3,True,Check-in,They accommodated us with an earlier check-in and earlier check-out.,
639,3,True,Check-in,There is no problem with a later check-in either.,
639,3,True,Check-out,They accommodated us with an earlier check-in and earlier check-out.,
640,1,True,Room,It was very clean.,
640,1,True,Room,the humid air in the room.,
640,1,True,Room,It was very warm.,
640,1,True,Staff,The host was very nice.,
640,1,True,Staff,He gave us instructions on how to get to the hotel and then even picked us up at the bus stop because we were very late,
640,2,True,Room,It was very clean.,
640,2,True,Room,The air conditioning probably didn't work properly,
640,2,True,Staff,The host was very nice.,
640,2,True,Staff,He gave us instructions on how to get to the hotel and then even picked us up at the bus stop because we were very late,
640,3,True,Room,It was very clean.,
640,3,True,Room,The air conditioning probably didn't work properly,
640,3,True,Staff,The host was very nice.,
640,3,True,Staff,He gave us instructions on how to get to the hotel and then even picked us up at the bus stop because we were very late,
641,1,True,Room,Nice room with a nice balcony.,
641,1,True,Staff,"Very friendly staff,",
641,1,True,Location,Quiet and peaceful area.,
641,2,True,Room,Nice room with a nice balcony.,
641,2,True,Staff,"Very friendly staff,",
641,2,True,Location,Quiet and peaceful area.,
641,3,True,Room,Nice room with a nice balcony.,
641,3,True,Staff,"Very friendly staff,",
641,3,True,Location,Quiet and peaceful area.,
642,1,True,Staff,Are very caring and welcome you 24 hours a day,
642,1,True,Location,very close to the airport,
642,1,True,Food,Delicious homemade breakfast,
642,2,True,Staff,Are very caring and welcome you 24 hours a day,
642,2,True,Location,very close to the airport,
642,2,True,Food,Delicious homemade breakfast,
642,3,True,Staff,Are very caring and welcome you 24 hours a day,
642,3,True,Location,very close to the airport,
642,3,True,Food,Delicious homemade breakfast,
643,1,False,Room,modern room.,
643,1,False,Food,I would like more variety at breakfast.,
643,1,False,Food,The price to food ratio was disproportionate.,
643,1,False,Price,The price to food ratio was disproportionate.,
643,1,False,Breakfast,I would like more variety at breakfast.,
643,1,False,Cleanliness,"cleanliness,",
643,1,False,Courtesy,"courtesy,",
643,1,False,Environment,"Welcoming environment,",
643,2,False,Room,modern room.,
643,2,False,Food,I would like more variety at breakfast.,
643,2,False,Food,The price to food ratio was disproportionate.,
643,2,False,Price,The price to food ratio was disproportionate.,
643,2,False,Breakfast,I would like more variety at breakfast.,
643,2,False,Cleanliness,"cleanliness,",
643,2,False,Courtesy,"courtesy,",
643,2,False,Environment,"Welcoming environment,",
643,3,False,Room,modern room.,
643,3,False,Food,I would like more variety at breakfast.,
643,3,False,Food,The price to food ratio was disproportionate.,
643,3,False,Price,The price to food ratio was disproportionate.,
643,3,False,Breakfast,I would like more variety at breakfast.,
643,3,False,Cleanliness,"cleanliness,",
643,3,False,Courtesy,"courtesy,",
643,3,False,Environment,"Welcoming environment,",
644,1,True,Room,"Very clean, comfortable bed",
644,1,True,Room,tea and coffee in the room,
644,1,True,Location,perfect location (near the airport),
644,2,True,Room,"Very clean, comfortable bed",
644,2,True,Room,tea and coffee in the room,
644,2,True,Location,perfect location (near the airport),
644,3,True,Room,"Very clean, comfortable bed",
644,3,True,Room,tea and coffee in the room,
644,3,True,Location,perfect location (near the airport),
645,1,True,(no spans found),,
645,2,True,(no spans found),,
645,3,True,(no spans found),,
646,1,False,Room,The room was wonderful.,
646,1,False,Room,White bed.,
646,1,False,Room,The shower is wonderful.,
646,1,False,Staff,The owner of the hotel was very friendly.,
646,1,False,Location,Very close to Salt Lake and Mackenzie Beach.,
646,1,False,Location,Very close to bus stop.,
646,1,False,Location,"The hotel is clean, comfortable and a good location.",
646,1,False,Location,From the hotel you can just walk along the entire promenade of Larnaca.,
646,1,False,Food,Breakfast can be bought directly at the hotel for only 8 euros.,
646,1,False,Price,The bus only costs 1.5 euros to and from the airport.,
646,1,False,Facility,The air conditioner works.,
646,2,False,Room,The room was wonderful.,
646,2,False,Room,White bed.,
646,2,False,Room,"The shower is wonderful,",
646,2,False,Staff,"The owner of the hotel was very friendly,",
646,2,False,Location,Very close to Salt Lake and Mackenzie Beach.,
646,2,False,Location,Very close to bus stop.,
646,2,False,Location,"Very close to the airport,",
646,2,False,Food,Breakfast can be bought directly at the hotel for only 8 euros.,
646,2,False,Price,1.5 euros to and from the airport.,
646,2,False,Facility,"The air conditioner works,",
646,3,False,Room,The room was wonderful.,
646,3,False,Room,White bed.,
646,3,False,Room,"The shower is wonderful,",
646,3,False,Staff,"The owner of the hotel was very friendly,",
646,3,False,Location,Very close to Salt Lake and Mackenzie Beach.,
646,3,False,Location,Very close to bus stop.,
646,3,False,Location,"Very close to the airport,",
646,3,False,Food,Breakfast can be bought directly at the hotel for only 8 euros.,
646,3,False,Price,1.5 euros to and from the airport.,
646,3,False,Facility,"The air conditioner works,",
647,1,True,(no spans found),,
647,2,True,(no spans found),,
647,3,True,(no spans found),,
648,1,False,(parse failed),,json_parse_error: Expecting value: line 1 column 1 (char 0)
648,2,False,(parse failed),,json_parse_error: Expecting value: line 1 column 1 (char 0)
648,3,False,(parse failed),,json_parse_error: Expecting value: line 1 column 1 (char 0)
649,1,True,Room,Clean comfortable room.,
649,1,True,Room,"The room was small, could have been a bit more spacious.",
649,1,True,Staff,Friendly staff.,
649,1,True,Location,The hotel is located near the airport.,
649,2,True,Room,Clean comfortable room.,
649,2,True,Room,"The room was small, could have been a bit more spacious.",
649,2,True,Staff,Friendly staff.,
649,2,True,Location,The hotel is located near the airport.,
649,3,True,Room,Clean comfortable room.,
649,3,True,Room,"The room was small, could have been a bit more spacious.",
649,3,True,Staff,Friendly staff.,
649,3,True,Location,The hotel is located near the airport.,
650,1,True,Room,"The room is very clean, comfortable mattresses, excellent clean bedding.",
650,1,True,Staff,Very polite and pleasant staff.,
650,1,True,Location,Cozy hotel in a quiet location.,
650,1,True,Location,Walking distance to the beach,
650,1,True,Food,We took breakfast once. I liked it.,
650,2,True,Room,"The room is very clean, comfortable mattresses, excellent clean bedding.",
650,2,True,Staff,Very polite and pleasant staff.,
650,2,True,Location,Cozy hotel in a quiet location.,
650,2,True,Location,Walking distance to the beach,
650,2,True,Food,We took breakfast once. I liked it.,
650,3,True,Room,"The room is very clean, comfortable mattresses, excellent clean bedding.",
650,3,True,Staff,Very polite and pleasant staff.,
650,3,True,Location,Cozy hotel in a quiet location.,
650,3,True,Location,Walking distance to the beach,
650,3,True,Food,We took breakfast once. I liked it.,
651,1,True,Staff,Pleasant staff,
651,2,True,Staff,Pleasant staff,
651,3,True,Staff,Pleasant staff,
652,1,False,(parse failed),,json_parse_error: Expecting value: line 1 column 1 (char 0)
652,2,False,(parse failed),,json_parse_error: Expecting value: line 1 column 1 (char 0)
652,3,False,(parse failed),,json_parse_error: Expecting value: line 1 column 1 (char 0)
653,1,True,Staff,Very nice staff,
653,1,True,Location,"close to the airport, near the lake with flamingos (in winter)",
653,2,False,Staff,Very nice staff,
653,2,False,Location,"close to the airport, near the lake with flamingos (in winter)",
653,2,False,Bed,comfortable beds,
653,2,False,Shower,great shower,
653,3,False,Staff,Very nice staff,
653,3,False,Location,"close to the airport, near the lake with flamingos (in winter)",
653,3,False,Bed,comfortable beds,
653,3,False,Shower,great shower,
654,1,False,Room,"clean, comfortable, with a soft bed",
654,1,False,Staff,Always friendly staff,
654,1,False,Location,The hotel,
654,1,False,Facility,the veranda,
654,2,False,Room,"clean, comfortable, with a soft bed",
654,2,False,Staff,Always friendly staff,
654,2,False,Location,The hotel,
654,2,False,Facility,the veranda,
654,3,False,Room,"clean, comfortable, with a soft bed",
654,3,False,Staff,Always friendly staff,
654,3,False,Location,The hotel,
654,3,False,Facility,the veranda,
655,1,True,Room,"The room was very well equipped, clean, comfortable",
655,1,True,Location,"The hotel is not far from the airport, but a bit far from city center",
655,2,True,Room,"The room was very well equipped, clean, comfortable",
655,2,True,Location,"The hotel is not far from the airport, but a bit far from city center",
655,3,True,Room,"The room was very well equipped, clean, comfortable",
655,3,True,Location,"The hotel is not far from the airport, but a bit far from city center",
656,1,False,Room,the room very clean.,
656,1,False,Staff,"nice staff,",
656,1,False,Facility,lobby very clean.,
656,2,False,Room,the room very clean.,
656,2,False,Staff,"nice staff,",
656,2,False,Facility,lobby very clean.,
656,3,False,Room,the room very clean.,
656,3,False,Staff,"nice staff,",
656,3,False,Facility,lobby very clean.,
657,1,True,Room,nice rooms,
657,1,True,Staff,Friendly staff,
657,2,True,Room,nice rooms,
657,2,True,Staff,Friendly staff,
657,3,True,Room,nice rooms,
657,3,True,Staff,Friendly staff,
658,1,False,Food,delicious food,
658,1,False,Atmosphere,Nice homely atmosphere,
658,1,False,Service,The owner takes care of the guests to make them feel at home,
658,2,False,Food,delicious food,
658,2,False,Atmosphere,Nice homely atmosphere,
658,2,False,Service,The owner takes care of the guests to make them feel at home.,
658,2,False,Recommendation,The place is RECOMMENDED,
658,3,False,Food,delicious food,
658,3,False,Atmosphere,Nice homely atmosphere,
658,3,False,Service,The owner takes care of the guests to make them feel at home.,
658,3,False,Recommendation,The place is RECOMMENDED,
659,1,True,Room,"It was the cleanest room I've ever been, cleanliness is top notch, cleaned every day, down to the taps, towels and white bedding",
659,1,True,Staff,"The staff is excellent, everyone is definitely polite and smiling",
659,2,True,Room,"It was the cleanest room I've ever been, cleanliness is top notch, cleaned every day, down to the taps, towels and white bedding",
659,2,True,Staff,"The staff is excellent, everyone is definitely polite and smiling",
659,3,True,Room,"It was the cleanest room I've ever been, cleanliness is top notch, cleaned every day, down to the taps, towels and white bedding",
659,3,True,Staff,"The staff is excellent, everyone is definitely polite and smiling",
660,1,False,Room,The rooms are very well equipped,
660,1,False,Staff,Very available and caring for his customers,
660,1,False,Food,The breakfast very good and plentiful,
660,1,False,Taxi-issue,"We arrived at 2:30 am at the airport, a shuttle taxi to the hotel was waiting for us",
660,2,False,Room,The rooms are very well equipped,
660,2,False,Staff,Very available and caring for his customers,
660,2,False,Food,The breakfast very good and plentiful,
660,2,False,Taxi-issue,"We arrived at 2:30 am at the airport, a shuttle taxi to the hotel was waiting for us",
660,3,False,Room,The rooms are very well equipped,
660,3,False,Staff,Very available and caring for his customers,
660,3,False,Food,The breakfast very good and plentiful,
660,3,False,Taxi-issue,"We arrived at 2:30 am at the airport, a shuttle taxi to the hotel was waiting for us",
661,1,False,Room,small but modern rooms,
661,1,False,Room,good bed,
661,1,False,Location,Proximity to the airport,
661,1,False,Bathroom,very good bathroom,
661,2,False,Room,small but modern rooms,
661,2,False,Room,good bed,
661,2,False,Location,Proximity to the airport,
661,2,False,Bathroom,very good bathroom,
661,3,False,Room,small but modern rooms,
661,3,False,Room,good bed,
661,3,False,Location,Proximity to the airport,
661,3,False,Bathroom,very good bathroom,
662,1,False,Staff,very helpful staff,
662,1,False,Location,a beautiful beach within walking distance,
662,1,False,Facility,parking in the hotel area,
662,1,False,Accommodation,Nice accommodation,
662,1,False,Accommodation,Beautiful accommodation,
662,2,False,Staff,very helpful staff,
662,2,False,Location,a beautiful beach within walking distance,
662,2,False,Facility,parking in the hotel area,
662,2,False,Accommodation,Nice accommodation,
662,3,False,Staff,very helpful staff,
662,3,False,Location,a beautiful beach within walking distance,
662,3,False,Facility,parking in the hotel area,
662,3,False,Accommodation,Nice accommodation,
663,1,True,Room,"Great, modern design, comfortable bed, clean, large with a balcony. Large bathroom with shower. Equipped with a kettle plus a welcome pack (tea, coffee, water)",
663,1,True,Location,"Hotel near the airport, fast transfer organized by the hotel.",
663,1,True,Location,"close to the beach, although to get to the beach relatively quickly you have to go to the so-called. ""shortcuts"" along a well-trodden path through a field and a small escarpment or another way a little ""around"" along the streets.",
663,1,True,Location,"The center is quite far, about 2.5 km, a walk along the beach promenade.",
663,1,True,Food,"Served on site, on the ground floor in the dining room with access to the front terrace, delicious, homemade Greek taste.",
663,2,True,Room,"Great, modern design, comfortable bed, clean, large with a balcony. Large bathroom with shower. Equipped with a kettle plus a welcome pack (tea, coffee, water)",
663,2,True,Location,"Hotel near the airport, fast transfer organized by the hotel.",
663,2,True,Location,close to the beach,
663,2,True,Location,"The center is quite far, about 2.5 km, a walk along the beach promenade.",
663,2,True,Food,"Served on site, on the ground floor in the dining room with access to the front terrace, delicious, homemade Greek taste.",
663,3,True,Room,"Great, modern design, comfortable bed, clean, large with a balcony. Large bathroom with shower. Equipped with a kettle plus a welcome pack (tea, coffee, water)",
663,3,True,Location,"Hotel near the airport, fast transfer organized by the hotel.",
663,3,True,Location,close to the beach,
663,3,True,Location,"The center is quite far, about 2.5 km, a walk along the beach promenade.",
663,3,True,Food,"Served on site, on the ground floor in the dining room with access to the front terrace, delicious, homemade Greek taste.",
664,1,True,Room,"The reception of the staff, the cleanliness and the quality of the room.",
664,1,True,Staff,"The reception of the staff, the cleanliness and the quality of the room.",
664,2,True,Room,"The reception of the staff, the cleanliness and the quality of the room.",
664,2,True,Staff,"The reception of the staff, the cleanliness and the quality of the room.",
664,3,True,Room,"The reception of the staff, the cleanliness and the quality of the room.",
664,3,True,Staff,"The reception of the staff, the cleanliness and the quality of the room.",
665,1,False,Location,"Location close to the airport, therefore during the day a lot of noise from planes taking off.",
665,1,False,Food,"Breakfast was good, but not lavish. Had to ask for bread.",
665,1,False,Bed,Beds are soft and with a lot of plastic therefore very sweaty.,
665,1,False,Noise,In the middle of the night the garbage containers were emptied with a lot of noise.,
665,2,False,(parse failed),,json_parse_error: Expecting value: line 1 column 1 (char 0)
665,3,False,(parse failed),,json_parse_error: Expecting value: line 1 column 1 (char 0)
666,1,False,Staff,very friendly and helpful staff/owners.,
666,1,False,Location,Great location as I arrived very late and just wanted to sleep.,
666,1,False,Location,Quiet location,
666,1,False,Taxi-issue,"unfortunately, the organized taxi came too late/ a bit chaotic.",
666,1,False,Bed,bed a bit uncomfortable.,
666,2,False,Staff,very friendly and helpful staff/owners.,
666,2,False,Location,Great location as I arrived very late and just wanted to sleep.,
666,2,False,Location,Quiet location,
666,2,False,Taxi-issue,"unfortunately, the organized taxi came too late/ a bit chaotic.",
666,2,False,Bed,bed a bit uncomfortable.,
666,3,False,Staff,very friendly and helpful staff/owners.,
666,3,False,Location,Great location as I arrived very late and just wanted to sleep.,
666,3,False,Location,Quiet location,
666,3,False,Taxi-issue,"unfortunately, the organized taxi came too late/ a bit chaotic.",
666,3,False,Bed,bed a bit uncomfortable.,
667,1,True,Room,"Very clean new room, perfect bed and towels",
667,1,True,Staff,"Friendly staff, all wishes and problematic situations are solved immediately",
667,1,True,Location,"close location to the bus stop, 10 minutes to the center and 5 minutes to the airport",
667,2,True,Room,"Very clean new room, perfect bed and towels",
667,2,True,Staff,"Friendly staff, all wishes and problematic situations are solved immediately",
667,2,True,Location,"close location to the bus stop, 10 minutes to the center and 5 minutes to the airport",
667,3,True,Room,"Very clean new room, perfect bed and towels",
667,3,True,Staff,"Friendly staff, all wishes and problematic situations are solved immediately",
667,3,True,Location,"close location to the bus stop, 10 minutes to the center and 5 minutes to the airport",
668,1,True,Location,location and calm,
668,2,True,Location,location and calm,
668,3,True,Location,location and calm,
669,1,False,(parse failed),,json_parse_error: Expecting value: line 1 column 1 (char 0)
669,2,False,(parse failed),,json_parse_error: Expecting value: line 1 column 1 (char 0)
669,3,False,(parse failed),,json_parse_error: Expecting value: line 1 column 1 (char 0)
670,1,True,Room,"The ""street side"" rooms are noisier than those facing the back.",
670,2,True,Room,"The ""street side"" rooms are noisier than those facing the back.",
670,3,True,Room,"The ""street side"" rooms are noisier than those facing the back.",
671,1,True,Facility,Pleasantly surprised as the hotel appears to have been renovated.,
671,1,True,Facility,Unfortunately the pool was closed.,
671,2,True,Facility,Pleasantly surprised as the hotel appears to have been renovated.,
671,2,True,Facility,Unfortunately the pool was closed.,
671,3,True,Facility,Pleasantly surprised as the hotel appears to have been renovated.,
671,3,True,Facility,Unfortunately the pool was closed.,
672,1,True,Food,Breakfast was good,
672,2,True,Food,Breakfast was good,
672,3,True,Food,Breakfast was good,
673,1,False,Staff,Very friendly staff,
673,1,False,Location,good walking distance to Mackenzie Beach,
673,1,False,Food,We can highly recommend the breakfast offered,
673,1,False,Parking,Free parking in front of the hotel along the street,
673,2,False,Staff,Very friendly staff,
673,2,False,Location,good walking distance to Mackenzie Beach,
673,2,False,Food,We can highly recommend the breakfast offered,
673,2,False,Parking,Free parking in front of the hotel along the street,
673,3,False,Staff,Very friendly staff,
673,3,False,Location,good walking distance to Mackenzie Beach,
673,3,False,Food,We can highly recommend the breakfast offered,
673,3,False,Parking,Free parking in front of the hotel along the street,
674,1,True,Staff,Very competent staff,
674,2,True,Staff,Very competent staff,
674,3,True,Staff,Very competent staff,
675,1,False,Staff,friendly service,
675,1,False,Facility,very modern new equipment,
675,1,False,Hotel-amenities,"fridge, kettle",
675,2,False,Staff,friendly service,
675,2,False,Facility,very modern new equipment,
675,2,False,Hotel-amenities,"fridge, kettle",
675,3,False,Staff,friendly service,
675,3,False,Facility,very modern new equipment,
675,3,False,Hotel-amenities,"fridge, kettle",
676,1,True,Room,"The room has a refrigerator, kettle, mugs (small), safe (did not use), TV (2 channels in the local language, netflix and browser).",
676,1,True,Staff,"Staff SUPER!!! Responsive, kind people, you feel at home",
676,1,True,Location,"Near the salt lake, about 10 minutes walk",
676,1,True,Location,5-6 minutes to the sea,
676,1,True,Location,"Near the airport about 4 km, by bus or car for 5-6 minutes",
676,2,True,Room,"The room has a refrigerator, kettle, mugs (small), safe (did not use), TV (2 channels in the local language, netflix and browser).",
676,2,True,Staff,"Staff SUPER!!! Responsive, kind people, you feel at home",
676,2,True,Location,"Near the salt lake, about 10 minutes walk",
676,2,True,Location,5-6 minutes to the sea,
676,2,True,Location,"Near the airport about 4 km, by bus or car for 5-6 minutes",
676,3,True,Room,"The room has a refrigerator, kettle, mugs (small), safe (did not use), TV (2 channels in the local language, netflix and browser).",
676,3,True,Staff,"Staff SUPER!!! Responsive, kind people, you feel at home",
676,3,True,Location,"Near the salt lake, about 10 minutes walk",
676,3,True,Location,5-6 minutes to the sea,
676,3,True,Location,"Near the airport about 4 km, by bus or car for 5-6 minutes",
677,1,False,Sea,very kind and welcoming structure ok for the sea,
677,2,False,Sea,very kind and welcoming structure ok for the sea,
677,3,False,Sea,very kind and welcoming structure ok for the sea,
678,1,True,Location,Good hotel next to Mackenzie beach and especially the airport.,
678,1,True,Location,It is 5 minutes by car,
678,2,True,Location,Good hotel next to Mackenzie beach and especially the airport.,
678,2,True,Location,It is 5 minutes by car,
678,3,True,Location,Good hotel next to Mackenzie beach and especially the airport.,
678,3,True,Location,It is 5 minutes by car,
679,1,True,Room,"Superb room, bathroom and balcony, very comfortable, the staff was top notch!",
679,1,True,Staff,the staff was top notch!,
679,2,True,Room,"Superb room, bathroom and balcony, very comfortable, the staff was top notch!",
679,2,True,Staff,the staff was top notch!,
679,3,True,Room,"Superb room, bathroom and balcony, very comfortable, the staff was top notch!",
679,3,True,Staff,the staff was top notch!,
680,1,False,Staff,Very nice hosts,
680,1,False,Location,"the hotel is located 500 meters from the beach and an area with restaurants, bars",
680,1,False,Location,30' on foot from the town center,
680,1,False,Location,5' from the airport,
680,1,False,Facility,Very clean establishment,
680,2,False,Staff,Very nice hosts,
680,2,False,Location,the hotel is located 500 meters from the beach,
680,2,False,Location,30' on foot,
680,2,False,Location,5' from the airport,
680,2,False,Facility,Very clean establishment,
680,3,False,Staff,Very nice hosts,
680,3,False,Location,the hotel is located 500 meters from the beach,
680,3,False,Location,30' on foot,
680,3,False,Location,5' from the airport,
680,3,False,Facility,Very clean establishment,
681,1,False,(parse failed),,json_parse_error: Extra data: line 19 column 1 (char 685)
681,2,False,(parse failed),,json_parse_error: Extra data: line 19 column 1 (char 685)
681,3,False,(parse failed),,json_parse_error: Extra data: line 19 column 1 (char 685)
682,1,True,Location,proximity to the airport for those arriving during the night,
682,2,True,Location,proximity to the airport for those arriving during the night,
682,3,True,Location,proximity to the airport for those arriving during the night,
683,1,True,Staff,very friendly staff,
683,1,True,Facility,Clean and modern hotel,
683,2,True,Staff,very friendly staff,
683,2,True,Facility,Clean and modern hotel,
683,3,True,Staff,very friendly staff,
683,3,True,Facility,Clean and modern hotel,
684,1,False,Restaurant,"The terrace, the sympathy of the restaurant manager",
684,2,False,Restaurant,"The terrace, the sympathy of the restaurant manager",
684,3,False,Restaurant,"The terrace, the sympathy of the restaurant manager",
685,1,True,Staff,super service,
685,1,True,Location,Excellent location,
685,1,True,Food,excellent breakfasts for only 8€,
685,1,True,Price,for only 8€,
685,2,True,Staff,super service,
685,2,True,Location,Excellent location,
685,2,True,Food,excellent breakfasts for only 8€,
685,2,True,Price,for only 8€,
685,3,True,Staff,super service,
685,3,True,Location,Excellent location,
685,3,True,Food,excellent breakfasts for only 8€,
685,3,True,Price,for only 8€,
686,1,True,Room,Nice quiet room.,
686,1,True,Staff,Very friendly reception.,
686,2,True,Room,Nice quiet room.,
686,2,True,Staff,Very friendly reception.,
686,3,True,Room,Nice quiet room.,
686,3,True,Staff,Very friendly reception.,
687,1,True,Staff,Excellent service staff.,
687,1,True,Staff,The owner and staff are always ready to help.,
687,1,True,Staff,Helped immediately with adapters.,
687,1,True,Location,From the hotel to the beach is relatively close.,
687,1,True,Location,5-7 minutes at a calm pace.,
687,1,True,Location,"There is a bus stop nearby, which is also very important.",
687,1,True,Food,"Of the shortcomings, I would note the monotonous breakfast.",
687,1,True,Food,Every day is the same.,
687,2,True,Staff,Excellent service staff.,
687,2,True,Staff,The owner and staff are always ready to help.,
687,2,True,Staff,Helped immediately with adapters.,
687,2,True,Location,From the hotel to the beach is relatively close.,
687,2,True,Location,5-7 minutes at a calm pace.,
687,2,True,Location,"There is a bus stop nearby, which is also very important.",
687,2,True,Food,"Of the shortcomings, I would note the monotonous breakfast.",
687,2,True,Food,Every day is the same.,
687,3,True,Staff,Excellent service staff.,
687,3,True,Staff,The owner and staff are always ready to help.,
687,3,True,Staff,Helped immediately with adapters.,
687,3,True,Location,From the hotel to the beach is relatively close.,
687,3,True,Location,5-7 minutes at a calm pace.,
687,3,True,Location,"There is a bus stop nearby, which is also very important.",
687,3,True,Food,"Of the shortcomings, I would note the monotonous breakfast.",
687,3,True,Food,Every day is the same.,
688,1,False,Location,close to the beach!!,
688,1,False,Owner,Very nice owner,
688,1,False,Hotel,great hotel,
688,2,False,Location,close to the beach!!,
688,2,False,Owner,Very nice owner,
688,2,False,Hotel,great hotel,
688,3,False,Location,close to the beach!!,
688,3,False,Owner,Very nice owner,
688,3,False,Hotel,great hotel,
689,1,True,Taxi-issue,"When the booked taxi didn't show up at 3 in the morning, the Htl owner drove me to the airport himself after I rang him out of bed....",
689,2,True,Taxi-issue,"When the booked taxi didn't show up at 3 in the morning, the Htl owner drove me to the airport himself after I rang him out of bed....",
689,3,True,Taxi-issue,"When the booked taxi didn't show up at 3 in the morning, the Htl owner drove me to the airport himself after I rang him out of bed....",
690,1,False,(parse failed),,json_parse_error: Expecting value: line 1 column 1 (char 0)
690,2,False,Location,Very convenient location.,
690,2,False,Location,Not far from the airport and from the sea.,
690,3,False,Location,Very convenient location.,
690,3,False,Location,Not far from the airport and from the sea.,
691,1,False,(parse failed),,json_parse_error: Extra data: line 18 column 1 (char 464)
691,2,False,(parse failed),,json_parse_error: Extra data: line 17 column 1 (char 462)
691,3,False,(parse failed),,json_parse_error: Extra data: line 17 column 1 (char 462)
692,1,False,Staff,Very helpful staff.,
692,1,False,Staff,ask at the reception.,
692,2,False,Staff,Very helpful staff.,
692,2,False,Staff,ask at the reception.,
692,3,False,Staff,Very helpful staff.,
692,3,False,Staff,ask at the reception.,
693,1,True,Location,"Hotel rather well placed,",
693,1,True,Location,access to the beach by crossing a vacant lot.,
693,1,True,Location,Airport nearby,
693,1,True,Facility,"Fridge filled with drinks and delicacies, even if it's paying it's nice to have some available",
693,1,True,Taxi-issue,but the taxi price is the same as from the center of Larnaca,
693,2,True,Location,"Hotel rather well placed,",
693,2,True,Location,access to the beach by crossing a vacant lot.,
693,2,True,Location,Airport nearby,
693,2,True,Facility,Fridge filled with drinks and delicacies,
693,2,True,Taxi-issue,but the taxi price is the same as from the center of Larnaca,
693,3,True,Location,"Hotel rather well placed,",
693,3,True,Location,access to the beach by crossing a vacant lot.,
693,3,True,Location,Airport nearby,
693,3,True,Facility,Fridge filled with drinks and delicacies,
693,3,True,Taxi-issue,but the taxi price is the same as from the center of Larnaca,
694,1,True,Room,"The room is very very small (3 beds at 18 meters), but at the same time, clean and tidy.",
694,1,True,Staff,The hosts are very friendly.,
694,1,True,Location,Close to the airport.,
694,1,True,Location,The area near the hotel is a wasteland / wasteland.,
694,1,True,Food,Never had such a terrible dinner before.,
694,1,True,Price,Tomorrow is quite meager - 8 euros.,
694,2,True,Room,"The room is very very small (3 beds at 18 meters), but at the same time, clean and tidy.",
694,2,True,Staff,The hosts are very friendly.,
694,2,True,Location,Close to the airport.,
694,2,True,Location,The area near the hotel is a wasteland / wasteland.,
694,2,True,Food,Never had such a terrible dinner before.,
694,2,True,Price,Tomorrow is quite meager - 8 euros.,
694,3,True,Room,"The room is very very small (3 beds at 18 meters), but at the same time, clean and tidy.",
694,3,True,Staff,The hosts are very friendly.,
694,3,True,Location,Close to the airport.,
694,3,True,Location,The area near the hotel is a wasteland / wasteland.,
694,3,True,Food,Never had such a terrible dinner before.,
694,3,True,Price,Tomorrow is quite meager - 8 euros.,
695,1,False,Room,"New hotel, with super clean rooms and comfortable beds.",
695,1,False,Staff,The owners are very friendly!,
695,2,False,Room,"New hotel, with super clean rooms and comfortable beds.",
695,2,False,Staff,The owners are very friendly!,
695,3,False,Room,"New hotel, with super clean rooms and comfortable beds.",
695,3,False,Staff,The owners are very friendly!,
696,1,True,Location,The airport is 6 minutes by car.,
696,1,True,Location,Near a good beach.,
696,1,True,Food,Liked the food at the cafe in the lobby.,
696,2,True,Location,The airport is 6 minutes by car.,
696,2,True,Location,Near a good beach.,
696,2,True,Food,Liked the food at the cafe in the lobby.,
696,3,True,Location,The airport is 6 minutes by car.,
696,3,True,Location,Near a good beach.,
696,3,True,Food,Liked the food at the cafe in the lobby.,
697,1,False,Room,"Very clean, fresh, comfortable.",
697,1,False,Room,you can see it's new.,
697,1,False,Room,Cleaning every day.,
697,1,False,Staff,Responsive staff.,
697,2,True,Room,"Very clean, fresh, comfortable.",
697,2,True,Room,you can see it's new.,
697,2,True,Staff,Responsive staff.,
697,3,True,Room,"Very clean, fresh, comfortable.",
697,3,True,Room,you can see it's new.,
697,3,True,Staff,Responsive staff.,
698,1,False,Location,The hotel is 10 minutes from the airport which is very convenient for not missing your flight.,
698,1,False,Location,The hotel is well located for the restaurants in the area.,
698,1,False,Food,I unfortunately did not try the breakfast or other meal,
698,2,False,Location,The hotel is 10 minutes from the airport which is very convenient for not missing your flight.,
698,2,False,Location,The hotel is well located for the restaurants in the area.,
698,2,False,Food,I unfortunately did not try the breakfast or other meal,
698,3,False,Location,The hotel is 10 minutes from the airport which is very convenient for not missing your flight.,
698,3,False,Location,The hotel is well located for the restaurants in the area.,
698,3,False,Food,I unfortunately did not try the breakfast or other meal,
699,1,True,Staff,The hotel staff was fantastic.,
699,2,True,Staff,The hotel staff was fantastic.,
699,3,True,Staff,The hotel staff was fantastic.,
700,1,True,Room,"Small room, only one nescafe bag, no curtain in the bathroom.",
700,1,True,Room,Great bed,
700,1,True,Location,great for the airport (it's attached),
700,2,True,Room,"Small room, only one nescafe bag, no curtain in the bathroom.",
700,2,True,Room,Great bed,
700,2,True,Location,great for the airport (it's attached),
700,3,True,Room,"Small room, only one nescafe bag, no curtain in the bathroom.",
700,3,True,Room,Great bed,
700,3,True,Location,great for the airport (it's attached),
701,1,True,Staff,Very friendly and helpful staff,
701,1,True,Location,walking distance to the beach with several restaurants,
701,2,True,Staff,Very friendly and helpful staff,
701,2,True,Location,walking distance to the beach with several restaurants,
701,3,True,Staff,Very friendly and helpful staff,
701,3,True,Location,walking distance to the beach with several restaurants,
702,1,False,(parse failed),,json_parse_error: Extra data: line 16 column 1 (char 391)
702,2,False,(parse failed),,json_parse_error: Expecting ':' delimiter: line 13 column 48 (char 384)
702,3,False,(parse failed),,json_parse_error: Expecting ':' delimiter: line 13 column 48 (char 384)
703,1,True,Room,the rooms are clean and comfortable,
703,1,True,Staff,the staff is extremely kind and helpful,
703,1,True,Staff,2 managers of the hotel and the chef,
703,1,True,Food,Full breakfast and served without time limit,
703,2,True,Room,the rooms are clean and comfortable,
703,2,True,Staff,the staff is extremely kind and helpful,
703,2,True,Staff,2 managers of the hotel and the chef,
703,2,True,Food,Full breakfast and served without time limit,
703,3,True,Room,the rooms are clean and comfortable,
703,3,True,Staff,the staff is extremely kind and helpful,
703,3,True,Staff,2 managers of the hotel and the chef,
703,3,True,Food,Full breakfast and served without time limit,
704,1,True,Location,The hotel is close to Larnaca Airport and the beach.,
704,1,True,Location,For the best.,
704,2,True,Location,The hotel is close to Larnaca Airport and the beach.,
704,2,True,Location,For the best.,
704,3,True,Location,The hotel is close to Larnaca Airport and the beach.,
704,3,True,Location,For the best.,
705,1,True,Staff,"Pleasant staff,",
705,1,True,Food,Good food.,
705,2,True,Staff,"Pleasant staff,",
705,2,True,Food,Good food.,
705,3,True,Staff,"Pleasant staff,",
705,3,True,Food,Good food.,
706,1,True,Location,"Very good accommodation in a perfect location, 7 minutes from the airport!",
706,2,True,Location,"Very good accommodation in a perfect location, 7 minutes from the airport!",
706,3,True,Location,"Very good accommodation in a perfect location, 7 minutes from the airport!",
707,1,True,Room,Small room for a family,
707,1,True,Facility,"New hotel, renovated",
707,2,True,Room,Small room for a family,
707,2,True,Facility,"New hotel, renovated",
707,3,True,Room,Small room for a family,
707,3,True,Facility,"New hotel, renovated",
708,1,True,Staff,Warm and cordial hospitality,
708,1,True,Location,Excellent location on the way to/from Larnaca airport.,
708,2,True,Staff,Warm and cordial hospitality,
708,2,True,Location,Excellent location on the way to/from Larnaca airport.,
708,3,True,Staff,Warm and cordial hospitality,
708,3,True,Location,Excellent location on the way to/from Larnaca airport.,
709,1,False,(parse failed),,json_parse_error: Extra data: line 20 column 1 (char 481)
709,2,False,(parse failed),,json_parse_error: Extra data: line 20 column 1 (char 516)
709,3,False,(parse failed),,json_parse_error: Extra data: line 20 column 1 (char 516)
710,1,True,Food,"We had an early departing flight so there was no breakfast, but we had dinner in the restaurant and it was very good.",
710,2,True,Food,"We had an early departing flight so there was no breakfast, but we had dinner in the restaurant and it was very good.",
710,3,True,Food,"We had an early departing flight so there was no breakfast, but we had dinner in the restaurant and it was very good.",
711,1,False,Room,Room and possibility for late check out and very nice staff,
711,1,False,Staff,very nice staff,
711,1,False,Facility,"Swimming pool , small and dirty",
711,2,False,Room,Room and possibility for late check out and very nice staff,
711,2,False,Staff,very nice staff,
711,2,False,Facility,"Swimming pool , small and dirty",
711,3,False,Room,Room and possibility for late check out and very nice staff,
711,3,False,Staff,very nice staff,
711,3,False,Facility,"Swimming pool , small and dirty",
712,1,True,Room,Comfortable room,
712,2,True,Room,Comfortable room,
712,3,True,Room,Comfortable room,
713,1,True,Location,Very nice and close to the airport,
713,2,True,Location,Very nice and close to the airport,
713,3,True,Location,Very nice and close to the airport,
714,1,False,(parse failed),,json_parse_error: Extra data: line 19 column 1 (char 466)
714,2,False,(parse failed),,json_parse_error: Extra data: line 19 column 1 (char 466)
714,3,False,(parse failed),,json_parse_error: Extra data: line 19 column 1 (char 466)
715,1,False,Staff,good staff,
715,1,False,Price,worth the price,
715,1,False,Gen-Comment,Great place,
715,2,False,Staff,good staff,
715,2,False,Price,worth the price,
715,2,False,Gen-Comment,Great place,
715,3,False,Staff,good staff,
715,3,False,Price,worth the price,
715,3,False,Gen-Comment,Great place,
716,1,True,Room,New and clean rooms.,
716,1,True,Staff,Very pleasant staff.,
716,1,True,Facility,Lack of adapters for sockets in the rooms.,
716,2,True,Room,New and clean rooms.,
716,2,True,Staff,Very pleasant staff.,
716,2,True,Facility,Lack of adapters for sockets in the rooms.,
716,3,True,Room,New and clean rooms.,
716,3,True,Staff,Very pleasant staff.,
716,3,True,Facility,Lack of adapters for sockets in the rooms.,
717,1,True,Staff,Very accommodating and nice staff.,
717,1,True,Staff,Helpful.,
717,1,True,Staff,Top,
717,2,True,Staff,Very accommodating and nice staff.,
717,2,True,Staff,Helpful.,
717,2,True,Staff,Top,
717,3,True,Staff,Very accommodating and nice staff.,
717,3,True,Staff,Helpful.,
717,3,True,Staff,Top,
718,1,True,Room,No trash can in the room,
718,1,True,Staff,very nice staff,
718,1,True,Location,Close to Mackenzie beach and salt lake,
718,1,True,Location,10 minutes to the airport by bus or taxi,
718,2,True,Room,No trash can in the room,
718,2,True,Staff,very nice staff,
718,2,True,Location,Close to Mackenzie beach and salt lake,
718,2,True,Location,10 minutes to the airport by bus or taxi,
718,3,True,Room,No trash can in the room,
718,3,True,Staff,very nice staff,
718,3,True,Location,Close to Mackenzie beach and salt lake,
718,3,True,Location,10 minutes to the airport by bus or taxi,
719,1,True,Room,Super clean modern room and bathroom with balcony.,
719,1,True,Facility,Wonderful air conditioning that also stays on when you leave the room or open the balcony door.,
719,2,True,Room,Super clean modern room and bathroom with balcony.,
719,2,True,Facility,Wonderful air conditioning that also stays on when you leave the room or open the balcony door.,
719,3,True,Room,Super clean modern room and bathroom with balcony.,
719,3,True,Facility,Wonderful air conditioning that also stays on when you leave the room or open the balcony door.,
720,1,True,Room,comfortable rooms,
720,1,True,Facility,"Clean, modern hotel",
720,2,True,Room,comfortable rooms,
720,2,True,Facility,"Clean, modern hotel",
720,3,True,Room,comfortable rooms,
720,3,True,Facility,"Clean, modern hotel",
721,1,True,Staff,Nice staff,
721,1,True,Staff,helpful people,
721,1,True,Staff,nice atmosphere,
721,2,True,Staff,Nice staff,
721,2,True,Staff,helpful people,
721,2,True,Staff,nice atmosphere,
721,3,True,Staff,Nice staff,
721,3,True,Staff,helpful people,
721,3,True,Staff,nice atmosphere,
722,1,True,Room,clean comfortable room with good new furniture,
722,1,True,Staff,Super polite and helpful staff,
722,1,True,Food,delicious breakfast on the veranda,
722,1,True,Location,Walking distance to Makenzie beach,
722,1,True,Location,"In the absence of a car, it is very easy to get here by bus from the airport",
722,2,True,Room,clean comfortable room with good new furniture,
722,2,True,Staff,Super polite and helpful staff,
722,2,True,Food,delicious breakfast on the veranda,
722,2,True,Location,Walking distance to Makenzie beach,
722,2,True,Location,"In the absence of a car, it is very easy to get here by bus from the airport",
722,3,True,Room,clean comfortable room with good new furniture,
722,3,True,Staff,Super polite and helpful staff,
722,3,True,Food,delicious breakfast on the veranda,
722,3,True,Location,Walking distance to Makenzie beach,
722,3,True,Location,"In the absence of a car, it is very easy to get here by bus from the airport",
723,1,False,User-Comment,It was simple and beautiful.,
723,1,False,User-Comment,There were no TV channels,
723,2,True,(no spans found),,
723,3,True,(no spans found),,
724,1,True,(no spans found),,
724,2,True,(no spans found),,
724,3,True,(no spans found),,
725,1,False,(parse failed),,json_parse_error: Extra data: line 16 column 1 (char 408)
725,2,False,(parse failed),,json_parse_error: Extra data: line 16 column 1 (char 408)
725,3,False,(parse failed),,json_parse_error: Extra data: line 16 column 1 (char 408)
726,1,True,Room,The room is clean.,
726,1,True,Room,The pressure of the ox is excellent.,
726,1,True,Staff,Friendly staff.,
726,1,True,Location,Mackenzie is 5 minutes walk.,
726,1,True,Location,The hotel is very conveniently located.,
726,2,True,Room,The room is clean.,
726,2,True,Room,The pressure of the ox is excellent.,
726,2,True,Staff,Friendly staff.,
726,2,True,Location,Mackenzie is 5 minutes walk.,
726,2,True,Location,The hotel is very conveniently located.,
726,3,True,Room,The room is clean.,
726,3,True,Room,The pressure of the ox is excellent.,
726,3,True,Staff,Friendly staff.,
726,3,True,Location,Mackenzie is 5 minutes walk.,
726,3,True,Location,The hotel is very conveniently located.,
727,1,True,Staff,"Everyone at the hotel was very friendly, tried to help and explain.",
727,1,True,Location,"Great option for if you arrive at Larnaca airport, close, very clean.",
727,1,True,Location,To restaurants and the beach go through an intensive road.,
727,2,True,Staff,"Everyone at the hotel was very friendly, tried to help and explain.",
727,2,True,Location,"Great option for if you arrive at Larnaca airport, close, very clean.",
727,2,True,Location,To restaurants and the beach go through an intensive road.,
727,3,True,Staff,"Everyone at the hotel was very friendly, tried to help and explain.",
727,3,True,Location,"Great option for if you arrive at Larnaca airport, close, very clean.",
727,3,True,Location,To restaurants and the beach go through an intensive road.,
728,1,True,(no spans found),,
728,2,True,(no spans found),,
728,3,True,(no spans found),,
729,1,False,Staff,The managers are extremely nice and helpful.,
729,1,False,Food,excellent breakfast.,
729,1,False,Facility,very well equipped,
729,1,False,Cleanliness,very clean,
729,2,False,Staff,The managers are extremely nice and helpful.,
729,2,False,Food,excellent breakfast.,
729,2,False,Facility,very well equipped,
729,2,False,Cleanliness,very clean,
729,3,False,Staff,The managers are extremely nice and helpful.,
729,3,False,Food,excellent breakfast.,
729,3,False,Facility,very well equipped,
729,3,False,Cleanliness,very clean,
730,1,False,Location,Location: close to airport and beach.,
730,1,False,Location,Proximity to the airport has its own nuances: the noise of planes taking off and the smell of jet fuel are very audible.,
730,1,False,Location,"Near the beach at night there is a disco, which also makes it very difficult to sleep.",
730,1,False,Facility,"newly refurbished hotel, rooms with balconies and clean.",
730,2,False,Location,Location: close to airport and beach.,
730,2,False,Location,Proximity to the airport has its own nuances: the noise of planes taking off and the smell of jet fuel are very audible.,
730,2,False,Location,"Near the beach at night there is a disco, which also makes it very difficult to sleep.",
730,2,False,Facility,"newly refurbished hotel, rooms with balconies and clean.",
730,3,False,Location,Location: close to airport and beach.,
730,3,False,Location,Proximity to the airport has its own nuances: the noise of planes taking off and the smell of jet fuel are very audible.,
730,3,False,Location,"Near the beach at night there is a disco, which also makes it very difficult to sleep.",
730,3,False,Facility,"newly refurbished hotel, rooms with balconies and clean.",
731,1,True,Room,the room,
731,1,True,Staff,the staff,
731,2,True,Room,the room,
731,2,True,Staff,the staff,
731,3,True,Room,the room,
731,3,True,Staff,the staff,
732,1,True,Staff,Very welcoming and friendly staff.,
732,1,True,Location,"Near Mackenzie beach, airport, salt lake.",
732,1,True,Facility,"Everything is clean, white, freshly renovated.",
732,2,True,Staff,Very welcoming and friendly staff.,
732,2,True,Location,"Near Mackenzie beach, airport, salt lake.",
732,2,True,Facility,"Everything is clean, white, freshly renovated.",
732,3,True,Staff,Very welcoming and friendly staff.,
732,3,True,Location,"Near Mackenzie beach, airport, salt lake.",
732,3,True,Facility,"Everything is clean, white, freshly renovated.",
733,1,False,Staff,Staff.,
733,1,False,Staff,The staff is very friendly.,
733,1,False,Staff,the staff does everything possible to compensate for all inconveniences.,
733,1,False,Location,Located close to the waterfront.,
733,1,False,Facility,Everything in the hotel is new.,
733,1,False,Cleanliness,Very clean.,
733,1,False,UserExperience,Not everything is perfect yet,
733,2,False,Staff,Staff.,
733,2,False,Staff,The staff is very friendly.,
733,2,False,Staff,the staff does everything possible to compensate for all inconveniences.,
733,2,False,Location,Located close to the waterfront.,
733,2,False,Facility,Everything in the hotel is new.,
733,2,False,Cleanliness,Very clean.,
733,2,False,UserExperience,Not everything is perfect yet,
733,3,False,Staff,Staff.,
733,3,False,Staff,The staff is very friendly.,
733,3,False,Staff,the staff does everything possible to compensate for all inconveniences.,
733,3,False,Location,Located close to the waterfront.,
733,3,False,Facility,Everything in the hotel is new.,
733,3,False,Cleanliness,Very clean.,
733,3,False,UserExperience,Not everything is perfect yet,
734,1,True,(no spans found),,
734,2,True,(no spans found),,
734,3,True,(no spans found),,
735,1,False,Staff,WE HAVE ALREADY TALKED TO THE STAFF THEY ARE PREPARING A LOT.,
735,1,False,Location,"LOCATION CLOSE TO EVERYTHING. ALYKI BEACH CLUB, RESTAURANTS, CAFÉS.",
735,1,False,Facility,POOL.,
735,1,False,Facility,Play room.,
735,1,False,Facility,Roof garden.,
735,1,False,Breakfast,BREAKFAST WONDERFUL.,
735,2,True,Staff,WE HAVE ALREADY TALKED TO THE STAFF THEY ARE PREPARING A LOT.,
735,2,True,Location,"LOCATION CLOSE TO EVERYTHING. ALYKI BEACH CLUB, RESTAURANTS, CAFÉS.",
735,2,True,Food,BREAKFAST WONDERFUL.,
735,2,True,Facility,POOL.,
735,2,True,Facility,Play room.,
735,2,True,Facility,Roof garden.,
735,3,True,Staff,WE HAVE ALREADY TALKED TO THE STAFF THEY ARE PREPARING A LOT.,
735,3,True,Location,"LOCATION CLOSE TO EVERYTHING. ALYKI BEACH CLUB, RESTAURANTS, CAFÉS.",
735,3,True,Food,BREAKFAST WONDERFUL.,
735,3,True,Facility,POOL.,
735,3,True,Facility,Play room.,
735,3,True,Facility,Roof garden.,
736,1,True,Staff,The staff is very friendly,
736,2,True,Staff,The staff is very friendly,
736,3,True,Staff,The staff is very friendly,
737,1,False,Location,Close to the beach.,
737,1,False,Food,Pleasant breakfast.,
737,1,False,Facility,Quality Eco Hotel.,
737,1,False,Own,Own.,
737,2,False,Location,Close to the beach.,
737,2,False,Food,Pleasant breakfast.,
737,2,False,Facility,Quality Eco Hotel.,
737,2,False,Own,Own.,
737,3,False,Location,Close to the beach.,
737,3,False,Food,Pleasant breakfast.,
737,3,False,Facility,Quality Eco Hotel.,
737,3,False,Own,Own.,
738,1,False,Food,the breakfast is excellent,
738,1,False,Facility,all the furniture in the hotel is new,
738,1,False,Bed,the bed is comfortable,
738,1,False,Owner,the owners are very good people,
738,2,False,Food,the breakfast is excellent,
738,2,False,Facility,all the furniture in the hotel is new,
738,2,False,Bed,the bed is comfortable,
738,2,False,Owner,the owners are very good people,
738,3,False,Food,the breakfast is excellent,
738,3,False,Facility,all the furniture in the hotel is new,
738,3,False,Bed,the bed is comfortable,
738,3,False,Owner,the owners are very good people,
739,1,True,Room,extremely clean,
739,1,True,Room,with a very good location near the beach and the center,
739,1,True,Staff,the staff communicates well in French,
739,1,True,Location,near the beach and the center,
739,1,True,Price,affordable prices of the mini-bar,
739,1,True,Facility,one thing that sets this hotel apart is their generosity,
739,2,True,Room,extremely clean,
739,2,True,Room,with a very good location near the beach and the center,
739,2,True,Staff,the staff communicates well in French,
739,2,True,Location,near the beach and the center,
739,2,True,Price,affordable prices of the mini-bar,
739,2,True,Facility,one thing that sets this hotel apart is their generosity,
739,3,True,Room,extremely clean,
739,3,True,Room,with a very good location near the beach and the center,
739,3,True,Staff,the staff communicates well in French,
739,3,True,Location,near the beach and the center,
739,3,True,Price,affordable prices of the mini-bar,
739,3,True,Facility,one thing that sets this hotel apart is their generosity,
740,1,True,Room,there was no running water in the morning when I left,
740,1,True,Off,don't change it's normal to take a shower,
740,2,True,Room,there was no running water in the morning when I left,
740,2,True,Off,don't change it's normal to take a shower,
740,3,True,Room,there was no running water in the morning when I left,
740,3,True,Off,don't change it's normal to take a shower,
741,1,False,Noise,Noise,
741,1,False,Uncomfortable beds,Uncomfortable beds,
741,2,False,Noise,Noise,
741,2,False,Uncomfortable beds,Uncomfortable beds,
741,3,False,Noise,Noise,
741,3,False,Uncomfortable beds,Uncomfortable beds,
742,1,False,(parse failed),,json_parse_error: Extra data: line 15 column 1 (char 312)
742,2,False,(parse failed),,json_parse_error: Extra data: line 15 column 1 (char 312)
742,3,False,(parse failed),,json_parse_error: Extra data: line 15 column 1 (char 312)
743,1,True,Room,Clean and nice room,
743,1,True,Location,Not as close to the airport as advertised,
743,2,True,Room,Clean and nice room,
743,2,True,Location,Not as close to the airport as advertised,
743,3,True,Room,Clean and nice room,
743,3,True,Location,Not as close to the airport as advertised,
744,1,True,Room,Room quality,
744,2,True,Room,Room quality,
744,3,True,Room,Room quality,
745,1,True,(no spans found),,
745,2,True,(no spans found),,
745,3,True,(no spans found),,
746,1,True,Room,The room was satisfactory,
746,1,True,Staff,the lady at the reception who spoke Cypriot was kind and willing for any help,
746,1,True,Staff,I did not like the behavior of the gentleman in the reservations,
746,1,True,Food,I was assured of breakfast in the price of the room,
746,2,True,Room,The room was satisfactory,
746,2,True,Staff,the lady at the reception who spoke Cypriot was kind and willing for any help,
746,2,True,Staff,I did not like the behavior of the gentleman in the reservations,
746,2,True,Food,I was assured of breakfast in the price of the room,
746,3,True,Room,The room was satisfactory,
746,3,True,Staff,the lady at the reception who spoke Cypriot was kind and willing for any help,
746,3,True,Staff,I did not like the behavior of the gentleman in the reservations,
746,3,True,Food,I was assured of breakfast in the price of the room,
747,1,True,Room,A clean room that really serves the purpose for which we came,
747,2,True,Room,A clean room that really serves the purpose for which we came,
747,3,True,Room,A clean room that really serves the purpose for which we came,
748,1,False,(parse failed),,json_parse_error: Expecting value: line 1 column 1 (char 0)
748,2,False,(parse failed),,json_parse_error: Expecting value: line 1 column 1 (char 0)
748,3,False,(parse failed),,json_parse_error: Expecting value: line 1 column 1 (char 0)
749,1,True,Room,The room is clean.,
749,1,True,Location,The location is close to the field.,
749,2,True,Room,The room is clean.,
749,2,True,Location,The location is close to the field.,
749,3,True,Room,The room is clean.,
749,3,True,Location,The location is close to the field.,
750,1,True,Staff,No staff at night..,
750,1,True,Location,Location close to the field.,
750,2,True,Staff,No staff at night..,
750,2,True,Location,Location close to the field.,
750,3,True,Staff,No staff at night..,
750,3,True,Location,Location close to the field.,
751,1,True,Room,The room was next to another property's pool.,
751,2,True,Room,The room was next to another property's pool.,
751,3,True,Room,The room was next to another property's pool.,
752,1,True,Room,comfortable room for one night before departure,
752,2,True,Room,comfortable room for one night before departure,
752,3,True,Room,comfortable room for one night before departure,
753,1,False,Cleanliness,Cleanliness,
753,1,False,Spacious,Spacious,
753,2,False,Cleanliness,Cleanliness,
753,2,False,Spacious,Spacious,
753,3,False,Cleanliness,Cleanliness,
753,3,False,Spacious,Spacious,
754,1,False,User-Comment,Very good if you have an early morning flight.,
754,1,False,User-Comment,"The quality-price ratio. You should only sleep with air conditioning in the summer, because there is a lot of noise from the nearby beach until early morning.",
754,2,False,User-Comment,Very good if you have an early morning flight.,
754,2,False,User-Comment,"The quality-price ratio. You should only sleep with air conditioning in the summer, because there is a lot of noise from the nearby beach until early morning.",
754,3,False,User-Comment,Very good if you have an early morning flight.,
754,3,False,User-Comment,"The quality-price ratio. You should only sleep with air conditioning in the summer, because there is a lot of noise from the nearby beach until early morning.",
755,1,True,(no spans found),,
755,2,True,(no spans found),,
755,3,True,(no spans found),,
756,1,True,Location,"central location between the beach, the party mile, the airport and the old town",
756,2,False,(parse failed),,json_parse_error: Expecting value: line 1 column 1 (char 0)
756,3,False,(parse failed),,json_parse_error: Expecting value: line 1 column 1 (char 0)
757,1,False,Food,After 20 minutes of waiting bad and half raw croissant,
757,1,False,Food,Watery cappuccino,
757,1,False,Cleaning,"Cleaning, furniture, terrace",
757,2,False,Food,After 20 minutes of waiting bad and half raw croissant,
757,2,False,Food,Watery cappuccino,
757,2,False,Cleaning,"Cleaning, furniture, terrace",
757,3,False,Food,After 20 minutes of waiting bad and half raw croissant,
757,3,False,Food,Watery cappuccino,
757,3,False,Cleaning,"Cleaning, furniture, terrace",
758,1,True,Room,Big room,
758,1,True,Staff,Receptionist didn't understand English very well,
758,1,True,Staff,the staff could not give me any information about the bus to the airport,
758,2,True,Room,Big room,
758,2,True,Staff,Receptionist didn't understand English very well,
758,2,True,Staff,the staff could not give me any information about the bus to the airport,
758,3,True,Room,Big room,
758,3,True,Staff,Receptionist didn't understand English very well,
758,3,True,Staff,the staff could not give me any information about the bus to the airport,
759,1,True,Room,The room,
759,2,False,(parse failed),,json_parse_error: Expecting value: line 1 column 1 (char 0)
759,3,False,(parse failed),,json_parse_error: Expecting value: line 1 column 1 (char 0)
760,1,True,Location,Very good location,
760,2,True,Location,Very good location,
760,3,True,Location,Very good location,
761,1,True,Room,Large spacious suite.,
761,1,True,Room,Comfortable beds.,
761,1,True,Room,Light interior.,
761,2,True,Room,Large spacious suite.,
761,2,True,Room,Comfortable beds.,
761,2,True,Room,Good for large family 5 people.,
761,2,True,Room,Light interior.,
761,3,True,Room,Large spacious suite.,
761,3,True,Room,Comfortable beds.,
761,3,True,Room,Good for large family 5 people.,
761,3,True,Room,Light interior.,
762,1,True,Room,"The room smelled of sewage, it should never be like this.",
762,1,True,Location,Location good,
762,2,True,Room,"The room smelled of sewage, it should never be like this.",
762,2,True,Location,Location good,
762,3,True,Room,"The room smelled of sewage, it should never be like this.",
762,3,True,Location,Location good,
763,1,False,Room,The comfort of the beds,
763,1,False,Room,The cleanliness,
763,2,False,Room,The comfort of the beds,
763,2,False,Room,The cleanliness,
763,3,False,Room,The comfort of the beds,
763,3,False,Room,The cleanliness,
764,1,True,Room,"Clean room, comfortable bed.",
764,1,True,Staff,With the exception of one gentleman at the reception,
764,1,True,Facility,"The small room, with almost non-existent storage spaces",
764,2,True,Room,"Clean room, comfortable bed.",
764,2,True,Staff,With the exception of one gentleman at the reception,
764,2,True,Facility,"The small room, with almost non-existent storage spaces",
764,3,True,Room,"Clean room, comfortable bed.",
764,3,True,Staff,With the exception of one gentleman at the reception,
764,3,True,Facility,"The small room, with almost non-existent storage spaces",
765,1,True,Room,Very comfortable bed,
765,1,True,Room,The furniture and bathroom are all new and impeccable,
765,1,True,Location,Bars and restaurants nearby,
765,1,True,Facility,Very good WiFi connection,
765,2,True,Room,Very comfortable bed,
765,2,True,Room,The furniture and bathroom are all new and impeccable,
765,2,True,Location,Bars and restaurants nearby,
765,2,True,Facility,Very good WiFi connection,
765,3,True,Room,Very comfortable bed,
765,3,True,Room,The furniture and bathroom are all new and impeccable,
765,3,True,Location,Bars and restaurants nearby,
765,3,True,Facility,Very good WiFi connection,
766,1,False,Room,The room given was not the one booked.,
766,1,False,Room,small corner,
766,1,False,Booking-issue,The room given was not the one booked.,
766,1,False,Cleanliness,Cleanliness,
766,2,False,Room,The room given was not the one booked.,
766,2,False,Room,small corner,
766,2,False,Booking-issue,The room given was not the one booked.,
766,2,False,Cleanliness,Cleanliness,
766,3,False,Room,The room given was not the one booked.,
766,3,False,Room,small corner,
766,3,False,Booking-issue,The room given was not the one booked.,
766,3,False,Cleanliness,Cleanliness,
767,1,True,Room,Clean and spacious room,
767,1,True,Location,Far from the beach,
767,1,True,Price,400 euros for 3 nights a bit expensive,
767,2,True,Room,Clean and spacious room,
767,2,True,Location,Far from the beach,
767,2,True,Price,400 euros for 3 nights a bit expensive,
767,3,True,Room,Clean and spacious room,
767,3,True,Location,Far from the beach,
767,3,True,Price,400 euros for 3 nights a bit expensive,
768,1,False,Room,"- terrace in the room,",
768,1,False,Room,"- well-furnished room and bathroom,",
768,1,False,Food,"- monotonous breakfasts (everyday the same set: 2 eggs, 2 slices of toast, 1/4 grilled mushroom, 1/2 grilled tomato, pepper, 2 small sausages, coffee)",
768,1,False,Location,- location of the object.,
768,1,False,Facility,"- the relaxation zone (swimming pool, deckchairs, billiards) definitely did not encourage you to use it.",
768,2,False,Room,"- terrace in the room,",
768,2,False,Room,"- well-furnished room and bathroom,",
768,2,False,Food,"- monotonous breakfasts (everyday the same set: 2 eggs, 2 slices of toast, 1/4 grilled mushroom, 1/2 grilled tomato, pepper, 2 small sausages, coffee)",
768,2,False,Location,- location of the object.,
768,2,False,Facility,"- the relaxation zone (swimming pool, deckchairs, billiards) definitely did not encourage you to use it.",
768,3,False,Room,"- terrace in the room,",
768,3,False,Room,"- well-furnished room and bathroom,",
768,3,False,Food,"- monotonous breakfasts (everyday the same set: 2 eggs, 2 slices of toast, 1/4 grilled mushroom, 1/2 grilled tomato, pepper, 2 small sausages, coffee)",
768,3,False,Location,- location of the object.,
768,3,False,Facility,"- the relaxation zone (swimming pool, deckchairs, billiards) definitely did not encourage you to use it.",
769,1,True,Location,the beach is within walking distance.,
769,1,True,Location,near the airport,
769,1,True,Location,a couple of taverns in the area,
769,2,True,Location,the beach is within walking distance.,
769,2,True,Location,near the airport,
769,2,True,Location,a couple of taverns in the area,
769,3,True,Location,the beach is within walking distance.,
769,3,True,Location,near the airport,
769,3,True,Location,a couple of taverns in the area,
770,1,False,Staff,pleasant and helpful staff,
770,1,False,Price,value for money,
770,1,False,Cleanliness,"Clean, daily change of towels",
770,2,False,Staff,pleasant and helpful staff,
770,2,False,Price,value for money,
770,2,False,Cleanliness,"Clean, daily change of towels",
770,3,False,Staff,pleasant and helpful staff,
770,3,False,Price,value for money,
770,3,False,Cleanliness,"Clean, daily change of towels",
771,1,False,(parse failed),,json_parse_error: Expecting value: line 1 column 1 (char 0)
771,2,False,Staff,nice staff,
771,2,False,Location,Walking distance to the center,
771,2,False,Location,within walking distance of Mackenzie beach,
771,2,False,Food,The breakfast is delicious,
771,2,False,Food,but the same,
771,2,False,Cleanliness,Clean,
771,2,False,Comfort,comfortable,
771,2,False,Soundproofing,Poor soundproofing from corridor,
771,3,False,Staff,nice staff,
771,3,False,Location,Walking distance to the center,
771,3,False,Location,within walking distance of Mackenzie beach,
771,3,False,Food,The breakfast is delicious,
771,3,False,Food,but the same,
771,3,False,Cleanliness,Clean,
771,3,False,Comfort,comfortable,
771,3,False,Soundproofing,Poor soundproofing from corridor,
772,1,False,Facility,"new equipment, good accessibility for reptiles",
772,1,False,Equipment,new equipment,
772,2,False,Facility,"new equipment, good accessibility for reptiles",
772,2,False,Equipment,new equipment,
772,3,False,Facility,"new equipment, good accessibility for reptiles",
772,3,False,Equipment,new equipment,
773,1,True,Room,"Great, compact room and hotel. Clean and modern.",
773,1,True,Location,Mackenzie Beach is 10-15 minutes on asphalt and 5-7 off-road (there is a descent at the end of the street).,
773,1,True,Location,From the airport 7 - 10 minutes drive.,
773,2,True,Room,"Great, compact room and hotel. Clean and modern.",
773,2,True,Location,Mackenzie Beach is 10-15 minutes on asphalt and 5-7 off-road,
773,3,True,Room,"Great, compact room and hotel. Clean and modern.",
773,3,True,Location,Mackenzie Beach is 10-15 minutes on asphalt and 5-7 off-road,
774,1,False,(parse failed),,json_parse_error: Extra data: line 26 column 1 (char 741)
774,2,False,(parse failed),,json_parse_error: Extra data: line 18 column 1 (char 450)
774,3,False,(parse failed),,json_parse_error: Extra data: line 18 column 1 (char 450)
775,1,True,Price,perfect price,
775,2,True,Price,perfect price,
775,3,True,Price,perfect price,
776,1,True,Location,proximity to the airport,
776,1,True,Location,walk to the sea,
776,2,True,Location,proximity to the airport,
776,2,True,Location,walk to the sea,
776,3,True,Location,proximity to the airport,
776,3,True,Location,walk to the sea,
777,1,True,Room,"A couple of days after arrival, we changed the room from a one-room to a two-room with a balcony.",
777,1,True,Staff,Responsive staff. Always with a smile.,
777,1,True,Food,Delicious inexpensive breakfast options.,
777,2,True,Room,"A couple of days after arrival, we changed the room from a one-room to a two-room with a balcony.",
777,2,True,Staff,Responsive staff. Always with a smile.,
777,2,True,Food,Delicious inexpensive breakfast options.,
777,3,True,Room,"A couple of days after arrival, we changed the room from a one-room to a two-room with a balcony.",
777,3,True,Staff,Responsive staff. Always with a smile.,
777,3,True,Food,Delicious inexpensive breakfast options.,
778,1,False,Location,Close to the airport.,
778,1,False,UserExperience,Perfect welcome at 1:30 in the morning!,
778,1,False,UserExperience,Excellent value.,
778,2,False,Location,Close to the airport.,
778,2,False,UserExperience,Perfect welcome at 1:30 in the morning!,
778,2,False,UserExperience,Excellent value.,
778,3,False,Location,Close to the airport.,
778,3,False,UserExperience,Perfect welcome at 1:30 in the morning!,
778,3,False,UserExperience,Excellent value.,
779,1,False,Room,"The room is clean, large enough and recent",
779,1,False,Room,The outdoor balcony is a plus,
779,1,False,Location,"The location close to the airport, while being quiet",
779,1,False,Location,The proximity to the beach and the city is a significant asset,
779,1,False,Location,There is a bus stop near the hotel which allows you to go to the city center and to the airport,
779,1,False,Check-in,Check-in at 4am,
779,1,False,Breakfast,the breakfast served at the bar next door (too frugal for the price and very slow service!),
779,2,False,Room,"The room is clean, large enough and recent",
779,2,False,Room,The outdoor balcony is a plus,
779,2,False,Location,"The location close to the airport, while being quiet",
779,2,False,Location,The proximity to the beach and the city is a significant asset,
779,2,False,Location,There is a bus stop near the hotel which allows you to go to the city center and to the airport,
779,2,False,Check-in,Check-in at 4am,
779,2,False,Breakfast,the breakfast served at the bar next door (too frugal for the price and very slow service!),
779,3,False,Room,"The room is clean, large enough and recent",
779,3,False,Room,The outdoor balcony is a plus,
779,3,False,Location,"The location close to the airport, while being quiet",
779,3,False,Location,The proximity to the beach and the city is a significant asset,
779,3,False,Location,There is a bus stop near the hotel which allows you to go to the city center and to the airport,
779,3,False,Check-in,Check-in at 4am,
779,3,False,Breakfast,the breakfast served at the bar next door (too frugal for the price and very slow service!),
780,1,True,Room,nice room,
780,1,True,Room,large room size,
780,1,True,Location,location near mackenzie beach,
780,2,True,Room,nice room,
780,2,True,Room,large room size,
780,2,True,Location,location near mackenzie beach,
780,3,True,Room,nice room,
780,3,True,Room,large room size,
780,3,True,Location,location near mackenzie beach,
781,1,False,Staff,"A friendly, nice and sympathetic man serving breakfast.",
781,1,False,Bed,"Bed frame structure dangerous, sharp corners.",
781,2,True,Staff,"A friendly, nice and sympathetic man serving breakfast.",
781,3,True,Staff,"A friendly, nice and sympathetic man serving breakfast.",
782,1,False,(parse failed),,json_parse_error: Extra data: line 23 column 1 (char 672)
782,2,False,(parse failed),,json_parse_error: Extra data: line 23 column 1 (char 672)
782,3,False,(parse failed),,json_parse_error: Extra data: line 23 column 1 (char 672)
783,1,True,Staff,Great staff ... great willingness!,
783,1,True,Facility,"The hotel itself was tidy and modern,",
783,2,True,Staff,Great staff ... great willingness!,
783,2,True,Facility,"The hotel itself was tidy and modern,",
783,3,True,Staff,Great staff ... great willingness!,
783,3,True,Facility,"The hotel itself was tidy and modern,",
784,1,True,Room,very clean and new rooms.,
784,1,True,Staff,Very friendly and warm service.,
784,1,True,Location,Proximity to the beach and airport.,
784,2,True,Room,very clean and new rooms.,
784,2,True,Staff,Very friendly and warm service.,
784,2,True,Location,Proximity to the beach and airport.,
784,3,True,Room,very clean and new rooms.,
784,3,True,Staff,Very friendly and warm service.,
784,3,True,Location,Proximity to the beach and airport.,
785,1,True,Staff,Very kind and helpful staff.,
785,2,True,Staff,Very kind and helpful staff.,
785,3,True,Staff,Very kind and helpful staff.,
2484,1,True,(no spans found),,
2484,2,True,(no spans found),,
2484,3,True,(no spans found),,
