Review ID,Run,Valid,Topic,Text Span,Sentiment,Errors
1,1,False,Staff,extremely helpful,Positive,
1,1,False,Location,close to the airport,Positive,
1,1,False,Location,close to the beach,Positive,
1,1,False,Food,tasty food,Positive,
1,1,False,Food,comfortable restaurant,Positive,
1,1,False,Facility,comfortable apartments,Positive,
1,2,False,Staff,extremely helpful,Positive,
1,2,False,Location,close to the airport,Positive,
1,2,False,Location,close to the beach,Positive,
1,2,False,Food,tasty food,Positive,
1,2,False,Food,comfortable restaurant,Positive,
1,2,False,Facility,comfortable apartments,Positive,
1,3,False,Staff,extremely helpful,Positive,
1,3,False,Location,close to the airport,Positive,
1,3,False,Location,close to the beach,Positive,
1,3,False,Food,tasty food,Positive,
1,3,False,Food,comfortable restaurant,Positive,
1,3,False,Facility,comfortable apartments,Positive,
2,1,False,Staff,The staff was very nice and helpful!,Positive,
2,1,False,Room,"The room was very clean, well decorated and modern",Positive,
2,1,False,Food,"The breakfast was amazing, fresh and handmade!",Positive,
2,1,False,Staff,"The cook is great, and all staff was very kind and helpful",Positive,
2,2,False,Staff,The staff was very nice and helpful!,Positive,
2,2,False,Room,"The room was very clean, well decorated and modern",Positive,
2,2,False,Food,"The breakfast was amazing, fresh and handmade!",Positive,
2,2,False,Staff,"The cook is great, and all staff was very kind and helpful",Positive,
2,3,False,Staff,The staff was very nice and helpful!,Positive,
2,3,False,Room,"The room was very clean, well decorated and modern",Positive,
2,3,False,Food,"The breakfast was amazing, fresh and handmade!",Positive,
2,3,False,Staff,"The cook is great, and all staff was very kind and helpful",Positive,
3,1,True,Location,the location is great,Positive,
3,1,True,Location,near the airport,Positive,
3,1,True,Location,bus stop is very close,Positive,
3,2,True,Location,the location is great,Positive,
3,2,True,Location,near the airport,Positive,
3,2,True,Location,bus stop is very close,Positive,
3,3,True,Location,the location is great,Positive,
3,3,True,Location,near the airport,Positive,
3,3,True,Location,bus stop is very close,Positive,
4,1,False,Quality,Great Quality/price,Positive,
4,1,False,Cleanliness,Clean,Positive,
4,2,False,Quality,Great Quality/price,Positive,
4,2,False,Cleanliness,Clean,Positive,
4,3,False,Quality,Great Quality/price,Positive,
4,3,False,Cleanliness,Clean,Positive,
5,1,True,Location,in a very convenient location,Positive,
5,1,True,Room,Clean and modern with very comfortable beds,Positive,
5,2,True,Location,in a very convenient location,Positive,
5,2,True,Room,Clean and modern with very comfortable beds,Positive,
5,3,True,Location,in a very convenient location,Positive,
5,3,True,Room,Clean and modern with very comfortable beds,Positive,
6,1,True,Room,The room was exceptionally clean with a really comfortable bed,Positive,
6,2,True,Room,The room was exceptionally clean with a really comfortable bed,Positive,
6,3,True,Room,The room was exceptionally clean with a really comfortable bed,Positive,
7,1,True,Off,great,Positive,
7,2,True,Off,great,Positive,
7,3,True,Off,great,Positive,
8,1,True,Location,nice location,Positive,
8,1,True,Staff,lovely personal,Positive,
8,1,True,Facility,renovated,Positive,
8,2,True,Location,nice location,Positive,
8,2,True,Staff,lovely personal,Positive,
8,2,True,Facility,renovated,Positive,
8,3,True,Location,nice location,Positive,
8,3,True,Staff,lovely personal,Positive,
8,3,True,Facility,renovated,Positive,
9,1,False,(parse failed),,,json_parse_error: Expecting value: line 1 column 1 (char 0)
9,2,False,(parse failed),,,json_parse_error: Expecting value: line 1 column 1 (char 0)
9,3,False,(parse failed),,,json_parse_error: Expecting value: line 1 column 1 (char 0)
10,1,True,Room,Great modern room,Positive,
10,1,True,Room,comfortable bed,Positive,
10,1,True,Location,quiet location,Positive,
10,2,True,Room,Great modern room,Positive,
10,2,True,Room,comfortable bed,Positive,
10,2,True,Location,quiet location,Positive,
10,3,True,Room,Great modern room,Positive,
10,3,True,Room,comfortable bed,Positive,
10,3,True,Location,quiet location,Positive,
11,1,False,Staff,The staff here are amazing beyond expectations,Positive,
11,1,False,Staff,Maria at reception is just great she really took time to explain where to get and how to get there and so helpful,Positive,
11,1,False,Staff,Richard the guy is like the friendliest guy ever such a nice guy with a permanent Smile,Positive,
11,1,False,Food,the food is great,Positive,
11,1,False,Room,The rooms are spacious and clean great to stay,Positive,
11,2,False,Staff,The staff here are amazing beyond expectations,Positive,
11,2,False,Staff,Maria at reception is just great she really took time to explain where to get and how to get there and so helpful,Positive,
11,2,False,Staff,Richard the guy is like the friendliest guy ever such a nice guy with a permanent Smile,Positive,
11,2,False,Food,the food is great,Positive,
11,2,False,Room,The rooms are spacious and clean great to stay,Positive,
11,3,False,Staff,The staff here are amazing beyond expectations,Positive,
11,3,False,Staff,Maria at reception is just great she really took time to explain where to get and how to get there and so helpful,Positive,
11,3,False,Staff,Richard the guy is like the friendliest guy ever such a nice guy with a permanent Smile,Positive,
11,3,False,Food,the food is great,Positive,
11,3,False,Room,The rooms are spacious and clean great to stay,Positive,
12,1,True,Staff,The staff were exceptional. So helpful and friendly. Went out of their way for us.,Positive,
12,1,True,Food,The breakfast was lovely with room service too.,Positive,
12,1,True,Room,Very clean and comfortable.,Positive,
12,2,True,Staff,The staff were exceptional. So helpful and friendly. Went out of their way for us.,Positive,
12,2,True,Food,The breakfast was lovely with room service too.,Positive,
12,2,True,Room,Very clean and comfortable.,Positive,
12,3,True,Staff,The staff were exceptional. So helpful and friendly. Went out of their way for us.,Positive,
12,3,True,Food,The breakfast was lovely with room service too.,Positive,
12,3,True,Room,Very clean and comfortable.,Positive,
13,1,True,Room,"The rooms are lovely and new, very clean and comfortable.",Positive,
13,1,True,Staff,"The staff are so welcoming, we felt like staying with family.",Positive,
13,1,True,Location,"Short drive to the airport and very well located, just a short walk from the promenade, coffee shops restaurants.",Positive,
13,2,True,Room,"The rooms are lovely and new, very clean and comfortable.",Positive,
13,2,True,Staff,"The staff are so welcoming, we felt like staying with family.",Positive,
13,2,True,Location,"Short drive to the airport and very well located, just a short walk from the promenade, coffee shops restaurants.",Positive,
13,3,True,Room,"The rooms are lovely and new, very clean and comfortable.",Positive,
13,3,True,Staff,"The staff are so welcoming, we felt like staying with family.",Positive,
13,3,True,Location,"Short drive to the airport and very well located, just a short walk from the promenade, coffee shops restaurants.",Positive,
14,1,False,Location,close to the airport,Positive,
14,1,False,Location,10min of walking distance from the hotel,Positive,
14,1,False,Staff,The receptionist didn't speak English properly,Negative,
14,1,False,Off,"you have a feeling that people are living in the hotel, rather than staying at a hotel",Negative,
14,1,False,Off,you can hear the airplanes coming and leaving from the airport all the time,Negative,
14,2,False,Location,close to the airport,Positive,
14,2,False,Location,10min of walking distance from the hotel,Positive,
14,2,False,Staff,The receptionist didn't speak English properly,Negative,
14,2,False,Off,"you have a feeling that people are living in the hotel, rather than staying at a hotel",Negative,
14,2,False,Off,you can hear the airplanes coming and leaving from the airport all the time,Negative,
14,3,False,Location,close to the airport,Positive,
14,3,False,Location,10min of walking distance from the hotel,Positive,
14,3,False,Staff,The receptionist didn't speak English properly,Negative,
14,3,False,Off,"you have a feeling that people are living in the hotel, rather than staying at a hotel",Negative,
14,3,False,Off,you can hear the airplanes coming and leaving from the airport all the time,Negative,
15,1,True,Staff,The staff make it,Positive,
15,1,True,Location,reasonably close to the Airport,Positive,
15,1,True,Location,nearby beach,Positive,
15,2,True,Staff,The staff make it,Positive,
15,2,True,Location,reasonably close to the Airport,Positive,
15,2,True,Location,nearby beach,Positive,
15,3,True,Staff,The staff make it,Positive,
15,3,True,Location,reasonably close to the Airport,Positive,
15,3,True,Location,nearby beach,Positive,
16,1,True,Room,"I liked the rooms- they are spacious, clean, the window view is nice too.",Positive,
16,1,True,Food,"The restaurant downstairs is amazing- the food there is very very tasty and made with a lot of care- they care a lot about the details: olive oil galore, herbs- absolutely delicious!",Positive,
16,2,True,Room,"I liked the rooms- they are spacious, clean, the window view is nice too.",Positive,
16,2,True,Food,"The restaurant downstairs is amazing- the food there is very very tasty and made with a lot of care- they care a lot about the details: olive oil galore, herbs- absolutely delicious!",Positive,
16,3,True,Room,"I liked the rooms- they are spacious, clean, the window view is nice too.",Positive,
16,3,True,Food,"The restaurant downstairs is amazing- the food there is very very tasty and made with a lot of care- they care a lot about the details: olive oil galore, herbs- absolutely delicious!",Positive,
17,1,True,Staff,The owner and staff were exceptionally friendly and supportive and helped with all our wishes.,Positive,
17,1,True,Room,Our room had a balcony with great view of the sea and surrounding area.,Positive,
17,2,True,Staff,The owner and staff were exceptionally friendly and supportive and helped with all our wishes.,Positive,
17,2,True,Room,Our room had a balcony with great view of the sea and surrounding area.,Positive,
17,3,True,Staff,The owner and staff were exceptionally friendly and supportive and helped with all our wishes.,Positive,
17,3,True,Room,Our room had a balcony with great view of the sea and surrounding area.,Positive,
18,1,True,Staff,extremely friendly reception and dining staff,Positive,
18,1,True,Food,Meals well prepared and good value,Positive,
18,1,True,Location,Bus every 20 minutes to the centre of Larnaka,Positive,
18,2,True,Staff,extremely friendly reception and dining staff,Positive,
18,2,True,Food,Meals well prepared and good value,Positive,
18,2,True,Location,Bus every 20 minutes to the centre of Larnaka,Positive,
18,3,True,Staff,extremely friendly reception and dining staff,Positive,
18,3,True,Food,Meals well prepared and good value,Positive,
18,3,True,Location,Bus every 20 minutes to the centre of Larnaka,Positive,
19,1,True,Location,Close to airport,Positive,
19,2,True,Location,Close to airport,Positive,
19,3,True,Location,Close to airport,Positive,
20,1,True,Location,location,Positive,
20,1,True,Staff,friendly stuff,Positive,
20,1,True,Room,clean,Positive,
20,2,True,Location,location,Positive,
20,2,True,Staff,friendly stuff,Positive,
20,2,True,Room,clean,Positive,
20,3,True,Location,location,Positive,
20,3,True,Staff,friendly stuff,Positive,
20,3,True,Room,clean,Positive,
21,1,False,Staff,Richard (the chef) is personally buying super fresh food for the restaurant.,Positive,
21,1,False,Staff,The staff and the owners.,Positive,
21,1,False,Food,Everything from breakfast to dinner is absolutely delicious.,Positive,
21,2,False,Staff,Richard (the chef) is personally buying super fresh food for the restaurant.,Positive,
21,2,False,Staff,The staff and the owners.,Positive,
21,2,False,Food,Everything from breakfast to dinner is absolutely delicious.,Positive,
21,3,False,Staff,Richard (the chef) is personally buying super fresh food for the restaurant.,Positive,
21,3,False,Staff,The staff and the owners.,Positive,
21,3,False,Food,Everything from breakfast to dinner is absolutely delicious.,Positive,
22,1,False,Room,"Room was perfect, looked new, clean shiny tiled floors and bathroom tiles, just every inch perfect and clean",Positive,
22,1,False,Staff,the staff very accomodating,Positive,
22,1,False,Food,"Ordered pizza one night and was not great, too stodgy",Negative,
22,1,False,Bed,"Bed was really comfortable, lots of room for me to put my things",Positive,
22,1,False,Fridge,Fridge could have been put on beforehand so it was cold,Negative,
22,1,False,Shower,the shower took a while to get hot,Negative,
22,2,False,Room,"Room was perfect, looked new, clean shiny tiled floors and bathroom tiles, just every inch perfect and clean",Positive,
22,2,False,Staff,the staff very accomodating,Positive,
22,2,False,Food,"Ordered pizza one night and was not great, too stodgy",Negative,
22,2,False,Bed,"Bed was really comfortable, lots of room for me to put my things",Positive,
22,2,False,Fridge,Fridge could have been put on beforehand so it was cold,Negative,
22,2,False,Shower,the shower took a while to get hot,Negative,
22,3,False,Room,"Room was perfect, looked new, clean shiny tiled floors and bathroom tiles, just every inch perfect and clean",Positive,
22,3,False,Staff,the staff very accomodating,Positive,
22,3,False,Food,"Ordered pizza one night and was not great, too stodgy",Negative,
22,3,False,Bed,"Bed was really comfortable, lots of room for me to put my things",Positive,
22,3,False,Fridge,Fridge could have been put on beforehand so it was cold,Negative,
22,3,False,Shower,the shower took a while to get hot,Negative,
23,1,True,Room,the beds were very comfortable,Positive,
23,2,True,Room,the beds were very comfortable,Positive,
23,3,True,Room,the beds were very comfortable,Positive,
24,1,True,Room,I loved the mattress!!!,Positive,
24,2,True,Room,I loved the mattress!!!,Positive,
24,3,True,Room,I loved the mattress!!!,Positive,
25,1,True,Room,Clean and quiet,Positive,
25,2,True,Room,Clean and quiet,Positive,
25,3,True,Room,Clean and quiet,Positive,
26,1,False,Location,The hotel is 5 minutes from the beach and the location is also near the lake.,Positive,
26,1,False,Room,The rooms are a good size and are laid out very well with a good size bathroom,Positive,
26,1,False,Room,The room also has a great sized balcony to take a tea/coffee and chill,Positive,
26,1,False,Food,There is a great restaurant inside where the food is good and not to pricey,Positive,
26,1,False,Staff,The staff are super wonderful really friendly all of them the receptionist Maria is so nice she's amazing,Positive,
26,2,False,Location,The hotel is 5 minutes from the beach and the location is also near the lake.,Positive,
26,2,False,Room,The rooms are a good size and are laid out very well with a good size bathroom,Positive,
26,2,False,Room,The room also has a great sized balcony to take a tea/coffee and chill,Positive,
26,2,False,Food,There is a great restaurant inside where the food is good and not to pricey,Positive,
26,2,False,Staff,The staff are super wonderful really friendly all of them the receptionist Maria is so nice she's amazing,Positive,
26,3,False,Location,The hotel is 5 minutes from the beach and the location is also near the lake.,Positive,
26,3,False,Room,The rooms are a good size and are laid out very well with a good size bathroom,Positive,
26,3,False,Room,The room also has a great sized balcony to take a tea/coffee and chill,Positive,
26,3,False,Food,There is a great restaurant inside where the food is good and not to pricey,Positive,
26,3,False,Staff,The staff are super wonderful really friendly all of them the receptionist Maria is so nice she's amazing,Positive,
27,1,True,Staff,friendly staff,Positive,
27,1,True,Room,"so comfortable, clean",Positive,
27,2,True,Staff,friendly staff,Positive,
27,2,True,Room,"so comfortable, clean",Positive,
27,3,True,Staff,friendly staff,Positive,
27,3,True,Room,"so comfortable, clean",Positive,
28,1,True,Staff,Staff is very polite and caring,Positive,
28,1,True,Off,Thank you,Positive,
28,1,True,Location,Surrounding buildings are under construction and poorly lit,Negative,
28,2,True,Staff,Staff is very polite and caring,Positive,
28,2,True,Off,Thank you,Positive,
28,2,True,Location,Surrounding buildings are under construction and poorly lit,Negative,
28,3,True,Staff,Staff is very polite and caring,Positive,
28,3,True,Off,Thank you,Positive,
28,3,True,Location,Surrounding buildings are under construction and poorly lit,Negative,
29,1,True,Room,very clean functional rooms,Positive,
29,1,True,Staff,lovely and very helpful staff,Positive,
29,1,True,Room,I would have liked an ironing board in the room,Negative,
29,2,True,Room,very clean functional rooms,Positive,
29,2,True,Staff,lovely and very helpful staff,Positive,
29,2,True,Room,I would have liked an ironing board in the room,Negative,
29,3,True,Room,very clean functional rooms,Positive,
29,3,True,Staff,lovely and very helpful staff,Positive,
29,3,True,Room,I would have liked an ironing board in the room,Negative,
30,1,False,Staff,Staff were lovely.,Positive,
30,1,False,Service,Service was great.,Positive,
30,1,False,Room,The room was spotless.,Positive,
30,1,False,Location,Great location for restaurants.,Positive,
30,1,False,Location,Great location for a short drive to the airport.,Positive,
30,2,False,Staff,Staff were lovely.,Positive,
30,2,False,Service,Service was great.,Positive,
30,2,False,Room,The room was spotless.,Positive,
30,2,False,Location,Great location for restaurants.,Positive,
30,2,False,Location,Great location for a short drive to the airport.,Positive,
30,3,False,Staff,Staff were lovely.,Positive,
30,3,False,Service,Service was great.,Positive,
30,3,False,Room,The room was spotless.,Positive,
30,3,False,Location,Great location for restaurants.,Positive,
30,3,False,Location,Great location for a short drive to the airport.,Positive,
31,1,True,Staff,friendly staff,Positive,
31,1,True,Food,excellent & reasonably priced,Positive,
31,1,True,Location,Very close to Mackenzy beach & Larnaca airport,Positive,
31,2,True,Staff,friendly staff,Positive,
31,2,True,Food,excellent & reasonably priced,Positive,
31,2,True,Location,Very close to Mackenzy beach & Larnaca airport,Positive,
31,3,True,Staff,friendly staff,Positive,
31,3,True,Food,excellent & reasonably priced,Positive,
31,3,True,Location,Very close to Mackenzy beach & Larnaca airport,Positive,
32,1,True,Staff,Staff were so kind.,Positive,
32,1,True,Room,The bed was great.,Positive,
32,1,True,Room,Rooms clean.,Positive,
32,2,True,Staff,Staff were so kind.,Positive,
32,2,True,Room,The bed was great.,Positive,
32,2,True,Room,Rooms clean.,Positive,
32,3,True,Staff,Staff were so kind.,Positive,
32,3,True,Room,The bed was great.,Positive,
32,3,True,Room,Rooms clean.,Positive,
33,1,True,Staff,Very helpful staff,Positive,
33,1,True,Room,super clean room with modern furniture,Positive,
33,1,True,Food,good breakfast,Positive,
33,1,True,Off,Little bit noisy during evening time from the street side,Negative,
33,2,True,Staff,Very helpful staff,Positive,
33,2,True,Room,super clean room with modern furniture,Positive,
33,2,True,Food,good breakfast,Positive,
33,2,True,Off,Little bit noisy during evening time from the street side,Negative,
33,3,True,Staff,Very helpful staff,Positive,
33,3,True,Room,super clean room with modern furniture,Positive,
33,3,True,Food,good breakfast,Positive,
33,3,True,Off,Little bit noisy during evening time from the street side,Negative,
34,1,False,Location,location,Positive,
34,1,False,Value,value for money,Positive,
34,1,False,Welcoming,welcoming,Positive,
34,1,False,Off,more hooks on walls for towels etc.,Negative,
34,2,False,Location,location,Positive,
34,2,False,Value,value for money,Positive,
34,2,False,Welcoming,welcoming,Positive,
34,2,False,Off,more hooks on walls for towels etc.,Negative,
34,3,False,Location,location,Positive,
34,3,False,Value,value for money,Positive,
34,3,False,Welcoming,welcoming,Positive,
34,3,False,Off,more hooks on walls for towels etc.,Negative,
35,1,True,Off,"There was a problem with heating water at that time and we can understand, but eventually we couldn't manage to have a proper shower with hot water.",Negative,
35,2,True,Off,"There was a problem with heating water at that time and we can understand, but eventually we couldn't manage to have a proper shower with hot water.",Negative,
35,3,True,Off,"There was a problem with heating water at that time and we can understand, but eventually we couldn't manage to have a proper shower with hot water.",Negative,
36,1,False,Location,surprised at the location in a small side street,Positive,
36,1,False,Location,10-minute walk to the sea front,Positive,
36,1,False,Staff,receptionist on check in was very good,Positive,
36,1,False,Room,The room was smaller than I expected,Neutral,
36,1,False,Food,"The chef was very polite, and his food was excellent",Positive,
36,1,False,Staff,passion and it showed in his presentation,Positive,
36,2,False,Location,surprised at the location in a small side street,Positive,
36,2,False,Location,10-minute walk to the sea front,Positive,
36,2,False,Staff,receptionist on check in was very good,Positive,
36,2,False,Room,The room was smaller than I expected,Neutral,
36,2,False,Food,"The chef was very polite, and his food was excellent",Positive,
36,2,False,Staff,passion and it showed in his presentation,Positive,
36,3,False,Location,surprised at the location in a small side street,Positive,
36,3,False,Location,10-minute walk to the sea front,Positive,
36,3,False,Staff,receptionist on check in was very good,Positive,
36,3,False,Room,The room was smaller than I expected,Neutral,
36,3,False,Food,"The chef was very polite, and his food was excellent",Positive,
36,3,False,Staff,passion and it showed in his presentation,Positive,
37,1,True,Staff,lovely caring staff,Positive,
37,1,True,Food,food was good too,Positive,
37,2,True,Staff,lovely caring staff,Positive,
37,2,True,Food,food was good too,Positive,
37,3,True,Staff,lovely caring staff,Positive,
37,3,True,Food,food was good too,Positive,
38,1,True,Room,great rooms - nice and cool,Positive,
38,2,True,Room,great rooms - nice and cool,Positive,
38,3,True,Room,great rooms - nice and cool,Positive,
39,1,True,Room,It was really clean and spacious,Positive,
39,2,True,Room,It was really clean and spacious,Positive,
39,3,True,Room,It was really clean and spacious,Positive,
40,1,True,Location,"Nice location, not far from Airport and Mackenzie beach.",Positive,
40,1,True,Room,"My only real observation was that there was no net curtain or blind so one needed to ensure that the curtain was closed, especially when going for a shower as the room is opposite some apartments that have a clear view into the room!",Negative,
40,2,True,Location,"Nice location, not far from Airport and Mackenzie beach.",Positive,
40,2,True,Room,"My only real observation was that there was no net curtain or blind so one needed to ensure that the curtain was closed, especially when going for a shower as the room is opposite some apartments that have a clear view into the room!",Negative,
40,3,True,Location,"Nice location, not far from Airport and Mackenzie beach.",Positive,
40,3,True,Room,"My only real observation was that there was no net curtain or blind so one needed to ensure that the curtain was closed, especially when going for a shower as the room is opposite some apartments that have a clear view into the room!",Negative,
41,1,False,Staff,Super friendly and helpful staff,Positive,
41,1,False,Location,"A good location 5 mins away from the airport by car, 5 mins walk to the beach",Positive,
41,1,False,Food,very nice breakfast,Positive,
41,1,False,Food,The kitchen shuts at 22:30 or so,Negative,
41,1,False,Food,No food to be had afterwards,Negative,
41,1,False,Off,I would just flag that ahead of time in the welcome email,Negative,
41,2,False,Staff,Super friendly and helpful staff,Positive,
41,2,False,Location,"A good location 5 mins away from the airport by car, 5 mins walk to the beach",Positive,
41,2,False,Food,very nice breakfast,Positive,
41,2,False,Food,The kitchen shuts at 22:30 or so,Negative,
41,2,False,Food,No food to be had afterwards,Negative,
41,2,False,Off,I would just flag that ahead of time in the welcome email,Negative,
41,3,False,Staff,Super friendly and helpful staff,Positive,
41,3,False,Location,"A good location 5 mins away from the airport by car, 5 mins walk to the beach",Positive,
41,3,False,Food,very nice breakfast,Positive,
41,3,False,Food,The kitchen shuts at 22:30 or so,Negative,
41,3,False,Food,No food to be had afterwards,Negative,
41,3,False,Off,I would just flag that ahead of time in the welcome email,Negative,
42,1,True,Staff,hospitality,Positive,
42,1,True,Room,clean,Positive,
42,2,True,Staff,hospitality,Positive,
42,2,True,Room,clean,Positive,
42,3,True,Staff,hospitality,Positive,
42,3,True,Room,clean,Positive,
43,1,True,Room,clean spacious practical,Positive,
43,2,True,Room,clean spacious practical,Positive,
43,3,True,Room,clean spacious practical,Positive,
44,1,True,Facility,"The facilities were really good, particularly for the tariff charged",Positive,
44,1,True,Staff,Was met with a warm welcome at reception,Positive,
44,1,True,Staff,and then again by the dining staff,Positive,
44,2,True,Facility,"The facilities were really good, particularly for the tariff charged",Positive,
44,2,True,Staff,Was met with a warm welcome at reception,Positive,
44,2,True,Staff,and then again by the dining staff,Positive,
44,3,True,Facility,"The facilities were really good, particularly for the tariff charged",Positive,
44,3,True,Staff,Was met with a warm welcome at reception,Positive,
44,3,True,Staff,and then again by the dining staff,Positive,
45,1,False,Room,"Recently updated, everything was clean",Positive,
45,1,False,Food,"good food, very reasonably priced",Positive,
45,1,False,Location,The beach is about 5 minutes walk away,Positive,
45,2,False,Room,"Recently updated, everything was clean",Positive,
45,2,False,Food,"good food, very reasonably priced",Positive,
45,2,False,Location,The beach is about 5 minutes walk away,Positive,
45,3,False,Room,"Recently updated, everything was clean",Positive,
45,3,False,Food,"good food, very reasonably priced",Positive,
45,3,False,Location,The beach is about 5 minutes walk away,Positive,
46,1,True,Price,Great value for money,Positive,
46,2,True,Price,Great value for money,Positive,
46,3,True,Price,Great value for money,Positive,
47,1,True,Staff,very helpful staff who organised a taxi to collect us in the morning,Positive,
47,1,True,Price,Good value for money,Positive,
47,2,True,Staff,very helpful staff who organised a taxi to collect us in the morning,Positive,
47,2,True,Price,Good value for money,Positive,
47,3,True,Staff,very helpful staff who organised a taxi to collect us in the morning,Positive,
47,3,True,Price,Good value for money,Positive,
48,1,True,Room,Clean and comfortable rooms,Positive,
48,1,True,Staff,lovely owner,Positive,
48,2,True,Room,Clean and comfortable rooms,Positive,
48,2,True,Staff,lovely owner,Positive,
48,3,True,Room,Clean and comfortable rooms,Positive,
48,3,True,Staff,lovely owner,Positive,
49,1,False,Location,Great location close to the airport and a short walk to the sea,Positive,
49,1,False,Value,Great value for money,Positive,
49,1,False,Room,The 2 rooms were big enough for a family of 5,Positive,
49,2,False,Location,Great location close to the airport and a short walk to the sea,Positive,
49,2,False,Value,Great value for money,Positive,
49,2,False,Room,The 2 rooms were big enough for a family of 5,Positive,
49,3,False,Location,Great location close to the airport and a short walk to the sea,Positive,
49,3,False,Value,Great value for money,Positive,
49,3,False,Room,The 2 rooms were big enough for a family of 5,Positive,
50,1,True,Location,Great little hotel close to airport,Positive,
50,1,True,Off,Not very Soundproof,Negative,
50,2,True,Location,Great little hotel close to airport,Positive,
50,2,True,Off,Not very Soundproof,Negative,
50,3,True,Location,Great little hotel close to airport,Positive,
50,3,True,Off,Not very Soundproof,Negative,
51,1,True,Location,Near airport,Positive,
51,1,True,Room,nice clean room,Positive,
51,1,True,Staff,staff very helpful and friendly,Positive,
51,1,True,Food,good food,Positive,
51,2,True,Location,Near airport,Positive,
51,2,True,Room,nice clean room,Positive,
51,2,True,Staff,staff very helpful and friendly,Positive,
51,2,True,Food,good food,Positive,
51,3,True,Location,Near airport,Positive,
51,3,True,Room,nice clean room,Positive,
51,3,True,Staff,staff very helpful and friendly,Positive,
51,3,True,Food,good food,Positive,
52,1,True,Off,Everything was good❤❤❤❤,Positive,
52,1,True,Off,Nothing,Negative,
52,2,True,Off,Everything was good❤❤❤❤,Positive,
52,2,True,Off,Nothing,Negative,
52,3,True,Off,Everything was good❤❤❤❤,Positive,
52,3,True,Off,Nothing,Negative,
53,1,False,Location,close to the airport and Mackenzie Beach,Positive,
53,1,False,Food,delicious breakfasts,Positive,
53,1,False,Room,"nice, renovated hotel",Positive,
53,1,False,Bed,comfortable bed,Positive,
53,2,False,Location,close to the airport and Mackenzie Beach,Positive,
53,2,False,Food,delicious breakfasts,Positive,
53,2,False,Room,"nice, renovated hotel",Positive,
53,2,False,Bed,comfortable bed,Positive,
53,3,False,Location,close to the airport and Mackenzie Beach,Positive,
53,3,False,Food,delicious breakfasts,Positive,
53,3,False,Room,"nice, renovated hotel",Positive,
53,3,False,Bed,comfortable bed,Positive,
54,1,True,Room,Very nice and clean room.,Positive,
54,2,True,Room,Very nice and clean room.,Positive,
54,3,True,Room,Very nice and clean room.,Positive,
55,1,True,Location,Good for airport transfers,Positive,
55,1,True,Off,A lot of mosquitos,Negative,
55,2,True,Location,Good for airport transfers,Positive,
55,2,True,Off,A lot of mosquitos,Negative,
55,3,True,Location,Good for airport transfers,Positive,
55,3,True,Off,A lot of mosquitos,Negative,
56,1,True,Location,situated within 5 minutes from the airport,Positive,
56,1,True,Staff,amazing hospitality from the staff,Positive,
56,1,True,Food,breakfast started at 7 rather than 8,Negative,
56,2,True,Location,situated within 5 minutes from the airport,Positive,
56,2,True,Staff,amazing hospitality from the staff,Positive,
56,2,True,Food,breakfast started at 7 rather than 8,Negative,
56,3,True,Location,situated within 5 minutes from the airport,Positive,
56,3,True,Staff,amazing hospitality from the staff,Positive,
56,3,True,Food,breakfast started at 7 rather than 8,Negative,
57,1,True,Room,"Very clean, very comfortable room",Positive,
57,1,True,Staff,Staff was extremely helpful,Positive,
57,1,True,Staff,They ordered a taxi for us to get to the airport very early in the morning,Positive,
57,1,True,Location,"We were able to enjoy a very nice, short walk to the beach where there were many restaurants available to choose from",Positive,
57,2,True,Room,"Very clean, very comfortable room",Positive,
57,2,True,Staff,Staff was extremely helpful,Positive,
57,2,True,Staff,They ordered a taxi for us to get to the airport very early in the morning,Positive,
57,2,True,Location,"We were able to enjoy a very nice, short walk to the beach where there were many restaurants available to choose from",Positive,
57,3,True,Room,"Very clean, very comfortable room",Positive,
57,3,True,Staff,Staff was extremely helpful,Positive,
57,3,True,Staff,They ordered a taxi for us to get to the airport very early in the morning,Positive,
57,3,True,Location,"We were able to enjoy a very nice, short walk to the beach where there were many restaurants available to choose from",Positive,
58,1,True,Staff,the staff were nice and helpful,Positive,
58,1,True,Location,Close to the airport,Positive,
58,1,True,Room,The room wasn't soundproof,Negative,
58,2,True,Staff,the staff were nice and helpful,Positive,
58,2,True,Location,Close to the airport,Positive,
58,2,True,Room,The room wasn't soundproof,Negative,
58,3,True,Staff,the staff were nice and helpful,Positive,
58,3,True,Location,Close to the airport,Positive,
58,3,True,Room,The room wasn't soundproof,Negative,
59,1,True,Location,Close to airport so very convenient for overnight stay,Positive,
59,1,True,Check-in,very easy to check-in if you arrive late at night,Positive,
59,2,True,Location,Close to airport so very convenient for overnight stay,Positive,
59,2,True,Check-in,very easy to check-in if you arrive late at night,Positive,
59,3,True,Location,Close to airport so very convenient for overnight stay,Positive,
59,3,True,Check-in,very easy to check-in if you arrive late at night,Positive,
60,1,True,Check-in,clear instructions,Positive,
60,1,True,Check-in,left access to our room,Positive,
60,2,True,Check-in,clear instructions,Positive,
60,2,True,Check-in,left access to our room,Positive,
60,3,True,Check-in,clear instructions,Positive,
60,3,True,Check-in,left access to our room,Positive,
61,1,False,Food,Excellent range of food offered,Positive,
61,1,False,Service,good service,Positive,
61,2,False,Food,Excellent range of food offered,Positive,
61,2,False,Service,good service,Positive,
61,3,False,Food,Excellent range of food offered,Positive,
61,3,False,Service,good service,Positive,
62,1,True,Location,"Comfortable location near the airport, and near the beach.",Positive,
62,1,True,Staff,Caring and helpful host.,Positive,
62,1,True,Facility,Restaurant on site,Positive,
62,1,True,Room,"Comfortable beds, the best linen and duvets I had",Positive,
62,1,True,Room,In room mini bar+ tea/ coffee,Positive,
62,1,True,Room,Clean modern bathroom.,Positive,
62,1,True,Room,Good AC.,Positive,
62,1,True,Room,Our son had a folding bed which could have been better,Negative,
62,2,True,Location,"Comfortable location near the airport, and near the beach.",Positive,
62,2,True,Staff,Caring and helpful host.,Positive,
62,2,True,Facility,Restaurant on site,Positive,
62,2,True,Room,"Comfortable beds, the best linen and duvets I had",Positive,
62,2,True,Room,In room mini bar+ tea/ coffee,Positive,
62,2,True,Room,Clean modern bathroom.,Positive,
62,2,True,Room,Good AC.,Positive,
62,2,True,Room,Our son had a folding bed which could have been better,Negative,
62,3,True,Location,"Comfortable location near the airport, and near the beach.",Positive,
62,3,True,Staff,Caring and helpful host.,Positive,
62,3,True,Facility,Restaurant on site,Positive,
62,3,True,Room,"Comfortable beds, the best linen and duvets I had",Positive,
62,3,True,Room,In room mini bar+ tea/ coffee,Positive,
62,3,True,Room,Clean modern bathroom.,Positive,
62,3,True,Room,Good AC.,Positive,
62,3,True,Room,Our son had a folding bed which could have been better,Negative,
63,1,True,Room,It’s been renovated to a exceptionally high standard,Positive,
63,1,True,Price,Exceptional value,Positive,
63,2,True,Room,It’s been renovated to a exceptionally high standard,Positive,
63,2,True,Price,Exceptional value,Positive,
63,3,True,Room,It’s been renovated to a exceptionally high standard,Positive,
63,3,True,Price,Exceptional value,Positive,
64,1,True,Location,The hotel is located in a close proximity to the airport,Positive,
64,1,True,Food,they made us a pizza which was really nice,Positive,
64,1,True,Staff,the staff reached out in advance and provided us with the detailed instructions,Positive,
64,1,True,Room,The room was new and clean,Positive,
64,2,True,Location,The hotel is located in a close proximity to the airport,Positive,
64,2,True,Food,they made us a pizza which was really nice,Positive,
64,2,True,Staff,the staff reached out in advance and provided us with the detailed instructions,Positive,
64,2,True,Room,The room was new and clean,Positive,
64,3,True,Location,The hotel is located in a close proximity to the airport,Positive,
64,3,True,Food,they made us a pizza which was really nice,Positive,
64,3,True,Staff,the staff reached out in advance and provided us with the detailed instructions,Positive,
64,3,True,Room,The room was new and clean,Positive,
65,1,False,Room,The property was clean,Positive,
65,1,False,Bed,bed was comfortable,Positive,
65,1,False,Food,food was really good,Positive,
65,1,False,Staff,staff were really good,Positive,
65,1,False,Location,Location was great,Positive,
65,2,False,Room,The property was clean,Positive,
65,2,False,Bed,bed was comfortable,Positive,
65,2,False,Food,food was really good,Positive,
65,2,False,Staff,staff were really good,Positive,
65,2,False,Location,Location was great,Positive,
65,3,False,Room,The property was clean,Positive,
65,3,False,Bed,bed was comfortable,Positive,
65,3,False,Food,food was really good,Positive,
65,3,False,Staff,staff were really good,Positive,
65,3,False,Location,Location was great,Positive,
66,1,False,(parse failed),,,json_parse_error: Expecting value: line 16 column 20 (char 438)
66,2,False,(parse failed),,,json_parse_error: Expecting value: line 16 column 20 (char 438)
66,3,False,(parse failed),,,json_parse_error: Expecting value: line 16 column 20 (char 438)
67,1,True,Staff,friendly staff,Positive,
67,2,True,Staff,friendly staff,Positive,
67,3,True,Staff,friendly staff,Positive,
68,1,True,Staff,Friendly,Positive,
68,1,True,Price,good value,Positive,
68,1,True,Room,clean,Positive,
68,2,True,Staff,Friendly,Positive,
68,2,True,Price,good value,Positive,
68,2,True,Room,clean,Positive,
68,3,True,Staff,Friendly,Positive,
68,3,True,Price,good value,Positive,
68,3,True,Room,clean,Positive,
69,1,True,Price,"The place and the people are lovely, I couldn't ask for more during my stay especially with such a price.",Positive,
69,2,True,Price,"The place and the people are lovely, I couldn't ask for more during my stay especially with such a price.",Positive,
69,3,True,Price,"The place and the people are lovely, I couldn't ask for more during my stay especially with such a price.",Positive,
70,1,True,Staff,friendly helpful staff,Positive,
70,2,True,Staff,friendly helpful staff,Positive,
70,3,True,Staff,friendly helpful staff,Positive,
71,1,True,Staff,The staff of the hotel is extremely friendly and nice.,Positive,
71,1,True,Location,The bus stop with direct access to the airport is a few steps from the accommodation.,Positive,
71,1,True,Location,"at the same time, Mackenzie beach is also easily accessible on foot.",Positive,
71,2,True,Staff,The staff of the hotel is extremely friendly and nice.,Positive,
71,2,True,Location,The bus stop with direct access to the airport is a few steps from the accommodation.,Positive,
71,2,True,Location,"at the same time, Mackenzie beach is also easily accessible on foot.",Positive,
71,3,True,Staff,The staff of the hotel is extremely friendly and nice.,Positive,
71,3,True,Location,The bus stop with direct access to the airport is a few steps from the accommodation.,Positive,
71,3,True,Location,"at the same time, Mackenzie beach is also easily accessible on foot.",Positive,
72,1,True,Staff,I received very clear instructions how to enter the hotel and access my room.,Positive,
72,2,True,Staff,I received very clear instructions how to enter the hotel and access my room.,Positive,
72,3,True,Staff,I received very clear instructions how to enter the hotel and access my room.,Positive,
73,1,True,Staff,Lovely staff doing best to assist always.,Positive,
73,1,True,Room,wonderful room.,Positive,
73,2,True,Staff,Lovely staff doing best to assist always.,Positive,
73,2,True,Room,wonderful room.,Positive,
73,3,True,Staff,Lovely staff doing best to assist always.,Positive,
73,3,True,Room,wonderful room.,Positive,
74,1,True,Location,"The hotel is based on a quiet place near to the airport, beach and the Salt Lake in the city",Positive,
74,1,True,Room,very clean and cozy ones,Positive,
74,1,True,Food,delicious food,Positive,
74,1,True,Staff,extremely friendly and nice,Positive,
74,2,True,Location,"The hotel is based on a quiet place near to the airport, beach and the Salt Lake in the city",Positive,
74,2,True,Room,very clean and cozy ones,Positive,
74,2,True,Food,delicious food,Positive,
74,2,True,Staff,extremely friendly and nice,Positive,
74,3,True,Location,"The hotel is based on a quiet place near to the airport, beach and the Salt Lake in the city",Positive,
74,3,True,Room,very clean and cozy ones,Positive,
74,3,True,Food,delicious food,Positive,
74,3,True,Staff,extremely friendly and nice,Positive,
75,1,True,Off,Disappointed we didn't have a balcony,Negative,
75,2,True,Off,Disappointed we didn't have a balcony,Negative,
75,3,True,Off,Disappointed we didn't have a balcony,Negative,
76,1,True,Location,perfect location nearby the beach,Positive,
76,2,True,Location,perfect location nearby the beach,Positive,
76,3,True,Location,perfect location nearby the beach,Positive,
77,1,True,Staff,The staff is very VERY helpful and eager to assist.,Positive,
77,1,True,Staff,The staff is very VERY helpful and eager to assist.,Positive,
77,2,True,Staff,The staff is very VERY helpful and eager to assist.,Positive,
77,2,True,Staff,The staff is very VERY helpful and eager to assist.,Positive,
77,3,True,Staff,The staff is very VERY helpful and eager to assist.,Positive,
77,3,True,Staff,The staff is very VERY helpful and eager to assist.,Positive,
78,1,True,Staff,Nice friendly staff,Positive,
78,1,True,Room,"clean, nice room",Positive,
78,1,True,Room,big bathroom,Positive,
78,2,True,Staff,Nice friendly staff,Positive,
78,2,True,Room,"clean, nice room",Positive,
78,2,True,Room,big bathroom,Positive,
78,3,True,Staff,Nice friendly staff,Positive,
78,3,True,Room,"clean, nice room",Positive,
78,3,True,Room,big bathroom,Positive,
79,1,False,Staff,friendly helpful staff,Positive,
79,1,False,Setup,New clean setup,Positive,
79,2,False,Staff,friendly helpful staff,Positive,
79,2,False,Setup,New clean setup,Positive,
79,3,False,Staff,friendly helpful staff,Positive,
79,3,False,Setup,New clean setup,Positive,
80,1,False,Room,It is a new hotel.,Positive,
80,1,False,Facility,Everything was clean.,Positive,
80,1,False,Food,Dinner was delicious and inexpensive.,Positive,
80,1,False,Location,Mc Kenzie Beach within walking distance.,Positive,
80,2,False,Room,It is a new hotel.,Positive,
80,2,False,Facility,Everything was clean.,Positive,
80,2,False,Food,Dinner was delicious and inexpensive.,Positive,
80,2,False,Location,Mc Kenzie Beach within walking distance.,Positive,
80,3,False,Room,It is a new hotel.,Positive,
80,3,False,Facility,Everything was clean.,Positive,
80,3,False,Food,Dinner was delicious and inexpensive.,Positive,
80,3,False,Location,Mc Kenzie Beach within walking distance.,Positive,
81,1,False,Location,Close to the airport,Positive,
81,1,False,Room,clean spacious rooms,Positive,
81,1,False,Reception,No 24 hour reception,Negative,
81,2,False,Location,Close to the airport,Positive,
81,2,False,Room,clean spacious rooms,Positive,
81,2,False,Reception,No 24 hour reception,Negative,
81,3,False,Location,Close to the airport,Positive,
81,3,False,Room,clean spacious rooms,Positive,
81,3,False,Reception,No 24 hour reception,Negative,
82,1,True,Staff,Amazing staff,Positive,
82,1,True,Room,super clean,Positive,
82,1,True,Facility,modern,Positive,
82,1,True,Location,great location,Positive,
82,2,True,Staff,Amazing staff,Positive,
82,2,True,Room,super clean,Positive,
82,2,True,Facility,modern,Positive,
82,2,True,Location,great location,Positive,
82,3,True,Staff,Amazing staff,Positive,
82,3,True,Room,super clean,Positive,
82,3,True,Facility,modern,Positive,
82,3,True,Location,great location,Positive,
83,1,True,Staff,very nice and friendly,Positive,
83,1,True,Room,clean and comfortable,Positive,
83,1,True,Location,a little bit far from the centre,Negative,
83,2,True,Staff,very nice and friendly,Positive,
83,2,True,Room,clean and comfortable,Positive,
83,2,True,Location,a little bit far from the centre,Negative,
83,3,True,Staff,very nice and friendly,Positive,
83,3,True,Room,clean and comfortable,Positive,
83,3,True,Location,a little bit far from the centre,Negative,
84,1,False,Staff,very polite and caring at all times,Positive,
84,1,False,Staff,could not seem to do enough for their guests,Positive,
84,1,False,Room,spotless clean in the breakfast room,Positive,
84,1,False,Food,The breakfast was very good plenty of selection,Positive,
84,2,False,Staff,very polite and caring at all times,Positive,
84,2,False,Staff,could not seem to do enough for their guests,Positive,
84,2,False,Room,spotless clean in the breakfast room,Positive,
84,2,False,Food,The breakfast was very good plenty of selection,Positive,
84,3,False,Staff,very polite and caring at all times,Positive,
84,3,False,Staff,could not seem to do enough for their guests,Positive,
84,3,False,Room,spotless clean in the breakfast room,Positive,
84,3,False,Food,The breakfast was very good plenty of selection,Positive,
85,1,True,Food,Good food in the restaurant downstairs,Positive,
85,1,True,Staff,friendly personnel,Positive,
85,1,True,Room,The room wasn't clean when we checked in,Negative,
85,1,True,Staff,So they finished the cleaning after our complaint,Positive,
85,2,True,Food,Good food in the restaurant downstairs,Positive,
85,2,True,Staff,friendly personnel,Positive,
85,2,True,Room,The room wasn't clean when we checked in,Negative,
85,2,True,Staff,So they finished the cleaning after our complaint,Positive,
85,3,True,Food,Good food in the restaurant downstairs,Positive,
85,3,True,Staff,friendly personnel,Positive,
85,3,True,Room,The room wasn't clean when we checked in,Negative,
85,3,True,Staff,So they finished the cleaning after our complaint,Positive,
86,1,True,Staff,very friendly staff,Positive,
86,1,True,Food,Breakfast was excellent,Positive,
86,2,True,Staff,very friendly staff,Positive,
86,2,True,Food,Breakfast was excellent,Positive,
86,3,True,Staff,very friendly staff,Positive,
86,3,True,Food,Breakfast was excellent,Positive,
87,1,True,Staff,Super friendly staff,Positive,
87,1,True,Food,nice restaurant,Positive,
87,2,True,Staff,Super friendly staff,Positive,
87,2,True,Food,nice restaurant,Positive,
87,3,True,Staff,Super friendly staff,Positive,
87,3,True,Food,nice restaurant,Positive,
88,1,True,Staff,Lovely friendly staff,Positive,
88,1,True,Location,Good location,Positive,
88,1,True,Room,Clean comfortable little hotel,Positive,
88,2,True,Staff,Lovely friendly staff,Positive,
88,2,True,Location,Good location,Positive,
88,2,True,Room,Clean comfortable little hotel,Positive,
88,3,True,Staff,Lovely friendly staff,Positive,
88,3,True,Location,Good location,Positive,
88,3,True,Room,Clean comfortable little hotel,Positive,
89,1,True,Check-in,We had a horrible 4am arrival,Negative,
89,1,True,Check-in,instructions for access were sent in advance and absolutely perfect,Positive,
89,1,True,Room,"clean, comfortable bed",Positive,
89,2,True,Check-in,We had a horrible 4am arrival,Negative,
89,2,True,Check-in,instructions for access were sent in advance and absolutely perfect,Positive,
89,2,True,Room,"clean, comfortable bed",Positive,
89,3,True,Check-in,We had a horrible 4am arrival,Negative,
89,3,True,Check-in,instructions for access were sent in advance and absolutely perfect,Positive,
89,3,True,Room,"clean, comfortable bed",Positive,
90,1,False,Staff,staff,Positive,
90,1,False,Cleanliness,very clean,Positive,
90,1,False,Parking,parking not always easy,Negative,
90,2,False,Staff,staff,Positive,
90,2,False,Cleanliness,very clean,Positive,
90,2,False,Parking,parking not always easy,Negative,
90,3,False,Staff,staff,Positive,
90,3,False,Cleanliness,very clean,Positive,
90,3,False,Parking,parking not always easy,Negative,
91,1,True,Location,Close to Larnaca airport,Positive,
91,1,True,Room,Very nice rooms that were very clean,Positive,
91,1,True,Staff,"helpful, friendly staff",Positive,
91,2,True,Location,Close to Larnaca airport,Positive,
91,2,True,Room,Very nice rooms that were very clean,Positive,
91,2,True,Staff,"helpful, friendly staff",Positive,
91,3,True,Location,Close to Larnaca airport,Positive,
91,3,True,Room,Very nice rooms that were very clean,Positive,
91,3,True,Staff,"helpful, friendly staff",Positive,
92,1,True,Check-in,"we did late night check in, that was super easy and comfortable",Positive,
92,1,True,Off,it was a bit badly soundproofed,Negative,
92,2,True,Check-in,"we did late night check in, that was super easy and comfortable",Positive,
92,2,True,Off,it was a bit badly soundproofed,Negative,
92,3,True,Check-in,"we did late night check in, that was super easy and comfortable",Positive,
92,3,True,Off,it was a bit badly soundproofed,Negative,
93,1,False,Room,"New room, very comfortable",Positive,
93,1,False,Food,nice restaurant in the same building very welcoming with nice offer,Positive,
93,1,False,Location,The location of the place is more a waiting position for your next flight at the Larnaka airport than a beach stay,Negative,
93,2,False,Room,"New room, very comfortable",Positive,
93,2,False,Food,nice restaurant in the same building very welcoming with nice offer,Positive,
93,2,False,Location,The location of the place is more a waiting position for your next flight at the Larnaka airport than a beach stay,Negative,
93,3,False,Room,"New room, very comfortable",Positive,
93,3,False,Food,nice restaurant in the same building very welcoming with nice offer,Positive,
93,3,False,Location,The location of the place is more a waiting position for your next flight at the Larnaka airport than a beach stay,Negative,
94,1,False,Staff,Amazing staff,Positive,
94,1,False,Facility,modern facility,Positive,
94,1,False,Food,very tasty food,Positive,
94,1,False,Service,super service,Positive,
94,2,False,Staff,Amazing staff,Positive,
94,2,False,Facility,modern facility,Positive,
94,2,False,Food,very tasty food,Positive,
94,2,False,Service,super service,Positive,
94,3,False,Staff,Amazing staff,Positive,
94,3,False,Facility,modern facility,Positive,
94,3,False,Food,very tasty food,Positive,
94,3,False,Service,super service,Positive,
95,1,True,Location,perfect location for the airport,Positive,
95,2,True,Location,perfect location for the airport,Positive,
95,3,True,Location,perfect location for the airport,Positive,
96,1,True,Staff,the staff is very nice,Positive,
96,1,True,Room,the room is very comfortable,Positive,
96,1,True,Room,some of the towels were dirty,Negative,
96,2,True,Staff,the staff is very nice,Positive,
96,2,True,Room,the room is very comfortable,Positive,
96,2,True,Room,some of the towels were dirty,Negative,
96,3,True,Staff,the staff is very nice,Positive,
96,3,True,Room,the room is very comfortable,Positive,
96,3,True,Room,some of the towels were dirty,Negative,
97,1,False,Food,The food we had was excellent,Positive,
97,1,False,Service,service was excellent,Positive,
97,2,False,Food,The food we had was excellent,Positive,
97,2,False,Service,service was excellent,Positive,
97,3,False,Food,The food we had was excellent,Positive,
97,3,False,Service,service was excellent,Positive,
98,1,True,Location,close to the airport,Positive,
98,1,True,Location,some nice places,Positive,
98,1,True,Facility,"The Hotel itself was very nice, spacious, clean and modern",Positive,
98,1,True,Off,Only thing I didn't like were the blankets - too thick for this incredible hot hot hot weather,Negative,
98,2,True,Location,close to the airport,Positive,
98,2,True,Location,some nice places,Positive,
98,2,True,Facility,"The Hotel itself was very nice, spacious, clean and modern",Positive,
98,2,True,Off,Only thing I didn't like were the blankets - too thick for this incredible hot hot hot weather,Negative,
98,3,True,Location,close to the airport,Positive,
98,3,True,Location,some nice places,Positive,
98,3,True,Facility,"The Hotel itself was very nice, spacious, clean and modern",Positive,
98,3,True,Off,Only thing I didn't like were the blankets - too thick for this incredible hot hot hot weather,Negative,
99,1,True,Staff,wonderful,Positive,
99,1,True,Room,clean,Positive,
99,2,True,Staff,wonderful,Positive,
99,2,True,Room,clean,Positive,
99,3,True,Staff,wonderful,Positive,
99,3,True,Room,clean,Positive,
100,1,True,Staff,exceptional staff,Positive,
100,1,True,Staff,incredibly polite,Positive,
100,2,True,Staff,exceptional staff,Positive,
100,2,True,Staff,incredibly polite,Positive,
100,3,True,Staff,exceptional staff,Positive,
100,3,True,Staff,incredibly polite,Positive,
101,1,True,Staff,The staff were very hospitable and very helpful.,Positive,
101,1,True,Room,The cupboards/wardrobes need doors and they should be drawers in the room to keep the rooms tidy.,Negative,
101,2,True,Staff,The staff were very hospitable and very helpful.,Positive,
101,2,True,Room,The cupboards/wardrobes need doors and they should be drawers in the room to keep the rooms tidy.,Negative,
101,3,True,Staff,The staff were very hospitable and very helpful.,Positive,
101,3,True,Room,The cupboards/wardrobes need doors and they should be drawers in the room to keep the rooms tidy.,Negative,
102,1,True,Room,Nice modern and clean rooms,Positive,
102,1,True,Location,"The location is excellent close to Airport, Makenzie beach and touristic area",Positive,
102,1,True,Staff,Very friendly staff,Positive,
102,2,True,Room,Nice modern and clean rooms,Positive,
102,2,True,Location,"The location is excellent close to Airport, Makenzie beach and touristic area",Positive,
102,2,True,Staff,Very friendly staff,Positive,
102,3,True,Room,Nice modern and clean rooms,Positive,
102,3,True,Location,"The location is excellent close to Airport, Makenzie beach and touristic area",Positive,
102,3,True,Staff,Very friendly staff,Positive,
103,1,False,(parse failed),,,json_parse_error: Expecting value: line 1 column 1 (char 0)
103,2,False,(parse failed),,,json_parse_error: Expecting value: line 1 column 1 (char 0)
103,3,False,(parse failed),,,json_parse_error: Expecting value: line 1 column 1 (char 0)
104,1,True,Room,good rooms,Positive,
104,1,True,Off,Quiet place,Positive,
104,2,True,Room,good rooms,Positive,
104,2,True,Off,Quiet place,Positive,
104,3,True,Room,good rooms,Positive,
104,3,True,Off,Quiet place,Positive,
105,1,False,Staff,The staff was super nice,Positive,
105,1,False,Room,the rooms were very clean,Positive,
105,1,False,Bathroom,the bathroom was spacious,Positive,
105,2,False,Staff,The staff was super nice,Positive,
105,2,False,Room,the rooms were very clean,Positive,
105,2,False,Bathroom,the bathroom was spacious,Positive,
105,3,False,Staff,The staff was super nice,Positive,
105,3,False,Room,the rooms were very clean,Positive,
105,3,False,Bathroom,the bathroom was spacious,Positive,
106,1,False,Staff,The hotel staff should learn better English,Negative,
106,1,False,Staff,confusing the term 'fridge' and 'freezer' can be fatal for a person with diabetes,Negative,
106,1,False,Accommodation,The advantage is the proximity to the airport,Positive,
106,1,False,Bed,very comfortable beds,Positive,
106,2,False,Staff,The hotel staff should learn better English,Negative,
106,2,False,Staff,confusing the term 'fridge' and 'freezer' can be fatal for a person with diabetes,Negative,
106,2,False,Accommodation,The advantage is the proximity to the airport,Positive,
106,2,False,Bed,very comfortable beds,Positive,
106,3,False,Staff,The hotel staff should learn better English,Negative,
106,3,False,Staff,confusing the term 'fridge' and 'freezer' can be fatal for a person with diabetes,Negative,
106,3,False,Accommodation,The advantage is the proximity to the airport,Positive,
106,3,False,Bed,very comfortable beds,Positive,
107,1,False,Room,Rooms large and newly redecorated in a contemporary style.,Positive,
107,1,False,Bed,Bed very comfortable.,Positive,
107,1,False,Location,Very convenient for the airport.,Positive,
107,1,False,Food,Breakfast was excellent.,Positive,
107,2,False,Room,Rooms large and newly redecorated in a contemporary style.,Positive,
107,2,False,Bed,Bed very comfortable.,Positive,
107,2,False,Location,Very convenient for the airport.,Positive,
107,2,False,Food,Breakfast was excellent.,Positive,
107,3,False,Room,Rooms large and newly redecorated in a contemporary style.,Positive,
107,3,False,Bed,Bed very comfortable.,Positive,
107,3,False,Location,Very convenient for the airport.,Positive,
107,3,False,Food,Breakfast was excellent.,Positive,
108,1,True,(no annotations found),,,
108,2,True,(no annotations found),,,
108,3,True,(no annotations found),,,
109,1,True,Room,lovely rooms with comfortable beds,Positive,
109,1,True,Staff,Very helpful staff,Positive,
109,1,True,Location,Great location for overnight stay for late flights,Positive,
109,2,True,Room,lovely rooms with comfortable beds,Positive,
109,2,True,Staff,Very helpful staff,Positive,
109,2,True,Location,Great location for overnight stay for late flights,Positive,
109,3,True,Room,lovely rooms with comfortable beds,Positive,
109,3,True,Staff,Very helpful staff,Positive,
109,3,True,Location,Great location for overnight stay for late flights,Positive,
110,1,True,Facility,the building is completely refurbished,Positive,
110,1,True,Room,it is confortable,Positive,
110,1,True,Check-in,self check in was very easy,Positive,
110,2,True,Facility,the building is completely refurbished,Positive,
110,2,True,Room,it is confortable,Positive,
110,2,True,Check-in,self check in was very easy,Positive,
110,3,True,Facility,the building is completely refurbished,Positive,
110,3,True,Room,it is confortable,Positive,
110,3,True,Check-in,self check in was very easy,Positive,
111,1,True,Room,spotlessly clean,Positive,
111,1,True,Location,Excellent for airport and Mackenzie beach,Positive,
111,2,True,Room,spotlessly clean,Positive,
111,2,True,Location,Excellent for airport and Mackenzie beach,Positive,
111,3,True,Room,spotlessly clean,Positive,
111,3,True,Location,Excellent for airport and Mackenzie beach,Positive,
112,1,False,Facility,recently refurbished,Positive,
112,1,False,Food,good food,Positive,
112,1,False,Service,good service,Positive,
112,2,False,Facility,recently refurbished,Positive,
112,2,False,Food,good food,Positive,
112,2,False,Service,good service,Positive,
112,3,False,Facility,recently refurbished,Positive,
112,3,False,Food,good food,Positive,
112,3,False,Service,good service,Positive,
113,1,True,Staff,Staff excellent and accommodating,Positive,
113,1,True,Room,Very nice clean rooms,Positive,
113,2,True,Staff,Staff excellent and accommodating,Positive,
113,2,True,Room,Very nice clean rooms,Positive,
113,3,True,Staff,Staff excellent and accommodating,Positive,
113,3,True,Room,Very nice clean rooms,Positive,
114,1,False,Location,10 minutes from the airport by taxi,Positive,
114,1,False,Location,close to McKenzie beach,Positive,
114,1,False,Staff,staff emailed me via booking.com,Positive,
114,1,False,Facility,air con and fridge in rooms,Positive,
114,1,False,Service,arrangements made to collect room key,Positive,
114,2,False,Location,10 minutes from the airport by taxi,Positive,
114,2,False,Location,close to McKenzie beach,Positive,
114,2,False,Staff,staff emailed me via booking.com,Positive,
114,2,False,Facility,air con and fridge in rooms,Positive,
114,2,False,Service,arrangements made to collect room key,Positive,
114,3,False,Location,10 minutes from the airport by taxi,Positive,
114,3,False,Location,close to McKenzie beach,Positive,
114,3,False,Staff,staff emailed me via booking.com,Positive,
114,3,False,Facility,air con and fridge in rooms,Positive,
114,3,False,Service,arrangements made to collect room key,Positive,
115,1,False,Staff,helpful and nice,Positive,
115,1,False,Location,best location in larnaca,Positive,
115,1,False,Location,near airport,Positive,
115,1,False,Location,mackenzie beach is few minutes,Positive,
115,2,False,Staff,helpful and nice,Positive,
115,2,False,Location,best location in larnaca,Positive,
115,2,False,Location,near airport,Positive,
115,2,False,Location,mackenzie beach is few minutes,Positive,
115,3,False,Staff,helpful and nice,Positive,
115,3,False,Location,best location in larnaca,Positive,
115,3,False,Location,near airport,Positive,
115,3,False,Location,mackenzie beach is few minutes,Positive,
116,1,True,Location,close to the airport,Positive,
116,1,True,Facility,air conditioned,Positive,
116,1,True,Room,clean,Positive,
116,2,True,Location,close to the airport,Positive,
116,2,True,Facility,air conditioned,Positive,
116,2,True,Room,clean,Positive,
116,3,True,Location,close to the airport,Positive,
116,3,True,Facility,air conditioned,Positive,
116,3,True,Room,clean,Positive,
117,1,True,Location,The location next to the airport is great for flights very early in the morning,Positive,
117,1,True,Location,5 minutes to get to the airport,Positive,
117,1,True,Location,The beach is a 10 minutes walk away,Positive,
117,2,True,Location,The location next to the airport is great for flights very early in the morning,Positive,
117,2,True,Location,5 minutes to get to the airport,Positive,
117,2,True,Location,The beach is a 10 minutes walk away,Positive,
117,3,True,Location,The location next to the airport is great for flights very early in the morning,Positive,
117,3,True,Location,5 minutes to get to the airport,Positive,
117,3,True,Location,The beach is a 10 minutes walk away,Positive,
118,1,True,Location,location near the airport and beach 10/10,Positive,
118,1,True,Staff,front desk are absolutely perfect 10/10,Positive,
118,1,True,Food,hotel restaurant delicious! 10/10,Positive,
118,1,True,Room,the room perfect!,Positive,
118,2,True,Location,location near the airport and beach 10/10,Positive,
118,2,True,Staff,front desk are absolutely perfect 10/10,Positive,
118,2,True,Food,hotel restaurant delicious! 10/10,Positive,
118,2,True,Room,the room perfect!,Positive,
118,3,True,Location,location near the airport and beach 10/10,Positive,
118,3,True,Staff,front desk are absolutely perfect 10/10,Positive,
118,3,True,Food,hotel restaurant delicious! 10/10,Positive,
118,3,True,Room,the room perfect!,Positive,
119,1,False,Room,The room was clean and comfortable with everything I needed including a fridge and kettle.,Positive,
119,1,False,Shower,The shower was great,Positive,
119,1,False,Location,It's in a great location for the airport and the beach.,Positive,
119,1,False,Staff,fantastic service,Positive,
119,1,False,Staff,"they couldn't have been friendlier, kinder or more helpful",Positive,
119,2,False,Room,The room was clean and comfortable with everything I needed including a fridge and kettle.,Positive,
119,2,False,Shower,The shower was great,Positive,
119,2,False,Location,It's in a great location for the airport and the beach.,Positive,
119,2,False,Staff,fantastic service,Positive,
119,2,False,Staff,"they couldn't have been friendlier, kinder or more helpful",Positive,
119,3,False,Room,The room was clean and comfortable with everything I needed including a fridge and kettle.,Positive,
119,3,False,Shower,The shower was great,Positive,
119,3,False,Location,It's in a great location for the airport and the beach.,Positive,
119,3,False,Staff,fantastic service,Positive,
119,3,False,Staff,"they couldn't have been friendlier, kinder or more helpful",Positive,
120,1,True,Staff,Helpful staff,Positive,
120,1,True,Location,close to airport,Positive,
120,1,True,Room,The room was small but adequate,Negative,
120,2,True,Staff,Helpful staff,Positive,
120,2,True,Location,close to airport,Positive,
120,2,True,Room,The room was small but adequate,Negative,
120,3,True,Staff,Helpful staff,Positive,
120,3,True,Location,close to airport,Positive,
120,3,True,Room,The room was small but adequate,Negative,
121,1,True,(no annotations found),,,
121,2,True,(no annotations found),,,
121,3,True,(no annotations found),,,
122,1,True,Staff,super friendly staff,Positive,
122,1,True,Room,Very clean,Positive,
122,2,True,Staff,super friendly staff,Positive,
122,2,True,Room,Very clean,Positive,
122,3,True,Staff,super friendly staff,Positive,
122,3,True,Room,Very clean,Positive,
123,1,True,Location,Very convenient location close to the airport,Positive,
123,1,True,Staff,The front desk was very friendly and helpful,Positive,
123,1,True,Location,The area was a little noisy,Negative,
123,2,True,Location,Very convenient location close to the airport,Positive,
123,2,True,Staff,The front desk was very friendly and helpful,Positive,
123,2,True,Location,The area was a little noisy,Negative,
123,3,True,Location,Very convenient location close to the airport,Positive,
123,3,True,Staff,The front desk was very friendly and helpful,Positive,
123,3,True,Location,The area was a little noisy,Negative,
124,1,True,Staff,Very friendly staff,Positive,
124,2,True,Staff,Very friendly staff,Positive,
124,3,True,Staff,Very friendly staff,Positive,
125,1,False,Room,The best 3 stars hotel I have been ever!,Positive,
125,1,False,Facility,Clean as hospital,Positive,
125,1,False,Location,close to one of the best beaches of Larnaca region,Positive,
125,1,False,Price,quite reasonable price,Positive,
125,1,False,Taxi,"Taxi drivers who cooperate with hotel, both times, from airport and back, charged 2-3 EUR above the price agreed with the hotel (20 EUR)",Negative,
125,2,False,Room,The best 3 stars hotel I have been ever!,Positive,
125,2,False,Facility,Clean as hospital,Positive,
125,2,False,Location,close to one of the best beaches of Larnaca region,Positive,
125,2,False,Price,quite reasonable price,Positive,
125,2,False,Taxi,"Taxi drivers who cooperate with hotel, both times, from airport and back, charged 2-3 EUR above the price agreed with the hotel (20 EUR)",Negative,
125,3,False,Room,The best 3 stars hotel I have been ever!,Positive,
125,3,False,Facility,Clean as hospital,Positive,
125,3,False,Location,close to one of the best beaches of Larnaca region,Positive,
125,3,False,Price,quite reasonable price,Positive,
125,3,False,Taxi,"Taxi drivers who cooperate with hotel, both times, from airport and back, charged 2-3 EUR above the price agreed with the hotel (20 EUR)",Negative,
126,1,True,Food,The food was very tasty,Positive,
126,1,True,Staff,staff very helpful and friendly,Positive,
126,1,True,Room,the room was well equipped,Positive,
126,1,True,Facility,and also smelled very nice,Positive,
126,2,True,Food,The food was very tasty,Positive,
126,2,True,Staff,staff very helpful and friendly,Positive,
126,2,True,Room,the room was well equipped,Positive,
126,2,True,Facility,and also smelled very nice,Positive,
126,3,True,Food,The food was very tasty,Positive,
126,3,True,Staff,staff very helpful and friendly,Positive,
126,3,True,Room,the room was well equipped,Positive,
126,3,True,Facility,and also smelled very nice,Positive,
127,1,True,Room,very clean and modern,Positive,
127,2,True,Room,very clean and modern,Positive,
127,3,True,Room,very clean and modern,Positive,
128,1,True,Location,close to the airport,Positive,
128,1,True,Room,very clean and comfortable,Positive,
128,2,True,Location,close to the airport,Positive,
128,2,True,Room,very clean and comfortable,Positive,
128,3,True,Location,close to the airport,Positive,
128,3,True,Room,very clean and comfortable,Positive,
129,1,False,Staff,The guy at the reception was very kind and helpful!,Positive,
129,1,False,Room,The room and bathroom were of very good size and clean!,Positive,
129,1,False,Bed,Our bed was so comfortable!,Positive,
129,1,False,Location,We wanted something close to Makenzie as we had plans for the night and this place was just perfect!,Positive,
129,2,False,Staff,The guy at the reception was very kind and helpful!,Positive,
129,2,False,Room,The room and bathroom were of very good size and clean!,Positive,
129,2,False,Bed,Our bed was so comfortable!,Positive,
129,2,False,Location,We wanted something close to Makenzie as we had plans for the night and this place was just perfect!,Positive,
129,3,False,Staff,The guy at the reception was very kind and helpful!,Positive,
129,3,False,Room,The room and bathroom were of very good size and clean!,Positive,
129,3,False,Bed,Our bed was so comfortable!,Positive,
129,3,False,Location,We wanted something close to Makenzie as we had plans for the night and this place was just perfect!,Positive,
130,1,True,Facility,that your hotel allowed to stay with animals,Positive,
130,2,True,Facility,that your hotel allowed to stay with animals,Positive,
130,3,True,Facility,that your hotel allowed to stay with animals,Positive,
131,1,True,Room,The room was very clean.,Positive,
131,1,True,Facility,Using the air conditioner was great after a hot day outside.,Positive,
131,1,True,Staff,The staff was very nice.,Positive,
131,1,True,Location,The location of the hotel was a bit far from the city centre,Negative,
131,1,True,Location,"but you can take the 425 bus, which arrives fairly often at the station near the hotel.",Positive,
131,2,True,Room,The room was very clean.,Positive,
131,2,True,Facility,Using the air conditioner was great after a hot day outside.,Positive,
131,2,True,Staff,The staff was very nice.,Positive,
131,2,True,Location,The location of the hotel was a bit far from the city centre,Negative,
131,2,True,Location,"but you can take the 425 bus, which arrives fairly often at the station near the hotel.",Positive,
131,3,True,Room,The room was very clean.,Positive,
131,3,True,Facility,Using the air conditioner was great after a hot day outside.,Positive,
131,3,True,Staff,The staff was very nice.,Positive,
131,3,True,Location,The location of the hotel was a bit far from the city centre,Negative,
131,3,True,Location,"but you can take the 425 bus, which arrives fairly often at the station near the hotel.",Positive,
132,1,False,Food,The breakfast prepared by Richard was delicious and freshly prepared.,Positive,
132,1,False,Food,As well there are many choices from Cyprus to English breakfast.,Positive,
132,1,False,Staff,Very friendly and the most helpful host.,Positive,
132,1,False,Service,Impeccable service,Positive,
132,1,False,Room,very comfortable bed,Positive,
132,1,False,Stay,pleasant and relaxing staying in Larnaca.,Positive,
132,2,False,Food,The breakfast prepared by Richard was delicious and freshly prepared.,Positive,
132,2,False,Food,As well there are many choices from Cyprus to English breakfast.,Positive,
132,2,False,Staff,Very friendly and the most helpful host.,Positive,
132,2,False,Service,Impeccable service,Positive,
132,2,False,Room,very comfortable bed,Positive,
132,2,False,Stay,pleasant and relaxing staying in Larnaca.,Positive,
132,3,False,Food,The breakfast prepared by Richard was delicious and freshly prepared.,Positive,
132,3,False,Food,As well there are many choices from Cyprus to English breakfast.,Positive,
132,3,False,Staff,Very friendly and the most helpful host.,Positive,
132,3,False,Service,Impeccable service,Positive,
132,3,False,Room,very comfortable bed,Positive,
132,3,False,Stay,pleasant and relaxing staying in Larnaca.,Positive,
133,1,False,Room,the room was clean,Positive,
133,1,False,Bed,the bed were comfortable,Positive,
133,1,False,Staff,the lady in reception (Maria) was VERY helpful,Positive,
133,1,False,Facility,if the hotel had swimming pool it would be perfect,Positive,
133,1,False,Price,good value for money,Positive,
133,2,False,Room,the room was clean,Positive,
133,2,False,Bed,the bed were comfortable,Positive,
133,2,False,Staff,the lady in reception (Maria) was VERY helpful,Positive,
133,2,False,Facility,if the hotel had swimming pool it would be perfect,Positive,
133,2,False,Price,good value for money,Positive,
133,3,False,Room,the room was clean,Positive,
133,3,False,Bed,the bed were comfortable,Positive,
133,3,False,Staff,the lady in reception (Maria) was VERY helpful,Positive,
133,3,False,Facility,if the hotel had swimming pool it would be perfect,Positive,
133,3,False,Price,good value for money,Positive,
134,1,True,Staff,great friendly staff,Positive,
134,1,True,Location,Brilliant location for beach and bars,Positive,
134,1,True,Room,La veranda was lovely and clean,Positive,
134,2,True,Staff,great friendly staff,Positive,
134,2,True,Location,Brilliant location for beach and bars,Positive,
134,2,True,Room,La veranda was lovely and clean,Positive,
134,3,True,Staff,great friendly staff,Positive,
134,3,True,Location,Brilliant location for beach and bars,Positive,
134,3,True,Room,La veranda was lovely and clean,Positive,
135,1,False,Accommodation,"Modern, clean accommodation",Positive,
135,1,False,Food,Good food,Positive,
135,1,False,Staff,great staff,Positive,
135,1,False,Staff,Richard is a star,Positive,
135,2,False,Accommodation,"Modern, clean accommodation",Positive,
135,2,False,Food,Good food,Positive,
135,2,False,Staff,great staff,Positive,
135,2,False,Staff,Richard is a star,Positive,
135,3,False,Accommodation,"Modern, clean accommodation",Positive,
135,3,False,Food,Good food,Positive,
135,3,False,Staff,great staff,Positive,
135,3,False,Staff,Richard is a star,Positive,
136,1,False,Price,such a cheap price,Positive,
136,1,False,Hotel Appearance,Disgusting on the outside,Negative,
136,1,False,Hotel Interior,clean and beautiful on the inside,Positive,
136,2,False,Price,such a cheap price,Positive,
136,2,False,Hotel Appearance,Disgusting on the outside,Negative,
136,2,False,Hotel Interior,clean and beautiful on the inside,Positive,
136,3,False,Price,such a cheap price,Positive,
136,3,False,Hotel Appearance,Disgusting on the outside,Negative,
136,3,False,Hotel Interior,clean and beautiful on the inside,Positive,
137,1,False,Room,Room was clean,Positive,
137,1,False,Bed,bed was comfortable,Positive,
137,1,False,Staff,Friendly staff,Positive,
137,1,False,Location,great location,Positive,
137,1,False,Bathroom,The smell in the bathroom,Negative,
137,2,False,Room,Room was clean,Positive,
137,2,False,Bed,bed was comfortable,Positive,
137,2,False,Staff,Friendly staff,Positive,
137,2,False,Location,great location,Positive,
137,2,False,Bathroom,The smell in the bathroom,Negative,
137,3,False,Room,Room was clean,Positive,
137,3,False,Bed,bed was comfortable,Positive,
137,3,False,Staff,Friendly staff,Positive,
137,3,False,Location,great location,Positive,
137,3,False,Bathroom,The smell in the bathroom,Negative,
138,1,True,Staff,very helpful and kind personel,Positive,
138,1,True,Room,very clean room and bathroom,Positive,
138,1,True,Location,Great localization,Positive,
138,2,True,Staff,very helpful and kind personel,Positive,
138,2,True,Room,very clean room and bathroom,Positive,
138,2,True,Location,Great localization,Positive,
138,3,True,Staff,very helpful and kind personel,Positive,
138,3,True,Room,very clean room and bathroom,Positive,
138,3,True,Location,Great localization,Positive,
139,1,True,Location,proximity to the airport,Positive,
139,1,True,Facility,nice restaurant at the hotel with a external balcony,Positive,
139,1,True,Staff,slow elevators,Negative,
139,2,True,Location,proximity to the airport,Positive,
139,2,True,Facility,nice restaurant at the hotel with a external balcony,Positive,
139,2,True,Staff,slow elevators,Negative,
139,3,True,Location,proximity to the airport,Positive,
139,3,True,Facility,nice restaurant at the hotel with a external balcony,Positive,
139,3,True,Staff,slow elevators,Negative,
140,1,True,Room,"Very clean, comfy bed",Positive,
140,1,True,Location,close to the airport,Positive,
140,1,True,Check-in,easy self check-in,Positive,
140,1,True,Food,great breakfast,Positive,
140,2,True,Room,"Very clean, comfy bed",Positive,
140,2,True,Location,close to the airport,Positive,
140,2,True,Check-in,easy self check-in,Positive,
140,2,True,Food,great breakfast,Positive,
140,3,True,Room,"Very clean, comfy bed",Positive,
140,3,True,Location,close to the airport,Positive,
140,3,True,Check-in,easy self check-in,Positive,
140,3,True,Food,great breakfast,Positive,
141,1,False,Staff,wonderful staff,Positive,
141,1,False,Hotel,Fantastic hotel,Positive,
141,2,False,Staff,wonderful staff,Positive,
141,2,False,Hotel,Fantastic hotel,Positive,
141,3,False,Staff,wonderful staff,Positive,
141,3,False,Hotel,Fantastic hotel,Positive,
142,1,True,Staff,friendly staff,Positive,
142,1,True,Location,near mackenzie beach,Positive,
142,2,True,Staff,friendly staff,Positive,
142,2,True,Location,near mackenzie beach,Positive,
142,3,True,Staff,friendly staff,Positive,
142,3,True,Location,near mackenzie beach,Positive,
143,1,True,Location,perfect overnight stay close to the airport,Positive,
143,2,True,Location,perfect overnight stay close to the airport,Positive,
143,3,True,Location,perfect overnight stay close to the airport,Positive,
144,1,True,Room,nice and clean,Positive,
144,2,True,Room,nice and clean,Positive,
144,3,True,Room,nice and clean,Positive,
145,1,False,Room,"The room was super clean, everything new and cosy, the bathroom with a spacious cabin shower.",Positive,
145,1,False,Staff,The staff was super super friendly and made everything possible for our stay to be perfect.,Positive,
145,1,False,Food,Rich breakfast with various local food.,Positive,
145,1,False,Location,Close to the airport and also a 5 min walk from Makenzie blue flag beach.,Positive,
145,1,False,Food,We ate dinner a couple of times at the terrace and everything was very tasty.,Positive,
145,2,False,Room,"The room was super clean, everything new and cosy, the bathroom with a spacious cabin shower.",Positive,
145,2,False,Staff,The staff was super super friendly and made everything possible for our stay to be perfect.,Positive,
145,2,False,Food,Rich breakfast with various local food.,Positive,
145,2,False,Location,Close to the airport and also a 5 min walk from Makenzie blue flag beach.,Positive,
145,2,False,Food,We ate dinner a couple of times at the terrace and everything was very tasty.,Positive,
145,3,False,Room,"The room was super clean, everything new and cosy, the bathroom with a spacious cabin shower.",Positive,
145,3,False,Staff,The staff was super super friendly and made everything possible for our stay to be perfect.,Positive,
145,3,False,Food,Rich breakfast with various local food.,Positive,
145,3,False,Location,Close to the airport and also a 5 min walk from Makenzie blue flag beach.,Positive,
145,3,False,Food,We ate dinner a couple of times at the terrace and everything was very tasty.,Positive,
146,1,True,Staff,the staff were so incredibly friendly,Positive,
146,1,True,Staff,But it’s the staff who make this hotel:,Positive,
146,1,True,Room,good rooms,Positive,
146,1,True,Room,"clean, smart and comfortable",Positive,
146,2,True,Staff,the staff were so incredibly friendly,Positive,
146,2,True,Staff,But it’s the staff who make this hotel:,Positive,
146,2,True,Room,good rooms,Positive,
146,2,True,Room,"clean, smart and comfortable",Positive,
146,3,True,Staff,the staff were so incredibly friendly,Positive,
146,3,True,Staff,But it’s the staff who make this hotel:,Positive,
146,3,True,Room,good rooms,Positive,
146,3,True,Room,"clean, smart and comfortable",Positive,
147,1,False,Staff,Amazing staff.,Positive,
147,2,False,Staff,Amazing staff.,Positive,
147,3,False,Staff,Amazing staff.,Positive,
148,1,True,Location,Very close of the airport,Positive,
148,1,True,Room,Very comfortable bed,Positive,
148,2,True,Location,Very close of the airport,Positive,
148,2,True,Room,Very comfortable bed,Positive,
148,3,True,Location,Very close of the airport,Positive,
148,3,True,Room,Very comfortable bed,Positive,
149,1,False,Staff,Very friendly staff,Positive,
149,1,False,Room,let us into room as soon as it was ready,Positive,
149,1,False,Facility,"Everything was super clean, modern and comfortable",Positive,
149,1,False,Price,Great for the price,Positive,
149,1,False,Taxi,Arranged airport taxi for 6am too,Positive,
149,2,False,Staff,Very friendly staff,Positive,
149,2,False,Room,let us into room as soon as it was ready,Positive,
149,2,False,Facility,"Everything was super clean, modern and comfortable",Positive,
149,2,False,Price,Great for the price,Positive,
149,2,False,Taxi,Arranged airport taxi for 6am too,Positive,
149,3,False,Staff,Very friendly staff,Positive,
149,3,False,Room,let us into room as soon as it was ready,Positive,
149,3,False,Facility,"Everything was super clean, modern and comfortable",Positive,
149,3,False,Price,Great for the price,Positive,
149,3,False,Taxi,Arranged airport taxi for 6am too,Positive,
150,1,True,Room,"Everything was new, beautiful and clean.",Positive,
150,1,True,Off,That there is no kiosk open 24 hours close to the hotel.,Negative,
150,2,True,Room,"Everything was new, beautiful and clean.",Positive,
150,2,True,Off,That there is no kiosk open 24 hours close to the hotel.,Negative,
150,3,True,Room,"Everything was new, beautiful and clean.",Positive,
150,3,True,Off,That there is no kiosk open 24 hours close to the hotel.,Negative,
151,1,True,Off,Perfect stay.,Positive,
151,1,True,Off,Thank you.,Positive,
151,2,True,Off,Perfect stay.,Positive,
151,2,True,Off,Thank you.,Positive,
151,3,True,Off,Perfect stay.,Positive,
151,3,True,Off,Thank you.,Positive,
152,1,False,Location,Close to the bars near the sea,Positive,
152,1,False,Location,Close to the airport,Positive,
152,1,False,Room,clean rooms,Positive,
152,1,False,Check-in,We had a late check in,Negative,
152,1,False,Staff,no one in the hotel to give us keys,Negative,
152,2,False,Location,Close to the bars near the sea,Positive,
152,2,False,Location,Close to the airport,Positive,
152,2,False,Room,clean rooms,Positive,
152,2,False,Check-in,We had a late check in,Negative,
152,2,False,Staff,no one in the hotel to give us keys,Negative,
152,3,False,Location,Close to the bars near the sea,Positive,
152,3,False,Location,Close to the airport,Positive,
152,3,False,Room,clean rooms,Positive,
152,3,False,Check-in,We had a late check in,Negative,
152,3,False,Staff,no one in the hotel to give us keys,Negative,
153,1,False,Staff,lovely friendly staff,Positive,
153,1,False,Check-in,checked us in quickly,Positive,
153,1,False,Room,"beautiful, spotless room",Positive,
153,1,False,Food,beautiful fresh breakfast,Positive,
153,1,False,Price,very reasonably priced,Positive,
153,1,False,Service,stored luggage,Positive,
153,1,False,Service,called a taxi,Positive,
153,2,False,Staff,lovely friendly staff,Positive,
153,2,False,Check-in,checked us in quickly,Positive,
153,2,False,Room,"beautiful, spotless room",Positive,
153,2,False,Food,beautiful fresh breakfast,Positive,
153,2,False,Price,very reasonably priced,Positive,
153,2,False,Service,stored luggage,Positive,
153,2,False,Service,called a taxi,Positive,
153,3,False,Staff,lovely friendly staff,Positive,
153,3,False,Check-in,checked us in quickly,Positive,
153,3,False,Room,"beautiful, spotless room",Positive,
153,3,False,Food,beautiful fresh breakfast,Positive,
153,3,False,Price,very reasonably priced,Positive,
153,3,False,Service,stored luggage,Positive,
153,3,False,Service,called a taxi,Positive,
154,1,True,Staff,Lovely staff,Positive,
154,1,True,Food,Good food,Positive,
154,1,True,Off,Would have liked more TV channels like RT Russia Today,Negative,
154,2,True,Staff,Lovely staff,Positive,
154,2,True,Food,Good food,Positive,
154,2,True,Off,Would have liked more TV channels like RT Russia Today,Negative,
154,3,True,Staff,Lovely staff,Positive,
154,3,True,Food,Good food,Positive,
154,3,True,Off,Would have liked more TV channels like RT Russia Today,Negative,
155,1,False,Hotel,It was exactly what we were looking for.,Positive,
155,1,False,Facility,"The facilities are wonderful, brand new and full equiped.",Positive,
155,1,False,Food,We really enjoyed the dinner in the restaurant.,Positive,
155,1,False,Room,nice shower and bed.,Positive,
155,1,False,Price,Excellent value for money,Positive,
155,2,False,Hotel,It was exactly what we were looking for.,Positive,
155,2,False,Facility,"The facilities are wonderful, brand new and full equiped.",Positive,
155,2,False,Food,We really enjoyed the dinner in the restaurant.,Positive,
155,2,False,Room,nice shower and bed.,Positive,
155,2,False,Price,Excellent value for money,Positive,
155,3,False,Hotel,It was exactly what we were looking for.,Positive,
155,3,False,Facility,"The facilities are wonderful, brand new and full equiped.",Positive,
155,3,False,Food,We really enjoyed the dinner in the restaurant.,Positive,
155,3,False,Room,nice shower and bed.,Positive,
155,3,False,Price,Excellent value for money,Positive,
156,1,False,Room,"it was great, comfy, air conditioned and clean",Positive,
156,1,False,Value,very good value for money,Positive,
156,2,False,Room,"it was great, comfy, air conditioned and clean",Positive,
156,2,False,Value,very good value for money,Positive,
156,3,False,Room,"it was great, comfy, air conditioned and clean",Positive,
156,3,False,Value,very good value for money,Positive,
157,1,True,Location,7 minutes walking to the beach,Positive,
157,1,True,Room,modern new rooms,Positive,
157,1,True,Room,very clean,Positive,
157,2,True,Location,7 minutes walking to the beach,Positive,
157,2,True,Room,modern new rooms,Positive,
157,2,True,Room,very clean,Positive,
157,3,True,Location,7 minutes walking to the beach,Positive,
157,3,True,Room,modern new rooms,Positive,
157,3,True,Room,very clean,Positive,
158,1,False,Location,Fantastic location for the airport on the beach,Positive,
158,1,False,Check-in,Easy check in at 3am,Positive,
158,1,False,Staff,Staff are great,Positive,
158,1,False,Service,service fantastic,Positive,
158,1,False,Food,The breakfasts were amazing,Positive,
158,2,False,Location,Fantastic location for the airport on the beach,Positive,
158,2,False,Check-in,Easy check in at 3am,Positive,
158,2,False,Staff,Staff are great,Positive,
158,2,False,Service,service fantastic,Positive,
158,2,False,Food,The breakfasts were amazing,Positive,
158,3,False,Location,Fantastic location for the airport on the beach,Positive,
158,3,False,Check-in,Easy check in at 3am,Positive,
158,3,False,Staff,Staff are great,Positive,
158,3,False,Service,service fantastic,Positive,
158,3,False,Food,The breakfasts were amazing,Positive,
159,1,True,Room,Clean rooms,Positive,
159,1,True,Staff,very friendly staff,Positive,
159,1,True,Location,great location as it is close to the airport,Positive,
159,2,True,Room,Clean rooms,Positive,
159,2,True,Staff,very friendly staff,Positive,
159,2,True,Location,great location as it is close to the airport,Positive,
159,3,True,Room,Clean rooms,Positive,
159,3,True,Staff,very friendly staff,Positive,
159,3,True,Location,great location as it is close to the airport,Positive,
160,1,True,Off,The perfect hotel.,Positive,
160,1,True,Off,I liked everything.,Positive,
160,2,True,Off,The perfect hotel.,Positive,
160,2,True,Off,I liked everything.,Positive,
160,3,True,Off,The perfect hotel.,Positive,
160,3,True,Off,I liked everything.,Positive,
161,1,True,Staff,the staff,Positive,
161,1,True,Room,the cleanness,Positive,
161,1,True,Price,the price,Positive,
161,1,True,Check-out,check out time,Positive,
161,2,True,Staff,the staff,Positive,
161,2,True,Room,the cleanness,Positive,
161,2,True,Price,the price,Positive,
161,2,True,Check-out,check out time,Positive,
161,3,True,Staff,the staff,Positive,
161,3,True,Room,the cleanness,Positive,
161,3,True,Price,the price,Positive,
161,3,True,Check-out,check out time,Positive,
162,1,True,Staff,Exceptional friendly stuff,Positive,
162,1,True,Food,the breakfast was really delicious,Positive,
162,2,True,Staff,Exceptional friendly stuff,Positive,
162,2,True,Food,the breakfast was really delicious,Positive,
162,3,True,Staff,Exceptional friendly stuff,Positive,
162,3,True,Food,the breakfast was really delicious,Positive,
163,1,True,Check-in,Easy late night check in,Positive,
163,2,True,Check-in,Easy late night check in,Positive,
163,3,True,Check-in,Easy late night check in,Positive,
164,1,True,Staff,All the staff were so accommodating and friendly.,Positive,
164,1,True,Staff,"This is a really well run, family establishment and couldn't have been more perfect for our stay.",Positive,
164,2,True,Staff,All the staff were so accommodating and friendly.,Positive,
164,2,True,Staff,"This is a really well run, family establishment and couldn't have been more perfect for our stay.",Positive,
164,3,True,Staff,All the staff were so accommodating and friendly.,Positive,
164,3,True,Staff,"This is a really well run, family establishment and couldn't have been more perfect for our stay.",Positive,
165,1,True,Staff,friendly staff,Positive,
165,1,True,Room,"Clean, modern",Positive,
165,2,True,Staff,friendly staff,Positive,
165,2,True,Room,"Clean, modern",Positive,
165,3,True,Staff,friendly staff,Positive,
165,3,True,Room,"Clean, modern",Positive,
166,1,True,Room,very clean and homely,Positive,
166,2,True,Room,very clean and homely,Positive,
166,3,True,Room,very clean and homely,Positive,
167,1,False,Staff,excellent staff,Positive,
167,1,False,Service,service,Positive,
167,1,False,Food,SUPER EXCELLENT,Positive,
167,2,False,Staff,excellent staff,Positive,
167,2,False,Service,service,Positive,
167,2,False,Food,SUPER EXCELLENT,Positive,
167,3,False,Staff,excellent staff,Positive,
167,3,False,Service,service,Positive,
167,3,False,Food,SUPER EXCELLENT,Positive,
168,1,False,Staff,The staff are good,Positive,
168,1,False,Room,The room is clean,Positive,
168,1,False,Location,near the airport and at the same time short walking distance to the beach and restaurants,Positive,
168,1,False,Food,"The food at the restaurant is a must try, pretty delicious",Positive,
168,2,False,Staff,The staff are good,Positive,
168,2,False,Room,The room is clean,Positive,
168,2,False,Location,near the airport and at the same time short walking distance to the beach and restaurants,Positive,
168,2,False,Food,"The food at the restaurant is a must try, pretty delicious",Positive,
168,3,False,Staff,The staff are good,Positive,
168,3,False,Room,The room is clean,Positive,
168,3,False,Location,near the airport and at the same time short walking distance to the beach and restaurants,Positive,
168,3,False,Food,"The food at the restaurant is a must try, pretty delicious",Positive,
169,1,False,Accommodation,"Great accomodation, clean, quiet, friendly and helpful",Positive,
169,1,False,Food,"We ate 2 meals at the onsite small restaurant, both were delish and the service was great",Positive,
169,1,False,Location,5 min drive to airport,Positive,
169,2,False,Accommodation,"Great accomodation, clean, quiet, friendly and helpful",Positive,
169,2,False,Food,"We ate 2 meals at the onsite small restaurant, both were delish and the service was great",Positive,
169,2,False,Location,5 min drive to airport,Positive,
169,3,False,Accommodation,"Great accomodation, clean, quiet, friendly and helpful",Positive,
169,3,False,Food,"We ate 2 meals at the onsite small restaurant, both were delish and the service was great",Positive,
169,3,False,Location,5 min drive to airport,Positive,
170,1,False,Food,The food was excellent.,Positive,
170,1,False,Food,"Richard, the chef prepared the fish, which was the best that I ever tasted.",Positive,
170,1,False,Staff,The staff at the hotel was a wonderful experience!,Positive,
170,2,False,Food,The food was excellent.,Positive,
170,2,False,Food,"Richard, the chef prepared the fish, which was the best that I ever tasted.",Positive,
170,2,False,Staff,The staff at the hotel was a wonderful experience!,Positive,
170,3,False,Food,The food was excellent.,Positive,
170,3,False,Food,"Richard, the chef prepared the fish, which was the best that I ever tasted.",Positive,
170,3,False,Staff,The staff at the hotel was a wonderful experience!,Positive,
171,1,False,Location,just few steps from the salt lake and the McKenzie Beach,Positive,
171,1,False,Staff,The staff was very welcoming as well,Positive,
171,1,False,Facility,the electronic system for saying if you want to clean-up your room or you don't want to be disturbed,Positive,
171,1,False,Parking,the hotel doesn't have it's own parking lot,Negative,
171,2,False,Location,just few steps from the salt lake and the McKenzie Beach,Positive,
171,2,False,Staff,The staff was very welcoming as well,Positive,
171,2,False,Facility,the electronic system for saying if you want to clean-up your room or you don't want to be disturbed,Positive,
171,2,False,Parking,the hotel doesn't have it's own parking lot,Negative,
171,3,False,Location,just few steps from the salt lake and the McKenzie Beach,Positive,
171,3,False,Staff,The staff was very welcoming as well,Positive,
171,3,False,Facility,the electronic system for saying if you want to clean-up your room or you don't want to be disturbed,Positive,
171,3,False,Parking,the hotel doesn't have it's own parking lot,Negative,
172,1,True,Staff,Personal was friendly..,Positive,
172,1,True,Room,Everything was clean.,Positive,
172,1,True,Location,Nice place..,Positive,
172,2,True,Staff,Personal was friendly..,Positive,
172,2,True,Room,Everything was clean.,Positive,
172,2,True,Location,Nice place..,Positive,
172,3,True,Staff,Personal was friendly..,Positive,
172,3,True,Room,Everything was clean.,Positive,
172,3,True,Location,Nice place..,Positive,
173,1,False,(parse failed),,,json_parse_error: Expecting value: line 1 column 1 (char 0)
173,2,False,(parse failed),,,json_parse_error: Expecting value: line 1 column 1 (char 0)
173,3,False,(parse failed),,,json_parse_error: Expecting value: line 1 column 1 (char 0)
174,1,True,(no annotations found),,,
174,2,True,(no annotations found),,,
174,3,True,(no annotations found),,,
175,1,True,Location,Location,Positive,
175,2,True,Location,Location,Positive,
175,3,True,Location,Location,Positive,
176,1,True,Room,The room was spacious enough for two people,Positive,
176,1,True,Room,it was very clean,Positive,
176,2,True,Room,The room was spacious enough for two people,Positive,
176,2,True,Room,it was very clean,Positive,
176,3,True,Room,The room was spacious enough for two people,Positive,
176,3,True,Room,it was very clean,Positive,
177,1,True,Location,It’s close to the beach and the airport,Positive,
177,1,True,Staff,The staff was nice and helpful,Positive,
177,1,True,Staff,Extremely agile to respond,Positive,
177,2,True,Location,It’s close to the beach and the airport,Positive,
177,2,True,Staff,The staff was nice and helpful,Positive,
177,2,True,Staff,Extremely agile to respond,Positive,
177,3,True,Location,It’s close to the beach and the airport,Positive,
177,3,True,Staff,The staff was nice and helpful,Positive,
177,3,True,Staff,Extremely agile to respond,Positive,
178,1,True,Off,Relaxing and comfortable.,Positive,
178,2,True,Off,Relaxing and comfortable.,Positive,
178,3,True,Off,Relaxing and comfortable.,Positive,
179,1,False,Location,Close to local restaurants and beach,Positive,
179,1,False,Cleanliness,Very clean,Positive,
179,1,False,TV Channel Selection,Better TV channel selection would have been good for evening,Negative,
179,2,False,Location,Close to local restaurants and beach,Positive,
179,2,False,Cleanliness,Very clean,Positive,
179,2,False,TV Channel Selection,Better TV channel selection would have been good for evening,Negative,
179,3,False,Location,Close to local restaurants and beach,Positive,
179,3,False,Cleanliness,Very clean,Positive,
179,3,False,TV Channel Selection,Better TV channel selection would have been good for evening,Negative,
180,1,False,Staff,friendly staff,Positive,
180,1,False,Room,Sparkling clean,Positive,
180,1,False,Food,delicious breakfast,Positive,
180,1,False,Room,comfy bed,Positive,
180,1,False,AC,AC was a bit loud,Negative,
180,1,False,Noise,people in the next hotel were also loud,Negative,
180,2,False,Staff,friendly staff,Positive,
180,2,False,Room,Sparkling clean,Positive,
180,2,False,Food,delicious breakfast,Positive,
180,2,False,Room,comfy bed,Positive,
180,2,False,AC,AC was a bit loud,Negative,
180,2,False,Noise,people in the next hotel were also loud,Negative,
180,3,False,Staff,friendly staff,Positive,
180,3,False,Room,Sparkling clean,Positive,
180,3,False,Food,delicious breakfast,Positive,
180,3,False,Room,comfy bed,Positive,
180,3,False,AC,AC was a bit loud,Negative,
180,3,False,Noise,people in the next hotel were also loud,Negative,
181,1,True,Room,big clean rooms,Positive,
181,1,True,Staff,great staff,Positive,
181,2,True,Room,big clean rooms,Positive,
181,2,True,Staff,great staff,Positive,
181,3,True,Room,big clean rooms,Positive,
181,3,True,Staff,great staff,Positive,
182,1,True,Location,Closure to the Airport,Positive,
182,1,True,Staff,Hospitality,Positive,
182,2,True,Location,Closure to the Airport,Positive,
182,2,True,Staff,Hospitality,Positive,
182,3,True,Location,Closure to the Airport,Positive,
182,3,True,Staff,Hospitality,Positive,
183,1,False,Location,Very close to the beach,Positive,
183,1,False,Room,very clean hotel,Positive,
183,1,False,Staff,The Team is very friendly,Positive,
183,1,False,Food,the food is terrific,Positive,
183,2,False,Location,Very close to the beach,Positive,
183,2,False,Room,very clean hotel,Positive,
183,2,False,Staff,The Team is very friendly,Positive,
183,2,False,Food,the food is terrific,Positive,
183,3,False,Location,Very close to the beach,Positive,
183,3,False,Room,very clean hotel,Positive,
183,3,False,Staff,The Team is very friendly,Positive,
183,3,False,Food,the food is terrific,Positive,
184,1,True,Staff,The chef was very kind and friendly,Positive,
184,1,True,Food,the food was delicious,Positive,
184,1,True,Food,especially the jasmine burger,Positive,
184,2,True,Staff,The chef was very kind and friendly,Positive,
184,2,True,Food,the food was delicious,Positive,
184,2,True,Food,especially the jasmine burger,Positive,
184,3,True,Staff,The chef was very kind and friendly,Positive,
184,3,True,Food,the food was delicious,Positive,
184,3,True,Food,especially the jasmine burger,Positive,
185,1,False,Staff,The staff accommodated my arrival at 3 a.m. with very clear instructions.,Positive,
185,1,False,Staff,The building manager/owner is exceptionally congenial.,Positive,
185,1,False,Staff,The manager of the kitchen is exceptionally congenial.,Positive,
185,1,False,Food,Breakfast was served until noon!,Positive,
185,2,False,Staff,The staff accommodated my arrival at 3 a.m. with very clear instructions.,Positive,
185,2,False,Staff,The building manager/owner is exceptionally congenial.,Positive,
185,2,False,Staff,The manager of the kitchen is exceptionally congenial.,Positive,
185,2,False,Food,Breakfast was served until noon!,Positive,
185,3,False,Staff,The staff accommodated my arrival at 3 a.m. with very clear instructions.,Positive,
185,3,False,Staff,The building manager/owner is exceptionally congenial.,Positive,
185,3,False,Staff,The manager of the kitchen is exceptionally congenial.,Positive,
185,3,False,Food,Breakfast was served until noon!,Positive,
186,1,True,Staff,Very friendly staff.,Positive,
186,2,True,Staff,Very friendly staff.,Positive,
186,3,True,Staff,Very friendly staff.,Positive,
187,1,True,Off,"Wonderful experience, exceeded our expectations. Would stay again!",Positive,
187,2,True,Off,"Wonderful experience, exceeded our expectations. Would stay again!",Positive,
187,3,True,Off,"Wonderful experience, exceeded our expectations. Would stay again!",Positive,
188,1,True,Off,lovely,Positive,
188,2,True,Off,lovely,Positive,
188,3,True,Off,lovely,Positive,
189,1,True,Room,"it was clean and modern, ideal for our large family",Positive,
189,2,True,Room,"it was clean and modern, ideal for our large family",Positive,
189,3,True,Room,"it was clean and modern, ideal for our large family",Positive,
190,1,False,Location,Conveniently located,Positive,
190,1,False,Room,Our room was rather small and lacked a balcony,Negative,
190,1,False,Breakfast,Excellent breakfast,Positive,
190,1,False,Check-in,We had a very late (1am) self check-in which worked very well,Positive,
190,2,False,Location,Conveniently located,Positive,
190,2,False,Room,Our room was rather small and lacked a balcony,Negative,
190,2,False,Breakfast,Excellent breakfast,Positive,
190,2,False,Check-in,We had a very late (1am) self check-in which worked very well,Positive,
190,3,False,Location,Conveniently located,Positive,
190,3,False,Room,Our room was rather small and lacked a balcony,Negative,
190,3,False,Breakfast,Excellent breakfast,Positive,
190,3,False,Check-in,We had a very late (1am) self check-in which worked very well,Positive,
191,1,True,Location,beside the airport,Positive,
191,1,True,Room,Very clean,Positive,
191,2,True,Location,beside the airport,Positive,
191,2,True,Room,Very clean,Positive,
191,3,True,Location,beside the airport,Positive,
191,3,True,Room,Very clean,Positive,
192,1,True,Staff,staff was amazing,Positive,
192,1,True,Location,location,Positive,
192,1,True,Room,cleanliness,Positive,
192,2,True,Staff,staff was amazing,Positive,
192,2,True,Location,location,Positive,
192,2,True,Room,cleanliness,Positive,
192,3,True,Staff,staff was amazing,Positive,
192,3,True,Location,location,Positive,
192,3,True,Room,cleanliness,Positive,
193,1,True,Room,Room clean and spacious,Positive,
193,1,True,Staff,Staff very helpful,Positive,
193,1,True,Location,Excellent location for beach and airport transfer,Positive,
193,2,True,Room,Room clean and spacious,Positive,
193,2,True,Staff,Staff very helpful,Positive,
193,2,True,Location,Excellent location for beach and airport transfer,Positive,
193,3,True,Room,Room clean and spacious,Positive,
193,3,True,Staff,Staff very helpful,Positive,
193,3,True,Location,Excellent location for beach and airport transfer,Positive,
194,1,True,Location,Good location,Positive,
194,1,True,Staff,friendly people,Positive,
194,1,True,Facility,good a/c,Positive,
194,2,True,Location,Good location,Positive,
194,2,True,Staff,friendly people,Positive,
194,2,True,Facility,good a/c,Positive,
194,3,True,Location,Good location,Positive,
194,3,True,Staff,friendly people,Positive,
194,3,True,Facility,good a/c,Positive,
195,1,True,Room,"Clean, spacious, friendly, new and modern",Positive,
195,1,True,Location,Not too close to the beach,Negative,
195,1,True,Location,Perfect for pre or post airport stays,Positive,
195,2,True,Room,"Clean, spacious, friendly, new and modern",Positive,
195,2,True,Location,Not too close to the beach,Negative,
195,2,True,Location,Perfect for pre or post airport stays,Positive,
195,3,True,Room,"Clean, spacious, friendly, new and modern",Positive,
195,3,True,Location,Not too close to the beach,Negative,
195,3,True,Location,Perfect for pre or post airport stays,Positive,
196,1,True,Room,The mattresses were hard.,Negative,
196,1,True,Booking-issue,When we were booking the room there was a promotion from booking.com which didn't apply and we payed 80 euro more.,Negative,
196,1,True,Booking-issue,After that I checked a new dates to book and we had similar number and if we do it it will be the same.,Negative,
196,2,True,Room,The mattresses were hard.,Negative,
196,2,True,Booking-issue,When we were booking the room there was a promotion from booking.com which didn't apply and we payed 80 euro more.,Negative,
196,2,True,Booking-issue,After that I checked a new dates to book and we had similar number and if we do it it will be the same.,Negative,
196,3,True,Room,The mattresses were hard.,Negative,
196,3,True,Booking-issue,When we were booking the room there was a promotion from booking.com which didn't apply and we payed 80 euro more.,Negative,
196,3,True,Booking-issue,After that I checked a new dates to book and we had similar number and if we do it it will be the same.,Negative,
197,1,True,Location,Perfect if you want to stay close to the airport.,Positive,
197,1,True,Location,Mackenzy beach with restaurants is not that far away.,Positive,
197,2,True,Location,Perfect if you want to stay close to the airport.,Positive,
197,2,True,Location,Mackenzy beach with restaurants is not that far away.,Positive,
197,3,True,Location,Perfect if you want to stay close to the airport.,Positive,
197,3,True,Location,Mackenzy beach with restaurants is not that far away.,Positive,
198,1,True,Staff,The staff were so friendly that we really felt we are at home with our relatives,Positive,
198,1,True,Food,The food at the restaurant was amazing,Positive,
198,1,True,Staff,"Richard as the head of Hotel's restaurant, cooks with passion and almost everything from scratch",Positive,
198,2,True,Staff,The staff were so friendly that we really felt we are at home with our relatives,Positive,
198,2,True,Food,The food at the restaurant was amazing,Positive,
198,2,True,Staff,"Richard as the head of Hotel's restaurant, cooks with passion and almost everything from scratch",Positive,
198,3,True,Staff,The staff were so friendly that we really felt we are at home with our relatives,Positive,
198,3,True,Food,The food at the restaurant was amazing,Positive,
198,3,True,Staff,"Richard as the head of Hotel's restaurant, cooks with passion and almost everything from scratch",Positive,
199,1,False,Location,"it is clean, beautiful and perfectly located",Positive,
199,1,False,Service,kind service with a smile,Positive,
199,1,False,Location,"5 minute walk from the beach, restaurants and cafés",Positive,
199,2,False,Location,"it is clean, beautiful and perfectly located",Positive,
199,2,False,Service,kind service with a smile,Positive,
199,2,False,Location,"5 minute walk from the beach, restaurants and cafés",Positive,
199,3,False,Location,"it is clean, beautiful and perfectly located",Positive,
199,3,False,Service,kind service with a smile,Positive,
199,3,False,Location,"5 minute walk from the beach, restaurants and cafés",Positive,
200,1,True,Food,food was 5 star!,Positive,
200,1,True,Food,The best club sandwich ever!!,Positive,
200,2,True,Food,food was 5 star!,Positive,
200,2,True,Food,The best club sandwich ever!!,Positive,
200,3,True,Food,food was 5 star!,Positive,
200,3,True,Food,The best club sandwich ever!!,Positive,
201,1,True,(no annotations found),,,
201,2,True,(no annotations found),,,
201,3,True,(no annotations found),,,
202,1,True,Staff,the staff is exceptionally nice,Positive,
202,1,True,Location,close to the beach,Positive,
202,1,True,Location,great restaurants,Positive,
202,2,True,Staff,the staff is exceptionally nice,Positive,
202,2,True,Location,close to the beach,Positive,
202,2,True,Location,great restaurants,Positive,
202,3,True,Staff,the staff is exceptionally nice,Positive,
202,3,True,Location,close to the beach,Positive,
202,3,True,Location,great restaurants,Positive,
203,1,True,Room,The room was very clean and ac worked well.,Positive,
203,1,True,Staff,Staff was very friendly.,Positive,
203,1,True,Price,Definitely worth the price.,Positive,
203,2,True,Room,The room was very clean and ac worked well.,Positive,
203,2,True,Staff,Staff was very friendly.,Positive,
203,2,True,Price,Definitely worth the price.,Positive,
203,3,True,Room,The room was very clean and ac worked well.,Positive,
203,3,True,Staff,Staff was very friendly.,Positive,
203,3,True,Price,Definitely worth the price.,Positive,
204,1,True,Staff,Staff were very friendly.,Positive,
204,1,True,Location,Great to come to from the airport.,Positive,
204,2,True,Staff,Staff were very friendly.,Positive,
204,2,True,Location,Great to come to from the airport.,Positive,
204,3,True,Staff,Staff were very friendly.,Positive,
204,3,True,Location,Great to come to from the airport.,Positive,
205,1,True,Room,Perfect for a great night of sleep,Positive,
205,2,True,Room,Perfect for a great night of sleep,Positive,
205,3,True,Room,Perfect for a great night of sleep,Positive,
206,1,False,Location,great location,Positive,
206,1,False,Location,The beach is less than 5 minutes away,Positive,
206,1,False,Value,Good value,Positive,
206,1,False,Owner,Welcoming owners,Positive,
206,2,False,Location,great location,Positive,
206,2,False,Location,The beach is less than 5 minutes away,Positive,
206,2,False,Value,Good value,Positive,
206,2,False,Owner,Welcoming owners,Positive,
206,3,False,Location,great location,Positive,
206,3,False,Location,The beach is less than 5 minutes away,Positive,
206,3,False,Value,Good value,Positive,
206,3,False,Owner,Welcoming owners,Positive,
207,1,False,Staff,The WONDERFUL staff at this place makes all the difference,Positive,
207,1,False,Staff,I would absolutely stay again,Positive,
207,2,False,Staff,The WONDERFUL staff at this place makes all the difference,Positive,
207,2,False,Staff,I would absolutely stay again,Positive,
207,3,False,Staff,The WONDERFUL staff at this place makes all the difference,Positive,
207,3,False,Staff,I would absolutely stay again,Positive,
208,1,True,Location,quit area,Positive,
208,1,True,Facility,easy find parking places,Positive,
208,1,True,Room,there was hair on the floor,Negative,
208,1,True,Staff,it should be better cleaner,Negative,
208,2,True,Location,quit area,Positive,
208,2,True,Facility,easy find parking places,Positive,
208,2,True,Room,there was hair on the floor,Negative,
208,2,True,Staff,it should be better cleaner,Negative,
208,3,True,Location,quit area,Positive,
208,3,True,Facility,easy find parking places,Positive,
208,3,True,Room,there was hair on the floor,Negative,
208,3,True,Staff,it should be better cleaner,Negative,
209,1,False,Room,it was a really nice room,Positive,
209,1,False,Food,we loved the breakfast,Positive,
209,1,False,Staff,very friendly people,Positive,
209,1,False,Room,it was a bit noisy,Negative,
209,1,False,Off,we could hear everything,Negative,
209,2,False,Room,it was a really nice room,Positive,
209,2,False,Food,we loved the breakfast,Positive,
209,2,False,Staff,very friendly people,Positive,
209,2,False,Room,it was a bit noisy,Negative,
209,2,False,Off,we could hear everything,Negative,
209,3,False,Room,it was a really nice room,Positive,
209,3,False,Food,we loved the breakfast,Positive,
209,3,False,Staff,very friendly people,Positive,
209,3,False,Room,it was a bit noisy,Negative,
209,3,False,Off,we could hear everything,Negative,
210,1,True,Location,fine location,Positive,
210,1,True,Staff,friendly,Positive,
210,1,True,Room,"Clean, comfortable",Positive,
210,2,True,Location,fine location,Positive,
210,2,True,Staff,friendly,Positive,
210,2,True,Room,"Clean, comfortable",Positive,
210,3,True,Location,fine location,Positive,
210,3,True,Staff,friendly,Positive,
210,3,True,Room,"Clean, comfortable",Positive,
211,1,True,Staff,The stuff was very friendly and helpfull,Positive,
211,1,True,Food,enormous size and very delicious,Positive,
211,1,True,Location,close to airport and town,Positive,
211,2,True,Staff,The stuff was very friendly and helpfull,Positive,
211,2,True,Food,enormous size and very delicious,Positive,
211,2,True,Location,close to airport and town,Positive,
211,3,True,Staff,The stuff was very friendly and helpfull,Positive,
211,3,True,Food,enormous size and very delicious,Positive,
211,3,True,Location,close to airport and town,Positive,
212,1,False,Staff,Very friendly and helpful staff,Positive,
212,1,False,Hotel,Beautiful hotel,Positive,
212,1,False,Price,very cheap,Positive,
212,2,False,Staff,Very friendly and helpful staff,Positive,
212,2,False,Hotel,Beautiful hotel,Positive,
212,2,False,Price,very cheap,Positive,
212,3,False,Staff,Very friendly and helpful staff,Positive,
212,3,False,Hotel,Beautiful hotel,Positive,
212,3,False,Price,very cheap,Positive,
213,1,True,Food,The food was very good,Positive,
213,1,True,Staff,the chef is kind,Positive,
213,1,True,Off,In the bathroom smelled bad,Negative,
213,2,True,Food,The food was very good,Positive,
213,2,True,Staff,the chef is kind,Positive,
213,2,True,Off,In the bathroom smelled bad,Negative,
213,3,True,Food,The food was very good,Positive,
213,3,True,Staff,the chef is kind,Positive,
213,3,True,Off,In the bathroom smelled bad,Negative,
214,1,True,Staff,The hotell organised a taxi for me,Positive,
214,1,True,Staff,and made sure I could check in,Positive,
214,2,True,Staff,The hotell organised a taxi for me,Positive,
214,2,True,Staff,and made sure I could check in,Positive,
214,3,True,Staff,The hotell organised a taxi for me,Positive,
214,3,True,Staff,and made sure I could check in,Positive,
215,1,True,Room,clean and simple,Positive,
215,2,True,Room,clean and simple,Positive,
215,3,True,Room,clean and simple,Positive,
216,1,False,Room,the room is very clean,Positive,
216,1,False,Bed,the bed is comfortable,Positive,
216,1,False,Facility,the facilities are new,Positive,
216,2,False,Room,the room is very clean,Positive,
216,2,False,Bed,the bed is comfortable,Positive,
216,2,False,Facility,the facilities are new,Positive,
216,3,False,Room,the room is very clean,Positive,
216,3,False,Bed,the bed is comfortable,Positive,
216,3,False,Facility,the facilities are new,Positive,
217,1,True,Off,Very nice,Positive,
217,1,True,Off,Everything,Negative,
217,2,True,Off,Very nice,Positive,
217,2,True,Off,Everything,Negative,
217,3,True,Off,Very nice,Positive,
217,3,True,Off,Everything,Negative,
218,1,False,Room,Nice clean room,Positive,
218,1,False,Bed,comfortable bed,Positive,
218,1,False,Location,good location,Positive,
218,2,False,Room,Nice clean room,Positive,
218,2,False,Bed,comfortable bed,Positive,
218,2,False,Location,good location,Positive,
218,3,False,Room,Nice clean room,Positive,
218,3,False,Bed,comfortable bed,Positive,
218,3,False,Location,good location,Positive,
219,1,False,Room,very clean room,Positive,
219,1,False,Room,all freshly renovated,Positive,
219,1,False,Off,nothing,Positive,
219,1,False,Bed,comfy beds,Positive,
219,1,False,Shower,very nice showers,Positive,
219,1,False,Noise,sometimes a bit noisy because of the air traffic,Negative,
219,2,False,Room,very clean room,Positive,
219,2,False,Room,all freshly renovated,Positive,
219,2,False,Off,nothing,Positive,
219,2,False,Bed,comfy beds,Positive,
219,2,False,Shower,very nice showers,Positive,
219,2,False,Noise,sometimes a bit noisy because of the air traffic,Negative,
219,3,False,Room,very clean room,Positive,
219,3,False,Room,all freshly renovated,Positive,
219,3,False,Off,nothing,Positive,
219,3,False,Bed,comfy beds,Positive,
219,3,False,Shower,very nice showers,Positive,
219,3,False,Noise,sometimes a bit noisy because of the air traffic,Negative,
220,1,False,Check-in,Excellent communication on late check in process,Positive,
220,1,False,Room,airy and comfortable room,Positive,
220,1,False,Facility,super fast wifi,Positive,
220,1,False,Location,This hotel is only 4km from the airport,Positive,
220,1,False,Location,If travelling light you can walk it in 40 minutes,Positive,
220,1,False,TV,light on choice only news channel in English,Negative,
220,2,False,Check-in,Excellent communication on late check in process,Positive,
220,2,False,Room,airy and comfortable room,Positive,
220,2,False,Facility,super fast wifi,Positive,
220,2,False,Location,This hotel is only 4km from the airport,Positive,
220,2,False,Location,If travelling light you can walk it in 40 minutes,Positive,
220,2,False,TV,light on choice only news channel in English,Negative,
220,3,False,Check-in,Excellent communication on late check in process,Positive,
220,3,False,Room,airy and comfortable room,Positive,
220,3,False,Facility,super fast wifi,Positive,
220,3,False,Location,This hotel is only 4km from the airport,Positive,
220,3,False,Location,If travelling light you can walk it in 40 minutes,Positive,
220,3,False,TV,light on choice only news channel in English,Negative,
221,1,False,Staff,The staff were all friendly and welcoming - especially the restaurant owner.,Positive,
221,1,False,Food,We were offered food and drink in the bar which was most welcome.,Positive,
221,1,False,Room,The room was clean and an adequate size with a nice balcony.,Positive,
221,1,False,Breakfast,Breakfast was outstanding.,Positive,
221,1,False,Facility,We could not turn on the mini fridge to cool our water bottles overnight,Negative,
221,2,False,Staff,The staff were all friendly and welcoming - especially the restaurant owner.,Positive,
221,2,False,Food,We were offered food and drink in the bar which was most welcome.,Positive,
221,2,False,Room,The room was clean and an adequate size with a nice balcony.,Positive,
221,2,False,Breakfast,Breakfast was outstanding.,Positive,
221,2,False,Facility,We could not turn on the mini fridge to cool our water bottles overnight,Negative,
221,3,False,Staff,The staff were all friendly and welcoming - especially the restaurant owner.,Positive,
221,3,False,Food,We were offered food and drink in the bar which was most welcome.,Positive,
221,3,False,Room,The room was clean and an adequate size with a nice balcony.,Positive,
221,3,False,Breakfast,Breakfast was outstanding.,Positive,
221,3,False,Facility,We could not turn on the mini fridge to cool our water bottles overnight,Negative,
222,1,False,Room,the room was nice,Positive,
222,1,False,Off,It was a nice place clean,Positive,
222,2,False,Room,the room was nice,Positive,
222,2,False,Off,It was a nice place clean,Positive,
222,3,False,Room,the room was nice,Positive,
222,3,False,Off,It was a nice place clean,Positive,
223,1,True,Staff,The indications at the desk were very helpful,Positive,
223,2,True,Staff,The indications at the desk were very helpful,Positive,
223,3,True,Staff,The indications at the desk were very helpful,Positive,
224,1,False,Staff,Very friendly,Positive,
224,1,False,Staff,Very helpful,Positive,
224,1,False,Room,Very comfortable nights sleep,Positive,
224,2,False,Staff,Very friendly,Positive,
224,2,False,Staff,Very helpful,Positive,
224,2,False,Room,Very comfortable nights sleep,Positive,
224,3,False,Staff,Very friendly,Positive,
224,3,False,Staff,Very helpful,Positive,
224,3,False,Room,Very comfortable nights sleep,Positive,
225,1,True,(no annotations found),,,
225,2,True,(no annotations found),,,
225,3,True,(no annotations found),,,
226,1,False,Room,"The double bed, although nothing fancy, was probably the best hotel bed we've slept in ... ever!",Positive,
226,1,False,Staff,Excellent staff in this family driven hotel. Very helpful and pleasant people who speak perfect English and couldn't have been better -- all the way from the booking process and online dialog to putting us on a taxi to the airport!,Positive,
226,1,False,Staff,the staff is simply the best and made our stay a true pleasure,Positive,
226,1,False,Facility,"Plenty of electricity outlets in the room, also by the bed",Positive,
226,2,False,Room,"The double bed, although nothing fancy, was probably the best hotel bed we've slept in ... ever!",Positive,
226,2,False,Staff,Excellent staff in this family driven hotel. Very helpful and pleasant people who speak perfect English and couldn't have been better -- all the way from the booking process and online dialog to putting us on a taxi to the airport!,Positive,
226,2,False,Staff,the staff is simply the best and made our stay a true pleasure,Positive,
226,2,False,Facility,"Plenty of electricity outlets in the room, also by the bed",Positive,
226,3,False,Room,"The double bed, although nothing fancy, was probably the best hotel bed we've slept in ... ever!",Positive,
226,3,False,Staff,Excellent staff in this family driven hotel. Very helpful and pleasant people who speak perfect English and couldn't have been better -- all the way from the booking process and online dialog to putting us on a taxi to the airport!,Positive,
226,3,False,Staff,the staff is simply the best and made our stay a true pleasure,Positive,
226,3,False,Facility,"Plenty of electricity outlets in the room, also by the bed",Positive,
227,1,True,Room,Perfect room for family,Positive,
227,1,True,Staff,Very kind hosts,Positive,
227,1,True,Location,Close to airport,Positive,
227,1,True,Check-in,made late check in simple,Positive,
227,2,True,Room,Perfect room for family,Positive,
227,2,True,Staff,Very kind hosts,Positive,
227,2,True,Location,Close to airport,Positive,
227,2,True,Check-in,made late check in simple,Positive,
227,3,True,Room,Perfect room for family,Positive,
227,3,True,Staff,Very kind hosts,Positive,
227,3,True,Location,Close to airport,Positive,
227,3,True,Check-in,made late check in simple,Positive,
228,1,False,(parse failed),,,json_parse_error: Expecting value: line 1 column 1 (char 0)
228,2,False,(parse failed),,,json_parse_error: Expecting value: line 1 column 1 (char 0)
228,3,False,(parse failed),,,json_parse_error: Expecting value: line 1 column 1 (char 0)
229,1,False,Staff,Exceptionally friendly service,Positive,
229,1,False,Food,restarant in same building,Positive,
229,1,False,Service,Attention and service superb,Positive,
229,2,False,Staff,Exceptionally friendly service,Positive,
229,2,False,Food,restarant in same building,Positive,
229,2,False,Service,Attention and service superb,Positive,
229,3,False,Staff,Exceptionally friendly service,Positive,
229,3,False,Food,restarant in same building,Positive,
229,3,False,Service,Attention and service superb,Positive,
230,1,True,Location,location,Positive,
230,1,True,Room,clean,Positive,
230,1,True,Price,good value,Positive,
230,2,True,Location,location,Positive,
230,2,True,Room,clean,Positive,
230,2,True,Price,good value,Positive,
230,3,True,Location,location,Positive,
230,3,True,Room,clean,Positive,
230,3,True,Price,good value,Positive,
231,1,True,Staff,very friendly staff,Positive,
231,1,True,Room,rooms were clean,Positive,
231,1,True,Location,ideally situated for the airport,Positive,
231,2,True,Staff,very friendly staff,Positive,
231,2,True,Room,rooms were clean,Positive,
231,2,True,Location,ideally situated for the airport,Positive,
231,3,True,Staff,very friendly staff,Positive,
231,3,True,Room,rooms were clean,Positive,
231,3,True,Location,ideally situated for the airport,Positive,
232,1,False,Location,Great location for a late flight,Positive,
232,1,False,Room,everything was clean and nice in the room,Positive,
232,1,False,Staff,great instructions,Positive,
232,1,False,Food,terrific late breakfast,Positive,
232,1,False,Staff,manager catered to our every need,Positive,
232,2,False,Location,Great location for a late flight,Positive,
232,2,False,Room,everything was clean and nice in the room,Positive,
232,2,False,Staff,great instructions,Positive,
232,2,False,Food,terrific late breakfast,Positive,
232,2,False,Staff,manager catered to our every need,Positive,
232,3,False,Location,Great location for a late flight,Positive,
232,3,False,Room,everything was clean and nice in the room,Positive,
232,3,False,Staff,great instructions,Positive,
232,3,False,Food,terrific late breakfast,Positive,
232,3,False,Staff,manager catered to our every need,Positive,
233,1,True,Room,rooms where really spacious and fresh and clean,Positive,
233,1,True,Facility,Beautiful property,Positive,
233,1,True,Food,Breakfast was amazing,Positive,
233,1,True,Staff,management are wonderful,Positive,
233,2,True,Room,rooms where really spacious and fresh and clean,Positive,
233,2,True,Facility,Beautiful property,Positive,
233,2,True,Food,Breakfast was amazing,Positive,
233,2,True,Staff,management are wonderful,Positive,
233,3,True,Room,rooms where really spacious and fresh and clean,Positive,
233,3,True,Facility,Beautiful property,Positive,
233,3,True,Food,Breakfast was amazing,Positive,
233,3,True,Staff,management are wonderful,Positive,
234,1,True,Location,"great location for bars, restaurants and beach",Positive,
234,1,True,Price,at a very good rate,Positive,
234,1,True,Room,excellent standard of accommodation,Positive,
234,2,True,Location,"great location for bars, restaurants and beach",Positive,
234,2,True,Price,at a very good rate,Positive,
234,2,True,Room,excellent standard of accommodation,Positive,
234,3,True,Location,"great location for bars, restaurants and beach",Positive,
234,3,True,Price,at a very good rate,Positive,
234,3,True,Room,excellent standard of accommodation,Positive,
235,1,True,Location,Great location,Positive,
235,1,True,Staff,very welcoming staff,Positive,
235,1,True,Room,very clean,Positive,
235,2,True,Location,Great location,Positive,
235,2,True,Staff,very welcoming staff,Positive,
235,2,True,Room,very clean,Positive,
235,3,True,Location,Great location,Positive,
235,3,True,Staff,very welcoming staff,Positive,
235,3,True,Room,very clean,Positive,
236,1,False,Facility,good facilities,Positive,
236,1,False,Room,the room was comfortable,Positive,
236,1,False,Bathroom,the bathroom was well appointed,Positive,
236,1,False,Breakfast,Breakfast as an extra was good,Positive,
236,1,False,Location,The hotel is about 100m from the 425 bus route,Positive,
236,2,False,Facility,good facilities,Positive,
236,2,False,Room,the room was comfortable,Positive,
236,2,False,Bathroom,the bathroom was well appointed,Positive,
236,2,False,Breakfast,Breakfast as an extra was good,Positive,
236,2,False,Location,The hotel is about 100m from the 425 bus route,Positive,
236,3,False,Facility,good facilities,Positive,
236,3,False,Room,the room was comfortable,Positive,
236,3,False,Bathroom,the bathroom was well appointed,Positive,
236,3,False,Breakfast,Breakfast as an extra was good,Positive,
236,3,False,Location,The hotel is about 100m from the 425 bus route,Positive,
237,1,True,Room,clean and comfortable,Positive,
237,2,True,Room,clean and comfortable,Positive,
237,3,True,Room,clean and comfortable,Positive,
238,1,True,Location,close to the airport,Positive,
238,1,True,Room,quite small room,Negative,
238,1,True,Room,stingy smell from the bathroom,Negative,
238,2,True,Location,close to the airport,Positive,
238,2,True,Room,quite small room,Negative,
238,2,True,Room,stingy smell from the bathroom,Negative,
238,3,True,Location,close to the airport,Positive,
238,3,True,Room,quite small room,Negative,
238,3,True,Room,stingy smell from the bathroom,Negative,
239,1,True,Room,Light and airy and clean room,Positive,
239,1,True,Location,Not far from the sea,Positive,
239,1,True,Facility,There should be a safety strip on the step to each floor coming up the stairs,Negative,
239,2,True,Room,Light and airy and clean room,Positive,
239,2,True,Location,Not far from the sea,Positive,
239,2,True,Facility,There should be a safety strip on the step to each floor coming up the stairs,Negative,
239,3,True,Room,Light and airy and clean room,Positive,
239,3,True,Location,Not far from the sea,Positive,
239,3,True,Facility,There should be a safety strip on the step to each floor coming up the stairs,Negative,
240,1,False,Staff,The hotel manager was reachable at all times,Positive,
240,1,False,Service,I couldn't have asked for more informative and reassuring service,Positive,
240,1,False,Location,The location is very nice of this hotel due to close proximity to the beach and restaurants,Positive,
240,1,False,Room,comfortable stay,Positive,
240,2,False,Staff,The hotel manager was reachable at all times,Positive,
240,2,False,Service,I couldn't have asked for more informative and reassuring service,Positive,
240,2,False,Location,The location is very nice of this hotel due to close proximity to the beach and restaurants,Positive,
240,2,False,Room,comfortable stay,Positive,
240,3,False,Staff,The hotel manager was reachable at all times,Positive,
240,3,False,Service,I couldn't have asked for more informative and reassuring service,Positive,
240,3,False,Location,The location is very nice of this hotel due to close proximity to the beach and restaurants,Positive,
240,3,False,Room,comfortable stay,Positive,
241,1,False,Room,spacious room and minifridge,Positive,
241,1,False,Bathroom,large bathroom,Positive,
241,1,False,Bed,comfy bed,Positive,
241,1,False,Staff,staff was very friendly and lend me an adaptor several times,Positive,
241,1,False,Location,walking distance to airport and close to the more luxurious beach strip with delicious restaurants,Positive,
241,1,False,Shampoo,random unlabeled shampoo dispenser attached to the shower wall,Negative,
241,1,False,Price,for the price that it was,Neutral,
241,2,False,Room,spacious room and minifridge,Positive,
241,2,False,Bathroom,large bathroom,Positive,
241,2,False,Bed,comfy bed,Positive,
241,2,False,Staff,staff was very friendly and lend me an adaptor several times,Positive,
241,2,False,Location,walking distance to airport and close to the more luxurious beach strip with delicious restaurants,Positive,
241,2,False,Shampoo,random unlabeled shampoo dispenser attached to the shower wall,Negative,
241,2,False,Price,for the price that it was,Neutral,
241,3,False,Room,spacious room and minifridge,Positive,
241,3,False,Bathroom,large bathroom,Positive,
241,3,False,Bed,comfy bed,Positive,
241,3,False,Staff,staff was very friendly and lend me an adaptor several times,Positive,
241,3,False,Location,walking distance to airport and close to the more luxurious beach strip with delicious restaurants,Positive,
241,3,False,Shampoo,random unlabeled shampoo dispenser attached to the shower wall,Negative,
241,3,False,Price,for the price that it was,Neutral,
242,1,True,Staff,The staff were very accommodating and kind,Positive,
242,1,True,Room,"Very clean, comfortable and pleasant!",Positive,
242,2,True,Staff,The staff were very accommodating and kind,Positive,
242,2,True,Room,"Very clean, comfortable and pleasant!",Positive,
242,3,True,Staff,The staff were very accommodating and kind,Positive,
242,3,True,Room,"Very clean, comfortable and pleasant!",Positive,
243,1,False,Location,near beaches and restaurants,Positive,
243,1,False,Hotel,Very modern clean beautifully kept hotel,Positive,
243,2,False,Location,near beaches and restaurants,Positive,
243,2,False,Hotel,Very modern clean beautifully kept hotel,Positive,
243,3,False,Location,near beaches and restaurants,Positive,
243,3,False,Hotel,Very modern clean beautifully kept hotel,Positive,
244,1,True,(no annotations found),,,
244,2,True,(no annotations found),,,
244,3,True,(no annotations found),,,
245,1,False,Staff,great staff,Positive,
245,1,False,Staff,Richard is a great chef,Positive,
245,1,False,Service,the service,Positive,
245,1,False,Room,The room was extremely clean,Positive,
245,2,False,Staff,great staff,Positive,
245,2,False,Staff,Richard is a great chef,Positive,
245,2,False,Service,the service,Positive,
245,2,False,Room,The room was extremely clean,Positive,
245,3,False,Staff,great staff,Positive,
245,3,False,Staff,Richard is a great chef,Positive,
245,3,False,Service,the service,Positive,
245,3,False,Room,The room was extremely clean,Positive,
246,1,False,Staff,The owners were very friendly and helpful,Positive,
246,1,False,Location,"The hotel is small, and is about 10 minutes from the airport",Positive,
246,1,False,Room,"The rooms were a nice size, very clean, and modern",Positive,
246,1,False,Food,"We also had dinner there, and the food was very good",Positive,
246,1,False,Location,The location is a bit hard to find,Negative,
246,2,False,Staff,The owners were very friendly and helpful,Positive,
246,2,False,Location,"The hotel is small, and is about 10 minutes from the airport",Positive,
246,2,False,Room,"The rooms were a nice size, very clean, and modern",Positive,
246,2,False,Food,"We also had dinner there, and the food was very good",Positive,
246,2,False,Location,The location is a bit hard to find,Negative,
246,3,False,Staff,The owners were very friendly and helpful,Positive,
246,3,False,Location,"The hotel is small, and is about 10 minutes from the airport",Positive,
246,3,False,Room,"The rooms were a nice size, very clean, and modern",Positive,
246,3,False,Food,"We also had dinner there, and the food was very good",Positive,
246,3,False,Location,The location is a bit hard to find,Negative,
247,1,True,Location,very good location,Positive,
247,2,True,Location,very good location,Positive,
247,3,True,Location,very good location,Positive,
248,1,False,Staff,"super kind, professional, polite and helpful",Positive,
248,1,False,Bed,so comfortable,Positive,
248,1,False,TV,Lack of decent channels,Negative,
248,1,False,TV,only in the evening (past 9 pm) you can actually find something to watch,Negative,
248,1,False,TV,half in Greek and half in Russian,Negative,
248,1,False,Taxi,arrived right in time,Positive,
248,2,False,Staff,"super kind, professional, polite and helpful",Positive,
248,2,False,Bed,so comfortable,Positive,
248,2,False,TV,Lack of decent channels,Negative,
248,2,False,TV,only in the evening (past 9 pm) you can actually find something to watch,Negative,
248,2,False,TV,half in Greek and half in Russian,Negative,
248,2,False,Taxi,arrived right in time,Positive,
248,3,False,Staff,"super kind, professional, polite and helpful",Positive,
248,3,False,Bed,so comfortable,Positive,
248,3,False,TV,Lack of decent channels,Negative,
248,3,False,TV,only in the evening (past 9 pm) you can actually find something to watch,Negative,
248,3,False,TV,half in Greek and half in Russian,Negative,
248,3,False,Taxi,arrived right in time,Positive,
249,1,True,(no annotations found),,,
249,2,True,(no annotations found),,,
249,3,True,(no annotations found),,,
250,1,False,Location,The location allowed us to walk to the beach and restaurants.,Positive,
250,1,False,Staff,"The family that runs the hotel was incredibly friendly and very, very nice.",Positive,
250,1,False,Room,"The rooms, lobby and restaurant were lovely; exceedingly modern, and comfortable.",Positive,
250,1,False,Food,"We ate dinner at the hotel because we were so impressed with ""chef Richard"" and the food was fabulous.",Positive,
250,2,False,Location,The location allowed us to walk to the beach and restaurants.,Positive,
250,2,False,Staff,"The family that runs the hotel was incredibly friendly and very, very nice.",Positive,
250,2,False,Room,"The rooms, lobby and restaurant were lovely; exceedingly modern, and comfortable.",Positive,
250,2,False,Food,"We ate dinner at the hotel because we were so impressed with ""chef Richard"" and the food was fabulous.",Positive,
250,3,False,Location,The location allowed us to walk to the beach and restaurants.,Positive,
250,3,False,Staff,"The family that runs the hotel was incredibly friendly and very, very nice.",Positive,
250,3,False,Room,"The rooms, lobby and restaurant were lovely; exceedingly modern, and comfortable.",Positive,
250,3,False,Food,"We ate dinner at the hotel because we were so impressed with ""chef Richard"" and the food was fabulous.",Positive,
251,1,True,Staff,friendly staff,Positive,
251,2,True,Staff,friendly staff,Positive,
251,3,True,Staff,friendly staff,Positive,
252,1,True,Room,Exceptionally clean and brand new,Positive,
252,1,True,Food,Breakfast was freshly made and delicious,Positive,
252,1,True,Staff,Everyone very friendly,Positive,
252,2,True,Room,Exceptionally clean and brand new,Positive,
252,2,True,Food,Breakfast was freshly made and delicious,Positive,
252,2,True,Staff,Everyone very friendly,Positive,
252,3,True,Room,Exceptionally clean and brand new,Positive,
252,3,True,Food,Breakfast was freshly made and delicious,Positive,
252,3,True,Staff,Everyone very friendly,Positive,
253,1,True,Off,cleanliness and quietness,Positive,
253,2,True,Off,cleanliness and quietness,Positive,
253,3,True,Off,cleanliness and quietness,Positive,
254,1,False,Room,The rooms are spotless,Positive,
254,1,False,Facility,The shower fantastic,Positive,
254,1,False,Staff,The family were so helpful,Positive,
254,1,False,Location,It’s very close to the airport,Positive,
254,2,False,Room,The rooms are spotless,Positive,
254,2,False,Facility,The shower fantastic,Positive,
254,2,False,Staff,The family were so helpful,Positive,
254,2,False,Location,It’s very close to the airport,Positive,
254,3,False,Room,The rooms are spotless,Positive,
254,3,False,Facility,The shower fantastic,Positive,
254,3,False,Staff,The family were so helpful,Positive,
254,3,False,Location,It’s very close to the airport,Positive,
255,1,True,Staff,The staff is super friendly and attentive.,Positive,
255,1,True,Room,The room is spacious and new.,Positive,
255,1,True,Location,"The location is super convenient, only few steps from the beach.",Positive,
255,2,True,Staff,The staff is super friendly and attentive.,Positive,
255,2,True,Room,The room is spacious and new.,Positive,
255,2,True,Location,"The location is super convenient, only few steps from the beach.",Positive,
255,3,True,Staff,The staff is super friendly and attentive.,Positive,
255,3,True,Room,The room is spacious and new.,Positive,
255,3,True,Location,"The location is super convenient, only few steps from the beach.",Positive,
256,1,True,Room,clean and modern,Positive,
256,2,True,Room,clean and modern,Positive,
256,3,True,Room,clean and modern,Positive,
257,1,True,Staff,Lovely staff,Positive,
257,1,True,Location,"Great location, quiet",Positive,
257,1,True,Room,"Very modern, clean hotel",Positive,
257,2,True,Staff,Lovely staff,Positive,
257,2,True,Location,"Great location, quiet",Positive,
257,2,True,Room,"Very modern, clean hotel",Positive,
257,3,True,Staff,Lovely staff,Positive,
257,3,True,Location,"Great location, quiet",Positive,
257,3,True,Room,"Very modern, clean hotel",Positive,
258,1,False,Staff,wonderful staff,Positive,
258,1,False,Food,delicious food,Positive,
258,1,False,Accommodation,Great accommodation,Positive,
258,1,False,Tranquility,tranquility,Positive,
258,2,False,Staff,wonderful staff,Positive,
258,2,False,Food,delicious food,Positive,
258,2,False,Accommodation,Great accommodation,Positive,
258,2,False,Tranquility,tranquility,Positive,
258,3,False,Staff,wonderful staff,Positive,
258,3,False,Food,delicious food,Positive,
258,3,False,Accommodation,Great accommodation,Positive,
258,3,False,Tranquility,tranquility,Positive,
259,1,True,Location,excellent location near airport then easy drive into larnaca,Positive,
259,1,True,Staff,very friendly and helpful staff,Positive,
259,1,True,Room,the bathroom floor got wet from the shower and became very slippery,Negative,
259,2,True,Location,excellent location near airport then easy drive into larnaca,Positive,
259,2,True,Staff,very friendly and helpful staff,Positive,
259,2,True,Room,the bathroom floor got wet from the shower and became very slippery,Negative,
259,3,True,Location,excellent location near airport then easy drive into larnaca,Positive,
259,3,True,Staff,very friendly and helpful staff,Positive,
259,3,True,Room,the bathroom floor got wet from the shower and became very slippery,Negative,
260,1,True,Staff,Friendly staff,Positive,
260,1,True,Food,delicious breakfast,Positive,
260,1,True,Room,Very comfortable beds,Positive,
260,1,True,Location,10 mins walk to Mackenzie Beach,Positive,
260,1,True,Location,40 mins (3 km) walk to downtown on a nice promenade,Positive,
260,2,True,Staff,Friendly staff,Positive,
260,2,True,Food,delicious breakfast,Positive,
260,2,True,Room,Very comfortable beds,Positive,
260,2,True,Location,10 mins walk to Mackenzie Beach,Positive,
260,2,True,Location,40 mins (3 km) walk to downtown on a nice promenade,Positive,
260,3,True,Staff,Friendly staff,Positive,
260,3,True,Food,delicious breakfast,Positive,
260,3,True,Room,Very comfortable beds,Positive,
260,3,True,Location,10 mins walk to Mackenzie Beach,Positive,
260,3,True,Location,40 mins (3 km) walk to downtown on a nice promenade,Positive,
261,1,False,Room,Everything was clean and cozy.,Positive,
261,1,False,Staff,We were introduced very good in everything,Positive,
261,1,False,Off,and felt very good there!,Positive,
261,2,False,Room,Everything was clean and cozy.,Positive,
261,2,False,Staff,We were introduced very good in everything,Positive,
261,2,False,Off,and felt very good there!,Positive,
261,3,False,Room,Everything was clean and cozy.,Positive,
261,3,False,Staff,We were introduced very good in everything,Positive,
261,3,False,Off,and felt very good there!,Positive,
262,1,False,Staff,attentive staff,Positive,
262,1,False,Location,close to the airport,Positive,
262,1,False,Staff,helpful,Positive,
262,1,False,Room,nice room,Positive,
262,1,False,Staff,showed us to a really nice room,Positive,
262,1,False,Food,terrible,Negative,
262,2,False,Staff,attentive staff,Positive,
262,2,False,Location,close to the airport,Positive,
262,2,False,Staff,helpful,Positive,
262,2,False,Room,nice room,Positive,
262,2,False,Staff,showed us to a really nice room,Positive,
262,2,False,Food,terrible,Negative,
262,3,False,Staff,attentive staff,Positive,
262,3,False,Location,close to the airport,Positive,
262,3,False,Staff,helpful,Positive,
262,3,False,Room,nice room,Positive,
262,3,False,Staff,showed us to a really nice room,Positive,
262,3,False,Food,terrible,Negative,
263,1,True,Room,room was big enough with comfy beds for family of four,Positive,
263,1,True,Room,liked having a small balcony for outdoor space,Positive,
263,2,True,Room,room was big enough with comfy beds for family of four,Positive,
263,2,True,Room,liked having a small balcony for outdoor space,Positive,
263,3,True,Room,room was big enough with comfy beds for family of four,Positive,
263,3,True,Room,liked having a small balcony for outdoor space,Positive,
264,1,True,Staff,Friendly staff.,Positive,
264,1,True,Room,clean and comfortable beds.,Positive,
264,2,True,Staff,Friendly staff.,Positive,
264,2,True,Room,clean and comfortable beds.,Positive,
264,3,True,Staff,Friendly staff.,Positive,
264,3,True,Room,clean and comfortable beds.,Positive,
265,1,True,Location,near the airport,Positive,
265,1,True,Staff,Very warm welcome,Positive,
265,1,True,Room,clean and comfortable,Positive,
265,1,True,Price,£50 a night,Positive,
265,2,True,Location,near the airport,Positive,
265,2,True,Staff,Very warm welcome,Positive,
265,2,True,Room,clean and comfortable,Positive,
265,2,True,Price,£50 a night,Positive,
265,3,True,Location,near the airport,Positive,
265,3,True,Staff,Very warm welcome,Positive,
265,3,True,Room,clean and comfortable,Positive,
265,3,True,Price,£50 a night,Positive,
266,1,True,Staff,very nice crew,Positive,
266,1,True,Room,it’s clean,Positive,
266,2,True,Staff,very nice crew,Positive,
266,2,True,Room,it’s clean,Positive,
266,3,True,Staff,very nice crew,Positive,
266,3,True,Room,it’s clean,Positive,
267,1,False,Staff,Helpful staff arranged a taxi for us from the airport to the hotel,Positive,
267,1,False,Hotel,The hotel was basic but clean and comfortable,Positive,
267,2,False,Staff,Helpful staff arranged a taxi for us from the airport to the hotel,Positive,
267,2,False,Hotel,The hotel was basic but clean and comfortable,Positive,
267,3,False,Staff,Helpful staff arranged a taxi for us from the airport to the hotel,Positive,
267,3,False,Hotel,The hotel was basic but clean and comfortable,Positive,
268,1,True,Room,"recently refurbished and the rooms and bathroom, were both modern and comfortable",Positive,
268,1,True,Location,Easy walk to Mackenzie Beach and short journey from airport,Positive,
268,1,True,Staff,extremely helpful and friendly,Positive,
268,1,True,Food,Good breakfast available if required,Positive,
268,2,True,Room,"recently refurbished and the rooms and bathroom, were both modern and comfortable",Positive,
268,2,True,Location,Easy walk to Mackenzie Beach and short journey from airport,Positive,
268,2,True,Staff,extremely helpful and friendly,Positive,
268,2,True,Food,Good breakfast available if required,Positive,
268,3,True,Room,"recently refurbished and the rooms and bathroom, were both modern and comfortable",Positive,
268,3,True,Location,Easy walk to Mackenzie Beach and short journey from airport,Positive,
268,3,True,Staff,extremely helpful and friendly,Positive,
268,3,True,Food,Good breakfast available if required,Positive,
269,1,True,Staff,super friendly,Positive,
269,1,True,Location,convenient,Positive,
269,1,True,Room,clean,Positive,
269,2,True,Staff,super friendly,Positive,
269,2,True,Location,convenient,Positive,
269,2,True,Room,clean,Positive,
269,3,True,Staff,super friendly,Positive,
269,3,True,Location,convenient,Positive,
269,3,True,Room,clean,Positive,
270,1,False,Room,Clean rooms,Positive,
270,1,False,Staff,helpful staff,Positive,
270,1,False,Facility,easy to park car outside,Positive,
270,2,False,Room,Clean rooms,Positive,
270,2,False,Staff,helpful staff,Positive,
270,2,False,Facility,easy to park car outside,Positive,
270,3,False,Room,Clean rooms,Positive,
270,3,False,Staff,helpful staff,Positive,
270,3,False,Facility,easy to park car outside,Positive,
271,1,True,Location,Location very convenient.,Positive,
271,1,True,Location,Near the beach and the Restaurants.,Positive,
271,1,True,Location,Public Bus station at 30 meters from the hotel.,Positive,
271,1,True,Location,Also very close to the airport.,Positive,
271,2,True,Location,Location very convenient.,Positive,
271,2,True,Location,Near the beach and the Restaurants.,Positive,
271,2,True,Location,Public Bus station at 30 meters from the hotel.,Positive,
271,2,True,Location,Also very close to the airport.,Positive,
271,3,True,Location,Location very convenient.,Positive,
271,3,True,Location,Near the beach and the Restaurants.,Positive,
271,3,True,Location,Public Bus station at 30 meters from the hotel.,Positive,
271,3,True,Location,Also very close to the airport.,Positive,
272,1,True,Staff,The staff is very nice,Positive,
272,1,True,Food,The Breakfast is so delicious,Positive,
272,1,True,Location,Great location,Positive,
272,1,True,Room,very comfortable and clean,Positive,
272,2,True,Staff,The staff is very nice,Positive,
272,2,True,Food,The Breakfast is so delicious,Positive,
272,2,True,Location,Great location,Positive,
272,2,True,Room,very comfortable and clean,Positive,
272,3,True,Staff,The staff is very nice,Positive,
272,3,True,Food,The Breakfast is so delicious,Positive,
272,3,True,Location,Great location,Positive,
272,3,True,Room,very comfortable and clean,Positive,
273,1,True,Staff,"It's my second time at La Veranda and I can honestly say that this is one of the best hotels in the region, if not the best. Would definitely recommend it!",Positive,
273,2,True,Staff,"It's my second time at La Veranda and I can honestly say that this is one of the best hotels in the region, if not the best. Would definitely recommend it!",Positive,
273,3,True,Staff,"It's my second time at La Veranda and I can honestly say that this is one of the best hotels in the region, if not the best. Would definitely recommend it!",Positive,
274,1,True,Staff,"Every staff member I encountered, from the valet to the check- in to the cleaning staff were delightful and eager to help!",Positive,
274,2,True,Staff,"Every staff member I encountered, from the valet to the check- in to the cleaning staff were delightful and eager to help!",Positive,
274,3,True,Staff,"Every staff member I encountered, from the valet to the check- in to the cleaning staff were delightful and eager to help!",Positive,
275,1,True,Room,"The rooms were clean, very comfortable",Positive,
275,1,True,Staff,the staff was amazing,Positive,
275,1,True,Staff,went over and beyond to help make my stay enjoyable,Positive,
275,2,True,Room,"The rooms were clean, very comfortable",Positive,
275,2,True,Staff,the staff was amazing,Positive,
275,2,True,Staff,went over and beyond to help make my stay enjoyable,Positive,
275,3,True,Room,"The rooms were clean, very comfortable",Positive,
275,3,True,Staff,the staff was amazing,Positive,
275,3,True,Staff,went over and beyond to help make my stay enjoyable,Positive,
276,1,True,Staff,friendly staff who allow you to check in the early hours of morning,Positive,
276,1,True,Location,45 min walk to airport,Positive,
276,1,True,Off,locks on windows didn’t seem secure,Negative,
276,2,True,Staff,friendly staff who allow you to check in the early hours of morning,Positive,
276,2,True,Location,45 min walk to airport,Positive,
276,2,True,Off,locks on windows didn’t seem secure,Negative,
276,3,True,Staff,friendly staff who allow you to check in the early hours of morning,Positive,
276,3,True,Location,45 min walk to airport,Positive,
276,3,True,Off,locks on windows didn’t seem secure,Negative,
277,1,True,Staff,"The staff is always very helpful, exceptional!",Positive,
277,1,True,Staff,The staff explained that the dispancer in the shower holds 3 in 1.,Negative,
277,2,True,Staff,"The staff is always very helpful, exceptional!",Positive,
277,2,True,Staff,The staff explained that the dispancer in the shower holds 3 in 1.,Negative,
277,3,True,Staff,"The staff is always very helpful, exceptional!",Positive,
277,3,True,Staff,The staff explained that the dispancer in the shower holds 3 in 1.,Negative,
278,1,False,Staff,"The staff were wonderful, so friendly and welcoming",Positive,
278,1,False,Food,the food was superb,Positive,
278,1,False,Hotel,The hotel was clean and easy for the airport,Positive,
278,2,False,Staff,"The staff were wonderful, so friendly and welcoming",Positive,
278,2,False,Food,the food was superb,Positive,
278,2,False,Hotel,The hotel was clean and easy for the airport,Positive,
278,3,False,Staff,"The staff were wonderful, so friendly and welcoming",Positive,
278,3,False,Food,the food was superb,Positive,
278,3,False,Hotel,The hotel was clean and easy for the airport,Positive,
279,1,False,Room,The bed linens were wonderful and the mattress was neither too hard or soft.,Positive,
279,1,False,Food,the small restaurant within the hotel lobby that charged $10 euros for a very nice hot breakfast,Positive,
279,1,False,Location,The hotel is approx 10 minute drive from the airport and 20 minute drive from the historical area,Positive,
279,2,False,Room,The bed linens were wonderful and the mattress was neither too hard or soft.,Positive,
279,2,False,Food,the small restaurant within the hotel lobby that charged $10 euros for a very nice hot breakfast,Positive,
279,2,False,Location,The hotel is approx 10 minute drive from the airport and 20 minute drive from the historical area,Positive,
279,3,False,Room,The bed linens were wonderful and the mattress was neither too hard or soft.,Positive,
279,3,False,Food,the small restaurant within the hotel lobby that charged $10 euros for a very nice hot breakfast,Positive,
279,3,False,Location,The hotel is approx 10 minute drive from the airport and 20 minute drive from the historical area,Positive,
280,1,False,Room,"Very smart, modern rooms",Positive,
280,1,False,Staff,family feel and very friendly,Positive,
280,1,False,Facility,Having a family suite was a big bonus and lots of space,Positive,
280,1,False,Location,Immediate location wasn’t inspiring,Negative,
280,1,False,Location,lovely restaurants very close in the sea front,Positive,
280,2,False,Room,"Very smart, modern rooms",Positive,
280,2,False,Staff,family feel and very friendly,Positive,
280,2,False,Facility,Having a family suite was a big bonus and lots of space,Positive,
280,2,False,Location,Immediate location wasn’t inspiring,Negative,
280,2,False,Location,lovely restaurants very close in the sea front,Positive,
280,3,False,Room,"Very smart, modern rooms",Positive,
280,3,False,Staff,family feel and very friendly,Positive,
280,3,False,Facility,Having a family suite was a big bonus and lots of space,Positive,
280,3,False,Location,Immediate location wasn’t inspiring,Negative,
280,3,False,Location,lovely restaurants very close in the sea front,Positive,
281,1,False,Location,great location for the airport and restaurants,Positive,
281,1,False,Staff,so welcoming and helpful,Positive,
281,1,False,Staff,taking time to print off flight documentation,Positive,
281,1,False,Staff,booking taxis,Positive,
281,1,False,Staff,keep my room for longer without a problem,Positive,
281,2,False,Location,great location for the airport and restaurants,Positive,
281,2,False,Staff,so welcoming and helpful,Positive,
281,2,False,Staff,taking time to print off flight documentation,Positive,
281,2,False,Staff,booking taxis,Positive,
281,2,False,Staff,keep my room for longer without a problem,Positive,
281,3,False,Location,great location for the airport and restaurants,Positive,
281,3,False,Staff,so welcoming and helpful,Positive,
281,3,False,Staff,taking time to print off flight documentation,Positive,
281,3,False,Staff,booking taxis,Positive,
281,3,False,Staff,keep my room for longer without a problem,Positive,
282,1,True,Location,close to the beach,Positive,
282,1,True,Location,situated in a quiet place,Positive,
282,1,True,Staff,"Helpful, friendly staff",Positive,
282,1,True,Food,Tasty breakfast,Positive,
282,2,True,Location,close to the beach,Positive,
282,2,True,Location,situated in a quiet place,Positive,
282,2,True,Staff,"Helpful, friendly staff",Positive,
282,2,True,Food,Tasty breakfast,Positive,
282,3,True,Location,close to the beach,Positive,
282,3,True,Location,situated in a quiet place,Positive,
282,3,True,Staff,"Helpful, friendly staff",Positive,
282,3,True,Food,Tasty breakfast,Positive,
283,1,True,Staff,very friendly,Positive,
283,1,True,Staff,responsive to any pre-arrival questions,Positive,
283,1,True,Room,clean and modern,Positive,
283,2,True,Staff,very friendly,Positive,
283,2,True,Staff,responsive to any pre-arrival questions,Positive,
283,2,True,Room,clean and modern,Positive,
283,3,True,Staff,very friendly,Positive,
283,3,True,Staff,responsive to any pre-arrival questions,Positive,
283,3,True,Room,clean and modern,Positive,
284,1,True,Room,was very clean,Positive,
284,1,True,Room,provided everything needed,Positive,
284,1,True,Staff,The staff was excellent,Positive,
284,1,True,Location,are a series of delicious and fun restaurants on the beach quite close to the hotel,Positive,
284,1,True,Staff,kindly told us about,Positive,
284,2,True,Room,was very clean,Positive,
284,2,True,Room,provided everything needed,Positive,
284,2,True,Staff,The staff was excellent,Positive,
284,2,True,Location,are a series of delicious and fun restaurants on the beach quite close to the hotel,Positive,
284,2,True,Staff,kindly told us about,Positive,
284,3,True,Room,was very clean,Positive,
284,3,True,Room,provided everything needed,Positive,
284,3,True,Staff,The staff was excellent,Positive,
284,3,True,Location,are a series of delicious and fun restaurants on the beach quite close to the hotel,Positive,
284,3,True,Staff,kindly told us about,Positive,
285,1,True,Room,Clean and nice place,Positive,
285,1,True,Room,It takes too long hot water to reach tap/shower in the room,Negative,
285,2,True,Room,Clean and nice place,Positive,
285,2,True,Room,It takes too long hot water to reach tap/shower in the room,Negative,
285,3,True,Room,Clean and nice place,Positive,
285,3,True,Room,It takes too long hot water to reach tap/shower in the room,Negative,
286,1,True,Location,Very convenient location for arriving at the airport,Positive,
286,2,True,Location,Very convenient location for arriving at the airport,Positive,
286,3,True,Location,Very convenient location for arriving at the airport,Positive,
287,1,False,Room,"Very clean, nice bed and linen.",Positive,
287,1,False,Price,Good value.,Positive,
287,1,False,Booking,Allowed to take dog was the reason for booking.,Positive,
287,1,False,Room,Some smell from bathroom/water.,Negative,
287,2,False,Room,"Very clean, nice bed and linen.",Positive,
287,2,False,Price,Good value.,Positive,
287,2,False,Booking,Allowed to take dog was the reason for booking.,Positive,
287,2,False,Room,Some smell from bathroom/water.,Negative,
287,3,False,Room,"Very clean, nice bed and linen.",Positive,
287,3,False,Price,Good value.,Positive,
287,3,False,Booking,Allowed to take dog was the reason for booking.,Positive,
287,3,False,Room,Some smell from bathroom/water.,Negative,
288,1,False,Staff,friendly and helpful,Positive,
288,1,False,Location,few kilometers from the airport,Positive,
288,1,False,Location,distant from the city center,Negative,
288,1,False,Location,close to salt lake,Positive,
288,1,False,Food,tasty breakfast,Positive,
288,2,False,Staff,friendly and helpful,Positive,
288,2,False,Location,few kilometers from the airport,Positive,
288,2,False,Location,distant from the city center,Negative,
288,2,False,Location,close to salt lake,Positive,
288,2,False,Food,tasty breakfast,Positive,
288,3,False,Staff,friendly and helpful,Positive,
288,3,False,Location,few kilometers from the airport,Positive,
288,3,False,Location,distant from the city center,Negative,
288,3,False,Location,close to salt lake,Positive,
288,3,False,Food,tasty breakfast,Positive,
289,1,True,Location,Close to airport and Makenzie beach area,Positive,
289,1,True,Price,Taxi fare to airport around 15-18 euro,Positive,
289,1,True,Room,The room does not maintain well noise insulation,Negative,
289,2,True,Location,Close to airport and Makenzie beach area,Positive,
289,2,True,Price,Taxi fare to airport around 15-18 euro,Positive,
289,2,True,Room,The room does not maintain well noise insulation,Negative,
289,3,True,Location,Close to airport and Makenzie beach area,Positive,
289,3,True,Price,Taxi fare to airport around 15-18 euro,Positive,
289,3,True,Room,The room does not maintain well noise insulation,Negative,
290,1,False,Room,The room was excellent value for money,Positive,
290,1,False,Staff,Staff were happy to go above and beyond to help me with Covid restrictions for the airport,Positive,
290,1,False,Staff,I had a couple of issues that would have made it hard for me to travel had it not been for the staff,Positive,
290,1,False,Location,The location was excellent value for money,Positive,
290,1,False,Food,The breakfast was good,Positive,
290,1,False,Upgrade,I was upgraded a room free of charge,Positive,
290,2,False,Room,The room was excellent value for money,Positive,
290,2,False,Staff,Staff were happy to go above and beyond to help me with Covid restrictions for the airport,Positive,
290,2,False,Staff,I had a couple of issues that would have made it hard for me to travel had it not been for the staff,Positive,
290,2,False,Location,The location was excellent value for money,Positive,
290,2,False,Food,The breakfast was good,Positive,
290,2,False,Upgrade,I was upgraded a room free of charge,Positive,
290,3,False,Room,The room was excellent value for money,Positive,
290,3,False,Staff,Staff were happy to go above and beyond to help me with Covid restrictions for the airport,Positive,
290,3,False,Staff,I had a couple of issues that would have made it hard for me to travel had it not been for the staff,Positive,
290,3,False,Location,The location was excellent value for money,Positive,
290,3,False,Food,The breakfast was good,Positive,
290,3,False,Upgrade,I was upgraded a room free of charge,Positive,
291,1,True,Staff,Friendly staff,Positive,
291,1,True,Room,Very clean and cozy,Positive,
291,1,True,Location,Close to the airport,Positive,
291,2,True,Staff,Friendly staff,Positive,
291,2,True,Room,Very clean and cozy,Positive,
291,2,True,Location,Close to the airport,Positive,
291,3,True,Staff,Friendly staff,Positive,
291,3,True,Room,Very clean and cozy,Positive,
291,3,True,Location,Close to the airport,Positive,
292,1,False,Location,Good location for airport,Positive,
292,1,False,Smart television,The Smart television did not work,Negative,
292,2,False,Location,Good location for airport,Positive,
292,2,False,Smart television,The Smart television did not work,Negative,
292,3,False,Location,Good location for airport,Positive,
292,3,False,Smart television,The Smart television did not work,Negative,
293,1,True,Staff,"Very pleasant, helpful and friendly staff.",Positive,
293,2,True,Staff,"Very pleasant, helpful and friendly staff.",Positive,
293,3,True,Staff,"Very pleasant, helpful and friendly staff.",Positive,
294,1,True,Room,clean basic,Positive,
294,2,True,Room,clean basic,Positive,
294,3,True,Room,clean basic,Positive,
295,1,False,Room,comfortable rooms,Positive,
295,1,False,Staff,polite and helpful,Positive,
295,1,False,Location,20 minutes away from the centre but located in a quiet area,Positive,
295,1,False,Food,tasty breakfasts,Positive,
295,1,False,Staff,Mr. Richard and Sendi are awesome,Positive,
295,1,False,Facility,new and well furnished hotel,Positive,
295,1,False,Service,cleaned every day,Positive,
295,2,False,Room,comfortable rooms,Positive,
295,2,False,Staff,polite and helpful,Positive,
295,2,False,Location,20 minutes away from the centre but located in a quiet area,Positive,
295,2,False,Food,tasty breakfasts,Positive,
295,2,False,Staff,Mr. Richard and Sendi are awesome,Positive,
295,2,False,Facility,new and well furnished hotel,Positive,
295,2,False,Service,cleaned every day,Positive,
295,3,False,Room,comfortable rooms,Positive,
295,3,False,Staff,polite and helpful,Positive,
295,3,False,Location,20 minutes away from the centre but located in a quiet area,Positive,
295,3,False,Food,tasty breakfasts,Positive,
295,3,False,Staff,Mr. Richard and Sendi are awesome,Positive,
295,3,False,Facility,new and well furnished hotel,Positive,
295,3,False,Service,cleaned every day,Positive,
296,1,True,Off,TV CHANNELS TO BE FIXED :),Negative,
296,2,True,Off,TV CHANNELS TO BE FIXED :),Negative,
296,3,True,Off,TV CHANNELS TO BE FIXED :),Negative,
297,1,True,Room,recently refurbished and very clean!,Positive,
297,2,True,Room,recently refurbished and very clean!,Positive,
297,3,True,Room,recently refurbished and very clean!,Positive,
298,1,False,Location,location is good,Positive,
298,1,False,Staff,stuff were super nice,Positive,
298,1,False,Room,room is spacious and clean,Positive,
298,1,False,Bed,bed is comfy too,Positive,
298,2,False,Location,location is good,Positive,
298,2,False,Staff,stuff were super nice,Positive,
298,2,False,Room,room is spacious and clean,Positive,
298,2,False,Bed,bed is comfy too,Positive,
298,3,False,Location,location is good,Positive,
298,3,False,Staff,stuff were super nice,Positive,
298,3,False,Room,room is spacious and clean,Positive,
298,3,False,Bed,bed is comfy too,Positive,
299,1,False,Staff,The staff was very welcoming and friendly,Positive,
299,1,False,Room,"the room is just as in the pictures; newly renovated, fully functional and most importantly comfortable and clean",Positive,
299,1,False,Location,The hotel's location is convenient,Positive,
299,1,False,Location,"very easy to catch public transportations, many café around and close to the center",Positive,
299,2,False,Staff,The staff was very welcoming and friendly,Positive,
299,2,False,Room,"the room is just as in the pictures; newly renovated, fully functional and most importantly comfortable and clean",Positive,
299,2,False,Location,The hotel's location is convenient,Positive,
299,2,False,Location,"very easy to catch public transportations, many café around and close to the center",Positive,
299,3,False,Staff,The staff was very welcoming and friendly,Positive,
299,3,False,Room,"the room is just as in the pictures; newly renovated, fully functional and most importantly comfortable and clean",Positive,
299,3,False,Location,The hotel's location is convenient,Positive,
299,3,False,Location,"very easy to catch public transportations, many café around and close to the center",Positive,
300,1,True,Staff,"The staff was so helpful, friendly and welcoming.",Positive,
300,1,True,Location,"Great location very close to the airport, 1 minute walk to the bus station, beach and restaurants.",Positive,
300,1,True,Room,The room was very clean and spacious.,Positive,
300,1,True,Food,"The mini bar was rich and very well priced, even breakfast was presentable and tasty!",Positive,
300,2,True,Staff,"The staff was so helpful, friendly and welcoming.",Positive,
300,2,True,Location,"Great location very close to the airport, 1 minute walk to the bus station, beach and restaurants.",Positive,
300,2,True,Room,The room was very clean and spacious.,Positive,
300,2,True,Food,"The mini bar was rich and very well priced, even breakfast was presentable and tasty!",Positive,
300,3,True,Staff,"The staff was so helpful, friendly and welcoming.",Positive,
300,3,True,Location,"Great location very close to the airport, 1 minute walk to the bus station, beach and restaurants.",Positive,
300,3,True,Room,The room was very clean and spacious.,Positive,
300,3,True,Food,"The mini bar was rich and very well priced, even breakfast was presentable and tasty!",Positive,
301,1,False,Staff,Staff make you feel at home.,Positive,
301,1,False,Ambiance,"Christmas vibes, nice ambiance.",Positive,
301,1,False,Area,Quiet area.,Positive,
301,2,False,Staff,Staff make you feel at home.,Positive,
301,2,False,Ambiance,"Christmas vibes, nice ambiance.",Positive,
301,2,False,Area,Quiet area.,Positive,
301,3,False,Staff,Staff make you feel at home.,Positive,
301,3,False,Ambiance,"Christmas vibes, nice ambiance.",Positive,
301,3,False,Area,Quiet area.,Positive,
302,1,True,Room,It was very clean.,Positive,
302,2,True,Room,It was very clean.,Positive,
302,3,True,Room,It was very clean.,Positive,
303,1,True,Staff,"Very welcoming couple, helpful, and happy to help for any situation or question.",Positive,
303,1,True,Room,"I managed to remote work from the room and balcony, that was pleasant.",Positive,
303,2,True,Staff,"Very welcoming couple, helpful, and happy to help for any situation or question.",Positive,
303,2,True,Room,"I managed to remote work from the room and balcony, that was pleasant.",Positive,
303,3,True,Staff,"Very welcoming couple, helpful, and happy to help for any situation or question.",Positive,
303,3,True,Room,"I managed to remote work from the room and balcony, that was pleasant.",Positive,
304,1,False,Room,the room,Positive,
304,1,False,Room,bed sheets and toilet are super clean,Positive,
304,1,False,Room,Bed is very comfortable,Positive,
304,1,False,Location,less than a minute away on foot from the bus station,Positive,
304,1,False,Location,"a lot of restaurants, bars and shops in the area",Positive,
304,1,False,Location,beach shores to relax at,Positive,
304,1,False,Staff,the staff was nice,Positive,
304,1,False,Staff,gave me recommendations on what places to visit and how to roam around,Positive,
304,2,False,Room,the room,Positive,
304,2,False,Room,bed sheets and toilet are super clean,Positive,
304,2,False,Room,Bed is very comfortable,Positive,
304,2,False,Location,less than a minute away on foot from the bus station,Positive,
304,2,False,Location,"a lot of restaurants, bars and shops in the area",Positive,
304,2,False,Location,beach shores to relax at,Positive,
304,2,False,Staff,the staff was nice,Positive,
304,2,False,Staff,gave me recommendations on what places to visit and how to roam around,Positive,
304,3,False,Room,the room,Positive,
304,3,False,Room,bed sheets and toilet are super clean,Positive,
304,3,False,Room,Bed is very comfortable,Positive,
304,3,False,Location,less than a minute away on foot from the bus station,Positive,
304,3,False,Location,"a lot of restaurants, bars and shops in the area",Positive,
304,3,False,Location,beach shores to relax at,Positive,
304,3,False,Staff,the staff was nice,Positive,
304,3,False,Staff,gave me recommendations on what places to visit and how to roam around,Positive,
305,1,False,Staff,The staff,Positive,
305,1,False,Staff,accommodating and easy to deal with,Positive,
305,1,False,Staff,went above and beyond to help us out,Positive,
305,1,False,Food,Richard,Positive,
305,1,False,Food,whipped up an excellent pizza,Positive,
305,2,False,Staff,The staff,Positive,
305,2,False,Staff,accommodating and easy to deal with,Positive,
305,2,False,Staff,went above and beyond to help us out,Positive,
305,2,False,Food,Richard,Positive,
305,2,False,Food,whipped up an excellent pizza,Positive,
305,3,False,Staff,The staff,Positive,
305,3,False,Staff,accommodating and easy to deal with,Positive,
305,3,False,Staff,went above and beyond to help us out,Positive,
305,3,False,Food,Richard,Positive,
305,3,False,Food,whipped up an excellent pizza,Positive,
306,1,True,Staff,excellent stuff,Positive,
306,1,True,Location,Good place,Positive,
306,2,True,Staff,excellent stuff,Positive,
306,2,True,Location,Good place,Positive,
306,3,True,Staff,excellent stuff,Positive,
306,3,True,Location,Good place,Positive,
307,1,False,Facility,"modern, nice hotel",Positive,
307,1,False,Accommodation,accommodation for one night before departure,Positive,
307,1,False,Taxi,The hotel arranged a taxi to the airport for 15 €,Positive,
307,2,False,Facility,"modern, nice hotel",Positive,
307,2,False,Accommodation,accommodation for one night before departure,Positive,
307,2,False,Taxi,The hotel arranged a taxi to the airport for 15 €,Positive,
307,3,False,Facility,"modern, nice hotel",Positive,
307,3,False,Accommodation,accommodation for one night before departure,Positive,
307,3,False,Taxi,The hotel arranged a taxi to the airport for 15 €,Positive,
308,1,True,Staff,Wonderful people on reception and in the restaurant,Positive,
308,1,True,Staff,always smiling and glad to help,Positive,
308,2,True,Staff,Wonderful people on reception and in the restaurant,Positive,
308,2,True,Staff,always smiling and glad to help,Positive,
308,3,True,Staff,Wonderful people on reception and in the restaurant,Positive,
308,3,True,Staff,always smiling and glad to help,Positive,
309,1,False,Staff,The management/husband and wife/ were fantastic as well as all the staff!,Positive,
309,2,False,Staff,The management/husband and wife/ were fantastic as well as all the staff!,Positive,
309,3,False,Staff,The management/husband and wife/ were fantastic as well as all the staff!,Positive,
310,1,True,Location,close proximity to Larnaca airport,Positive,
310,1,True,Location,close to Mckenzie beach,Positive,
310,1,True,Check-out,allowed us to check out later,Positive,
310,1,True,Food,breakfasts were nice,Positive,
310,1,True,Room,very clean,Positive,
310,2,True,Location,close proximity to Larnaca airport,Positive,
310,2,True,Location,close to Mckenzie beach,Positive,
310,2,True,Check-out,allowed us to check out later,Positive,
310,2,True,Food,breakfasts were nice,Positive,
310,2,True,Room,very clean,Positive,
310,3,True,Location,close proximity to Larnaca airport,Positive,
310,3,True,Location,close to Mckenzie beach,Positive,
310,3,True,Check-out,allowed us to check out later,Positive,
310,3,True,Food,breakfasts were nice,Positive,
310,3,True,Room,very clean,Positive,
311,1,True,Staff,staff very welcoming and helpful,Positive,
311,1,True,Facility,Pet friendly hotel,Positive,
311,1,True,Price,no extra charge for our dogs,Positive,
311,1,True,Staff,quick response,Positive,
311,1,True,Room,Nice freshly decorated rooms,Positive,
311,2,True,Staff,staff very welcoming and helpful,Positive,
311,2,True,Facility,Pet friendly hotel,Positive,
311,2,True,Price,no extra charge for our dogs,Positive,
311,2,True,Staff,quick response,Positive,
311,2,True,Room,Nice freshly decorated rooms,Positive,
311,3,True,Staff,staff very welcoming and helpful,Positive,
311,3,True,Facility,Pet friendly hotel,Positive,
311,3,True,Price,no extra charge for our dogs,Positive,
311,3,True,Staff,quick response,Positive,
311,3,True,Room,Nice freshly decorated rooms,Positive,
312,1,False,Staff,an incredibly kind and helpful staff,Positive,
312,1,False,Food,food was delicious,Positive,
312,1,False,Location,the airport is very close,Positive,
312,1,False,Location,the beach is a five minute walk away,Positive,
312,1,False,Room,the place was very clean,Positive,
312,1,False,Pool,the pool is tiny,Negative,
312,1,False,Bathroom,the bathrooms can smell like bad plumbing,Negative,
312,2,False,Staff,an incredibly kind and helpful staff,Positive,
312,2,False,Food,food was delicious,Positive,
312,2,False,Location,the airport is very close,Positive,
312,2,False,Location,the beach is a five minute walk away,Positive,
312,2,False,Room,the place was very clean,Positive,
312,2,False,Pool,the pool is tiny,Negative,
312,2,False,Bathroom,the bathrooms can smell like bad plumbing,Negative,
312,3,False,Staff,an incredibly kind and helpful staff,Positive,
312,3,False,Food,food was delicious,Positive,
312,3,False,Location,the airport is very close,Positive,
312,3,False,Location,the beach is a five minute walk away,Positive,
312,3,False,Room,the place was very clean,Positive,
312,3,False,Pool,the pool is tiny,Negative,
312,3,False,Bathroom,the bathrooms can smell like bad plumbing,Negative,
313,1,True,Staff,Super friendly staff,Positive,
313,1,True,Facility,Nicely renovated and clean hotel,Positive,
313,1,True,Location,Quiet street with sufficient parking facilities,Positive,
313,1,True,Price,Fantastic value for money,Positive,
313,2,True,Staff,Super friendly staff,Positive,
313,2,True,Facility,Nicely renovated and clean hotel,Positive,
313,2,True,Location,Quiet street with sufficient parking facilities,Positive,
313,2,True,Price,Fantastic value for money,Positive,
313,3,True,Staff,Super friendly staff,Positive,
313,3,True,Facility,Nicely renovated and clean hotel,Positive,
313,3,True,Location,Quiet street with sufficient parking facilities,Positive,
313,3,True,Price,Fantastic value for money,Positive,
314,1,False,Facility,fresh just renovated,Positive,
314,1,False,Wifi,good wifi,Positive,
314,1,False,Location,in 5 minutes from airport,Positive,
314,1,False,Check-in,super fast checkin/checkout,Positive,
314,1,False,Off,nothing,Negative,
314,1,False,Facility,leave more water,Negative,
314,2,False,Facility,fresh just renovated,Positive,
314,2,False,Wifi,good wifi,Positive,
314,2,False,Location,in 5 minutes from airport,Positive,
314,2,False,Check-in,super fast checkin/checkout,Positive,
314,2,False,Off,nothing,Negative,
314,2,False,Facility,leave more water,Negative,
314,3,False,Facility,fresh just renovated,Positive,
314,3,False,Wifi,good wifi,Positive,
314,3,False,Location,in 5 minutes from airport,Positive,
314,3,False,Check-in,super fast checkin/checkout,Positive,
314,3,False,Off,nothing,Negative,
314,3,False,Facility,leave more water,Negative,
315,1,True,Room,it’s was exceptionally clean,Positive,
315,1,True,Staff,all very friendly,Positive,
315,2,True,Room,it’s was exceptionally clean,Positive,
315,2,True,Staff,all very friendly,Positive,
315,3,True,Room,it’s was exceptionally clean,Positive,
315,3,True,Staff,all very friendly,Positive,
316,1,False,Location,Perfect location to McKenzie Beach and only a 30 minute walk to the central marina,Positive,
316,1,False,Staff,everyone was very accommodating and welcoming,Positive,
316,1,False,Room,A nice addition to the very clean and tidy room is Netflix,Positive,
316,2,False,Location,Perfect location to McKenzie Beach and only a 30 minute walk to the central marina,Positive,
316,2,False,Staff,everyone was very accommodating and welcoming,Positive,
316,2,False,Room,A nice addition to the very clean and tidy room is Netflix,Positive,
316,3,False,Location,Perfect location to McKenzie Beach and only a 30 minute walk to the central marina,Positive,
316,3,False,Staff,everyone was very accommodating and welcoming,Positive,
316,3,False,Room,A nice addition to the very clean and tidy room is Netflix,Positive,
317,1,True,(no annotations found),,,
317,2,True,(no annotations found),,,
317,3,True,(no annotations found),,,
318,1,False,Staff,Staff were very friendly and extremely helpful,Positive,
318,1,False,Location,In a quiet area 10 minutes from Larnaca airport,Positive,
318,1,False,Location,Only 6 minutes walk down to the beach & restaurants,Positive,
318,1,False,Room,our suite for 4 people,Positive,
318,1,False,Facility,safety box wasn’t working,Negative,
318,1,False,Room,refurbished during the main Corona period,Positive,
318,2,False,Staff,Staff were very friendly and extremely helpful,Positive,
318,2,False,Location,In a quiet area 10 minutes from Larnaca airport,Positive,
318,2,False,Location,Only 6 minutes walk down to the beach & restaurants,Positive,
318,2,False,Room,our suite for 4 people,Positive,
318,2,False,Facility,safety box wasn’t working,Negative,
318,2,False,Room,refurbished during the main Corona period,Positive,
318,3,False,Staff,Staff were very friendly and extremely helpful,Positive,
318,3,False,Location,In a quiet area 10 minutes from Larnaca airport,Positive,
318,3,False,Location,Only 6 minutes walk down to the beach & restaurants,Positive,
318,3,False,Room,our suite for 4 people,Positive,
318,3,False,Facility,safety box wasn’t working,Negative,
318,3,False,Room,refurbished during the main Corona period,Positive,
319,1,True,Staff,"The receptionist was waiting for me to arrive, even though it was after the usual open hours.",Positive,
319,1,True,Room,The room was very clean,Positive,
319,1,True,Room,a bit small though,Negative,
319,1,True,Room,the bathroom was spacious,Positive,
319,1,True,Room,the bed was comfortable,Positive,
319,2,True,Staff,"The receptionist was waiting for me to arrive, even though it was after the usual open hours.",Positive,
319,2,True,Room,The room was very clean,Positive,
319,2,True,Room,a bit small though,Negative,
319,2,True,Room,the bathroom was spacious,Positive,
319,2,True,Room,the bed was comfortable,Positive,
319,3,True,Staff,"The receptionist was waiting for me to arrive, even though it was after the usual open hours.",Positive,
319,3,True,Room,The room was very clean,Positive,
319,3,True,Room,a bit small though,Negative,
319,3,True,Room,the bathroom was spacious,Positive,
319,3,True,Room,the bed was comfortable,Positive,
320,1,True,Location,location,Positive,
320,1,True,Room,room,Positive,
320,2,True,Location,location,Positive,
320,2,True,Room,room,Positive,
320,3,True,Location,location,Positive,
320,3,True,Room,room,Positive,
321,1,True,Room,Well organised and clean,Positive,
321,2,True,Room,Well organised and clean,Positive,
321,3,True,Room,Well organised and clean,Positive,
322,1,True,Room,"The place was clean, spacious and really nice.",Positive,
322,1,True,Check-in,"We got there early, around 10 am and they had our room ready.",Positive,
322,1,True,Location,It was a pleasant walk to the sea,Positive,
322,1,True,Location,there was not much else to do close by.,Negative,
322,2,True,Room,"The place was clean, spacious and really nice.",Positive,
322,2,True,Check-in,"We got there early, around 10 am and they had our room ready.",Positive,
322,2,True,Location,It was a pleasant walk to the sea,Positive,
322,2,True,Location,there was not much else to do close by.,Negative,
322,3,True,Room,"The place was clean, spacious and really nice.",Positive,
322,3,True,Check-in,"We got there early, around 10 am and they had our room ready.",Positive,
322,3,True,Location,It was a pleasant walk to the sea,Positive,
322,3,True,Location,there was not much else to do close by.,Negative,
323,1,False,Location,I stayed in this hotel (twice) because of the location to the airport,Positive,
323,1,False,Room,The rooms are a bit small,Negative,
323,1,False,Staff,The staff is nice and it's very welcoming,Positive,
323,1,False,Location,location - if you want to be in the center of everything (I didn't),Negative,
323,1,False,Value,great value for money,Positive,
323,2,False,Location,I stayed in this hotel (twice) because of the location to the airport,Positive,
323,2,False,Room,The rooms are a bit small,Negative,
323,2,False,Staff,The staff is nice and it's very welcoming,Positive,
323,2,False,Location,location - if you want to be in the center of everything (I didn't),Negative,
323,2,False,Value,great value for money,Positive,
323,3,False,Location,I stayed in this hotel (twice) because of the location to the airport,Positive,
323,3,False,Room,The rooms are a bit small,Negative,
323,3,False,Staff,The staff is nice and it's very welcoming,Positive,
323,3,False,Location,location - if you want to be in the center of everything (I didn't),Negative,
323,3,False,Value,great value for money,Positive,
324,1,True,Room,"Room was excellent, very clean and everything seems fairly new.",Positive,
324,1,True,Staff,Staff was very helpful.,Positive,
324,1,True,Location,"Location is also very good if you have a morning flight, airport is a 7 min drive away.",Positive,
324,1,True,Room,"The noise from the hallway was very loud, the doors are not sound proofed at all and we couldn't sleep because of the noise that was coming around 11, 12, 1 AM.",Negative,
324,2,True,Room,"Room was excellent, very clean and everything seems fairly new.",Positive,
324,2,True,Staff,Staff was very helpful.,Positive,
324,2,True,Location,"Location is also very good if you have a morning flight, airport is a 7 min drive away.",Positive,
324,2,True,Room,"The noise from the hallway was very loud, the doors are not sound proofed at all and we couldn't sleep because of the noise that was coming around 11, 12, 1 AM.",Negative,
324,3,True,Room,"Room was excellent, very clean and everything seems fairly new.",Positive,
324,3,True,Staff,Staff was very helpful.,Positive,
324,3,True,Location,"Location is also very good if you have a morning flight, airport is a 7 min drive away.",Positive,
324,3,True,Room,"The noise from the hallway was very loud, the doors are not sound proofed at all and we couldn't sleep because of the noise that was coming around 11, 12, 1 AM.",Negative,
325,1,True,Location,not far from the airport,Positive,
325,1,True,Room,clean and fresh rooms,Positive,
325,1,True,Staff,good hosts,Positive,
325,1,True,Location,5 min walk to the beach,Positive,
325,2,True,Location,not far from the airport,Positive,
325,2,True,Room,clean and fresh rooms,Positive,
325,2,True,Staff,good hosts,Positive,
325,2,True,Location,5 min walk to the beach,Positive,
325,3,True,Location,not far from the airport,Positive,
325,3,True,Room,clean and fresh rooms,Positive,
325,3,True,Staff,good hosts,Positive,
325,3,True,Location,5 min walk to the beach,Positive,
326,1,True,Room,Clean and freshly renovated room,Positive,
326,2,True,Room,Clean and freshly renovated room,Positive,
326,3,True,Room,Clean and freshly renovated room,Positive,
327,1,True,Location,It’s location was ideal for the purpose of our stay because it’s close to the Larnaca AirPort,Positive,
327,1,True,Staff,The host of the Hotel was so kind and helpful,Positive,
327,1,True,Staff,Always a smile on his face with great energy and amazing hospitality,Positive,
327,2,True,Location,It’s location was ideal for the purpose of our stay because it’s close to the Larnaca AirPort,Positive,
327,2,True,Staff,The host of the Hotel was so kind and helpful,Positive,
327,2,True,Staff,Always a smile on his face with great energy and amazing hospitality,Positive,
327,3,True,Location,It’s location was ideal for the purpose of our stay because it’s close to the Larnaca AirPort,Positive,
327,3,True,Staff,The host of the Hotel was so kind and helpful,Positive,
327,3,True,Staff,Always a smile on his face with great energy and amazing hospitality,Positive,
328,1,True,Room,The room was a bit cramped,Negative,
328,1,True,Room,but we could fit,Positive,
328,1,True,Off,It may have been a unique case,Positive,
328,1,True,Room,a rather disturbing odor of sewage came out of the drains,Negative,
328,1,True,Off,The smell could be felt on the street that day as well,Positive,
328,1,True,Location,The beach is very close,Positive,
328,1,True,Location,the bus to the airport is only 50 meters away,Positive,
328,1,True,Room,Everything was very clean,Positive,
328,1,True,Room,the bed was comfortable,Positive,
328,1,True,Room,spacious bathroom,Positive,
328,2,True,Room,The room was a bit cramped,Negative,
328,2,True,Room,but we could fit,Positive,
328,2,True,Off,It may have been a unique case,Positive,
328,2,True,Room,a rather disturbing odor of sewage came out of the drains,Negative,
328,2,True,Off,The smell could be felt on the street that day as well,Positive,
328,2,True,Location,The beach is very close,Positive,
328,2,True,Location,the bus to the airport is only 50 meters away,Positive,
328,2,True,Room,Everything was very clean,Positive,
328,2,True,Room,the bed was comfortable,Positive,
328,2,True,Room,spacious bathroom,Positive,
328,3,True,Room,The room was a bit cramped,Negative,
328,3,True,Room,but we could fit,Positive,
328,3,True,Off,It may have been a unique case,Positive,
328,3,True,Room,a rather disturbing odor of sewage came out of the drains,Negative,
328,3,True,Off,The smell could be felt on the street that day as well,Positive,
328,3,True,Location,The beach is very close,Positive,
328,3,True,Location,the bus to the airport is only 50 meters away,Positive,
328,3,True,Room,Everything was very clean,Positive,
328,3,True,Room,the bed was comfortable,Positive,
328,3,True,Room,spacious bathroom,Positive,
329,1,False,Room,Small and quiet.,Positive,
329,2,False,Room,Small and quiet.,Positive,
329,3,False,Room,Small and quiet.,Positive,
330,1,True,Staff,The staff was exceptional. They were really customer-centric and kind.,Positive,
330,1,True,Food,The breakfast was really delicious too,Positive,
330,2,True,Staff,The staff was exceptional. They were really customer-centric and kind.,Positive,
330,2,True,Food,The breakfast was really delicious too,Positive,
330,3,True,Staff,The staff was exceptional. They were really customer-centric and kind.,Positive,
330,3,True,Food,The breakfast was really delicious too,Positive,
331,1,True,Staff,Very welcoming,Positive,
331,1,True,Room,Clean fresh nice and peaceful,Positive,
331,2,True,Staff,Very welcoming,Positive,
331,2,True,Room,Clean fresh nice and peaceful,Positive,
331,3,True,Staff,Very welcoming,Positive,
331,3,True,Room,Clean fresh nice and peaceful,Positive,
332,1,False,Staff,The staff was super nice!,Positive,
332,1,False,Staff,they've helped us book it for a really good price,Positive,
332,1,False,Room,The room was really clean,Positive,
332,1,False,Room,the bed was comfortable,Positive,
332,1,False,Wifi,The wifi in the room wasn't great,Negative,
332,2,False,Staff,The staff was super nice!,Positive,
332,2,False,Staff,they've helped us book it for a really good price,Positive,
332,2,False,Room,The room was really clean,Positive,
332,2,False,Room,the bed was comfortable,Positive,
332,2,False,Wifi,The wifi in the room wasn't great,Negative,
332,3,False,Staff,The staff was super nice!,Positive,
332,3,False,Staff,they've helped us book it for a really good price,Positive,
332,3,False,Room,The room was really clean,Positive,
332,3,False,Room,the bed was comfortable,Positive,
332,3,False,Wifi,The wifi in the room wasn't great,Negative,
333,1,True,Food,Breakfast was exceptional,Positive,
333,1,True,Room,Size of room was a bit small,Negative,
333,2,True,Food,Breakfast was exceptional,Positive,
333,2,True,Room,Size of room was a bit small,Negative,
333,3,True,Food,Breakfast was exceptional,Positive,
333,3,True,Room,Size of room was a bit small,Negative,
334,1,True,Staff,friendly staff,Positive,
334,1,True,Staff,Staff and owners very friendly and helpful,Positive,
334,1,True,Location,Location is great,Positive,
334,1,True,Room,Ultimate hygiene,Positive,
334,1,True,Price,Very economic,Positive,
334,2,True,Staff,friendly staff,Positive,
334,2,True,Staff,Staff and owners very friendly and helpful,Positive,
334,2,True,Location,Location is great,Positive,
334,2,True,Room,Ultimate hygiene,Positive,
334,2,True,Price,Very economic,Positive,
334,3,True,Staff,friendly staff,Positive,
334,3,True,Staff,Staff and owners very friendly and helpful,Positive,
334,3,True,Location,Location is great,Positive,
334,3,True,Room,Ultimate hygiene,Positive,
334,3,True,Price,Very economic,Positive,
335,1,True,Off,"A modern, clean, friendly and all you need for a great Holiday.",Positive,
335,2,True,Off,"A modern, clean, friendly and all you need for a great Holiday.",Positive,
335,3,True,Off,"A modern, clean, friendly and all you need for a great Holiday.",Positive,
336,1,True,Staff,Exceptionally friendly and helpful,Positive,
336,1,True,Room,Tastefully decorated room,Positive,
336,1,True,Room,super comfy bed,Positive,
336,1,True,Food,Dinner and breakfast were freshly made and very tasty,Positive,
336,2,True,Staff,Exceptionally friendly and helpful,Positive,
336,2,True,Room,Tastefully decorated room,Positive,
336,2,True,Room,super comfy bed,Positive,
336,2,True,Food,Dinner and breakfast were freshly made and very tasty,Positive,
336,3,True,Staff,Exceptionally friendly and helpful,Positive,
336,3,True,Room,Tastefully decorated room,Positive,
336,3,True,Room,super comfy bed,Positive,
336,3,True,Food,Dinner and breakfast were freshly made and very tasty,Positive,
337,1,False,Owner,excellent owners,Positive,
337,2,False,Owner,excellent owners,Positive,
337,3,False,Owner,excellent owners,Positive,
338,1,False,Room,The building and the hotel are brand new.,Positive,
338,1,False,Room,Spotlessly clean.,Positive,
338,1,False,Staff,The family running this hotel are very friendly and welcoming!,Positive,
338,1,False,Location,"Walking distance to the beach, restaurants and shops.",Positive,
338,1,False,Facility,Fully stocked minibar with coffee and tea-making facilities.,Positive,
338,1,False,Value,Value for money.,Positive,
338,2,False,Room,The building and the hotel are brand new.,Positive,
338,2,False,Room,Spotlessly clean.,Positive,
338,2,False,Staff,The family running this hotel are very friendly and welcoming!,Positive,
338,2,False,Location,"Walking distance to the beach, restaurants and shops.",Positive,
338,2,False,Facility,Fully stocked minibar with coffee and tea-making facilities.,Positive,
338,2,False,Value,Value for money.,Positive,
338,3,False,Room,The building and the hotel are brand new.,Positive,
338,3,False,Room,Spotlessly clean.,Positive,
338,3,False,Staff,The family running this hotel are very friendly and welcoming!,Positive,
338,3,False,Location,"Walking distance to the beach, restaurants and shops.",Positive,
338,3,False,Facility,Fully stocked minibar with coffee and tea-making facilities.,Positive,
338,3,False,Value,Value for money.,Positive,
339,1,False,Room,Clean rooms,Positive,
339,1,False,Staff,Great staff,Positive,
339,1,False,Staff,Very pleasant hosts,Positive,
339,1,False,Facility,Strong wi-fi at any time,Positive,
339,1,False,Food,Amazing garnish restaurant,Positive,
339,1,False,Food,The owner is a very kind person and creative chef,Positive,
339,2,False,Room,Clean rooms,Positive,
339,2,False,Staff,Great staff,Positive,
339,2,False,Staff,Very pleasant hosts,Positive,
339,2,False,Facility,Strong wi-fi at any time,Positive,
339,2,False,Food,Amazing garnish restaurant,Positive,
339,2,False,Food,The owner is a very kind person and creative chef,Positive,
339,3,False,Room,Clean rooms,Positive,
339,3,False,Staff,Great staff,Positive,
339,3,False,Staff,Very pleasant hosts,Positive,
339,3,False,Facility,Strong wi-fi at any time,Positive,
339,3,False,Food,Amazing garnish restaurant,Positive,
339,3,False,Food,The owner is a very kind person and creative chef,Positive,
340,1,True,Room,"the room was nice, with a big balcony",Positive,
340,1,True,Price,Very good value for money,Positive,
340,1,True,Location,A bit farther away than most hotels,Negative,
340,1,True,Location,the area its in is good for water sports and is where the quieter beaches are,Positive,
340,2,True,Room,"the room was nice, with a big balcony",Positive,
340,2,True,Price,Very good value for money,Positive,
340,2,True,Location,A bit farther away than most hotels,Negative,
340,2,True,Location,the area its in is good for water sports and is where the quieter beaches are,Positive,
340,3,True,Room,"the room was nice, with a big balcony",Positive,
340,3,True,Price,Very good value for money,Positive,
340,3,True,Location,A bit farther away than most hotels,Negative,
340,3,True,Location,the area its in is good for water sports and is where the quieter beaches are,Positive,
341,1,False,Staff,The owners were absolutely lovely,Positive,
341,1,False,Staff,The owners made sure we had everything we needed,Positive,
341,1,False,Facility,Property was clean and modern,Positive,
341,1,False,Location,location was good,Positive,
341,2,False,Staff,The owners were absolutely lovely,Positive,
341,2,False,Staff,The owners made sure we had everything we needed,Positive,
341,2,False,Facility,Property was clean and modern,Positive,
341,2,False,Location,location was good,Positive,
341,3,False,Staff,The owners were absolutely lovely,Positive,
341,3,False,Staff,The owners made sure we had everything we needed,Positive,
341,3,False,Facility,Property was clean and modern,Positive,
341,3,False,Location,location was good,Positive,
342,1,True,Staff,Extremely friendly people work at La Veranda! they helped us in any possible way. thank you!,Positive,
342,2,True,Staff,Extremely friendly people work at La Veranda! they helped us in any possible way. thank you!,Positive,
342,3,True,Staff,Extremely friendly people work at La Veranda! they helped us in any possible way. thank you!,Positive,
343,1,True,Staff,great friendly staff,Positive,
343,1,True,Staff,very welcoming,Positive,
343,1,True,Staff,the owner took me personally to our room,Positive,
343,1,True,Staff,and gave me a prime parking spot,Positive,
343,1,True,Staff,he introduced us to his daughter,Positive,
343,1,True,Staff,and she was super nice and helpful,Positive,
343,2,True,Staff,great friendly staff,Positive,
343,2,True,Staff,very welcoming,Positive,
343,2,True,Staff,the owner took me personally to our room,Positive,
343,2,True,Staff,and gave me a prime parking spot,Positive,
343,2,True,Staff,he introduced us to his daughter,Positive,
343,2,True,Staff,and she was super nice and helpful,Positive,
343,3,True,Staff,great friendly staff,Positive,
343,3,True,Staff,very welcoming,Positive,
343,3,True,Staff,the owner took me personally to our room,Positive,
343,3,True,Staff,and gave me a prime parking spot,Positive,
343,3,True,Staff,he introduced us to his daughter,Positive,
343,3,True,Staff,and she was super nice and helpful,Positive,
344,1,True,Location,Great location 5 min walk to beach,Positive,
344,1,True,Staff,staff very good and helpful,Positive,
344,1,True,Room,rooms were comfortable snd very clean,Positive,
344,2,True,Location,Great location 5 min walk to beach,Positive,
344,2,True,Staff,staff very good and helpful,Positive,
344,2,True,Room,rooms were comfortable snd very clean,Positive,
344,3,True,Location,Great location 5 min walk to beach,Positive,
344,3,True,Staff,staff very good and helpful,Positive,
344,3,True,Room,rooms were comfortable snd very clean,Positive,
345,1,True,Room,Very modern and clean,Positive,
345,2,True,Room,Very modern and clean,Positive,
345,3,True,Room,Very modern and clean,Positive,
346,1,False,Staff,Clean and good communication.,Positive,
346,1,False,Taxi,Booked a taxi from the airport was a no show.,Negative,
346,2,False,Staff,Clean and good communication.,Positive,
346,2,False,Taxi,Booked a taxi from the airport was a no show.,Negative,
346,3,False,Staff,Clean and good communication.,Positive,
346,3,False,Taxi,Booked a taxi from the airport was a no show.,Negative,
347,1,False,Staff,Exceptional staff who were so friendly and keen to please,Positive,
347,1,False,Room,Rooms were also exceptional in their cleanliness,Positive,
347,1,False,Location,Only 10 minutes walk from beach and loads of restaurants,Positive,
347,2,False,Staff,Exceptional staff who were so friendly and keen to please,Positive,
347,2,False,Room,Rooms were also exceptional in their cleanliness,Positive,
347,2,False,Location,Only 10 minutes walk from beach and loads of restaurants,Positive,
347,3,False,Staff,Exceptional staff who were so friendly and keen to please,Positive,
347,3,False,Room,Rooms were also exceptional in their cleanliness,Positive,
347,3,False,Location,Only 10 minutes walk from beach and loads of restaurants,Positive,
348,1,True,Staff,Staff and owners were very welcoming,Positive,
348,1,True,Food,breakfast was a typical Cypriot one,Positive,
348,1,True,Facility,not much parking around the property,Negative,
348,1,True,Room,the inside is excellent compared to the view from outside,Positive,
348,2,True,Staff,Staff and owners were very welcoming,Positive,
348,2,True,Food,breakfast was a typical Cypriot one,Positive,
348,2,True,Facility,not much parking around the property,Negative,
348,2,True,Room,the inside is excellent compared to the view from outside,Positive,
348,3,True,Staff,Staff and owners were very welcoming,Positive,
348,3,True,Food,breakfast was a typical Cypriot one,Positive,
348,3,True,Facility,not much parking around the property,Negative,
348,3,True,Room,the inside is excellent compared to the view from outside,Positive,
349,1,True,Staff,Very friendly and helpful staff,Positive,
349,1,True,Room,Clean rooms,Positive,
349,1,True,Room,Comfortable bed,Positive,
349,1,True,Location,Close to bus stop,Positive,
349,1,True,Room,Slight smell from toilet after night,Negative,
349,1,True,Location,Pretty far from major tourist spots,Negative,
349,2,True,Staff,Very friendly and helpful staff,Positive,
349,2,True,Room,Clean rooms,Positive,
349,2,True,Room,Comfortable bed,Positive,
349,2,True,Location,Close to bus stop,Positive,
349,2,True,Room,Slight smell from toilet after night,Negative,
349,2,True,Location,Pretty far from major tourist spots,Negative,
349,3,True,Staff,Very friendly and helpful staff,Positive,
349,3,True,Room,Clean rooms,Positive,
349,3,True,Room,Comfortable bed,Positive,
349,3,True,Location,Close to bus stop,Positive,
349,3,True,Room,Slight smell from toilet after night,Negative,
349,3,True,Location,Pretty far from major tourist spots,Negative,
350,1,False,Staff,Lovely helpful staff,Positive,
350,1,False,Room,Lovely clean room,Positive,
350,1,False,Bed,Comfortable bed,Positive,
350,1,False,Parking,Easy parking,Positive,
350,2,False,Staff,Lovely helpful staff,Positive,
350,2,False,Room,Lovely clean room,Positive,
350,2,False,Bed,Comfortable bed,Positive,
350,2,False,Parking,Easy parking,Positive,
350,3,False,Staff,Lovely helpful staff,Positive,
350,3,False,Room,Lovely clean room,Positive,
350,3,False,Bed,Comfortable bed,Positive,
350,3,False,Parking,Easy parking,Positive,
351,1,True,Room,"Clean, modern room, with comfy bed and great air conditioning",Positive,
351,1,True,Location,Fab location Close to Mackenzie beach and bars,Positive,
351,2,True,Room,"Clean, modern room, with comfy bed and great air conditioning",Positive,
351,2,True,Location,Fab location Close to Mackenzie beach and bars,Positive,
351,3,True,Room,"Clean, modern room, with comfy bed and great air conditioning",Positive,
351,3,True,Location,Fab location Close to Mackenzie beach and bars,Positive,
352,1,True,Room,Super clean,Positive,
352,1,True,Room,good beds,Positive,
352,2,True,Room,Super clean,Positive,
352,2,True,Room,good beds,Positive,
352,3,True,Room,Super clean,Positive,
352,3,True,Room,good beds,Positive,
353,1,False,Room,Very clean and comfy room with balcony,Positive,
353,1,False,Staff,Friendly staff,Positive,
353,1,False,Location,Near the airport,Positive,
353,1,False,Location,Far from centre town,Negative,
353,1,False,Food,Healthy breakfast,Positive,
353,1,False,Facility,Pool,Negative,
353,1,False,WiFi,Weak WiFi,Negative,
353,2,False,Room,Very clean and comfy room with balcony,Positive,
353,2,False,Staff,Friendly staff,Positive,
353,2,False,Location,Near the airport,Positive,
353,2,False,Location,Far from centre town,Negative,
353,2,False,Food,Healthy breakfast,Positive,
353,2,False,Facility,Pool,Negative,
353,2,False,WiFi,Weak WiFi,Negative,
353,3,False,Room,Very clean and comfy room with balcony,Positive,
353,3,False,Staff,Friendly staff,Positive,
353,3,False,Location,Near the airport,Positive,
353,3,False,Location,Far from centre town,Negative,
353,3,False,Food,Healthy breakfast,Positive,
353,3,False,Facility,Pool,Negative,
353,3,False,WiFi,Weak WiFi,Negative,
354,1,True,Staff,Very nice staff,Positive,
354,1,True,Room,clean,Positive,
354,1,True,Off,home-experience,Positive,
354,1,True,Off,Definitely recommend,Positive,
354,2,True,Staff,Very nice staff,Positive,
354,2,True,Room,clean,Positive,
354,2,True,Off,home-experience,Positive,
354,2,True,Off,Definitely recommend,Positive,
354,3,True,Staff,Very nice staff,Positive,
354,3,True,Room,clean,Positive,
354,3,True,Off,home-experience,Positive,
354,3,True,Off,Definitely recommend,Positive,
355,1,False,Location,beach strip nearby,Positive,
355,1,False,Food,cocktails,Positive,
355,1,False,Food,dinner,Positive,
355,1,False,Breakfast,Breakfast in the hotel,Positive,
355,2,False,Location,beach strip nearby,Positive,
355,2,False,Food,cocktails,Positive,
355,2,False,Food,dinner,Positive,
355,2,False,Breakfast,Breakfast in the hotel,Positive,
355,3,False,Location,beach strip nearby,Positive,
355,3,False,Food,cocktails,Positive,
355,3,False,Food,dinner,Positive,
355,3,False,Breakfast,Breakfast in the hotel,Positive,
356,1,False,Staff,"The staff at the hotel were friendly, polite and nothing was too much for them.",Positive,
356,1,False,Staff,Always willing to help in anyway which made our stay enjoyable.,Positive,
356,1,False,Room,Extremely clean too,Positive,
356,1,False,Communication,The communication prior to arriving was brilliant.,Positive,
356,2,False,Staff,"The staff at the hotel were friendly, polite and nothing was too much for them.",Positive,
356,2,False,Staff,Always willing to help in anyway which made our stay enjoyable.,Positive,
356,2,False,Room,Extremely clean too,Positive,
356,2,False,Communication,The communication prior to arriving was brilliant.,Positive,
356,3,False,Staff,"The staff at the hotel were friendly, polite and nothing was too much for them.",Positive,
356,3,False,Staff,Always willing to help in anyway which made our stay enjoyable.,Positive,
356,3,False,Room,Extremely clean too,Positive,
356,3,False,Communication,The communication prior to arriving was brilliant.,Positive,
357,1,False,Staff,Staff is friendly,Positive,
357,1,False,Hotel,hotel is comfortable and clean,Positive,
357,2,False,Staff,Staff is friendly,Positive,
357,2,False,Hotel,hotel is comfortable and clean,Positive,
357,3,False,Staff,Staff is friendly,Positive,
357,3,False,Hotel,hotel is comfortable and clean,Positive,
358,1,True,Location,Location close to airport,Positive,
358,2,True,Location,Location close to airport,Positive,
358,3,True,Location,Location close to airport,Positive,
359,1,True,Off,Excellent all round would come again,Positive,
359,1,True,Off,Good location and nice atmosphere,Positive,
359,2,True,Off,Excellent all round would come again,Positive,
359,2,True,Off,Good location and nice atmosphere,Positive,
359,3,True,Off,Excellent all round would come again,Positive,
359,3,True,Off,Good location and nice atmosphere,Positive,
360,1,True,Off,Everything!,Positive,
360,2,True,Off,Everything!,Positive,
360,3,True,Off,Everything!,Positive,
361,1,True,Location,The location near Makanzie Beach,Positive,
361,2,True,Location,The location near Makanzie Beach,Positive,
361,3,True,Location,The location near Makanzie Beach,Positive,
362,1,False,Staff,very kind and helpful staff,Positive,
362,1,False,Service,Excellent service,Positive,
362,1,False,Room,the room with a balcony overlooking Makenzy and Salt Lake,Positive,
362,1,False,Food,"I recommend the breakfasts, which are really delicious",Positive,
362,2,False,Staff,very kind and helpful staff,Positive,
362,2,False,Service,Excellent service,Positive,
362,2,False,Room,the room with a balcony overlooking Makenzy and Salt Lake,Positive,
362,2,False,Food,"I recommend the breakfasts, which are really delicious",Positive,
362,3,False,Staff,very kind and helpful staff,Positive,
362,3,False,Service,Excellent service,Positive,
362,3,False,Room,the room with a balcony overlooking Makenzy and Salt Lake,Positive,
362,3,False,Food,"I recommend the breakfasts, which are really delicious",Positive,
363,1,False,Staff,The staff were exceptionally attentive to ensuring that our stay was pleasent.,Positive,
363,1,False,Hospitality,"Hospitality was great, highly recommend the hotel",Positive,
363,2,False,Staff,The staff were exceptionally attentive to ensuring that our stay was pleasent.,Positive,
363,2,False,Hospitality,"Hospitality was great, highly recommend the hotel",Positive,
363,3,False,Staff,The staff were exceptionally attentive to ensuring that our stay was pleasent.,Positive,
363,3,False,Hospitality,"Hospitality was great, highly recommend the hotel",Positive,
364,1,True,Location,5 mins walk away on the beach,Positive,
364,1,True,Staff,Really friendly and accomodating hosts,Positive,
364,2,True,Location,5 mins walk away on the beach,Positive,
364,2,True,Staff,Really friendly and accomodating hosts,Positive,
364,3,True,Location,5 mins walk away on the beach,Positive,
364,3,True,Staff,Really friendly and accomodating hosts,Positive,
365,1,False,Location,very convenient for our short stay in Larnaka,Positive,
365,1,False,Check-in,We arrived in the night and were checked-in quickly,Positive,
365,1,False,Trip,next morning we were ready to continue our trip,Positive,
365,1,False,Hotel,The hotel had been just renovated,Positive,
365,1,False,Stay,"Actually, it was a pity not to be able to stay longer",Positive,
365,2,False,Location,very convenient for our short stay in Larnaka,Positive,
365,2,False,Check-in,We arrived in the night and were checked-in quickly,Positive,
365,2,False,Trip,next morning we were ready to continue our trip,Positive,
365,2,False,Hotel,The hotel had been just renovated,Positive,
365,2,False,Stay,"Actually, it was a pity not to be able to stay longer",Positive,
365,3,False,Location,very convenient for our short stay in Larnaka,Positive,
365,3,False,Check-in,We arrived in the night and were checked-in quickly,Positive,
365,3,False,Trip,next morning we were ready to continue our trip,Positive,
365,3,False,Hotel,The hotel had been just renovated,Positive,
365,3,False,Stay,"Actually, it was a pity not to be able to stay longer",Positive,
366,1,False,Hotel,Excellent Hotel,Positive,
366,1,False,Chef,the chef of La Vernada Hotel is perfest,Positive,
366,1,False,Food,"delicious breakfast,lunch and dinner",Positive,
366,1,False,Price,very good and are not expensive,Positive,
366,2,False,Hotel,Excellent Hotel,Positive,
366,2,False,Chef,the chef of La Vernada Hotel is perfest,Positive,
366,2,False,Food,"delicious breakfast,lunch and dinner",Positive,
366,2,False,Price,very good and are not expensive,Positive,
366,3,False,Hotel,Excellent Hotel,Positive,
366,3,False,Chef,the chef of La Vernada Hotel is perfest,Positive,
366,3,False,Food,"delicious breakfast,lunch and dinner",Positive,
366,3,False,Price,very good and are not expensive,Positive,
367,1,False,Staff,Friendly Staff,Positive,
367,1,False,Room,nice room with comfortable beds and nice bathroom,Positive,
367,1,False,Location,Good choice for travelers in larnaca,Positive,
367,2,False,Staff,Friendly Staff,Positive,
367,2,False,Room,nice room with comfortable beds and nice bathroom,Positive,
367,2,False,Location,Good choice for travelers in larnaca,Positive,
367,3,False,Staff,Friendly Staff,Positive,
367,3,False,Room,nice room with comfortable beds and nice bathroom,Positive,
367,3,False,Location,Good choice for travelers in larnaca,Positive,
368,1,True,Location,Clean and perfect location.,Positive,
368,2,True,Location,Clean and perfect location.,Positive,
368,3,True,Location,Clean and perfect location.,Positive,
369,1,True,Location,Location,Positive,
369,1,True,Staff,staff,Positive,
369,1,True,Food,The food was amazing at the restaurant,Positive,
369,2,True,Location,Location,Positive,
369,2,True,Staff,staff,Positive,
369,2,True,Food,The food was amazing at the restaurant,Positive,
369,3,True,Location,Location,Positive,
369,3,True,Staff,staff,Positive,
369,3,True,Food,The food was amazing at the restaurant,Positive,
370,1,True,Location,good location from the airport,Positive,
370,1,True,Room,Extremely clean,Positive,
370,1,True,Facility,newly renovated,Positive,
370,1,True,Staff,efficiently run,Positive,
370,2,True,Location,good location from the airport,Positive,
370,2,True,Room,Extremely clean,Positive,
370,2,True,Facility,newly renovated,Positive,
370,2,True,Staff,efficiently run,Positive,
370,3,True,Location,good location from the airport,Positive,
370,3,True,Room,Extremely clean,Positive,
370,3,True,Facility,newly renovated,Positive,
370,3,True,Staff,efficiently run,Positive,
371,1,True,Staff,People working here are the best ever,Positive,
371,2,True,Staff,People working here are the best ever,Positive,
371,3,True,Staff,People working here are the best ever,Positive,
372,1,True,Room,"Bright, cozy, looks like almost new hotel",Positive,
372,1,True,Off,TV with only 3 channels,Negative,
372,2,True,Room,"Bright, cozy, looks like almost new hotel",Positive,
372,2,True,Off,TV with only 3 channels,Negative,
372,3,True,Room,"Bright, cozy, looks like almost new hotel",Positive,
372,3,True,Off,TV with only 3 channels,Negative,
373,1,False,Staff,wonderful staff,Positive,
373,1,False,Food,delicious breakfast,Positive,
373,1,False,Location,"cozy, clean hotel",Positive,
373,2,False,Staff,wonderful staff,Positive,
373,2,False,Food,delicious breakfast,Positive,
373,2,False,Location,"cozy, clean hotel",Positive,
373,3,False,Staff,wonderful staff,Positive,
373,3,False,Food,delicious breakfast,Positive,
373,3,False,Location,"cozy, clean hotel",Positive,
374,1,True,Location,Location is great,Positive,
374,1,True,Room,Rooms were a great size,Positive,
374,1,True,Room,"very clean, modern and comfy",Positive,
374,2,True,Location,Location is great,Positive,
374,2,True,Room,Rooms were a great size,Positive,
374,2,True,Room,"very clean, modern and comfy",Positive,
374,3,True,Location,Location is great,Positive,
374,3,True,Room,Rooms were a great size,Positive,
374,3,True,Room,"very clean, modern and comfy",Positive,
375,1,False,Food,The food he creates is outstanding and delicious.,Positive,
375,1,False,Food,Even the simplest of food ie. chicken burger and salad was made to taste exceptional.,Positive,
375,1,False,Staff,Richard is the chef at the hotel.,Positive,
375,1,False,Room,The rooms are stylish,Positive,
375,1,False,Staff,The staff are helpful and friendly.,Positive,
375,2,False,Food,The food he creates is outstanding and delicious.,Positive,
375,2,False,Food,Even the simplest of food ie. chicken burger and salad was made to taste exceptional.,Positive,
375,2,False,Staff,Richard is the chef at the hotel.,Positive,
375,2,False,Room,The rooms are stylish,Positive,
375,2,False,Staff,The staff are helpful and friendly.,Positive,
375,3,False,Food,The food he creates is outstanding and delicious.,Positive,
375,3,False,Food,Even the simplest of food ie. chicken burger and salad was made to taste exceptional.,Positive,
375,3,False,Staff,Richard is the chef at the hotel.,Positive,
375,3,False,Room,The rooms are stylish,Positive,
375,3,False,Staff,The staff are helpful and friendly.,Positive,
376,1,True,Room,very clean,Positive,
376,1,True,Room,very comfortable,Positive,
376,1,True,Location,5 minute walk to the beach,Positive,
376,1,True,Staff,The chef is incredible and very friendly,Positive,
376,2,True,Room,very clean,Positive,
376,2,True,Room,very comfortable,Positive,
376,2,True,Location,5 minute walk to the beach,Positive,
376,2,True,Staff,The chef is incredible and very friendly,Positive,
376,3,True,Room,very clean,Positive,
376,3,True,Room,very comfortable,Positive,
376,3,True,Location,5 minute walk to the beach,Positive,
376,3,True,Staff,The chef is incredible and very friendly,Positive,
377,1,True,Staff,Staff very polite and helpful,Positive,
377,1,True,Room,Rooms are clean,Positive,
377,1,True,Food,Breakfast was delicious,Positive,
377,1,True,Location,"Hotel is near to the beach, airport and bus station",Positive,
377,2,True,Staff,Staff very polite and helpful,Positive,
377,2,True,Room,Rooms are clean,Positive,
377,2,True,Food,Breakfast was delicious,Positive,
377,2,True,Location,"Hotel is near to the beach, airport and bus station",Positive,
377,3,True,Staff,Staff very polite and helpful,Positive,
377,3,True,Room,Rooms are clean,Positive,
377,3,True,Food,Breakfast was delicious,Positive,
377,3,True,Location,"Hotel is near to the beach, airport and bus station",Positive,
378,1,True,Staff,The staff was very friendly.,Positive,
378,1,True,Room,The room was very clean and comfortable.,Positive,
378,1,True,Food,The food was delicious.,Positive,
378,2,True,Staff,The staff was very friendly.,Positive,
378,2,True,Room,The room was very clean and comfortable.,Positive,
378,2,True,Food,The food was delicious.,Positive,
378,3,True,Staff,The staff was very friendly.,Positive,
378,3,True,Room,The room was very clean and comfortable.,Positive,
378,3,True,Food,The food was delicious.,Positive,
379,1,False,Room,Clean rooms,Positive,
379,1,False,Staff,were pleased by staff,Positive,
379,1,False,Staff,Hotel administrator helped us with taxi,Positive,
379,1,False,Bar,had nice evening in bar,Positive,
379,1,False,Breakfast,got early breakfast,Positive,
379,1,False,Bed,comfortable beds,Positive,
379,2,False,Room,Clean rooms,Positive,
379,2,False,Staff,were pleased by staff,Positive,
379,2,False,Staff,Hotel administrator helped us with taxi,Positive,
379,2,False,Bar,had nice evening in bar,Positive,
379,2,False,Breakfast,got early breakfast,Positive,
379,2,False,Bed,comfortable beds,Positive,
379,3,False,Room,Clean rooms,Positive,
379,3,False,Staff,were pleased by staff,Positive,
379,3,False,Staff,Hotel administrator helped us with taxi,Positive,
379,3,False,Bar,had nice evening in bar,Positive,
379,3,False,Breakfast,got early breakfast,Positive,
379,3,False,Bed,comfortable beds,Positive,
380,1,False,Staff,Very nice and helpful staff able to go an extra mile for your satisfaction,Positive,
380,1,False,Location,"This hotel has great location, because it is very close to the airport, beaches and entertainment",Positive,
380,1,False,Room,"Rooms were very spacy, tidy with a modern design",Positive,
380,1,False,Food,Breakfasts were tasty,Positive,
380,1,False,Service,I was very satisfied with their service,Positive,
380,2,False,Staff,Very nice and helpful staff able to go an extra mile for your satisfaction,Positive,
380,2,False,Location,"This hotel has great location, because it is very close to the airport, beaches and entertainment",Positive,
380,2,False,Room,"Rooms were very spacy, tidy with a modern design",Positive,
380,2,False,Food,Breakfasts were tasty,Positive,
380,2,False,Service,I was very satisfied with their service,Positive,
380,3,False,Staff,Very nice and helpful staff able to go an extra mile for your satisfaction,Positive,
380,3,False,Location,"This hotel has great location, because it is very close to the airport, beaches and entertainment",Positive,
380,3,False,Room,"Rooms were very spacy, tidy with a modern design",Positive,
380,3,False,Food,Breakfasts were tasty,Positive,
380,3,False,Service,I was very satisfied with their service,Positive,
381,1,True,Location,great location,Positive,
381,1,True,Location,walking distance to the beach and close to the airport,Positive,
381,1,True,Staff,staff was very friendly,Positive,
381,1,True,Room,interior was clearly recently renovated,Positive,
381,2,True,Location,great location,Positive,
381,2,True,Location,walking distance to the beach and close to the airport,Positive,
381,2,True,Staff,staff was very friendly,Positive,
381,2,True,Room,interior was clearly recently renovated,Positive,
381,3,True,Location,great location,Positive,
381,3,True,Location,walking distance to the beach and close to the airport,Positive,
381,3,True,Staff,staff was very friendly,Positive,
381,3,True,Room,interior was clearly recently renovated,Positive,
382,1,False,Room,The room was clean.,Positive,
382,1,False,Facility,the hotel facilitated shuttle service from the airport for an additional cost based on my request.,Positive,
382,1,False,Staff,Maha was responsive and reachable via whatsap and was able to accommodate the needs for my stay.,Positive,
382,1,False,Location,The hotel is good for a layover in Larnaca as it is close to the airport and also allows you access to the beach at 7min walking distance.,Positive,
382,2,False,Room,The room was clean.,Positive,
382,2,False,Facility,the hotel facilitated shuttle service from the airport for an additional cost based on my request.,Positive,
382,2,False,Staff,Maha was responsive and reachable via whatsap and was able to accommodate the needs for my stay.,Positive,
382,2,False,Location,The hotel is good for a layover in Larnaca as it is close to the airport and also allows you access to the beach at 7min walking distance.,Positive,
382,3,False,Room,The room was clean.,Positive,
382,3,False,Facility,the hotel facilitated shuttle service from the airport for an additional cost based on my request.,Positive,
382,3,False,Staff,Maha was responsive and reachable via whatsap and was able to accommodate the needs for my stay.,Positive,
382,3,False,Location,The hotel is good for a layover in Larnaca as it is close to the airport and also allows you access to the beach at 7min walking distance.,Positive,
383,1,True,Staff,Very friendly and helpful staff,Positive,
383,1,True,Facility,Clean facilities,Positive,
383,1,True,Food,Good breakfast,Positive,
383,2,True,Staff,Very friendly and helpful staff,Positive,
383,2,True,Facility,Clean facilities,Positive,
383,2,True,Food,Good breakfast,Positive,
383,3,True,Staff,Very friendly and helpful staff,Positive,
383,3,True,Facility,Clean facilities,Positive,
383,3,True,Food,Good breakfast,Positive,
384,1,False,Staff,staff & management are great,Positive,
384,1,False,Hotel,Amazing hotel,Positive,
384,1,False,Cleanliness,"new, clean",Positive,
384,2,False,Staff,staff & management are great,Positive,
384,2,False,Hotel,Amazing hotel,Positive,
384,2,False,Cleanliness,"new, clean",Positive,
384,3,False,Staff,staff & management are great,Positive,
384,3,False,Hotel,Amazing hotel,Positive,
384,3,False,Cleanliness,"new, clean",Positive,
385,1,True,Staff,Excellent service.,Positive,
385,2,True,Staff,Excellent service.,Positive,
385,3,True,Staff,Excellent service.,Positive,
386,1,False,Staff,"The owners, Tony and Joanna were very friendly, welcoming and accommodating",Positive,
386,1,False,Staff,Richard at the bar/restaurant was very friendly,Positive,
386,1,False,Room,The rooms were completely renovated and stunning,Positive,
386,1,False,Room,brand new air conditioning systems,Positive,
386,1,False,Facility,The place was spotlessly clean,Positive,
386,2,False,Staff,"The owners, Tony and Joanna were very friendly, welcoming and accommodating",Positive,
386,2,False,Staff,Richard at the bar/restaurant was very friendly,Positive,
386,2,False,Room,The rooms were completely renovated and stunning,Positive,
386,2,False,Room,brand new air conditioning systems,Positive,
386,2,False,Facility,The place was spotlessly clean,Positive,
386,3,False,Staff,"The owners, Tony and Joanna were very friendly, welcoming and accommodating",Positive,
386,3,False,Staff,Richard at the bar/restaurant was very friendly,Positive,
386,3,False,Room,The rooms were completely renovated and stunning,Positive,
386,3,False,Room,brand new air conditioning systems,Positive,
386,3,False,Facility,The place was spotlessly clean,Positive,
387,1,False,Staff,the staff,Positive,
387,1,False,Room,the rooms,Positive,
387,2,False,Staff,the staff,Positive,
387,2,False,Room,the rooms,Positive,
387,3,False,Staff,the staff,Positive,
387,3,False,Room,the rooms,Positive,
388,1,True,Staff,Very friendly and effective employees and owners,Positive,
388,1,True,Facility,Brand new fittings and furniture,Positive,
388,1,True,Location,Excellent location near the airport and the beach,Positive,
388,1,True,Room,Very clean and quite,Positive,
388,2,True,Staff,Very friendly and effective employees and owners,Positive,
388,2,True,Facility,Brand new fittings and furniture,Positive,
388,2,True,Location,Excellent location near the airport and the beach,Positive,
388,2,True,Room,Very clean and quite,Positive,
388,3,True,Staff,Very friendly and effective employees and owners,Positive,
388,3,True,Facility,Brand new fittings and furniture,Positive,
388,3,True,Location,Excellent location near the airport and the beach,Positive,
388,3,True,Room,Very clean and quite,Positive,
389,1,True,Location,Great location!,Positive,
389,1,True,Location,Convenient to the airport and the beach,Positive,
389,1,True,Staff,Professional and friendly staff,Positive,
389,2,True,Location,Great location!,Positive,
389,2,True,Location,Convenient to the airport and the beach,Positive,
389,2,True,Staff,Professional and friendly staff,Positive,
389,3,True,Location,Great location!,Positive,
389,3,True,Location,Convenient to the airport and the beach,Positive,
389,3,True,Staff,Professional and friendly staff,Positive,
390,1,True,Staff,Very good service,Positive,
390,2,True,Staff,Very good service,Positive,
390,3,True,Staff,Very good service,Positive,
391,1,True,Room,the rooms were nice and clean,Positive,
391,1,True,Location,Mackenzie Beach promenade is 5 min walk,Positive,
391,1,True,Location,close surroundings are not that exciting and clean,Negative,
391,2,True,Room,the rooms were nice and clean,Positive,
391,2,True,Location,Mackenzie Beach promenade is 5 min walk,Positive,
391,2,True,Location,close surroundings are not that exciting and clean,Negative,
391,3,True,Room,the rooms were nice and clean,Positive,
391,3,True,Location,Mackenzie Beach promenade is 5 min walk,Positive,
391,3,True,Location,close surroundings are not that exciting and clean,Negative,
392,1,True,Location,Nice location,Positive,
392,1,True,Room,excellent rooms,Positive,
392,1,True,Staff,very friendly staff,Positive,
392,2,True,Location,Nice location,Positive,
392,2,True,Room,excellent rooms,Positive,
392,2,True,Staff,very friendly staff,Positive,
392,3,True,Location,Nice location,Positive,
392,3,True,Room,excellent rooms,Positive,
392,3,True,Staff,very friendly staff,Positive,
393,1,True,Staff,good customer service,Positive,
393,1,True,Facility,clean & modern,Positive,
393,1,True,Food,reasonably priced and quality,Positive,
393,2,True,Staff,good customer service,Positive,
393,2,True,Facility,clean & modern,Positive,
393,2,True,Food,reasonably priced and quality,Positive,
393,3,True,Staff,good customer service,Positive,
393,3,True,Facility,clean & modern,Positive,
393,3,True,Food,reasonably priced and quality,Positive,
394,1,False,Check-in,"Check in was quick and easy by polite, friendly hotel managers",Positive,
394,1,False,Staff,Great service by Richard (bar manager),Positive,
394,1,False,Room,"Rooms very clean, good quality bed linen and towels, A/C, flat screen tv",Positive,
394,1,False,Location,"Located 7 minutes walk from beach, restaurants and supermarket",Positive,
394,1,False,Location,"10 mins by taxi, 30 mins walking",Positive,
394,2,False,Check-in,"Check in was quick and easy by polite, friendly hotel managers",Positive,
394,2,False,Staff,Great service by Richard (bar manager),Positive,
394,2,False,Room,"Rooms very clean, good quality bed linen and towels, A/C, flat screen tv",Positive,
394,2,False,Location,"Located 7 minutes walk from beach, restaurants and supermarket",Positive,
394,2,False,Location,"10 mins by taxi, 30 mins walking",Positive,
394,3,False,Check-in,"Check in was quick and easy by polite, friendly hotel managers",Positive,
394,3,False,Staff,Great service by Richard (bar manager),Positive,
394,3,False,Room,"Rooms very clean, good quality bed linen and towels, A/C, flat screen tv",Positive,
394,3,False,Location,"Located 7 minutes walk from beach, restaurants and supermarket",Positive,
394,3,False,Location,"10 mins by taxi, 30 mins walking",Positive,
395,1,True,Room,Amazing place,Positive,
395,1,True,Off,Everything was perfect,Positive,
395,2,True,Room,Amazing place,Positive,
395,2,True,Off,Everything was perfect,Positive,
395,3,True,Room,Amazing place,Positive,
395,3,True,Off,Everything was perfect,Positive,
396,1,False,Room,nice renovated rooms,Positive,
396,1,False,Staff,staff was fantastic,Positive,
396,1,False,Price,price was great,Positive,
396,1,False,Lobby,Need some renovation in lobby,Negative,
396,1,False,Common areas,Need some renovation in common areas,Negative,
396,1,False,Elevator,elevator,Negative,
396,1,False,Lighting,during night lights in common areas didn't work well,Negative,
396,2,False,Room,nice renovated rooms,Positive,
396,2,False,Staff,staff was fantastic,Positive,
396,2,False,Price,price was great,Positive,
396,2,False,Lobby,Need some renovation in lobby,Negative,
396,2,False,Common areas,Need some renovation in common areas,Negative,
396,2,False,Elevator,elevator,Negative,
396,2,False,Lighting,during night lights in common areas didn't work well,Negative,
396,3,False,Room,nice renovated rooms,Positive,
396,3,False,Staff,staff was fantastic,Positive,
396,3,False,Price,price was great,Positive,
396,3,False,Lobby,Need some renovation in lobby,Negative,
396,3,False,Common areas,Need some renovation in common areas,Negative,
396,3,False,Elevator,elevator,Negative,
396,3,False,Lighting,during night lights in common areas didn't work well,Negative,
397,1,False,Off,Everything was excellent.,Positive,
397,2,False,Off,Everything was excellent.,Positive,
397,3,False,Off,Everything was excellent.,Positive,
398,1,False,Room,Very modern and clean.,Positive,
398,1,False,Room,difficult to sign back out of your account!,Negative,
398,1,False,Location,No views but a short walk to nice beach bars.,Positive,
398,1,False,Location,Close to airport.,Positive,
398,1,False,Room,The room is small.,Negative,
398,2,False,Room,Very modern and clean.,Positive,
398,2,False,Room,difficult to sign back out of your account!,Negative,
398,2,False,Location,No views but a short walk to nice beach bars.,Positive,
398,2,False,Location,Close to airport.,Positive,
398,2,False,Room,The room is small.,Negative,
398,3,False,Room,Very modern and clean.,Positive,
398,3,False,Room,difficult to sign back out of your account!,Negative,
398,3,False,Location,No views but a short walk to nice beach bars.,Positive,
398,3,False,Location,Close to airport.,Positive,
398,3,False,Room,The room is small.,Negative,
399,1,True,Staff,Amazing staff,Positive,
399,1,True,Staff,I met the owners at the reception and they took care of my girl and she was very happy,Positive,
399,1,True,Room,the room was clean and ready by 12 to check in,Positive,
399,2,True,Staff,Amazing staff,Positive,
399,2,True,Staff,I met the owners at the reception and they took care of my girl and she was very happy,Positive,
399,2,True,Room,the room was clean and ready by 12 to check in,Positive,
399,3,True,Staff,Amazing staff,Positive,
399,3,True,Staff,I met the owners at the reception and they took care of my girl and she was very happy,Positive,
399,3,True,Room,the room was clean and ready by 12 to check in,Positive,
400,1,False,(parse failed),,,json_parse_error: Expecting value: line 1 column 1 (char 0)
400,2,False,(parse failed),,,json_parse_error: Expecting value: line 1 column 1 (char 0)
400,3,False,(parse failed),,,json_parse_error: Expecting value: line 1 column 1 (char 0)
401,1,True,Room,The room was fresh and clean.,Positive,
401,1,True,Staff,Friendly staff.,Positive,
401,2,True,Room,The room was fresh and clean.,Positive,
401,2,True,Staff,Friendly staff.,Positive,
401,3,True,Room,The room was fresh and clean.,Positive,
401,3,True,Staff,Friendly staff.,Positive,
402,1,True,Location,near Mackenzie Beach just 2 min walk,Positive,
402,1,True,Staff,The staff is superb,Positive,
402,1,True,Room,clean and spacious rooms,Positive,
402,2,True,Location,near Mackenzie Beach just 2 min walk,Positive,
402,2,True,Staff,The staff is superb,Positive,
402,2,True,Room,clean and spacious rooms,Positive,
402,3,True,Location,near Mackenzie Beach just 2 min walk,Positive,
402,3,True,Staff,The staff is superb,Positive,
402,3,True,Room,clean and spacious rooms,Positive,
403,1,False,Staff,Very good team,Positive,
403,1,False,Staff,Smiling and willing people,Positive,
403,1,False,Food,Good food,Positive,
403,1,False,Hospitality,Good hospitality,Positive,
403,2,False,Staff,Very good team,Positive,
403,2,False,Staff,Smiling and willing people,Positive,
403,2,False,Food,Good food,Positive,
403,2,False,Hospitality,Good hospitality,Positive,
403,3,False,Staff,Very good team,Positive,
403,3,False,Staff,Smiling and willing people,Positive,
403,3,False,Food,Good food,Positive,
403,3,False,Hospitality,Good hospitality,Positive,
404,1,False,Room,A bit small rooms,Negative,
404,1,False,General,All was good,Positive,
404,2,False,Room,A bit small rooms,Negative,
404,2,False,General,All was good,Positive,
404,3,False,Room,A bit small rooms,Negative,
404,3,False,General,All was good,Positive,
405,1,False,Staff,The owners (mum&children from lebanon) are very kind and ready to help,Positive,
405,1,False,Staff,Richard the chef of the hotel! He makes you feel like you know each other years before,Positive,
405,1,False,Room,The rooms are brand new very good bedding,Positive,
405,1,False,Food,Delicious food,Positive,
405,1,False,Facility,5* facilities,Positive,
405,2,False,Staff,The owners (mum&children from lebanon) are very kind and ready to help,Positive,
405,2,False,Staff,Richard the chef of the hotel! He makes you feel like you know each other years before,Positive,
405,2,False,Room,The rooms are brand new very good bedding,Positive,
405,2,False,Food,Delicious food,Positive,
405,2,False,Facility,5* facilities,Positive,
405,3,False,Staff,The owners (mum&children from lebanon) are very kind and ready to help,Positive,
405,3,False,Staff,Richard the chef of the hotel! He makes you feel like you know each other years before,Positive,
405,3,False,Room,The rooms are brand new very good bedding,Positive,
405,3,False,Food,Delicious food,Positive,
405,3,False,Facility,5* facilities,Positive,
406,1,False,Room,new hotel - so everything is modern and clean,Positive,
406,1,False,Location,5 minutes walk to Makkenzy beach,Positive,
406,1,False,Staff,Staff is very polite and friendly,Positive,
406,1,False,Location,30 minutes walk to city center,Positive,
406,1,False,Room,The lock on the balcony's door was broken,Negative,
406,1,False,Room,I almost broke the showers door,Negative,
406,2,False,Room,new hotel - so everything is modern and clean,Positive,
406,2,False,Location,5 minutes walk to Makkenzy beach,Positive,
406,2,False,Staff,Staff is very polite and friendly,Positive,
406,2,False,Location,30 minutes walk to city center,Positive,
406,2,False,Room,The lock on the balcony's door was broken,Negative,
406,2,False,Room,I almost broke the showers door,Negative,
406,3,False,Room,new hotel - so everything is modern and clean,Positive,
406,3,False,Location,5 minutes walk to Makkenzy beach,Positive,
406,3,False,Staff,Staff is very polite and friendly,Positive,
406,3,False,Location,30 minutes walk to city center,Positive,
406,3,False,Room,The lock on the balcony's door was broken,Negative,
406,3,False,Room,I almost broke the showers door,Negative,
407,1,True,Room,Nice modern bedroom,Positive,
407,1,True,Food,nice greek breakfast,Positive,
407,1,True,Location,great location,Positive,
407,2,True,Room,Nice modern bedroom,Positive,
407,2,True,Food,nice greek breakfast,Positive,
407,2,True,Location,great location,Positive,
407,3,True,Room,Nice modern bedroom,Positive,
407,3,True,Food,nice greek breakfast,Positive,
407,3,True,Location,great location,Positive,
408,1,True,Staff,wonderful people,Positive,
408,1,True,Location,A wonderful place,Positive,
408,2,True,Staff,wonderful people,Positive,
408,2,True,Location,A wonderful place,Positive,
408,3,True,Staff,wonderful people,Positive,
408,3,True,Location,A wonderful place,Positive,
409,1,False,Staff,"helpful, kind and professional",Positive,
409,1,False,Food,delicious food,Positive,
409,1,False,Room,to a very high standard and clean,Positive,
409,1,False,Service,incredible,Positive,
409,2,False,Staff,"helpful, kind and professional",Positive,
409,2,False,Food,delicious food,Positive,
409,2,False,Room,to a very high standard and clean,Positive,
409,2,False,Service,incredible,Positive,
409,3,False,Staff,"helpful, kind and professional",Positive,
409,3,False,Food,delicious food,Positive,
409,3,False,Room,to a very high standard and clean,Positive,
409,3,False,Service,incredible,Positive,
410,1,False,Location,The location is amazing.,Positive,
410,1,False,Location,Being close to the airport in Larnaka makes travelling easier.,Positive,
410,1,False,Location,The hotel is next to a bus stop for travelling between downtown and other locations.,Positive,
410,1,False,Staff,"The staff make this hotel great. They are friendly, warm, helpful.",Positive,
410,1,False,Room,The recently renovated room is about as clean as it could be.,Positive,
410,1,False,Facility,The shower is amazing for couples to use together.,Positive,
410,1,False,Facility,"The balcony is a nice addition to an already fresh, well presented room.",Positive,
410,1,False,Room,The double bed is extremely comfortable,Positive,
410,1,False,Facility,The minibar is reasonably priced and well stocked.,Positive,
410,1,False,Facility,"Aircon perfect, easy to use.",Positive,
410,1,False,Facility,Wifi great when we used it.,Positive,
410,1,False,Room,A bar for hanging clothes in the room,Negative,
410,2,False,Location,The location is amazing.,Positive,
410,2,False,Location,Being close to the airport in Larnaka makes travelling easier.,Positive,
410,2,False,Location,The hotel is next to a bus stop for travelling between downtown and other locations.,Positive,
410,2,False,Staff,"The staff make this hotel great. They are friendly, warm, helpful.",Positive,
410,2,False,Room,The recently renovated room is about as clean as it could be.,Positive,
410,2,False,Facility,The shower is amazing for couples to use together.,Positive,
410,2,False,Facility,"The balcony is a nice addition to an already fresh, well presented room.",Positive,
410,2,False,Room,The double bed is extremely comfortable,Positive,
410,2,False,Facility,The minibar is reasonably priced and well stocked.,Positive,
410,2,False,Facility,"Aircon perfect, easy to use.",Positive,
410,2,False,Facility,Wifi great when we used it.,Positive,
410,2,False,Room,A bar for hanging clothes in the room,Negative,
410,3,False,Location,The location is amazing.,Positive,
410,3,False,Location,Being close to the airport in Larnaka makes travelling easier.,Positive,
410,3,False,Location,The hotel is next to a bus stop for travelling between downtown and other locations.,Positive,
410,3,False,Staff,"The staff make this hotel great. They are friendly, warm, helpful.",Positive,
410,3,False,Room,The recently renovated room is about as clean as it could be.,Positive,
410,3,False,Facility,The shower is amazing for couples to use together.,Positive,
410,3,False,Facility,"The balcony is a nice addition to an already fresh, well presented room.",Positive,
410,3,False,Room,The double bed is extremely comfortable,Positive,
410,3,False,Facility,The minibar is reasonably priced and well stocked.,Positive,
410,3,False,Facility,"Aircon perfect, easy to use.",Positive,
410,3,False,Facility,Wifi great when we used it.,Positive,
410,3,False,Room,A bar for hanging clothes in the room,Negative,
411,1,True,Off,perfect,Positive,
411,2,True,Off,perfect,Positive,
411,3,True,Off,perfect,Positive,
412,1,True,Facility,"Superbly refurbished, with high-tech displays",Positive,
412,1,True,Off,Taller people be careful of doorway leading to elevator - being 190 i head-bumped…,Negative,
412,2,True,Facility,"Superbly refurbished, with high-tech displays",Positive,
412,2,True,Off,Taller people be careful of doorway leading to elevator - being 190 i head-bumped…,Negative,
412,3,True,Facility,"Superbly refurbished, with high-tech displays",Positive,
412,3,True,Off,Taller people be careful of doorway leading to elevator - being 190 i head-bumped…,Negative,
413,1,False,Staff,The customer service,Positive,
413,1,False,Room,The bed,Positive,
413,2,False,Staff,The customer service,Positive,
413,2,False,Room,The bed,Positive,
413,3,False,Staff,The customer service,Positive,
413,3,False,Room,The bed,Positive,
414,1,True,Staff,Great staff,Positive,
414,1,True,Room,very clean and modern rooms,Positive,
414,1,True,Price,great value,Positive,
414,2,True,Staff,Great staff,Positive,
414,2,True,Room,very clean and modern rooms,Positive,
414,2,True,Price,great value,Positive,
414,3,True,Staff,Great staff,Positive,
414,3,True,Room,very clean and modern rooms,Positive,
414,3,True,Price,great value,Positive,
415,1,True,Location,"Walking distance from the Mackenzie beach, beach lounges and restaurants",Positive,
415,1,True,Room,the hotel and room were super clean,Positive,
415,1,True,Staff,The staff were really welcoming,Positive,
415,1,True,Food,breakfast was awesome,Positive,
415,2,True,Location,"Walking distance from the Mackenzie beach, beach lounges and restaurants",Positive,
415,2,True,Room,the hotel and room were super clean,Positive,
415,2,True,Staff,The staff were really welcoming,Positive,
415,2,True,Food,breakfast was awesome,Positive,
415,3,True,Location,"Walking distance from the Mackenzie beach, beach lounges and restaurants",Positive,
415,3,True,Room,the hotel and room were super clean,Positive,
415,3,True,Staff,The staff were really welcoming,Positive,
415,3,True,Food,breakfast was awesome,Positive,
416,1,True,Staff,The staff and hosts were great!,Positive,
416,1,True,Location,Quiet place!,Positive,
416,1,True,Facility,Pet friendly!,Positive,
416,1,True,Price,Value for money!,Positive,
416,2,True,Staff,The staff and hosts were great!,Positive,
416,2,True,Location,Quiet place!,Positive,
416,2,True,Facility,Pet friendly!,Positive,
416,2,True,Price,Value for money!,Positive,
416,3,True,Staff,The staff and hosts were great!,Positive,
416,3,True,Location,Quiet place!,Positive,
416,3,True,Facility,Pet friendly!,Positive,
416,3,True,Price,Value for money!,Positive,
417,1,False,Location,Close to airport - just 7-10 min by taxi (15€),Positive,
417,1,False,Room,"Clean, fresh rooms with all you need for overnight stay",Positive,
417,1,False,Staff,Very friendly staff,Positive,
417,1,False,Room,The bottle with hair/body wash was empty,Negative,
417,1,False,Facility,Aircon had just one uncontrolled speed,Negative,
417,1,False,Facility,No adapters for CY sockets,Negative,
417,1,False,Room,The blanket was too warm for summer night,Negative,
417,2,False,Location,Close to airport - just 7-10 min by taxi (15€),Positive,
417,2,False,Room,"Clean, fresh rooms with all you need for overnight stay",Positive,
417,2,False,Staff,Very friendly staff,Positive,
417,2,False,Room,The bottle with hair/body wash was empty,Negative,
417,2,False,Facility,Aircon had just one uncontrolled speed,Negative,
417,2,False,Facility,No adapters for CY sockets,Negative,
417,2,False,Room,The blanket was too warm for summer night,Negative,
417,3,False,Location,Close to airport - just 7-10 min by taxi (15€),Positive,
417,3,False,Room,"Clean, fresh rooms with all you need for overnight stay",Positive,
417,3,False,Staff,Very friendly staff,Positive,
417,3,False,Room,The bottle with hair/body wash was empty,Negative,
417,3,False,Facility,Aircon had just one uncontrolled speed,Negative,
417,3,False,Facility,No adapters for CY sockets,Negative,
417,3,False,Room,The blanket was too warm for summer night,Negative,
418,1,True,Staff,Very nice and kind stuff!,Positive,
418,1,True,Food,Breakfast was tasty and excellent.,Positive,
418,2,True,Staff,Very nice and kind stuff!,Positive,
418,2,True,Food,Breakfast was tasty and excellent.,Positive,
418,3,True,Staff,Very nice and kind stuff!,Positive,
418,3,True,Food,Breakfast was tasty and excellent.,Positive,
419,1,True,Staff,Very friendly and helpful staff,Positive,
419,1,True,Room,comfortable rooms,Positive,
419,1,True,Location,great location,Positive,
419,2,True,Staff,Very friendly and helpful staff,Positive,
419,2,True,Room,comfortable rooms,Positive,
419,2,True,Location,great location,Positive,
419,3,True,Staff,Very friendly and helpful staff,Positive,
419,3,True,Room,comfortable rooms,Positive,
419,3,True,Location,great location,Positive,
420,1,True,Location,A LITTLE BIT FAR FROM SEA,Negative,
420,2,True,Location,A LITTLE BIT FAR FROM SEA,Negative,
420,3,True,Location,A LITTLE BIT FAR FROM SEA,Negative,
421,1,True,Location,"steps to Makenzy beach, cafés, and restaurants",Positive,
421,1,True,Staff,The staff made me feel welcome and was very helpful,Positive,
421,1,True,Room,The building is very clean and made for a comfortable stay,Positive,
421,2,True,Location,"steps to Makenzy beach, cafés, and restaurants",Positive,
421,2,True,Staff,The staff made me feel welcome and was very helpful,Positive,
421,2,True,Room,The building is very clean and made for a comfortable stay,Positive,
421,3,True,Location,"steps to Makenzy beach, cafés, and restaurants",Positive,
421,3,True,Staff,The staff made me feel welcome and was very helpful,Positive,
421,3,True,Room,The building is very clean and made for a comfortable stay,Positive,
422,1,False,Room,The room is completely new and very clean.,Positive,
422,1,False,Location,close to the city and very accessible by any transportation,Positive,
422,1,False,Facility,The mini bar was really well equipped,Positive,
422,1,False,Cleanliness,It’s spotless clean,Positive,
422,1,False,Parking,Free parking,Positive,
422,2,False,Room,The room is completely new and very clean.,Positive,
422,2,False,Location,close to the city and very accessible by any transportation,Positive,
422,2,False,Facility,The mini bar was really well equipped,Positive,
422,2,False,Cleanliness,It’s spotless clean,Positive,
422,2,False,Parking,Free parking,Positive,
422,3,False,Room,The room is completely new and very clean.,Positive,
422,3,False,Location,close to the city and very accessible by any transportation,Positive,
422,3,False,Facility,The mini bar was really well equipped,Positive,
422,3,False,Cleanliness,It’s spotless clean,Positive,
422,3,False,Parking,Free parking,Positive,
423,1,True,Staff,Staff was amazing and very welcoming,Positive,
423,1,True,Room,Rooms are so clean and comfortable,Positive,
423,1,True,Price,variety of snacks at very affordable price,Positive,
423,1,True,Location,Walking distance from the beach,Positive,
423,1,True,Location,easy access to public transportation,Positive,
423,2,True,Staff,Staff was amazing and very welcoming,Positive,
423,2,True,Room,Rooms are so clean and comfortable,Positive,
423,2,True,Price,variety of snacks at very affordable price,Positive,
423,2,True,Location,Walking distance from the beach,Positive,
423,2,True,Location,easy access to public transportation,Positive,
423,3,True,Staff,Staff was amazing and very welcoming,Positive,
423,3,True,Room,Rooms are so clean and comfortable,Positive,
423,3,True,Price,variety of snacks at very affordable price,Positive,
423,3,True,Location,Walking distance from the beach,Positive,
423,3,True,Location,easy access to public transportation,Positive,
424,1,True,Room,Family room that fits a family of five.,Positive,
424,1,True,Food,Fantastic breakfast.,Positive,
424,1,True,Location,Close to jogging trails along the lake and close to the airport.,Positive,
424,1,True,Staff,super friendly staff.,Positive,
424,2,True,Room,Family room that fits a family of five.,Positive,
424,2,True,Food,Fantastic breakfast.,Positive,
424,2,True,Location,Close to jogging trails along the lake and close to the airport.,Positive,
424,2,True,Staff,super friendly staff.,Positive,
424,3,True,Room,Family room that fits a family of five.,Positive,
424,3,True,Food,Fantastic breakfast.,Positive,
424,3,True,Location,Close to jogging trails along the lake and close to the airport.,Positive,
424,3,True,Staff,super friendly staff.,Positive,
425,1,False,Room,The room sizes were excellent for the wheelchair.,Positive,
425,1,False,Facility,The hotel was airy and light.,Positive,
425,1,False,Facility,The hotel was nice and very clean.,Positive,
425,1,False,Food,The breakfast could have more variety.,Negative,
425,1,False,Food,They had no cereal on offer at all.,Negative,
425,1,False,Food,They had no ordinary tea on offer.,Negative,
425,1,False,Facility,The ramp right outside is very dangerous.,Negative,
425,2,False,Room,The room sizes were excellent for the wheelchair.,Positive,
425,2,False,Facility,The hotel was airy and light.,Positive,
425,2,False,Facility,The hotel was nice and very clean.,Positive,
425,2,False,Food,The breakfast could have more variety.,Negative,
425,2,False,Food,They had no cereal on offer at all.,Negative,
425,2,False,Food,They had no ordinary tea on offer.,Negative,
425,2,False,Facility,The ramp right outside is very dangerous.,Negative,
425,3,False,Room,The room sizes were excellent for the wheelchair.,Positive,
425,3,False,Facility,The hotel was airy and light.,Positive,
425,3,False,Facility,The hotel was nice and very clean.,Positive,
425,3,False,Food,The breakfast could have more variety.,Negative,
425,3,False,Food,They had no cereal on offer at all.,Negative,
425,3,False,Food,They had no ordinary tea on offer.,Negative,
425,3,False,Facility,The ramp right outside is very dangerous.,Negative,
426,1,False,Room,comfortable bed lovely soft duvet and pillows,Positive,
426,1,False,Facility,good shower,Positive,
426,1,False,Off,I Didn't eat at hotel,Positive,
426,1,False,Noise,2 times noise in week 4 a.m from people picking rubbish into large lorries,Negative,
426,2,False,Room,comfortable bed lovely soft duvet and pillows,Positive,
426,2,False,Facility,good shower,Positive,
426,2,False,Off,I Didn't eat at hotel,Positive,
426,2,False,Noise,2 times noise in week 4 a.m from people picking rubbish into large lorries,Negative,
426,3,False,Room,comfortable bed lovely soft duvet and pillows,Positive,
426,3,False,Facility,good shower,Positive,
426,3,False,Off,I Didn't eat at hotel,Positive,
426,3,False,Noise,2 times noise in week 4 a.m from people picking rubbish into large lorries,Negative,
427,1,True,Staff,the staff were so helpful,Positive,
427,1,True,Room,spotlessly clean,Positive,
427,2,True,Staff,the staff were so helpful,Positive,
427,2,True,Room,spotlessly clean,Positive,
427,3,True,Staff,the staff were so helpful,Positive,
427,3,True,Room,spotlessly clean,Positive,
428,1,True,Room,very clean,Positive,
428,1,True,Room,not enough pillows,Negative,
428,2,True,Room,very clean,Positive,
428,2,True,Room,not enough pillows,Negative,
428,3,True,Room,very clean,Positive,
428,3,True,Room,not enough pillows,Negative,
429,1,False,Location,Quiet location.,Positive,
429,1,False,Bed,Bed was very soft and uncomfortable for me.,Negative,
429,1,False,Parking,Parking was very limited.,Negative,
429,2,False,Location,Quiet location.,Positive,
429,2,False,Bed,Bed was very soft and uncomfortable for me.,Negative,
429,2,False,Parking,Parking was very limited.,Negative,
429,3,False,Location,Quiet location.,Positive,
429,3,False,Bed,Bed was very soft and uncomfortable for me.,Negative,
429,3,False,Parking,Parking was very limited.,Negative,
430,1,True,Off,"Everything was pretty good, and as expected",Positive,
430,1,True,Off,"Windows should be closed, as the front building looks right into your room.",Negative,
430,2,True,Off,"Everything was pretty good, and as expected",Positive,
430,2,True,Off,"Windows should be closed, as the front building looks right into your room.",Negative,
430,3,True,Off,"Everything was pretty good, and as expected",Positive,
430,3,True,Off,"Windows should be closed, as the front building looks right into your room.",Negative,
431,1,True,Room,The room was large and had a nice balcony.,Positive,
431,1,True,Location,The bus stop into town was around the corner.,Positive,
431,1,True,Location,There was nothing close by for a mini Mart.,Negative,
431,1,True,Food,The restaurant was decent.,Positive,
431,2,True,Room,The room was large and had a nice balcony.,Positive,
431,2,True,Location,The bus stop into town was around the corner.,Positive,
431,2,True,Location,There was nothing close by for a mini Mart.,Negative,
431,2,True,Food,The restaurant was decent.,Positive,
431,3,True,Room,The room was large and had a nice balcony.,Positive,
431,3,True,Location,The bus stop into town was around the corner.,Positive,
431,3,True,Location,There was nothing close by for a mini Mart.,Negative,
431,3,True,Food,The restaurant was decent.,Positive,
432,1,True,Room,Clean and comfortable,Positive,
432,1,True,Facility,Cute balconies,Positive,
432,1,True,Location,Short walk to Mckenzie beach,Positive,
432,1,True,Location,Street parking,Negative,
432,2,True,Room,Clean and comfortable,Positive,
432,2,True,Facility,Cute balconies,Positive,
432,2,True,Location,Short walk to Mckenzie beach,Positive,
432,2,True,Location,Street parking,Negative,
432,3,True,Room,Clean and comfortable,Positive,
432,3,True,Facility,Cute balconies,Positive,
432,3,True,Location,Short walk to Mckenzie beach,Positive,
432,3,True,Location,Street parking,Negative,
433,1,False,Staff,I really liked how polite and friendly the staff was,Positive,
433,1,False,Room,the size of the room,Positive,
433,1,False,Room,the shower of our room is very inconviniently placed,Negative,
433,1,False,Room,the edges of the shower need replacement,Negative,
433,1,False,Room,the bin is rusty,Negative,
433,1,False,Room,the mirror is weirdly placed,Negative,
433,1,False,Staff,I exllained that we have been granted late check out and the clerk apologised,Positive,
433,2,False,Staff,I really liked how polite and friendly the staff was,Positive,
433,2,False,Room,the size of the room,Positive,
433,2,False,Room,the shower of our room is very inconviniently placed,Negative,
433,2,False,Room,the edges of the shower need replacement,Negative,
433,2,False,Room,the bin is rusty,Negative,
433,2,False,Room,the mirror is weirdly placed,Negative,
433,2,False,Staff,I exllained that we have been granted late check out and the clerk apologised,Positive,
433,3,False,Staff,I really liked how polite and friendly the staff was,Positive,
433,3,False,Room,the size of the room,Positive,
433,3,False,Room,the shower of our room is very inconviniently placed,Negative,
433,3,False,Room,the edges of the shower need replacement,Negative,
433,3,False,Room,the bin is rusty,Negative,
433,3,False,Room,the mirror is weirdly placed,Negative,
433,3,False,Staff,I exllained that we have been granted late check out and the clerk apologised,Positive,
434,1,True,Location,Near to the airport,Positive,
434,1,True,Off,There was some kind of unpleasant smell in the bathroom,Negative,
434,2,True,Location,Near to the airport,Positive,
434,2,True,Off,There was some kind of unpleasant smell in the bathroom,Negative,
434,3,True,Location,Near to the airport,Positive,
434,3,True,Off,There was some kind of unpleasant smell in the bathroom,Negative,
435,1,True,Location,close to the airports,Positive,
435,1,True,Price,priced like a hotel,Negative,
435,2,True,Location,close to the airports,Positive,
435,2,True,Price,priced like a hotel,Negative,
435,3,True,Location,close to the airports,Positive,
435,3,True,Price,priced like a hotel,Negative,
436,1,False,Staff,Maria and Richard are really great hosts!,Positive,
436,1,False,Staff,Very kind and hospitable.,Positive,
436,1,False,Staff,Maria has offered an adapter immediately.,Positive,
436,1,False,Room,The room was perfectly clean.,Positive,
436,1,False,Location,Central location.,Positive,
436,1,False,Room,Size of the room is one of the smallest I have ever seen.,Negative,
436,1,False,Room,No space for the suitcase nor a wardrobe.,Negative,
436,1,False,Room,No sitting area.,Negative,
436,1,False,Price,For that money,Negative,
436,1,False,Room,One small water bottle.,Negative,
436,2,False,Staff,Maria and Richard are really great hosts!,Positive,
436,2,False,Staff,Very kind and hospitable.,Positive,
436,2,False,Staff,Maria has offered an adapter immediately.,Positive,
436,2,False,Room,The room was perfectly clean.,Positive,
436,2,False,Location,Central location.,Positive,
436,2,False,Room,Size of the room is one of the smallest I have ever seen.,Negative,
436,2,False,Room,No space for the suitcase nor a wardrobe.,Negative,
436,2,False,Room,No sitting area.,Negative,
436,2,False,Price,For that money,Negative,
436,2,False,Room,One small water bottle.,Negative,
436,3,False,Staff,Maria and Richard are really great hosts!,Positive,
436,3,False,Staff,Very kind and hospitable.,Positive,
436,3,False,Staff,Maria has offered an adapter immediately.,Positive,
436,3,False,Room,The room was perfectly clean.,Positive,
436,3,False,Location,Central location.,Positive,
436,3,False,Room,Size of the room is one of the smallest I have ever seen.,Negative,
436,3,False,Room,No space for the suitcase nor a wardrobe.,Negative,
436,3,False,Room,No sitting area.,Negative,
436,3,False,Price,For that money,Negative,
436,3,False,Room,One small water bottle.,Negative,
437,1,False,Room,It was clean,Positive,
437,1,False,Bed,the beds were comfortable,Positive,
437,1,False,Price,For what you get it was a bit expensive,Negative,
437,1,False,Room,The rooms were a bit small for a suite,Negative,
437,1,False,Food,low quality compared to an original greek breakfast,Negative,
437,2,False,Room,It was clean,Positive,
437,2,False,Bed,the beds were comfortable,Positive,
437,2,False,Price,For what you get it was a bit expensive,Negative,
437,2,False,Room,The rooms were a bit small for a suite,Negative,
437,2,False,Food,low quality compared to an original greek breakfast,Negative,
437,3,False,Room,It was clean,Positive,
437,3,False,Bed,the beds were comfortable,Positive,
437,3,False,Price,For what you get it was a bit expensive,Negative,
437,3,False,Room,The rooms were a bit small for a suite,Negative,
437,3,False,Food,low quality compared to an original greek breakfast,Negative,
438,1,False,Staff,Very friendly people,Positive,
438,1,False,Room,Very spacious and clean room,Positive,
438,1,False,Location,Very close to the Larnaka airport as we needed it to be,Positive,
438,1,False,Room,The duvet was for the winter and even with 23 degrees Celsius on the a/c it was unbearable!,Negative,
438,1,False,Facility,No simple sheets on the bed,Negative,
438,1,False,Room,We had to leave to catch a flight at 5am,Negative,
438,1,False,Facility,The hair dryer and a kettle that we could not use because the plugs did not fit the sockets,Negative,
438,2,False,Staff,Very friendly people,Positive,
438,2,False,Room,Very spacious and clean room,Positive,
438,2,False,Location,Very close to the Larnaka airport as we needed it to be,Positive,
438,2,False,Room,The duvet was for the winter and even with 23 degrees Celsius on the a/c it was unbearable!,Negative,
438,2,False,Facility,No simple sheets on the bed,Negative,
438,2,False,Room,We had to leave to catch a flight at 5am,Negative,
438,2,False,Facility,The hair dryer and a kettle that we could not use because the plugs did not fit the sockets,Negative,
438,3,False,Staff,Very friendly people,Positive,
438,3,False,Room,Very spacious and clean room,Positive,
438,3,False,Location,Very close to the Larnaka airport as we needed it to be,Positive,
438,3,False,Room,The duvet was for the winter and even with 23 degrees Celsius on the a/c it was unbearable!,Negative,
438,3,False,Facility,No simple sheets on the bed,Negative,
438,3,False,Room,We had to leave to catch a flight at 5am,Negative,
438,3,False,Facility,The hair dryer and a kettle that we could not use because the plugs did not fit the sockets,Negative,
439,1,False,Location,Usefully located hotel in between city centre and airport,Positive,
439,1,False,Restaurant,Restaurant stayed open reasonably late so I could eat after an evening arrival in Cyprus,Positive,
439,1,False,Restaurant,Restaurant was offering a rather narrow set of choices compared to what was listed on the menu,Negative,
439,1,False,Room,Room quite small,Negative,
439,2,False,Location,Usefully located hotel in between city centre and airport,Positive,
439,2,False,Restaurant,Restaurant stayed open reasonably late so I could eat after an evening arrival in Cyprus,Positive,
439,2,False,Restaurant,Restaurant was offering a rather narrow set of choices compared to what was listed on the menu,Negative,
439,2,False,Room,Room quite small,Negative,
439,3,False,Location,Usefully located hotel in between city centre and airport,Positive,
439,3,False,Restaurant,Restaurant stayed open reasonably late so I could eat after an evening arrival in Cyprus,Positive,
439,3,False,Restaurant,Restaurant was offering a rather narrow set of choices compared to what was listed on the menu,Negative,
439,3,False,Room,Room quite small,Negative,
440,1,True,Staff,Friendly,Positive,
440,1,True,Room,modern rooms,Positive,
440,1,True,Room,Bath room was cleaned rather superficially,Negative,
440,1,True,Room,hair not being removed,Negative,
440,2,True,Staff,Friendly,Positive,
440,2,True,Room,modern rooms,Positive,
440,2,True,Room,Bath room was cleaned rather superficially,Negative,
440,2,True,Room,hair not being removed,Negative,
440,3,True,Staff,Friendly,Positive,
440,3,True,Room,modern rooms,Positive,
440,3,True,Room,Bath room was cleaned rather superficially,Negative,
440,3,True,Room,hair not being removed,Negative,
441,1,False,Room,the room was PERFECT,Positive,
441,1,False,Breakfast,Break fast was PERFECT,Positive,
441,1,False,Location,bit far from the center,Negative,
441,1,False,Internet,Some issues with internet,Negative,
441,1,False,Room,Cold floor in the room,Negative,
441,2,False,Room,the room was PERFECT,Positive,
441,2,False,Breakfast,Break fast was PERFECT,Positive,
441,2,False,Location,bit far from the center,Negative,
441,2,False,Internet,Some issues with internet,Negative,
441,2,False,Room,Cold floor in the room,Negative,
441,3,False,Room,the room was PERFECT,Positive,
441,3,False,Breakfast,Break fast was PERFECT,Positive,
441,3,False,Location,bit far from the center,Negative,
441,3,False,Internet,Some issues with internet,Negative,
441,3,False,Room,Cold floor in the room,Negative,
442,1,True,Food,Breakfast was very filling.,Positive,
442,1,True,Room,Room was a little cold.,Negative,
442,2,True,Food,Breakfast was very filling.,Positive,
442,2,True,Room,Room was a little cold.,Negative,
442,3,True,Food,Breakfast was very filling.,Positive,
442,3,True,Room,Room was a little cold.,Negative,
443,1,True,Room,clean room,Positive,
443,1,True,Staff,friendly staff,Positive,
443,2,True,Room,clean room,Positive,
443,2,True,Staff,friendly staff,Positive,
443,3,True,Room,clean room,Positive,
443,3,True,Staff,friendly staff,Positive,
444,1,True,Room,nice and very clean,Positive,
444,1,True,Staff,the Lady of the house was literally standing next to the door with a cleaner to clean the room,Positive,
444,2,True,Room,nice and very clean,Positive,
444,2,True,Staff,the Lady of the house was literally standing next to the door with a cleaner to clean the room,Positive,
444,3,True,Room,nice and very clean,Positive,
444,3,True,Staff,the Lady of the house was literally standing next to the door with a cleaner to clean the room,Positive,
445,1,True,Location,next to the airport,Positive,
445,1,True,Room,clean little hotel,Positive,
445,1,True,Food,Breakfast was below average,Negative,
445,2,True,Location,next to the airport,Positive,
445,2,True,Room,clean little hotel,Positive,
445,2,True,Food,Breakfast was below average,Negative,
445,3,True,Location,next to the airport,Positive,
445,3,True,Room,clean little hotel,Positive,
445,3,True,Food,Breakfast was below average,Negative,
446,1,True,Location,Location very good,Positive,
446,1,True,Food,evening meal was poor,Negative,
446,2,True,Location,Location very good,Positive,
446,2,True,Food,evening meal was poor,Negative,
446,3,True,Location,Location very good,Positive,
446,3,True,Food,evening meal was poor,Negative,
447,1,True,Staff,the staff were lovely,Positive,
447,1,True,Room,The bed and pillows were very uncomfortable,Negative,
447,1,True,Facility,the telly was not working properly,Negative,
447,2,True,Staff,the staff were lovely,Positive,
447,2,True,Room,The bed and pillows were very uncomfortable,Negative,
447,2,True,Facility,the telly was not working properly,Negative,
447,3,True,Staff,the staff were lovely,Positive,
447,3,True,Room,The bed and pillows were very uncomfortable,Negative,
447,3,True,Facility,the telly was not working properly,Negative,
448,1,False,Room,Clean room,Positive,
448,1,False,Location,Good location for makenzie beach,Positive,
448,1,False,Staff,Staff was excellent,Positive,
448,1,False,Room,Complimentary coffee/tea in our bedroom was not replenished after the first night,Negative,
448,1,False,Room,Only one coffee sachet for a double room,Negative,
448,1,False,Room,Whatever was used from the fridge was also not replenished,Negative,
448,1,False,Room,There were no thin curtains to allow for some light to come into the bedroom,Negative,
448,2,False,Room,Clean room,Positive,
448,2,False,Location,Good location for makenzie beach,Positive,
448,2,False,Staff,Staff was excellent,Positive,
448,2,False,Room,Complimentary coffee/tea in our bedroom was not replenished after the first night,Negative,
448,2,False,Room,Only one coffee sachet for a double room,Negative,
448,2,False,Room,Whatever was used from the fridge was also not replenished,Negative,
448,2,False,Room,There were no thin curtains to allow for some light to come into the bedroom,Negative,
448,3,False,Room,Clean room,Positive,
448,3,False,Location,Good location for makenzie beach,Positive,
448,3,False,Staff,Staff was excellent,Positive,
448,3,False,Room,Complimentary coffee/tea in our bedroom was not replenished after the first night,Negative,
448,3,False,Room,Only one coffee sachet for a double room,Negative,
448,3,False,Room,Whatever was used from the fridge was also not replenished,Negative,
448,3,False,Room,There were no thin curtains to allow for some light to come into the bedroom,Negative,
449,1,False,Location,Close to the airport,Positive,
449,1,False,Taxi,We booked a taxi at 04:30 in the morning to go to the airport,Negative,
449,1,False,Booking,Very frustrating that the host didnt inform us that his taxi had a double Booking instead of ordening another for us,Negative,
449,2,False,Location,Close to the airport,Positive,
449,2,False,Taxi,We booked a taxi at 04:30 in the morning to go to the airport,Negative,
449,2,False,Booking,Very frustrating that the host didnt inform us that his taxi had a double Booking instead of ordening another for us,Negative,
449,3,False,Location,Close to the airport,Positive,
449,3,False,Taxi,We booked a taxi at 04:30 in the morning to go to the airport,Negative,
449,3,False,Booking,Very frustrating that the host didnt inform us that his taxi had a double Booking instead of ordening another for us,Negative,
450,1,True,Staff,Friendly and Helpful Staff,Positive,
450,1,True,Room,Room Cleanliness,Positive,
450,2,True,Staff,Friendly and Helpful Staff,Positive,
450,2,True,Room,Room Cleanliness,Positive,
450,3,True,Staff,Friendly and Helpful Staff,Positive,
450,3,True,Room,Room Cleanliness,Positive,
451,1,False,Location,Property is perfectly located close from the airport,Positive,
451,1,False,Location,close to the famous Makenzie Beach,Positive,
451,1,False,Facility,Neat and modern hotel facility,Positive,
451,1,False,Facility,Property feels cold without an warm inviting atmosphere,Negative,
451,1,False,Room,twin beds are provided,Positive,
451,1,False,Room,The pillows is not comfortable at all,Negative,
451,1,False,Facility,The shower in the bathroom is open in-front which results in the whole floor being wet,Negative,
451,2,False,Location,Property is perfectly located close from the airport,Positive,
451,2,False,Location,close to the famous Makenzie Beach,Positive,
451,2,False,Facility,Neat and modern hotel facility,Positive,
451,2,False,Facility,Property feels cold without an warm inviting atmosphere,Negative,
451,2,False,Room,twin beds are provided,Positive,
451,2,False,Room,The pillows is not comfortable at all,Negative,
451,2,False,Facility,The shower in the bathroom is open in-front which results in the whole floor being wet,Negative,
451,3,False,Location,Property is perfectly located close from the airport,Positive,
451,3,False,Location,close to the famous Makenzie Beach,Positive,
451,3,False,Facility,Neat and modern hotel facility,Positive,
451,3,False,Facility,Property feels cold without an warm inviting atmosphere,Negative,
451,3,False,Room,twin beds are provided,Positive,
451,3,False,Room,The pillows is not comfortable at all,Negative,
451,3,False,Facility,The shower in the bathroom is open in-front which results in the whole floor being wet,Negative,
452,1,False,Location,proximity to airport,Positive,
452,1,False,Staff,friendly welcoming staff,Positive,
452,1,False,Cleanliness,spotlessly clean,Positive,
452,1,False,Food,cold beers available,Positive,
452,1,False,Recommendation,would certainly recommend,Positive,
452,2,False,Location,proximity to airport,Positive,
452,2,False,Staff,friendly welcoming staff,Positive,
452,2,False,Cleanliness,spotlessly clean,Positive,
452,2,False,Food,cold beers available,Positive,
452,2,False,Recommendation,would certainly recommend,Positive,
452,3,False,Location,proximity to airport,Positive,
452,3,False,Staff,friendly welcoming staff,Positive,
452,3,False,Cleanliness,spotlessly clean,Positive,
452,3,False,Food,cold beers available,Positive,
452,3,False,Recommendation,would certainly recommend,Positive,
453,1,False,Location,close to mackenzie beach,Positive,
453,1,False,Room,Safe didn’t work,Negative,
453,1,False,Room,back door balcony in other bedroom wouldn’t lock,Negative,
453,1,False,Staff,Guy on desk told us we had not paid,Negative,
453,1,False,Check-in,Waited 10 minutes for someone to come greet us for check in,Negative,
453,1,False,Room,doubled room but got two single beds,Negative,
453,2,False,Location,close to mackenzie beach,Positive,
453,2,False,Room,Safe didn’t work,Negative,
453,2,False,Room,back door balcony in other bedroom wouldn’t lock,Negative,
453,2,False,Staff,Guy on desk told us we had not paid,Negative,
453,2,False,Check-in,Waited 10 minutes for someone to come greet us for check in,Negative,
453,2,False,Room,doubled room but got two single beds,Negative,
453,3,False,Location,close to mackenzie beach,Positive,
453,3,False,Room,Safe didn’t work,Negative,
453,3,False,Room,back door balcony in other bedroom wouldn’t lock,Negative,
453,3,False,Staff,Guy on desk told us we had not paid,Negative,
453,3,False,Check-in,Waited 10 minutes for someone to come greet us for check in,Negative,
453,3,False,Room,doubled room but got two single beds,Negative,
454,1,True,Off,Very noisy neighborhood,Negative,
454,2,True,Off,Very noisy neighborhood,Negative,
454,3,True,Off,Very noisy neighborhood,Negative,
455,1,False,Room,clean,Positive,
455,1,False,Location,not great,Negative,
455,1,False,Facility,pool not even to be considered,Negative,
455,1,False,Off,The overall hotel installation is badly maintained,Negative,
455,1,False,Off,The lift broke,Negative,
455,1,False,Off,The aircon was too strong,Negative,
455,1,False,Off,The pictures of the room are accurate but not the hotel installation,Negative,
455,2,False,Room,clean,Positive,
455,2,False,Location,not great,Negative,
455,2,False,Facility,pool not even to be considered,Negative,
455,2,False,Off,The overall hotel installation is badly maintained,Negative,
455,2,False,Off,The lift broke,Negative,
455,2,False,Off,The aircon was too strong,Negative,
455,2,False,Off,The pictures of the room are accurate but not the hotel installation,Negative,
455,3,False,Room,clean,Positive,
455,3,False,Location,not great,Negative,
455,3,False,Facility,pool not even to be considered,Negative,
455,3,False,Off,The overall hotel installation is badly maintained,Negative,
455,3,False,Off,The lift broke,Negative,
455,3,False,Off,The aircon was too strong,Negative,
455,3,False,Off,The pictures of the room are accurate but not the hotel installation,Negative,
456,1,False,Room,well maintained,Positive,
456,1,False,Staff,Mrs Tony does a fabulous job,Positive,
456,1,False,Staff,the helps are amazing too,Positive,
456,1,False,Location,Location is good,Positive,
456,1,False,Food,The sandwiches and hummus by the chef were delicious,Positive,
456,1,False,Price,higher price,Negative,
456,1,False,Price,reduced price,Positive,
456,1,False,Facility,no free breakfast option,Negative,
456,1,False,Facility,put a lock to the bathroom and a shower glass door,Negative,
456,1,False,Facility,wifi is not good,Negative,
456,2,False,Room,well maintained,Positive,
456,2,False,Staff,Mrs Tony does a fabulous job,Positive,
456,2,False,Staff,the helps are amazing too,Positive,
456,2,False,Location,Location is good,Positive,
456,2,False,Food,The sandwiches and hummus by the chef were delicious,Positive,
456,2,False,Price,higher price,Negative,
456,2,False,Price,reduced price,Positive,
456,2,False,Facility,no free breakfast option,Negative,
456,2,False,Facility,put a lock to the bathroom and a shower glass door,Negative,
456,2,False,Facility,wifi is not good,Negative,
456,3,False,Room,well maintained,Positive,
456,3,False,Staff,Mrs Tony does a fabulous job,Positive,
456,3,False,Staff,the helps are amazing too,Positive,
456,3,False,Location,Location is good,Positive,
456,3,False,Food,The sandwiches and hummus by the chef were delicious,Positive,
456,3,False,Price,higher price,Negative,
456,3,False,Price,reduced price,Positive,
456,3,False,Facility,no free breakfast option,Negative,
456,3,False,Facility,put a lock to the bathroom and a shower glass door,Negative,
456,3,False,Facility,wifi is not good,Negative,
457,1,True,Location,I like the quietness and it’s close to airport,Positive,
457,1,True,Room,The way room are furnished is not comfortable,Negative,
457,2,True,Location,I like the quietness and it’s close to airport,Positive,
457,2,True,Room,The way room are furnished is not comfortable,Negative,
457,3,True,Location,I like the quietness and it’s close to airport,Positive,
457,3,True,Room,The way room are furnished is not comfortable,Negative,
458,1,False,Facility,facilities are limited,Positive,
458,1,False,Food,Limited food options,Negative,
458,1,False,Facility,noisy,Negative,
458,1,False,Room,there is no rod for hangers in the wardrobe,Negative,
458,1,False,Facility,the safe wasn’t fixed,Negative,
458,2,False,Facility,facilities are limited,Positive,
458,2,False,Food,Limited food options,Negative,
458,2,False,Facility,noisy,Negative,
458,2,False,Room,there is no rod for hangers in the wardrobe,Negative,
458,2,False,Facility,the safe wasn’t fixed,Negative,
458,3,False,Facility,facilities are limited,Positive,
458,3,False,Food,Limited food options,Negative,
458,3,False,Facility,noisy,Negative,
458,3,False,Room,there is no rod for hangers in the wardrobe,Negative,
458,3,False,Facility,the safe wasn’t fixed,Negative,
459,1,False,Room,"Very comfortable bed, room very new and comfortable",Positive,
459,1,False,TV,TV did not work,Negative,
459,1,False,Noise,garbage truck passes at 3 a.m with an incredible noise,Negative,
459,2,False,Room,"Very comfortable bed, room very new and comfortable",Positive,
459,2,False,TV,TV did not work,Negative,
459,2,False,Noise,garbage truck passes at 3 a.m with an incredible noise,Negative,
459,3,False,Room,"Very comfortable bed, room very new and comfortable",Positive,
459,3,False,TV,TV did not work,Negative,
459,3,False,Noise,garbage truck passes at 3 a.m with an incredible noise,Negative,
460,1,False,Room,Room was very clean upon arrival,Positive,
460,1,False,Staff,staff was very polite,Positive,
460,1,False,Location,Location was excellent,Positive,
460,1,False,Price,Rate was very expensive,Negative,
460,1,False,Cleaning,No cleaning service,Negative,
460,1,False,Cleaning,No emptying garbage can,Negative,
460,1,False,Cleaning,No fresh towels,Negative,
460,1,False,Cleaning,No hangers,Negative,
460,2,False,Room,Room was very clean upon arrival,Positive,
460,2,False,Staff,staff was very polite,Positive,
460,2,False,Location,Location was excellent,Positive,
460,2,False,Price,Rate was very expensive,Negative,
460,2,False,Cleaning,No cleaning service,Negative,
460,2,False,Cleaning,No emptying garbage can,Negative,
460,2,False,Cleaning,No fresh towels,Negative,
460,2,False,Cleaning,No hangers,Negative,
460,3,False,Room,Room was very clean upon arrival,Positive,
460,3,False,Staff,staff was very polite,Positive,
460,3,False,Location,Location was excellent,Positive,
460,3,False,Price,Rate was very expensive,Negative,
460,3,False,Cleaning,No cleaning service,Negative,
460,3,False,Cleaning,No emptying garbage can,Negative,
460,3,False,Cleaning,No fresh towels,Negative,
460,3,False,Cleaning,No hangers,Negative,
461,1,False,(parse failed),,,json_parse_error: Expecting value: line 1 column 1 (char 0)
461,2,False,(parse failed),,,json_parse_error: Expecting value: line 1 column 1 (char 0)
461,3,False,(parse failed),,,json_parse_error: Expecting value: line 1 column 1 (char 0)
462,1,True,Location,excellent location,Positive,
462,1,True,Room,clean and modern,Positive,
462,2,True,Location,excellent location,Positive,
462,2,True,Room,clean and modern,Positive,
462,3,True,Location,excellent location,Positive,
462,3,True,Room,clean and modern,Positive,
463,1,True,Off,cleanliness,Positive,
463,2,True,Off,cleanliness,Positive,
463,3,True,Off,cleanliness,Positive,
464,1,True,Room,The room was nice and clean,Positive,
464,1,True,Room,two beds were set up as we requested,Positive,
464,1,True,Facility,There wasn’t a fan in the bathroom,Negative,
464,2,True,Room,The room was nice and clean,Positive,
464,2,True,Room,two beds were set up as we requested,Positive,
464,2,True,Facility,There wasn’t a fan in the bathroom,Negative,
464,3,True,Room,The room was nice and clean,Positive,
464,3,True,Room,two beds were set up as we requested,Positive,
464,3,True,Facility,There wasn’t a fan in the bathroom,Negative,
465,1,False,Room,"Room fresh, clean and modern.",Positive,
465,1,False,Location,"Calm area, close to the beach, many restaurants and coffee shops there.",Positive,
465,1,False,Breakfast,Breakfast above expectations.,Positive,
465,2,False,Room,"Room fresh, clean and modern.",Positive,
465,2,False,Location,"Calm area, close to the beach, many restaurants and coffee shops there.",Positive,
465,2,False,Breakfast,Breakfast above expectations.,Positive,
465,3,False,Room,"Room fresh, clean and modern.",Positive,
465,3,False,Location,"Calm area, close to the beach, many restaurants and coffee shops there.",Positive,
465,3,False,Breakfast,Breakfast above expectations.,Positive,
466,1,True,Location,Hotel is very close to the airport,Positive,
466,1,True,Location,nice place to stay if you arrive late at night,Positive,
466,2,True,Location,Hotel is very close to the airport,Positive,
466,2,True,Location,nice place to stay if you arrive late at night,Positive,
466,3,True,Location,Hotel is very close to the airport,Positive,
466,3,True,Location,nice place to stay if you arrive late at night,Positive,
467,1,False,Staff,happy and smiling welcome,Positive,
467,1,False,Food,breakfasts,Positive,
467,1,False,Property,property,Positive,
467,2,False,Staff,happy and smiling welcome,Positive,
467,2,False,Food,breakfasts,Positive,
467,2,False,Property,property,Positive,
467,3,False,Staff,happy and smiling welcome,Positive,
467,3,False,Food,breakfasts,Positive,
467,3,False,Property,property,Positive,
468,1,False,Staff,Nice staff,Positive,
468,1,False,Room,room very nice and clean,Positive,
468,1,False,Pool,Swimming pool could be cleaner,Negative,
468,2,False,Staff,Nice staff,Positive,
468,2,False,Room,room very nice and clean,Positive,
468,2,False,Pool,Swimming pool could be cleaner,Negative,
468,3,False,Staff,Nice staff,Positive,
468,3,False,Room,room very nice and clean,Positive,
468,3,False,Pool,Swimming pool could be cleaner,Negative,
469,1,True,Staff,Very helpful and knowledgeable staff.,Positive,
469,1,True,Room,Rooms are updated and clean.,Positive,
469,2,True,Staff,Very helpful and knowledgeable staff.,Positive,
469,2,True,Room,Rooms are updated and clean.,Positive,
469,3,True,Staff,Very helpful and knowledgeable staff.,Positive,
469,3,True,Room,Rooms are updated and clean.,Positive,
470,1,True,Room,Nice and clean,Positive,
470,1,True,Staff,Owners very nice and friendly,Positive,
470,2,True,Room,Nice and clean,Positive,
470,2,True,Staff,Owners very nice and friendly,Positive,
470,3,True,Room,Nice and clean,Positive,
470,3,True,Staff,Owners very nice and friendly,Positive,
471,1,True,Room,"Very clean, modern rooms, comfortable bed and good shower",Positive,
471,1,True,Staff,Very helpful staff,Positive,
471,1,True,Location,close to beach,Positive,
471,2,True,Room,"Very clean, modern rooms, comfortable bed and good shower",Positive,
471,2,True,Staff,Very helpful staff,Positive,
471,2,True,Location,close to beach,Positive,
471,3,True,Room,"Very clean, modern rooms, comfortable bed and good shower",Positive,
471,3,True,Staff,Very helpful staff,Positive,
471,3,True,Location,close to beach,Positive,
472,1,True,Staff,Very friendly atmosphere,Positive,
472,1,True,Food,Huge and delicious breakfast,Positive,
472,1,True,Room,The hotel is very comfortable,Positive,
472,2,True,Staff,Very friendly atmosphere,Positive,
472,2,True,Food,Huge and delicious breakfast,Positive,
472,2,True,Room,The hotel is very comfortable,Positive,
472,3,True,Staff,Very friendly atmosphere,Positive,
472,3,True,Food,Huge and delicious breakfast,Positive,
472,3,True,Room,The hotel is very comfortable,Positive,
473,1,True,Staff,Friendly staff,Positive,
473,1,True,Staff,and service,Positive,
473,1,True,Room,Very nice rooms,Positive,
473,1,True,Room,Clean,Positive,
473,2,True,Staff,Friendly staff,Positive,
473,2,True,Staff,and service,Positive,
473,2,True,Room,Very nice rooms,Positive,
473,2,True,Room,Clean,Positive,
473,3,True,Staff,Friendly staff,Positive,
473,3,True,Staff,and service,Positive,
473,3,True,Room,Very nice rooms,Positive,
473,3,True,Room,Clean,Positive,
474,1,True,Facility,"Clean, smart devices.",Positive,
474,1,True,Price,Overpriced for its facilities,Negative,
474,1,True,Food,Very poor lunch (breakfast).,Negative,
474,2,True,Facility,"Clean, smart devices.",Positive,
474,2,True,Price,Overpriced for its facilities,Negative,
474,2,True,Food,Very poor lunch (breakfast).,Negative,
474,3,True,Facility,"Clean, smart devices.",Positive,
474,3,True,Price,Overpriced for its facilities,Negative,
474,3,True,Food,Very poor lunch (breakfast).,Negative,
475,1,True,Room,"The floor is not cleaned enough, full of dust, water does not drain and floods the room",Negative,
475,2,True,Room,"The floor is not cleaned enough, full of dust, water does not drain and floods the room",Negative,
475,3,True,Room,"The floor is not cleaned enough, full of dust, water does not drain and floods the room",Negative,
476,1,True,Staff,The kindness of the staff,Positive,
476,1,True,Room,the size of the room,Positive,
476,1,True,Location,location,Positive,
476,2,True,Staff,The kindness of the staff,Positive,
476,2,True,Room,the size of the room,Positive,
476,2,True,Location,location,Positive,
476,3,True,Staff,The kindness of the staff,Positive,
476,3,True,Room,the size of the room,Positive,
476,3,True,Location,location,Positive,
477,1,False,Staff,Very kind staff,Positive,
477,1,False,Food,Delicious food,Positive,
477,1,False,Room,Impeccable cleanliness,Positive,
477,2,False,Staff,Very kind staff,Positive,
477,2,False,Food,Delicious food,Positive,
477,2,False,Room,Impeccable cleanliness,Positive,
477,3,False,Staff,Very kind staff,Positive,
477,3,False,Food,Delicious food,Positive,
477,3,False,Room,Impeccable cleanliness,Positive,
478,1,True,Staff,The kindness of the staff,Positive,
478,1,True,Location,the location,Positive,
478,1,True,Room,the cleanliness of the room,Positive,
478,2,True,Staff,The kindness of the staff,Positive,
478,2,True,Location,the location,Positive,
478,2,True,Room,the cleanliness of the room,Positive,
478,3,True,Staff,The kindness of the staff,Positive,
478,3,True,Location,the location,Positive,
478,3,True,Room,the cleanliness of the room,Positive,
479,1,True,Staff,Very friendly host,Positive,
479,1,True,Location,Proximity to the airport (3km) and the beach,Positive,
479,1,True,Food,Good breakfast directly in the hotel,Positive,
479,1,True,Facility,Balcony with courtyard or street view,Positive,
479,2,True,Staff,Very friendly host,Positive,
479,2,True,Location,Proximity to the airport (3km) and the beach,Positive,
479,2,True,Food,Good breakfast directly in the hotel,Positive,
479,2,True,Facility,Balcony with courtyard or street view,Positive,
479,3,True,Staff,Very friendly host,Positive,
479,3,True,Location,Proximity to the airport (3km) and the beach,Positive,
479,3,True,Food,Good breakfast directly in the hotel,Positive,
479,3,True,Facility,Balcony with courtyard or street view,Positive,
480,1,True,Staff,French speaking and competent staff.,Positive,
480,2,True,Staff,French speaking and competent staff.,Positive,
480,3,True,Staff,French speaking and competent staff.,Positive,
481,1,True,Staff,The staff is kind and welcoming.,Positive,
481,1,True,Room,The cleanest place I stayed in Cyprus!,Positive,
481,2,True,Staff,The staff is kind and welcoming.,Positive,
481,2,True,Room,The cleanest place I stayed in Cyprus!,Positive,
481,3,True,Staff,The staff is kind and welcoming.,Positive,
481,3,True,Room,The cleanest place I stayed in Cyprus!,Positive,
482,1,False,Room,the rooms were not soundproofed enough,Negative,
482,1,False,Staff,helpful reception,Positive,
482,1,False,Facility,pleasant accommodation,Positive,
482,1,False,Cleanliness,cleanliness,Positive,
482,2,False,Room,the rooms were not soundproofed enough,Negative,
482,2,False,Staff,helpful reception,Positive,
482,2,False,Facility,pleasant accommodation,Positive,
482,2,False,Cleanliness,cleanliness,Positive,
482,3,False,Room,the rooms were not soundproofed enough,Negative,
482,3,False,Staff,helpful reception,Positive,
482,3,False,Facility,pleasant accommodation,Positive,
482,3,False,Cleanliness,cleanliness,Positive,
483,1,False,Staff,The staff are extremely friendly and always happy to help when needed,Positive,
483,1,False,Staff,They were always ready to answer any of our questions,Positive,
483,1,False,Location,"In a very good location, close to the airport",Positive,
483,1,False,Location,close to the beach,Positive,
483,1,False,Noise,The main reason for not giving the highest rating is the noise,Negative,
483,1,False,Sealing,there were problems with the sealing and closing of the window,Negative,
483,2,False,Staff,The staff are extremely friendly and always happy to help when needed,Positive,
483,2,False,Staff,They were always ready to answer any of our questions,Positive,
483,2,False,Location,"In a very good location, close to the airport",Positive,
483,2,False,Location,close to the beach,Positive,
483,2,False,Noise,The main reason for not giving the highest rating is the noise,Negative,
483,2,False,Sealing,there were problems with the sealing and closing of the window,Negative,
483,3,False,Staff,The staff are extremely friendly and always happy to help when needed,Positive,
483,3,False,Staff,They were always ready to answer any of our questions,Positive,
483,3,False,Location,"In a very good location, close to the airport",Positive,
483,3,False,Location,close to the beach,Positive,
483,3,False,Noise,The main reason for not giving the highest rating is the noise,Negative,
483,3,False,Sealing,there were problems with the sealing and closing of the window,Negative,
484,1,False,Room,"Nice room, very clean.",Positive,
484,1,False,Location,Close to the airport.,Positive,
484,1,False,Staff,Very kind and helpful staff.,Positive,
484,1,False,Food,"We had dinner in the evening, it was very good.",Positive,
484,1,False,Location,Just a bit far from town,Negative,
484,1,False,Room,Room a bit small,Negative,
484,2,False,Room,"Nice room, very clean.",Positive,
484,2,False,Location,Close to the airport.,Positive,
484,2,False,Staff,Very kind and helpful staff.,Positive,
484,2,False,Food,"We had dinner in the evening, it was very good.",Positive,
484,2,False,Location,Just a bit far from town,Negative,
484,2,False,Room,Room a bit small,Negative,
484,3,False,Room,"Nice room, very clean.",Positive,
484,3,False,Location,Close to the airport.,Positive,
484,3,False,Staff,Very kind and helpful staff.,Positive,
484,3,False,Food,"We had dinner in the evening, it was very good.",Positive,
484,3,False,Location,Just a bit far from town,Negative,
484,3,False,Room,Room a bit small,Negative,
485,1,False,Staff,wonderful staff,Positive,
485,1,False,Hotel,wonderful hotel,Positive,
485,2,False,Staff,wonderful staff,Positive,
485,2,False,Hotel,wonderful hotel,Positive,
485,3,False,Staff,wonderful staff,Positive,
485,3,False,Hotel,wonderful hotel,Positive,
486,1,True,Room,The room was very clean and very spacious.,Positive,
486,1,True,Room,The mattresses and pillows were excellent.,Positive,
486,1,True,Room,The only thing that was slightly flawed was the water in the shower in the evening which was lukewarm,Negative,
486,2,True,Room,The room was very clean and very spacious.,Positive,
486,2,True,Room,The mattresses and pillows were excellent.,Positive,
486,2,True,Room,The only thing that was slightly flawed was the water in the shower in the evening which was lukewarm,Negative,
486,3,True,Room,The room was very clean and very spacious.,Positive,
486,3,True,Room,The mattresses and pillows were excellent.,Positive,
486,3,True,Room,The only thing that was slightly flawed was the water in the shower in the evening which was lukewarm,Negative,
487,1,True,Off,everything is very good,Positive,
487,2,True,Off,everything is very good,Positive,
487,3,True,Off,everything is very good,Positive,
488,1,False,(no annotations found),,,"'' is not one of ['Positive', 'Negative']"
488,2,False,(no annotations found),,,"'' is not one of ['Positive', 'Negative']"
488,3,False,(no annotations found),,,"'' is not one of ['Positive', 'Negative']"
489,1,True,Room,nice and comfortable small room,Positive,
489,1,True,Facility,good availability of free parking spaces,Positive,
489,1,True,Location,The beach is 10 minutes walk,Positive,
489,1,True,Location,the airport 10 minutes by bus,Positive,
489,1,True,Staff,Friendly staff,Positive,
489,1,True,Staff,very good advice,Positive,
489,2,True,Room,nice and comfortable small room,Positive,
489,2,True,Facility,good availability of free parking spaces,Positive,
489,2,True,Location,The beach is 10 minutes walk,Positive,
489,2,True,Location,the airport 10 minutes by bus,Positive,
489,2,True,Staff,Friendly staff,Positive,
489,2,True,Staff,very good advice,Positive,
489,3,True,Room,nice and comfortable small room,Positive,
489,3,True,Facility,good availability of free parking spaces,Positive,
489,3,True,Location,The beach is 10 minutes walk,Positive,
489,3,True,Location,the airport 10 minutes by bus,Positive,
489,3,True,Staff,Friendly staff,Positive,
489,3,True,Staff,very good advice,Positive,
490,1,True,Location,Proximity to the airport,Positive,
490,1,True,Food,excellent cuisine,Positive,
490,2,True,Location,Proximity to the airport,Positive,
490,2,True,Food,excellent cuisine,Positive,
490,3,True,Location,Proximity to the airport,Positive,
490,3,True,Food,excellent cuisine,Positive,
491,1,True,Room,"Practical rooms, balconies in each room.",Positive,
491,1,True,Staff,Listening staff.,Positive,
491,1,True,Location,good location for the airport.,Positive,
491,1,True,Room,The rooms are poorly soundproofed.,Negative,
491,1,True,Off,The noise.,Negative,
491,2,True,Room,"Practical rooms, balconies in each room.",Positive,
491,2,True,Staff,Listening staff.,Positive,
491,2,True,Location,good location for the airport.,Positive,
491,2,True,Room,The rooms are poorly soundproofed.,Negative,
491,2,True,Off,The noise.,Negative,
491,3,True,Room,"Practical rooms, balconies in each room.",Positive,
491,3,True,Staff,Listening staff.,Positive,
491,3,True,Location,good location for the airport.,Positive,
491,3,True,Room,The rooms are poorly soundproofed.,Negative,
491,3,True,Off,The noise.,Negative,
492,1,False,Location,"Hotel near the airport, ideal for a late arrival or a very early departure",Positive,
492,1,False,Bed,"bed duvet much too thick, we suffocate underneath!",Negative,
492,1,False,Noise,"Noisy, due to the heavy use of tiling and the steady stream of travelers arriving/departing for the airport throughout the night",Negative,
492,2,False,Location,"Hotel near the airport, ideal for a late arrival or a very early departure",Positive,
492,2,False,Bed,"bed duvet much too thick, we suffocate underneath!",Negative,
492,2,False,Noise,"Noisy, due to the heavy use of tiling and the steady stream of travelers arriving/departing for the airport throughout the night",Negative,
492,3,False,Location,"Hotel near the airport, ideal for a late arrival or a very early departure",Positive,
492,3,False,Bed,"bed duvet much too thick, we suffocate underneath!",Negative,
492,3,False,Noise,"Noisy, due to the heavy use of tiling and the steady stream of travelers arriving/departing for the airport throughout the night",Negative,
493,1,True,Staff,super sweet hosts,Positive,
493,1,True,Room,"nice, clean and neat",Positive,
493,2,True,Staff,super sweet hosts,Positive,
493,2,True,Room,"nice, clean and neat",Positive,
493,3,True,Staff,super sweet hosts,Positive,
493,3,True,Room,"nice, clean and neat",Positive,
494,1,True,Staff,Very kind staff,Positive,
494,1,True,Location,Very close to the airport,Positive,
494,1,True,Room,Very clean hotel,Positive,
494,2,True,Staff,Very kind staff,Positive,
494,2,True,Location,Very close to the airport,Positive,
494,2,True,Room,Very clean hotel,Positive,
494,3,True,Staff,Very kind staff,Positive,
494,3,True,Location,Very close to the airport,Positive,
494,3,True,Room,Very clean hotel,Positive,
495,1,True,Location,clean close to the beach,Positive,
495,1,True,Location,close to the field,Positive,
495,1,True,Location,Intimate and quiet,Positive,
495,2,True,Location,clean close to the beach,Positive,
495,2,True,Location,close to the field,Positive,
495,2,True,Location,Intimate and quiet,Positive,
495,3,True,Location,clean close to the beach,Positive,
495,3,True,Location,close to the field,Positive,
495,3,True,Location,Intimate and quiet,Positive,
496,1,False,Location,Great location close to the airport,Positive,
496,1,False,Service,friendly service,Positive,
496,1,False,Food,delicious breakfasts,Positive,
496,2,False,Location,Great location close to the airport,Positive,
496,2,False,Service,friendly service,Positive,
496,2,False,Food,delicious breakfasts,Positive,
496,3,False,Location,Great location close to the airport,Positive,
496,3,False,Service,friendly service,Positive,
496,3,False,Food,delicious breakfasts,Positive,
497,1,True,Staff,welcoming and helpful staff,Positive,
497,1,True,Room,the room was spacious,Positive,
497,1,True,Food,the restaurant is very varied,Positive,
497,1,True,Location,close to the airport and the beach,Positive,
497,1,True,Staff,Tony,Positive,
497,2,True,Staff,welcoming and helpful staff,Positive,
497,2,True,Room,the room was spacious,Positive,
497,2,True,Food,the restaurant is very varied,Positive,
497,2,True,Location,close to the airport and the beach,Positive,
497,2,True,Staff,Tony,Positive,
497,3,True,Staff,welcoming and helpful staff,Positive,
497,3,True,Room,the room was spacious,Positive,
497,3,True,Food,the restaurant is very varied,Positive,
497,3,True,Location,close to the airport and the beach,Positive,
497,3,True,Staff,Tony,Positive,
498,1,False,Staff,Great welcome,Positive,
498,1,False,Staff,very pleasant contact,Positive,
498,1,False,Staff,very helpful,Positive,
498,1,False,Access,close but not so easy with the bus,Negative,
498,2,False,Staff,Great welcome,Positive,
498,2,False,Staff,very pleasant contact,Positive,
498,2,False,Staff,very helpful,Positive,
498,2,False,Access,close but not so easy with the bus,Negative,
498,3,False,Staff,Great welcome,Positive,
498,3,False,Staff,very pleasant contact,Positive,
498,3,False,Staff,very helpful,Positive,
498,3,False,Access,close but not so easy with the bus,Negative,
499,1,True,Location,The hotel is located close to Larnaca airport.,Positive,
499,1,True,Staff,Very helpful staff,Positive,
499,1,True,Room,the room had everything you need,Positive,
499,1,True,Room,and also the bathroom,Positive,
499,1,True,Room,Clean and cozy,Positive,
499,2,True,Location,The hotel is located close to Larnaca airport.,Positive,
499,2,True,Staff,Very helpful staff,Positive,
499,2,True,Room,the room had everything you need,Positive,
499,2,True,Room,and also the bathroom,Positive,
499,2,True,Room,Clean and cozy,Positive,
499,3,True,Location,The hotel is located close to Larnaca airport.,Positive,
499,3,True,Staff,Very helpful staff,Positive,
499,3,True,Room,the room had everything you need,Positive,
499,3,True,Room,and also the bathroom,Positive,
499,3,True,Room,Clean and cozy,Positive,
500,1,False,Location,it is very central,Positive,
500,1,False,Location,The accommodation itself is very good,Positive,
500,1,False,Finding,The problem is finding it,Negative,
500,1,False,Noise,the guests in the upper apartment didn't stop making noise at 3am,Negative,
500,1,False,Parking,We had to leave the car far away,Negative,
500,2,False,Location,it is very central,Positive,
500,2,False,Location,The accommodation itself is very good,Positive,
500,2,False,Finding,The problem is finding it,Negative,
500,2,False,Noise,the guests in the upper apartment didn't stop making noise at 3am,Negative,
500,2,False,Parking,We had to leave the car far away,Negative,
500,3,False,Location,it is very central,Positive,
500,3,False,Location,The accommodation itself is very good,Positive,
500,3,False,Finding,The problem is finding it,Negative,
500,3,False,Noise,the guests in the upper apartment didn't stop making noise at 3am,Negative,
500,3,False,Parking,We had to leave the car far away,Negative,
501,1,True,Location,The hotel is very clean and close to the airport,Positive,
501,1,True,Room,Simple and comfortable rooms,Positive,
501,1,True,Food,The restaurant in the hotel lobby is good,Positive,
501,1,True,Staff,you can see that there is care in the place,Positive,
501,2,True,Location,The hotel is very clean and close to the airport,Positive,
501,2,True,Room,Simple and comfortable rooms,Positive,
501,2,True,Food,The restaurant in the hotel lobby is good,Positive,
501,2,True,Staff,you can see that there is care in the place,Positive,
501,3,True,Location,The hotel is very clean and close to the airport,Positive,
501,3,True,Room,Simple and comfortable rooms,Positive,
501,3,True,Food,The restaurant in the hotel lobby is good,Positive,
501,3,True,Staff,you can see that there is care in the place,Positive,
502,1,False,Hotel,clean and good hotel,Positive,
502,1,False,Service,great service,Positive,
502,2,False,Hotel,clean and good hotel,Positive,
502,2,False,Service,great service,Positive,
502,3,False,Hotel,clean and good hotel,Positive,
502,3,False,Service,great service,Positive,
503,1,False,(parse failed),,,json_parse_error: Expecting value: line 1 column 1 (char 0)
503,2,False,(parse failed),,,json_parse_error: Expecting value: line 1 column 1 (char 0)
503,3,False,(parse failed),,,json_parse_error: Expecting value: line 1 column 1 (char 0)
504,1,True,Off,Everything is a perfect boutique hotel,Positive,
504,2,True,Off,Everything is a perfect boutique hotel,Positive,
504,3,True,Off,Everything is a perfect boutique hotel,Positive,
505,1,True,Room,Modern furnished and very clean room,Positive,
505,1,True,Staff,friendly staff,Positive,
505,1,True,Food,Nice restaurant in the house,Positive,
505,1,True,Location,"Close to the city center, the airport and the sea",Positive,
505,1,True,Price,Price/performance is totally right,Positive,
505,2,True,Room,Modern furnished and very clean room,Positive,
505,2,True,Staff,friendly staff,Positive,
505,2,True,Food,Nice restaurant in the house,Positive,
505,2,True,Location,"Close to the city center, the airport and the sea",Positive,
505,2,True,Price,Price/performance is totally right,Positive,
505,3,True,Room,Modern furnished and very clean room,Positive,
505,3,True,Staff,friendly staff,Positive,
505,3,True,Food,Nice restaurant in the house,Positive,
505,3,True,Location,"Close to the city center, the airport and the sea",Positive,
505,3,True,Price,Price/performance is totally right,Positive,
506,1,True,Location,location,Positive,
506,1,True,Facility,simple and modern furnishings,Positive,
506,1,True,Room,new like the whole structure,Positive,
506,2,True,Location,location,Positive,
506,2,True,Facility,simple and modern furnishings,Positive,
506,2,True,Room,new like the whole structure,Positive,
506,3,True,Location,location,Positive,
506,3,True,Facility,simple and modern furnishings,Positive,
506,3,True,Room,new like the whole structure,Positive,
507,1,False,Room,The room is spacious enough,Positive,
507,1,False,Facility,an above-standard large bathroom,Positive,
507,1,False,Staff,The staff at the reception willingly arranged a ride to the airport for us,Positive,
507,2,False,Room,The room is spacious enough,Positive,
507,2,False,Facility,an above-standard large bathroom,Positive,
507,2,False,Staff,The staff at the reception willingly arranged a ride to the airport for us,Positive,
507,3,False,Room,The room is spacious enough,Positive,
507,3,False,Facility,an above-standard large bathroom,Positive,
507,3,False,Staff,The staff at the reception willingly arranged a ride to the airport for us,Positive,
508,1,True,Off,Everything nice,Positive,
508,2,True,Off,Everything nice,Positive,
508,3,True,Off,Everything nice,Positive,
509,1,True,Facility,Nice facility,Positive,
509,1,True,Staff,very nice and helpful staff,Positive,
509,2,True,Facility,Nice facility,Positive,
509,2,True,Staff,very nice and helpful staff,Positive,
509,3,True,Facility,Nice facility,Positive,
509,3,True,Staff,very nice and helpful staff,Positive,
510,1,False,Location,Proximity to the airport,Positive,
510,1,False,Price,cheap,Positive,
510,1,False,Room,cramped,Negative,
510,1,False,Room,third bed for a child is more suitable for a baby,Negative,
510,2,False,Location,Proximity to the airport,Positive,
510,2,False,Price,cheap,Positive,
510,2,False,Room,cramped,Negative,
510,2,False,Room,third bed for a child is more suitable for a baby,Negative,
510,3,False,Location,Proximity to the airport,Positive,
510,3,False,Price,cheap,Positive,
510,3,False,Room,cramped,Negative,
510,3,False,Room,third bed for a child is more suitable for a baby,Negative,
511,1,True,Staff,new clean reception,Positive,
511,2,True,Staff,new clean reception,Positive,
511,3,True,Staff,new clean reception,Positive,
512,1,True,Staff,the staff is available and always helps,Positive,
512,1,True,Room,great stay,Positive,
512,1,True,Facility,very clean,Positive,
512,2,True,Staff,the staff is available and always helps,Positive,
512,2,True,Room,great stay,Positive,
512,2,True,Facility,very clean,Positive,
512,3,True,Staff,the staff is available and always helps,Positive,
512,3,True,Room,great stay,Positive,
512,3,True,Facility,very clean,Positive,
513,1,True,Location,The place is close to the airport and easy to get to.,Positive,
513,1,True,Location,A short distance from the promenade where you can find nice restaurants on the beach,Positive,
513,1,True,Room,The room for 5 was very tight.,Negative,
513,2,True,Location,The place is close to the airport and easy to get to.,Positive,
513,2,True,Location,A short distance from the promenade where you can find nice restaurants on the beach,Positive,
513,2,True,Room,The room for 5 was very tight.,Negative,
513,3,True,Location,The place is close to the airport and easy to get to.,Positive,
513,3,True,Location,A short distance from the promenade where you can find nice restaurants on the beach,Positive,
513,3,True,Room,The room for 5 was very tight.,Negative,
514,1,True,(no annotations found),,,
514,2,True,(no annotations found),,,
514,3,True,(no annotations found),,,
515,1,True,Location,I really liked the location. Close to the lake and the beach.,Positive,
515,1,True,Staff,Very nice staff,Positive,
515,1,True,Room,Very clean new hotel,Positive,
515,2,True,Location,I really liked the location. Close to the lake and the beach.,Positive,
515,2,True,Staff,Very nice staff,Positive,
515,2,True,Room,Very clean new hotel,Positive,
515,3,True,Location,I really liked the location. Close to the lake and the beach.,Positive,
515,3,True,Staff,Very nice staff,Positive,
515,3,True,Room,Very clean new hotel,Positive,
516,1,True,Staff,friendliness of staff,Positive,
516,2,True,Staff,friendliness of staff,Positive,
516,3,True,Staff,friendliness of staff,Positive,
517,1,True,Staff,The manager very friendly,Positive,
517,1,True,Facility,the hotel of very good quality,Positive,
517,2,True,Staff,The manager very friendly,Positive,
517,2,True,Facility,the hotel of very good quality,Positive,
517,3,True,Staff,The manager very friendly,Positive,
517,3,True,Facility,the hotel of very good quality,Positive,
518,1,True,Off,quiet place,Positive,
518,2,True,Off,quiet place,Positive,
518,3,True,Off,quiet place,Positive,
519,1,True,Food,Very good breakfast,Positive,
519,1,True,Location,great location near MacKenzie beach,Positive,
519,1,True,Staff,Staff very polite and helpful,Positive,
519,2,True,Food,Very good breakfast,Positive,
519,2,True,Location,great location near MacKenzie beach,Positive,
519,2,True,Staff,Staff very polite and helpful,Positive,
519,3,True,Food,Very good breakfast,Positive,
519,3,True,Location,great location near MacKenzie beach,Positive,
519,3,True,Staff,Staff very polite and helpful,Positive,
521,1,True,Room,"Very clean, well organized, nothing missing, pleasant balcony",Positive,
521,1,True,Staff,nice hosts,Positive,
521,1,True,Room,comfortable mattress,Positive,
521,1,True,Facility,The air conditioner does not cool enough,Negative,
521,2,True,Room,"Very clean, well organized, nothing missing, pleasant balcony",Positive,
521,2,True,Staff,nice hosts,Positive,
521,2,True,Room,comfortable mattress,Positive,
521,2,True,Facility,The air conditioner does not cool enough,Negative,
521,3,True,Room,"Very clean, well organized, nothing missing, pleasant balcony",Positive,
521,3,True,Staff,nice hosts,Positive,
521,3,True,Room,comfortable mattress,Positive,
521,3,True,Facility,The air conditioner does not cool enough,Negative,
522,1,True,Staff,friendly staff,Positive,
522,2,True,Staff,friendly staff,Positive,
522,3,True,Staff,friendly staff,Positive,
523,1,False,Staff,Amazing team!!!,Positive,
523,1,False,Staff,smiling and patient,Positive,
523,1,False,Staff,helps with any question and problem,Positive,
523,1,False,Staff,changed us to a family room that we requested,Positive,
523,1,False,Staff,great recommendations for places in the city,Positive,
523,1,False,Staff,order taxis for us,Positive,
523,1,False,Staff,help with car rental,Positive,
523,1,False,Staff,celebrated our daughter's birthday with a surprise,Positive,
523,2,False,Staff,Amazing team!!!,Positive,
523,2,False,Staff,smiling and patient,Positive,
523,2,False,Staff,helps with any question and problem,Positive,
523,2,False,Staff,changed us to a family room that we requested,Positive,
523,2,False,Staff,great recommendations for places in the city,Positive,
523,2,False,Staff,order taxis for us,Positive,
523,2,False,Staff,help with car rental,Positive,
523,2,False,Staff,celebrated our daughter's birthday with a surprise,Positive,
523,3,False,Staff,Amazing team!!!,Positive,
523,3,False,Staff,smiling and patient,Positive,
523,3,False,Staff,helps with any question and problem,Positive,
523,3,False,Staff,changed us to a family room that we requested,Positive,
523,3,False,Staff,great recommendations for places in the city,Positive,
523,3,False,Staff,order taxis for us,Positive,
523,3,False,Staff,help with car rental,Positive,
523,3,False,Staff,celebrated our daughter's birthday with a surprise,Positive,
524,1,True,Price,full value for the price,Positive,
524,1,True,Location,Good location,Positive,
524,1,True,Room,Excellent cleanliness,Positive,
524,1,True,Staff,Professional staff,Positive,
524,1,True,Food,Excellent food,Positive,
524,2,True,Price,full value for the price,Positive,
524,2,True,Location,Good location,Positive,
524,2,True,Room,Excellent cleanliness,Positive,
524,2,True,Staff,Professional staff,Positive,
524,2,True,Food,Excellent food,Positive,
524,3,True,Price,full value for the price,Positive,
524,3,True,Location,Good location,Positive,
524,3,True,Room,Excellent cleanliness,Positive,
524,3,True,Staff,Professional staff,Positive,
524,3,True,Food,Excellent food,Positive,
525,1,True,Room,"clean, quiet, well organized",Positive,
525,2,True,Room,"clean, quiet, well organized",Positive,
525,3,True,Room,"clean, quiet, well organized",Positive,
526,1,True,Room,Perfect for a stay in Larnaca.,Positive,
526,1,True,Off,Everything was in order.,Positive,
526,2,True,Room,Perfect for a stay in Larnaca.,Positive,
526,2,True,Off,Everything was in order.,Positive,
526,3,True,Room,Perfect for a stay in Larnaca.,Positive,
526,3,True,Off,Everything was in order.,Positive,
527,1,False,Staff,The staff extremely friendly.,Positive,
527,1,False,Location,well located near Larnaca airport and mckenzie beach.,Positive,
527,1,False,Value,great accommodation with excellent value for money.,Positive,
527,2,False,Staff,The staff extremely friendly.,Positive,
527,2,False,Location,well located near Larnaca airport and mckenzie beach.,Positive,
527,2,False,Value,great accommodation with excellent value for money.,Positive,
527,3,False,Staff,The staff extremely friendly.,Positive,
527,3,False,Location,well located near Larnaca airport and mckenzie beach.,Positive,
527,3,False,Value,great accommodation with excellent value for money.,Positive,
528,1,True,Room,"New hotel, everything is clean and fresh.",Positive,
528,1,True,Location,it met our expectations!,Positive,
528,2,True,Room,"New hotel, everything is clean and fresh.",Positive,
528,2,True,Location,it met our expectations!,Positive,
528,3,True,Room,"New hotel, everything is clean and fresh.",Positive,
528,3,True,Location,it met our expectations!,Positive,
529,1,False,Staff,10/10,Positive,
529,1,False,Cleanliness,10/10,Positive,
529,1,False,Design,10/10,Positive,
529,1,False,Soundproofing,07/10,Negative,
529,1,False,Balcony furniture set,08/10,Positive,
529,1,False,Set of shampoo etc.,08/10,Positive,
529,2,False,Staff,10/10,Positive,
529,2,False,Cleanliness,10/10,Positive,
529,2,False,Design,10/10,Positive,
529,2,False,Soundproofing,07/10,Negative,
529,2,False,Balcony furniture set,08/10,Positive,
529,2,False,Set of shampoo etc.,08/10,Positive,
529,3,False,Staff,10/10,Positive,
529,3,False,Cleanliness,10/10,Positive,
529,3,False,Design,10/10,Positive,
529,3,False,Soundproofing,07/10,Negative,
529,3,False,Balcony furniture set,08/10,Positive,
529,3,False,Set of shampoo etc.,08/10,Positive,
530,1,False,Staff,The staff was very nice and polite,Positive,
530,1,False,Location,Not far from the beach,Positive,
530,1,False,Hotel,Very nice and clean hotel,Positive,
530,1,False,Environment,In an easy and quiet place,Positive,
530,2,False,Staff,The staff was very nice and polite,Positive,
530,2,False,Location,Not far from the beach,Positive,
530,2,False,Hotel,Very nice and clean hotel,Positive,
530,2,False,Environment,In an easy and quiet place,Positive,
530,3,False,Staff,The staff was very nice and polite,Positive,
530,3,False,Location,Not far from the beach,Positive,
530,3,False,Hotel,Very nice and clean hotel,Positive,
530,3,False,Environment,In an easy and quiet place,Positive,
531,1,True,Location,Location close to the airport and the promenade by the sea,Positive,
531,1,True,Room,"Clean, tidy, comfortable and beautiful room",Positive,
531,1,True,Staff,Courteous and welcoming service,Positive,
531,2,True,Location,Location close to the airport and the promenade by the sea,Positive,
531,2,True,Room,"Clean, tidy, comfortable and beautiful room",Positive,
531,2,True,Staff,Courteous and welcoming service,Positive,
531,3,True,Location,Location close to the airport and the promenade by the sea,Positive,
531,3,True,Room,"Clean, tidy, comfortable and beautiful room",Positive,
531,3,True,Staff,Courteous and welcoming service,Positive,
532,1,True,Location,The proximity to the airport,Positive,
532,1,True,Facility,free parking,Positive,
532,1,True,Room,large rooms,Positive,
532,1,True,Room,very clean,Positive,
532,2,True,Location,The proximity to the airport,Positive,
532,2,True,Facility,free parking,Positive,
532,2,True,Room,large rooms,Positive,
532,2,True,Room,very clean,Positive,
532,3,True,Location,The proximity to the airport,Positive,
532,3,True,Facility,free parking,Positive,
532,3,True,Room,large rooms,Positive,
532,3,True,Room,very clean,Positive,
533,1,False,Food,The cook particularly affable fast and delicious irreproachable service,Positive,
533,1,False,Restaurant,the restaurant in the evening was perfect,Positive,
533,1,False,Food,A real Lebanese tabbouh all hearty,Positive,
533,2,False,Food,The cook particularly affable fast and delicious irreproachable service,Positive,
533,2,False,Restaurant,the restaurant in the evening was perfect,Positive,
533,2,False,Food,A real Lebanese tabbouh all hearty,Positive,
533,3,False,Food,The cook particularly affable fast and delicious irreproachable service,Positive,
533,3,False,Restaurant,the restaurant in the evening was perfect,Positive,
533,3,False,Food,A real Lebanese tabbouh all hearty,Positive,
534,1,True,Food,Very good homemade breakfast.,Positive,
534,2,True,Food,Very good homemade breakfast.,Positive,
534,3,True,Food,Very good homemade breakfast.,Positive,
535,1,True,Staff,very friendly and helpful hosts,Positive,
535,1,True,Location,30 minute walk from Larnaca center,Positive,
535,1,True,Location,10 minute walk from beautiful Mackenzie Beach,Positive,
535,2,True,Staff,very friendly and helpful hosts,Positive,
535,2,True,Location,30 minute walk from Larnaca center,Positive,
535,2,True,Location,10 minute walk from beautiful Mackenzie Beach,Positive,
535,3,True,Staff,very friendly and helpful hosts,Positive,
535,3,True,Location,30 minute walk from Larnaca center,Positive,
535,3,True,Location,10 minute walk from beautiful Mackenzie Beach,Positive,
536,1,False,Staff,service at the highest level,Positive,
536,1,False,Food,The cuisine is simple but tasty,Positive,
536,1,False,Location,close to the beach,Positive,
536,1,False,Location,close to gastronomy,Positive,
536,1,False,Location,close to the airport,Positive,
536,2,False,Staff,service at the highest level,Positive,
536,2,False,Food,The cuisine is simple but tasty,Positive,
536,2,False,Location,close to the beach,Positive,
536,2,False,Location,close to gastronomy,Positive,
536,2,False,Location,close to the airport,Positive,
536,3,False,Staff,service at the highest level,Positive,
536,3,False,Food,The cuisine is simple but tasty,Positive,
536,3,False,Location,close to the beach,Positive,
536,3,False,Location,close to gastronomy,Positive,
536,3,False,Location,close to the airport,Positive,
537,1,True,Room,Terrace was very cozy,Positive,
537,2,True,Room,Terrace was very cozy,Positive,
537,3,True,Room,Terrace was very cozy,Positive,
538,1,True,Location,Good location close to the airport,Positive,
538,1,True,Check-in,self-check-in without any problems,Positive,
538,1,True,Room,Rooms may be a bit small for a longer stay,Negative,
538,2,True,Location,Good location close to the airport,Positive,
538,2,True,Check-in,self-check-in without any problems,Positive,
538,2,True,Room,Rooms may be a bit small for a longer stay,Negative,
538,3,True,Location,Good location close to the airport,Positive,
538,3,True,Check-in,self-check-in without any problems,Positive,
538,3,True,Room,Rooms may be a bit small for a longer stay,Negative,
539,1,True,Staff,lovely staff,Positive,
539,1,True,Staff,ready to help at any hour,Positive,
539,2,True,Staff,lovely staff,Positive,
539,2,True,Staff,ready to help at any hour,Positive,
539,3,True,Staff,lovely staff,Positive,
539,3,True,Staff,ready to help at any hour,Positive,
540,1,False,Location,very close to the beach,Positive,
540,1,False,Staff,very kind staff,Positive,
540,1,False,Location,very close to the airport,Positive,
540,1,False,Room,soft bed and pillows,Positive,
540,1,False,Room,a little smaller than average,Negative,
540,1,False,Room,large bathroom and shower,Positive,
540,2,False,Location,very close to the beach,Positive,
540,2,False,Staff,very kind staff,Positive,
540,2,False,Location,very close to the airport,Positive,
540,2,False,Room,soft bed and pillows,Positive,
540,2,False,Room,a little smaller than average,Negative,
540,2,False,Room,large bathroom and shower,Positive,
540,3,False,Location,very close to the beach,Positive,
540,3,False,Staff,very kind staff,Positive,
540,3,False,Location,very close to the airport,Positive,
540,3,False,Room,soft bed and pillows,Positive,
540,3,False,Room,a little smaller than average,Negative,
540,3,False,Room,large bathroom and shower,Positive,
541,1,True,Location,Strategic location: the property is close to both the airport and Mackenzie Beach,Positive,
541,1,True,Staff,Courteous and helpful staff,Positive,
541,1,True,Room,excellent upholstery and modern furnishings,Positive,
541,2,True,Location,Strategic location: the property is close to both the airport and Mackenzie Beach,Positive,
541,2,True,Staff,Courteous and helpful staff,Positive,
541,2,True,Room,excellent upholstery and modern furnishings,Positive,
541,3,True,Location,Strategic location: the property is close to both the airport and Mackenzie Beach,Positive,
541,3,True,Staff,Courteous and helpful staff,Positive,
541,3,True,Room,excellent upholstery and modern furnishings,Positive,
542,1,False,Location,The hotel is very close to the airport,Positive,
542,1,False,Room,We were given a superior room with a balcony for free,Positive,
542,1,False,Location,within walking distance from the hotel,Positive,
542,1,False,Location,very close to the beach,Positive,
542,2,False,Location,The hotel is very close to the airport,Positive,
542,2,False,Room,We were given a superior room with a balcony for free,Positive,
542,2,False,Location,within walking distance from the hotel,Positive,
542,2,False,Location,very close to the beach,Positive,
542,3,False,Location,The hotel is very close to the airport,Positive,
542,3,False,Room,We were given a superior room with a balcony for free,Positive,
542,3,False,Location,within walking distance from the hotel,Positive,
542,3,False,Location,very close to the beach,Positive,
543,1,False,Room,recently refurbished rooms,Positive,
543,1,False,Parking,Little parking nearby,Negative,
543,2,False,Room,recently refurbished rooms,Positive,
543,2,False,Parking,Little parking nearby,Negative,
543,3,False,Room,recently refurbished rooms,Positive,
543,3,False,Parking,Little parking nearby,Negative,
544,1,True,Staff,sense of hospitality,Positive,
544,2,True,Staff,sense of hospitality,Positive,
544,3,True,Staff,sense of hospitality,Positive,
545,1,True,Food,We had dinner and it was perfect,Positive,
545,2,True,Food,We had dinner and it was perfect,Positive,
545,3,True,Food,We had dinner and it was perfect,Positive,
546,1,True,Location,convenient location,Positive,
546,1,True,Check-in,no problem with check-in after 12 at night,Positive,
546,1,True,Facility,Parking next to the hotel,Positive,
546,2,True,Location,convenient location,Positive,
546,2,True,Check-in,no problem with check-in after 12 at night,Positive,
546,2,True,Facility,Parking next to the hotel,Positive,
546,3,True,Location,convenient location,Positive,
546,3,True,Check-in,no problem with check-in after 12 at night,Positive,
546,3,True,Facility,Parking next to the hotel,Positive,
547,1,True,Room,"large comfortable bed, clean linen, cozy.",Positive,
547,1,True,Location,close to the airport (7-10 minutes by taxi),Positive,
547,2,True,Room,"large comfortable bed, clean linen, cozy.",Positive,
547,2,True,Location,close to the airport (7-10 minutes by taxi),Positive,
547,3,True,Room,"large comfortable bed, clean linen, cozy.",Positive,
547,3,True,Location,close to the airport (7-10 minutes by taxi),Positive,
548,1,True,Food,Arabic food,Positive,
548,1,True,Price,Have to pay for breakfast,Negative,
548,2,True,Food,Arabic food,Positive,
548,2,True,Price,Have to pay for breakfast,Negative,
548,3,True,Food,Arabic food,Positive,
548,3,True,Price,Have to pay for breakfast,Negative,
549,1,True,Staff,Super nice staff,Positive,
549,1,True,Location,Great location,Positive,
549,1,True,Facility,pet friendly,Positive,
549,1,True,Room,very clean,Positive,
549,2,True,Staff,Super nice staff,Positive,
549,2,True,Location,Great location,Positive,
549,2,True,Facility,pet friendly,Positive,
549,2,True,Room,very clean,Positive,
549,3,True,Staff,Super nice staff,Positive,
549,3,True,Location,Great location,Positive,
549,3,True,Facility,pet friendly,Positive,
549,3,True,Room,very clean,Positive,
550,1,True,Room,The rooms are big and very clean!,Positive,
550,1,True,Room,There is also a balcony.,Positive,
550,1,True,Staff,Tony the hotel owner is a great man!,Positive,
550,1,True,Staff,Helped us with everything we needed,Positive,
550,2,True,Room,The rooms are big and very clean!,Positive,
550,2,True,Room,There is also a balcony.,Positive,
550,2,True,Staff,Tony the hotel owner is a great man!,Positive,
550,2,True,Staff,Helped us with everything we needed,Positive,
550,3,True,Room,The rooms are big and very clean!,Positive,
550,3,True,Room,There is also a balcony.,Positive,
550,3,True,Staff,Tony the hotel owner is a great man!,Positive,
550,3,True,Staff,Helped us with everything we needed,Positive,
551,1,False,Staff,"A very welcoming staff, smiling and always available to satisfy you.",Positive,
551,1,False,Staff,always someone to take care of you in one of the four languages,Positive,
551,1,False,Location,The proximity to the famous Mackenzie Beach is an asset for this charming hotel.,Positive,
551,1,False,Location,The beach is around 5 minutes walk,Positive,
551,1,False,Room,The hotel seems to have been freshened up recently.,Positive,
551,1,False,Room,so everything seemed flawless to us.,Positive,
551,2,False,Staff,"A very welcoming staff, smiling and always available to satisfy you.",Positive,
551,2,False,Staff,always someone to take care of you in one of the four languages,Positive,
551,2,False,Location,The proximity to the famous Mackenzie Beach is an asset for this charming hotel.,Positive,
551,2,False,Location,The beach is around 5 minutes walk,Positive,
551,2,False,Room,The hotel seems to have been freshened up recently.,Positive,
551,2,False,Room,so everything seemed flawless to us.,Positive,
551,3,False,Staff,"A very welcoming staff, smiling and always available to satisfy you.",Positive,
551,3,False,Staff,always someone to take care of you in one of the four languages,Positive,
551,3,False,Location,The proximity to the famous Mackenzie Beach is an asset for this charming hotel.,Positive,
551,3,False,Location,The beach is around 5 minutes walk,Positive,
551,3,False,Room,The hotel seems to have been freshened up recently.,Positive,
551,3,False,Room,so everything seemed flawless to us.,Positive,
552,1,False,Room,"The rooms are pleasant, clean",Positive,
552,1,False,Room,The beds are comfortable,Positive,
552,1,False,Off,There is nothing we didn't like,Positive,
552,2,False,Room,"The rooms are pleasant, clean",Positive,
552,2,False,Room,The beds are comfortable,Positive,
552,2,False,Off,There is nothing we didn't like,Positive,
552,3,False,Room,"The rooms are pleasant, clean",Positive,
552,3,False,Room,The beds are comfortable,Positive,
552,3,False,Off,There is nothing we didn't like,Positive,
553,1,True,Room,clean rooms,Positive,
553,1,True,Staff,very nice staff,Positive,
553,1,True,Room,comfortable bed,Positive,
553,2,True,Room,clean rooms,Positive,
553,2,True,Staff,very nice staff,Positive,
553,2,True,Room,comfortable bed,Positive,
553,3,True,Room,clean rooms,Positive,
553,3,True,Staff,very nice staff,Positive,
553,3,True,Room,comfortable bed,Positive,
554,1,False,Room,"Very clean, very comfortable, brand new!",Positive,
554,1,False,Staff,Very friendly and pleasant welcome,Positive,
554,1,False,Location,"The situation, extremely close to the airport for a very early departure or a late arrival, and extremely close to the beach and its entertainment (restaurants, bars...)",Positive,
554,2,False,Room,"Very clean, very comfortable, brand new!",Positive,
554,2,False,Staff,Very friendly and pleasant welcome,Positive,
554,2,False,Location,"The situation, extremely close to the airport for a very early departure or a late arrival, and extremely close to the beach and its entertainment (restaurants, bars...)",Positive,
554,3,False,Room,"Very clean, very comfortable, brand new!",Positive,
554,3,False,Staff,Very friendly and pleasant welcome,Positive,
554,3,False,Location,"The situation, extremely close to the airport for a very early departure or a late arrival, and extremely close to the beach and its entertainment (restaurants, bars...)",Positive,
555,1,False,Staff,We were received with a beautiful and kind hospitality by the hotel staff,Positive,
555,1,False,Room,Clean room,Positive,
555,1,False,Room,pleasant and comfortable bedding,Positive,
555,1,False,Facility,There is a kettle and a fridge in the room,Positive,
555,1,False,Location,Close to Larnaca airport,Positive,
555,1,False,Bed,Bed 5 could be opened and was less comfortable,Negative,
555,1,False,Toilet,Toilet and shower are together and less convenient,Negative,
555,2,False,Staff,We were received with a beautiful and kind hospitality by the hotel staff,Positive,
555,2,False,Room,Clean room,Positive,
555,2,False,Room,pleasant and comfortable bedding,Positive,
555,2,False,Facility,There is a kettle and a fridge in the room,Positive,
555,2,False,Location,Close to Larnaca airport,Positive,
555,2,False,Bed,Bed 5 could be opened and was less comfortable,Negative,
555,2,False,Toilet,Toilet and shower are together and less convenient,Negative,
555,3,False,Staff,We were received with a beautiful and kind hospitality by the hotel staff,Positive,
555,3,False,Room,Clean room,Positive,
555,3,False,Room,pleasant and comfortable bedding,Positive,
555,3,False,Facility,There is a kettle and a fridge in the room,Positive,
555,3,False,Location,Close to Larnaca airport,Positive,
555,3,False,Bed,Bed 5 could be opened and was less comfortable,Negative,
555,3,False,Toilet,Toilet and shower are together and less convenient,Negative,
556,1,True,Room,Lovely and clean room,Positive,
556,1,True,Room,The children's third bed was a bit problematic and not very stable,Negative,
556,1,True,Location,The location near the airport is convenient,Positive,
556,1,True,Facility,There is a lovely promenade on the sea,Positive,
556,1,True,Off,There was a lack of a pool,Negative,
556,2,True,Room,Lovely and clean room,Positive,
556,2,True,Room,The children's third bed was a bit problematic and not very stable,Negative,
556,2,True,Location,The location near the airport is convenient,Positive,
556,2,True,Facility,There is a lovely promenade on the sea,Positive,
556,2,True,Off,There was a lack of a pool,Negative,
556,3,True,Room,Lovely and clean room,Positive,
556,3,True,Room,The children's third bed was a bit problematic and not very stable,Negative,
556,3,True,Location,The location near the airport is convenient,Positive,
556,3,True,Facility,There is a lovely promenade on the sea,Positive,
556,3,True,Off,There was a lack of a pool,Negative,
557,1,False,Staff,kindness of the staff,Positive,
557,1,False,Cleanliness,Cleanliness first,Positive,
557,1,False,Food,The breakfast offered by an independent service,Negative,
557,1,False,Price,price of €12 for breakfast,Negative,
557,2,False,Staff,kindness of the staff,Positive,
557,2,False,Cleanliness,Cleanliness first,Positive,
557,2,False,Food,The breakfast offered by an independent service,Negative,
557,2,False,Price,price of €12 for breakfast,Negative,
557,3,False,Staff,kindness of the staff,Positive,
557,3,False,Cleanliness,Cleanliness first,Positive,
557,3,False,Food,The breakfast offered by an independent service,Negative,
557,3,False,Price,price of €12 for breakfast,Negative,
558,1,True,Room,"explanation for arrival, cleanliness",Positive,
558,2,True,Room,"explanation for arrival, cleanliness",Positive,
558,3,True,Room,"explanation for arrival, cleanliness",Positive,
559,1,True,Off,everything,Positive,
559,2,True,Off,everything,Positive,
559,3,True,Off,everything,Positive,
560,1,True,Location,Excellent location near the airport,Positive,
560,1,True,Location,Good for an overnight stay after a late or early morning flight,Positive,
560,1,True,Room,There was no hot water the two nights we slept there,Negative,
560,1,True,Staff,"And even when we complained, they said they took care of it and it wasn't taken care of",Negative,
560,2,True,Location,Excellent location near the airport,Positive,
560,2,True,Location,Good for an overnight stay after a late or early morning flight,Positive,
560,2,True,Room,There was no hot water the two nights we slept there,Negative,
560,2,True,Staff,"And even when we complained, they said they took care of it and it wasn't taken care of",Negative,
560,3,True,Location,Excellent location near the airport,Positive,
560,3,True,Location,Good for an overnight stay after a late or early morning flight,Positive,
560,3,True,Room,There was no hot water the two nights we slept there,Negative,
560,3,True,Staff,"And even when we complained, they said they took care of it and it wasn't taken care of",Negative,
561,1,True,Staff,kindness of the staff,Positive,
561,1,True,Staff,cleanliness,Positive,
561,2,True,Staff,kindness of the staff,Positive,
561,2,True,Staff,cleanliness,Positive,
561,3,True,Staff,kindness of the staff,Positive,
561,3,True,Staff,cleanliness,Positive,
562,1,False,Room,The room is really clean,Positive,
562,1,False,Location,close to Larnaca airport,Positive,
562,1,False,Location,it was really convenient to stop there,Positive,
562,1,False,Water,The water in the bath is cold,Negative,
562,2,False,Room,The room is really clean,Positive,
562,2,False,Location,close to Larnaca airport,Positive,
562,2,False,Location,it was really convenient to stop there,Positive,
562,2,False,Water,The water in the bath is cold,Negative,
562,3,False,Room,The room is really clean,Positive,
562,3,False,Location,close to Larnaca airport,Positive,
562,3,False,Location,it was really convenient to stop there,Positive,
562,3,False,Water,The water in the bath is cold,Negative,
564,1,True,Room,The room was spotless,Positive,
564,1,True,Room,the sheets were musky,Negative,
564,1,True,Staff,The staff is very kind and helpful,Positive,
564,1,True,Check-in,a person at the reception to check in,Positive,
564,2,True,Room,The room was spotless,Positive,
564,2,True,Room,the sheets were musky,Negative,
564,2,True,Staff,The staff is very kind and helpful,Positive,
564,2,True,Check-in,a person at the reception to check in,Positive,
564,3,True,Room,The room was spotless,Positive,
564,3,True,Room,the sheets were musky,Negative,
564,3,True,Staff,The staff is very kind and helpful,Positive,
564,3,True,Check-in,a person at the reception to check in,Positive,
565,1,True,Location,"Location near the airport, near Mackenzie beach - super convenient",Positive,
565,1,True,Food,Delicious breakfasts,Positive,
565,1,True,Staff,attentive staff,Positive,
565,1,True,Room,"Homer comfortable, clean, cleaned every day",Positive,
565,1,True,Staff,The owners of the hotel helped with all questions,Positive,
565,2,True,Location,"Location near the airport, near Mackenzie beach - super convenient",Positive,
565,2,True,Food,Delicious breakfasts,Positive,
565,2,True,Staff,attentive staff,Positive,
565,2,True,Room,"Homer comfortable, clean, cleaned every day",Positive,
565,2,True,Staff,The owners of the hotel helped with all questions,Positive,
565,3,True,Location,"Location near the airport, near Mackenzie beach - super convenient",Positive,
565,3,True,Food,Delicious breakfasts,Positive,
565,3,True,Staff,attentive staff,Positive,
565,3,True,Room,"Homer comfortable, clean, cleaned every day",Positive,
565,3,True,Staff,The owners of the hotel helped with all questions,Positive,
566,1,True,Location,Location close to the airport,Positive,
566,1,True,Staff,Kindness of staff,Positive,
566,1,True,Staff,Staff speaks French,Positive,
566,2,True,Location,Location close to the airport,Positive,
566,2,True,Staff,Kindness of staff,Positive,
566,2,True,Staff,Staff speaks French,Positive,
566,3,True,Location,Location close to the airport,Positive,
566,3,True,Staff,Kindness of staff,Positive,
566,3,True,Staff,Staff speaks French,Positive,
567,1,True,Staff,excellent service,Positive,
567,1,True,Staff,they helped us with everything we needed,Positive,
567,2,True,Staff,excellent service,Positive,
567,2,True,Staff,they helped us with everything we needed,Positive,
567,3,True,Staff,excellent service,Positive,
567,3,True,Staff,they helped us with everything we needed,Positive,
568,1,False,Off,We only had drinks.,Positive,
568,1,False,Taxi,The taxi driver who picked us up for the short drive to the airport ripped us off.,Negative,
568,1,False,Off,Be sure to negotiate the price beforehand.,Positive,
568,1,False,Off,It's your own fault!,Positive,
568,2,False,Off,We only had drinks.,Positive,
568,2,False,Taxi,The taxi driver who picked us up for the short drive to the airport ripped us off.,Negative,
568,2,False,Off,Be sure to negotiate the price beforehand.,Positive,
568,2,False,Off,It's your own fault!,Positive,
568,3,False,Off,We only had drinks.,Positive,
568,3,False,Taxi,The taxi driver who picked us up for the short drive to the airport ripped us off.,Negative,
568,3,False,Off,Be sure to negotiate the price beforehand.,Positive,
568,3,False,Off,It's your own fault!,Positive,
569,1,False,Location,"Excellent location, 7 minutes walk from the boardwalk and the airport",Positive,
569,1,False,Staff,The hotel staff is simply charming and kind!,Positive,
569,1,False,Room,"The hotel was recently renovated, rooms are in new and clean condition",Positive,
569,1,False,Facility,"In addition, there is smart technology, there are electronic buttons to request cleaning for the room, a bell and remote control of the air conditioner if there is a problem.",Positive,
569,1,False,Staff,They upgraded our room for free.,Positive,
569,1,False,Taxi,The hotel put us in touch with a taxi driver who took us to visit the mall and charged us decent prices.,Positive,
569,2,False,Location,"Excellent location, 7 minutes walk from the boardwalk and the airport",Positive,
569,2,False,Staff,The hotel staff is simply charming and kind!,Positive,
569,2,False,Room,"The hotel was recently renovated, rooms are in new and clean condition",Positive,
569,2,False,Facility,"In addition, there is smart technology, there are electronic buttons to request cleaning for the room, a bell and remote control of the air conditioner if there is a problem.",Positive,
569,2,False,Staff,They upgraded our room for free.,Positive,
569,2,False,Taxi,The hotel put us in touch with a taxi driver who took us to visit the mall and charged us decent prices.,Positive,
569,3,False,Location,"Excellent location, 7 minutes walk from the boardwalk and the airport",Positive,
569,3,False,Staff,The hotel staff is simply charming and kind!,Positive,
569,3,False,Room,"The hotel was recently renovated, rooms are in new and clean condition",Positive,
569,3,False,Facility,"In addition, there is smart technology, there are electronic buttons to request cleaning for the room, a bell and remote control of the air conditioner if there is a problem.",Positive,
569,3,False,Staff,They upgraded our room for free.,Positive,
569,3,False,Taxi,The hotel put us in touch with a taxi driver who took us to visit the mall and charged us decent prices.,Positive,
570,1,True,Staff,"Staff very welcoming, kind and very friendly.",Positive,
570,1,True,Room,Everything is clean and perfect.,Positive,
570,2,True,Staff,"Staff very welcoming, kind and very friendly.",Positive,
570,2,True,Room,Everything is clean and perfect.,Positive,
570,3,True,Staff,"Staff very welcoming, kind and very friendly.",Positive,
570,3,True,Room,Everything is clean and perfect.,Positive,
571,1,True,Room,Clean comfortable hotel,Positive,
571,1,True,Food,delicious breakfast,Positive,
571,1,True,Location,To the beach on foot 5 minutes,Positive,
571,2,True,Room,Clean comfortable hotel,Positive,
571,2,True,Food,delicious breakfast,Positive,
571,2,True,Location,To the beach on foot 5 minutes,Positive,
571,3,True,Room,Clean comfortable hotel,Positive,
571,3,True,Food,delicious breakfast,Positive,
571,3,True,Location,To the beach on foot 5 minutes,Positive,
572,1,True,Staff,Friendly people,Positive,
572,1,True,Staff,willing to serve,Positive,
572,1,True,Facility,The elevator,Negative,
572,2,True,Staff,Friendly people,Positive,
572,2,True,Staff,willing to serve,Positive,
572,2,True,Facility,The elevator,Negative,
572,3,True,Staff,Friendly people,Positive,
572,3,True,Staff,willing to serve,Positive,
572,3,True,Facility,The elevator,Negative,
573,1,False,(parse failed),,,json_parse_error: Expecting value: line 1 column 1 (char 0)
573,2,False,(parse failed),,,json_parse_error: Expecting value: line 1 column 1 (char 0)
573,3,False,(parse failed),,,json_parse_error: Expecting value: line 1 column 1 (char 0)
574,1,True,Off,Amazing place!,Positive,
574,2,True,Off,Amazing place!,Positive,
574,3,True,Off,Amazing place!,Positive,
575,1,True,Staff,personal attention,Positive,
575,2,True,Staff,personal attention,Positive,
575,3,True,Staff,personal attention,Positive,
576,1,True,Staff,the workers are very pleasant and attentive,Positive,
576,1,True,Food,"The restaurant service is very good, varied and with good prices",Positive,
576,1,True,Facility,The air conditioning had poor regulation,Negative,
576,2,True,Staff,the workers are very pleasant and attentive,Positive,
576,2,True,Food,"The restaurant service is very good, varied and with good prices",Positive,
576,2,True,Facility,The air conditioning had poor regulation,Negative,
576,3,True,Staff,the workers are very pleasant and attentive,Positive,
576,3,True,Food,"The restaurant service is very good, varied and with good prices",Positive,
576,3,True,Facility,The air conditioning had poor regulation,Negative,
577,1,True,(no annotations found),,,
577,2,True,(no annotations found),,,
577,3,True,(no annotations found),,,
578,1,False,Room,"Good, firm beds and nice air conditioning in the room",Positive,
578,1,False,Staff,the staff: they were very nice,Positive,
578,1,False,Staff,prepared a fantastic breakfast for us,Positive,
578,1,False,Check-in,Self check-in at night was also very easy,Positive,
578,1,False,Taxi,arranged a taxi from the airport to the hotel,Positive,
578,2,False,Room,"Good, firm beds and nice air conditioning in the room",Positive,
578,2,False,Staff,the staff: they were very nice,Positive,
578,2,False,Staff,prepared a fantastic breakfast for us,Positive,
578,2,False,Check-in,Self check-in at night was also very easy,Positive,
578,2,False,Taxi,arranged a taxi from the airport to the hotel,Positive,
578,3,False,Room,"Good, firm beds and nice air conditioning in the room",Positive,
578,3,False,Staff,the staff: they were very nice,Positive,
578,3,False,Staff,prepared a fantastic breakfast for us,Positive,
578,3,False,Check-in,Self check-in at night was also very easy,Positive,
578,3,False,Taxi,arranged a taxi from the airport to the hotel,Positive,
579,1,True,Location,Hotel near airport about 10 minutes drive away,Positive,
579,2,True,Location,Hotel near airport about 10 minutes drive away,Positive,
579,3,True,Location,Hotel near airport about 10 minutes drive away,Positive,
580,1,True,Staff,"an available, pleasant and very professional staff",Positive,
580,2,True,Staff,"an available, pleasant and very professional staff",Positive,
580,3,True,Staff,"an available, pleasant and very professional staff",Positive,
581,1,True,Staff,Welcoming by the staff,Positive,
581,1,True,Room,super clean,Positive,
581,1,True,Location,location,Positive,
581,1,True,Price,price,Positive,
581,1,True,Off,Difficulty finding parking,Negative,
581,2,True,Staff,Welcoming by the staff,Positive,
581,2,True,Room,super clean,Positive,
581,2,True,Location,location,Positive,
581,2,True,Price,price,Positive,
581,2,True,Off,Difficulty finding parking,Negative,
581,3,True,Staff,Welcoming by the staff,Positive,
581,3,True,Room,super clean,Positive,
581,3,True,Location,location,Positive,
581,3,True,Price,price,Positive,
581,3,True,Off,Difficulty finding parking,Negative,
582,1,True,Staff,The reception and availability of staff.,Positive,
582,1,True,Room,The comfort of the room and its layout.,Positive,
582,2,True,Staff,The reception and availability of staff.,Positive,
582,2,True,Room,The comfort of the room and its layout.,Positive,
582,3,True,Staff,The reception and availability of staff.,Positive,
582,3,True,Room,The comfort of the room and its layout.,Positive,
583,1,True,Room,Room comfort.,Positive,
583,2,True,Room,Room comfort.,Positive,
583,3,True,Room,Room comfort.,Positive,
584,1,True,Staff,Very pleasant welcome,Positive,
584,2,True,Staff,Very pleasant welcome,Positive,
584,3,True,Staff,Very pleasant welcome,Positive,
585,1,True,Staff,Very friendly and courteous staff,Positive,
585,1,True,Room,Clean and chic furnishings,Positive,
585,2,True,Staff,Very friendly and courteous staff,Positive,
585,2,True,Room,Clean and chic furnishings,Positive,
585,3,True,Staff,Very friendly and courteous staff,Positive,
585,3,True,Room,Clean and chic furnishings,Positive,
586,1,True,Staff,Friendly and welcoming staff,Positive,
586,1,True,Location,The hotel is close to the airport,Positive,
586,1,True,Location,"Near the sea, promenade and several excellent restaurants",Positive,
586,2,True,Staff,Friendly and welcoming staff,Positive,
586,2,True,Location,The hotel is close to the airport,Positive,
586,2,True,Location,"Near the sea, promenade and several excellent restaurants",Positive,
586,3,True,Staff,Friendly and welcoming staff,Positive,
586,3,True,Location,The hotel is close to the airport,Positive,
586,3,True,Location,"Near the sea, promenade and several excellent restaurants",Positive,
587,1,True,Staff,the employees are nice,Positive,
587,1,True,Facility,clean,Positive,
587,1,True,Location,close to the airport and the beach,Positive,
587,2,True,Staff,the employees are nice,Positive,
587,2,True,Facility,clean,Positive,
587,2,True,Location,close to the airport and the beach,Positive,
587,3,True,Staff,the employees are nice,Positive,
587,3,True,Facility,clean,Positive,
587,3,True,Location,close to the airport and the beach,Positive,
588,1,True,Location,Excellent location close to everything.,Positive,
588,2,True,Location,Excellent location close to everything.,Positive,
588,3,True,Location,Excellent location close to everything.,Positive,
589,1,False,(parse failed),,,json_parse_error: Expecting value: line 1 column 1 (char 0)
589,2,False,(parse failed),,,json_parse_error: Expecting value: line 1 column 1 (char 0)
589,3,False,(parse failed),,,json_parse_error: Expecting value: line 1 column 1 (char 0)
590,1,False,Location,5 minutes from the beach and the airport,Positive,
590,1,False,Room,"crisp white linens, small but cozy and very clean room",Positive,
590,1,False,Staff,very pleasant and helpful staff,Positive,
590,1,False,Price,reasonable price,Positive,
590,2,False,Location,5 minutes from the beach and the airport,Positive,
590,2,False,Room,"crisp white linens, small but cozy and very clean room",Positive,
590,2,False,Staff,very pleasant and helpful staff,Positive,
590,2,False,Price,reasonable price,Positive,
590,3,False,Location,5 minutes from the beach and the airport,Positive,
590,3,False,Room,"crisp white linens, small but cozy and very clean room",Positive,
590,3,False,Staff,very pleasant and helpful staff,Positive,
590,3,False,Price,reasonable price,Positive,
591,1,True,Food,Very varied breakfasts to choose from in the hotel restaurant.,Positive,
591,2,True,Food,Very varied breakfasts to choose from in the hotel restaurant.,Positive,
591,3,True,Food,Very varied breakfasts to choose from in the hotel restaurant.,Positive,
592,1,True,Staff,the service,Positive,
592,2,True,Staff,the service,Positive,
592,3,True,Staff,the service,Positive,
593,1,True,Food,The dishes cooked to order are delicious,Positive,
593,1,True,Food,I recommend eating at Jasmine Garden,Positive,
593,2,True,Food,The dishes cooked to order are delicious,Positive,
593,2,True,Food,I recommend eating at Jasmine Garden,Positive,
593,3,True,Food,The dishes cooked to order are delicious,Positive,
593,3,True,Food,I recommend eating at Jasmine Garden,Positive,
594,1,False,Room,"Newly refurbished, clean and tidy",Positive,
594,1,False,Staff,Nice welcoming staff,Positive,
594,1,False,Check-in,Kindly settled early,Positive,
594,1,False,Food,Delicious dinner at the hotel restaurant,Positive,
594,1,False,Facility,Cozy courtyard,Positive,
594,1,False,Parking,Parking,Positive,
594,1,False,Room,Very uncomfortable folding bed,Negative,
594,1,False,Noise,Noisy at night - airplanes and music from nightclubs,Negative,
594,2,False,Room,"Newly refurbished, clean and tidy",Positive,
594,2,False,Staff,Nice welcoming staff,Positive,
594,2,False,Check-in,Kindly settled early,Positive,
594,2,False,Food,Delicious dinner at the hotel restaurant,Positive,
594,2,False,Facility,Cozy courtyard,Positive,
594,2,False,Parking,Parking,Positive,
594,2,False,Room,Very uncomfortable folding bed,Negative,
594,2,False,Noise,Noisy at night - airplanes and music from nightclubs,Negative,
594,3,False,Room,"Newly refurbished, clean and tidy",Positive,
594,3,False,Staff,Nice welcoming staff,Positive,
594,3,False,Check-in,Kindly settled early,Positive,
594,3,False,Food,Delicious dinner at the hotel restaurant,Positive,
594,3,False,Facility,Cozy courtyard,Positive,
594,3,False,Parking,Parking,Positive,
594,3,False,Room,Very uncomfortable folding bed,Negative,
594,3,False,Noise,Noisy at night - airplanes and music from nightclubs,Negative,
595,1,True,Price,The meal is not included in the price,Positive,
595,2,True,Price,The meal is not included in the price,Positive,
595,3,True,Price,The meal is not included in the price,Positive,
596,1,True,Room,"very clean cheap, modern room",Positive,
596,1,True,Off,Noisy outside,Negative,
596,2,True,Room,"very clean cheap, modern room",Positive,
596,2,True,Off,Noisy outside,Negative,
596,3,True,Room,"very clean cheap, modern room",Positive,
596,3,True,Off,Noisy outside,Negative,
597,1,True,Location,"Excellent location, a few steps from the sea and from via dei premises",Positive,
597,1,True,Food,"Excellent breakfast and meals in the restaurant, all freshly made",Positive,
597,1,True,Room,"Modern and renovated rooms, very comfortable beds",Positive,
597,1,True,Room,Slightly small bathroom but still ok,Negative,
597,2,True,Location,"Excellent location, a few steps from the sea and from via dei premises",Positive,
597,2,True,Food,"Excellent breakfast and meals in the restaurant, all freshly made",Positive,
597,2,True,Room,"Modern and renovated rooms, very comfortable beds",Positive,
597,2,True,Room,Slightly small bathroom but still ok,Negative,
597,3,True,Location,"Excellent location, a few steps from the sea and from via dei premises",Positive,
597,3,True,Food,"Excellent breakfast and meals in the restaurant, all freshly made",Positive,
597,3,True,Room,"Modern and renovated rooms, very comfortable beds",Positive,
597,3,True,Room,Slightly small bathroom but still ok,Negative,
598,1,True,Staff,Very nice staff,Positive,
598,2,True,Staff,Very nice staff,Positive,
598,3,True,Staff,Very nice staff,Positive,
599,1,False,Room,The room is small but everything is new and very clean.,Positive,
599,1,False,Room,Comfortable double bed and crisp white linen.,Positive,
599,1,False,Food,Delicious breakfast in cafe,Positive,
599,1,False,Staff,friendly staff,Positive,
599,1,False,Location,Great transit hotel near the airport,Positive,
599,1,False,Amenity,Side sea view,Positive,
599,1,False,Parking,Parking,Positive,
599,1,False,Room,Noise from a nightclub and not a comfortable cot,Negative,
599,2,False,Room,The room is small but everything is new and very clean.,Positive,
599,2,False,Room,Comfortable double bed and crisp white linen.,Positive,
599,2,False,Food,Delicious breakfast in cafe,Positive,
599,2,False,Staff,friendly staff,Positive,
599,2,False,Location,Great transit hotel near the airport,Positive,
599,2,False,Amenity,Side sea view,Positive,
599,2,False,Parking,Parking,Positive,
599,2,False,Room,Noise from a nightclub and not a comfortable cot,Negative,
599,3,False,Room,The room is small but everything is new and very clean.,Positive,
599,3,False,Room,Comfortable double bed and crisp white linen.,Positive,
599,3,False,Food,Delicious breakfast in cafe,Positive,
599,3,False,Staff,friendly staff,Positive,
599,3,False,Location,Great transit hotel near the airport,Positive,
599,3,False,Amenity,Side sea view,Positive,
599,3,False,Parking,Parking,Positive,
599,3,False,Room,Noise from a nightclub and not a comfortable cot,Negative,
600,1,True,Price,corresponds to the price,Positive,
600,1,True,Room,a small but clean cozy modern hotel,Positive,
600,2,True,Price,corresponds to the price,Positive,
600,2,True,Room,a small but clean cozy modern hotel,Positive,
600,3,True,Price,corresponds to the price,Positive,
600,3,True,Room,a small but clean cozy modern hotel,Positive,
601,1,False,(no annotations found),,,"'' is not one of ['Positive', 'Negative']"
601,2,False,(no annotations found),,,"'' is not one of ['Positive', 'Negative']"
601,3,False,(no annotations found),,,"'' is not one of ['Positive', 'Negative']"
602,1,True,Location,well located for the airport,Positive,
602,1,True,Staff,Excellent welcome,Positive,
602,2,True,Location,well located for the airport,Positive,
602,2,True,Staff,Excellent welcome,Positive,
602,3,True,Location,well located for the airport,Positive,
602,3,True,Staff,Excellent welcome,Positive,
603,1,False,Staff,Friendly staff,Positive,
603,1,False,Accommodation,Very clean accommodation,Positive,
603,1,False,Terrace,Very pleasant terrace in the evening,Positive,
603,1,False,Television,The quality of the television image quite poor,Negative,
603,2,False,Staff,Friendly staff,Positive,
603,2,False,Accommodation,Very clean accommodation,Positive,
603,2,False,Terrace,Very pleasant terrace in the evening,Positive,
603,2,False,Television,The quality of the television image quite poor,Negative,
603,3,False,Staff,Friendly staff,Positive,
603,3,False,Accommodation,Very clean accommodation,Positive,
603,3,False,Terrace,Very pleasant terrace in the evening,Positive,
603,3,False,Television,The quality of the television image quite poor,Negative,
604,1,True,(no annotations found),,,
604,2,True,(no annotations found),,,
604,3,True,(no annotations found),,,
605,1,True,Room,"Comfortable, clean, modern, pleasant.",Positive,
605,1,True,Staff,"The hosts are very nice, they help in everything.",Positive,
605,2,True,Room,"Comfortable, clean, modern, pleasant.",Positive,
605,2,True,Staff,"The hosts are very nice, they help in everything.",Positive,
605,3,True,Room,"Comfortable, clean, modern, pleasant.",Positive,
605,3,True,Staff,"The hosts are very nice, they help in everything.",Positive,
606,1,True,Staff,"Amazing team, thinks of all the details and happy to help",Positive,
606,1,True,Staff,happy to help,Positive,
606,1,True,Check-in,late check-in,Positive,
606,1,True,Facility,electrical adapter,Positive,
606,2,True,Staff,"Amazing team, thinks of all the details and happy to help",Positive,
606,2,True,Staff,happy to help,Positive,
606,2,True,Check-in,late check-in,Positive,
606,2,True,Facility,electrical adapter,Positive,
606,3,True,Staff,"Amazing team, thinks of all the details and happy to help",Positive,
606,3,True,Staff,happy to help,Positive,
606,3,True,Check-in,late check-in,Positive,
606,3,True,Facility,electrical adapter,Positive,
607,1,False,Staff,friendly staff,Positive,
607,1,False,Location,very close to the beach and the airport,Positive,
607,1,False,Location,lots of restaurants nearby,Positive,
607,1,False,Room,The room is not sealed off from the corridor,Negative,
607,1,False,Room,somewhat small and sterile rooms,Negative,
607,2,False,Staff,friendly staff,Positive,
607,2,False,Location,very close to the beach and the airport,Positive,
607,2,False,Location,lots of restaurants nearby,Positive,
607,2,False,Room,The room is not sealed off from the corridor,Negative,
607,2,False,Room,somewhat small and sterile rooms,Negative,
607,3,False,Staff,friendly staff,Positive,
607,3,False,Location,very close to the beach and the airport,Positive,
607,3,False,Location,lots of restaurants nearby,Positive,
607,3,False,Room,The room is not sealed off from the corridor,Negative,
607,3,False,Room,somewhat small and sterile rooms,Negative,
608,1,True,Room,the view from my room.,Negative,
608,1,True,Room,clean and comfortable,Positive,
608,2,True,Room,the view from my room.,Negative,
608,2,True,Room,clean and comfortable,Positive,
608,3,True,Room,the view from my room.,Negative,
608,3,True,Room,clean and comfortable,Positive,
609,1,False,Room,The room was modern with a large and very comfortable bed.,Positive,
609,1,False,Room,The size of the room was just enough to spend one night,Negative,
609,1,False,Price,The price is perhaps a little high,Negative,
609,1,False,Facility,The shower really good.,Positive,
609,1,False,Facility,There was also great quiet,Positive,
609,1,False,Facility,Everything very clean.,Positive,
609,1,False,Closet,The ridiculous closet.,Negative,
609,2,False,Room,The room was modern with a large and very comfortable bed.,Positive,
609,2,False,Room,The size of the room was just enough to spend one night,Negative,
609,2,False,Price,The price is perhaps a little high,Negative,
609,2,False,Facility,The shower really good.,Positive,
609,2,False,Facility,There was also great quiet,Positive,
609,2,False,Facility,Everything very clean.,Positive,
609,2,False,Closet,The ridiculous closet.,Negative,
609,3,False,Room,The room was modern with a large and very comfortable bed.,Positive,
609,3,False,Room,The size of the room was just enough to spend one night,Negative,
609,3,False,Price,The price is perhaps a little high,Negative,
609,3,False,Facility,The shower really good.,Positive,
609,3,False,Facility,There was also great quiet,Positive,
609,3,False,Facility,Everything very clean.,Positive,
609,3,False,Closet,The ridiculous closet.,Negative,
610,1,True,Location,Close to Larnaca airport and 5min walk to the beach,Positive,
610,1,True,Facility,Very quiet hotel with a restaurant in the enclosure which is very good,Positive,
610,1,True,Food,The breakfast on the terrace is very nice too,Positive,
610,2,True,Location,Close to Larnaca airport and 5min walk to the beach,Positive,
610,2,True,Facility,Very quiet hotel with a restaurant in the enclosure which is very good,Positive,
610,2,True,Food,The breakfast on the terrace is very nice too,Positive,
610,3,True,Location,Close to Larnaca airport and 5min walk to the beach,Positive,
610,3,True,Facility,Very quiet hotel with a restaurant in the enclosure which is very good,Positive,
610,3,True,Food,The breakfast on the terrace is very nice too,Positive,
611,1,True,Staff,The kindness and availability of the staff,Positive,
611,1,True,Food,the restaurant offering a good quality of dishes,Positive,
611,1,True,Room,The comfortable and very clean room,Positive,
611,1,True,Location,Proximity to the city center and the beach,Positive,
611,1,True,Price,Very good value for money,Positive,
611,2,True,Staff,The kindness and availability of the staff,Positive,
611,2,True,Food,the restaurant offering a good quality of dishes,Positive,
611,2,True,Room,The comfortable and very clean room,Positive,
611,2,True,Location,Proximity to the city center and the beach,Positive,
611,2,True,Price,Very good value for money,Positive,
611,3,True,Staff,The kindness and availability of the staff,Positive,
611,3,True,Food,the restaurant offering a good quality of dishes,Positive,
611,3,True,Room,The comfortable and very clean room,Positive,
611,3,True,Location,Proximity to the city center and the beach,Positive,
611,3,True,Price,Very good value for money,Positive,
612,1,True,Location,the establishment is really close to the airport,Positive,
612,1,True,Staff,the managers of the hotel are extraordinarily kind and caring,Positive,
612,1,True,Staff,"they speak French and helped us find a rental car at a good price, they accompanied and advised us during our stay",Positive,
612,1,True,Room,the room is nice and well furnished,Positive,
612,1,True,Off,the small downside concerns the light from the outside at certain times,Negative,
612,2,True,Location,the establishment is really close to the airport,Positive,
612,2,True,Staff,the managers of the hotel are extraordinarily kind and caring,Positive,
612,2,True,Staff,"they speak French and helped us find a rental car at a good price, they accompanied and advised us during our stay",Positive,
612,2,True,Room,the room is nice and well furnished,Positive,
612,2,True,Off,the small downside concerns the light from the outside at certain times,Negative,
612,3,True,Location,the establishment is really close to the airport,Positive,
612,3,True,Staff,the managers of the hotel are extraordinarily kind and caring,Positive,
612,3,True,Staff,"they speak French and helped us find a rental car at a good price, they accompanied and advised us during our stay",Positive,
612,3,True,Room,the room is nice and well furnished,Positive,
612,3,True,Off,the small downside concerns the light from the outside at certain times,Negative,
613,1,True,Food,Very good breakfast!,Positive,
613,1,True,Room,Comfortable bed.,Positive,
613,1,True,Staff,Friendly staff.,Positive,
613,1,True,Room,Not all rooms have a balcony.,Negative,
613,1,True,Room,I did not have it.,Negative,
613,2,True,Food,Very good breakfast!,Positive,
613,2,True,Room,Comfortable bed.,Positive,
613,2,True,Staff,Friendly staff.,Positive,
613,2,True,Room,Not all rooms have a balcony.,Negative,
613,2,True,Room,I did not have it.,Negative,
613,3,True,Food,Very good breakfast!,Positive,
613,3,True,Room,Comfortable bed.,Positive,
613,3,True,Staff,Friendly staff.,Positive,
613,3,True,Room,Not all rooms have a balcony.,Negative,
613,3,True,Room,I did not have it.,Negative,
614,1,False,Staff,Very friendly staff,Positive,
614,1,False,Communication,communication with the hotel before our arrival very fluid,Positive,
614,1,False,Room,The rooms are spacious and comfortable,Positive,
614,1,False,Location,"ideally located near the airport, 5min by bus",Positive,
614,1,False,Amenity,2 small bottles of water in the room,Negative,
614,2,False,Staff,Very friendly staff,Positive,
614,2,False,Communication,communication with the hotel before our arrival very fluid,Positive,
614,2,False,Room,The rooms are spacious and comfortable,Positive,
614,2,False,Location,"ideally located near the airport, 5min by bus",Positive,
614,2,False,Amenity,2 small bottles of water in the room,Negative,
614,3,False,Staff,Very friendly staff,Positive,
614,3,False,Communication,communication with the hotel before our arrival very fluid,Positive,
614,3,False,Room,The rooms are spacious and comfortable,Positive,
614,3,False,Location,"ideally located near the airport, 5min by bus",Positive,
614,3,False,Amenity,2 small bottles of water in the room,Negative,
615,1,False,Staff,Very nice staff,Positive,
615,1,False,Hotel,hotel very good,Positive,
615,1,False,Restaurant,restaurant very good,Positive,
615,1,False,Booking-issue,We had ordered a shuttle and thought it was specific to the hotel but it turned out to be just a lambda taxi,Negative,
615,1,False,Off,nobody warned us,Negative,
615,2,False,Staff,Very nice staff,Positive,
615,2,False,Hotel,hotel very good,Positive,
615,2,False,Restaurant,restaurant very good,Positive,
615,2,False,Booking-issue,We had ordered a shuttle and thought it was specific to the hotel but it turned out to be just a lambda taxi,Negative,
615,2,False,Off,nobody warned us,Negative,
615,3,False,Staff,Very nice staff,Positive,
615,3,False,Hotel,hotel very good,Positive,
615,3,False,Restaurant,restaurant very good,Positive,
615,3,False,Booking-issue,We had ordered a shuttle and thought it was specific to the hotel but it turned out to be just a lambda taxi,Negative,
615,3,False,Off,nobody warned us,Negative,
616,1,True,Location,Mackenzie Beach is super easy to reach,Positive,
616,1,True,Staff,Very friendly and helpful hotel staff,Positive,
616,2,True,Location,Mackenzie Beach is super easy to reach,Positive,
616,2,True,Staff,Very friendly and helpful hotel staff,Positive,
616,3,True,Location,Mackenzie Beach is super easy to reach,Positive,
616,3,True,Staff,Very friendly and helpful hotel staff,Positive,
617,1,True,Location,Good central location,Positive,
617,1,True,Staff,Very nice staff,Positive,
617,1,True,Room,Neat small hotel,Positive,
617,1,True,Off,Very noisy,Negative,
617,2,True,Location,Good central location,Positive,
617,2,True,Staff,Very nice staff,Positive,
617,2,True,Room,Neat small hotel,Positive,
617,2,True,Off,Very noisy,Negative,
617,3,True,Location,Good central location,Positive,
617,3,True,Staff,Very nice staff,Positive,
617,3,True,Room,Neat small hotel,Positive,
617,3,True,Off,Very noisy,Negative,
618,1,True,Location,location,Positive,
618,1,True,Off,garbage truck at 3am making a lot of noise,Negative,
618,2,True,Location,location,Positive,
618,2,True,Off,garbage truck at 3am making a lot of noise,Negative,
618,3,True,Location,location,Positive,
618,3,True,Off,garbage truck at 3am making a lot of noise,Negative,
619,1,True,Staff,Excellent welcome by the owner who speaks fluent French,Positive,
619,1,True,Location,extremely well located for the airport and Larnaca salt lake,Positive,
619,1,True,Price,Unbeatable value for money I think,Positive,
619,1,True,Food,Perfect and good dinner,Positive,
619,1,True,Staff,lovely waiter,Positive,
619,2,True,Staff,Excellent welcome by the owner who speaks fluent French,Positive,
619,2,True,Location,extremely well located for the airport and Larnaca salt lake,Positive,
619,2,True,Price,Unbeatable value for money I think,Positive,
619,2,True,Food,Perfect and good dinner,Positive,
619,2,True,Staff,lovely waiter,Positive,
619,3,True,Staff,Excellent welcome by the owner who speaks fluent French,Positive,
619,3,True,Location,extremely well located for the airport and Larnaca salt lake,Positive,
619,3,True,Price,Unbeatable value for money I think,Positive,
619,3,True,Food,Perfect and good dinner,Positive,
619,3,True,Staff,lovely waiter,Positive,
620,1,True,Room,The room has everything you need.,Positive,
620,1,True,Location,Nice clean hotel near the airport.,Positive,
620,1,True,Staff,The staff are friendly and try to help.,Positive,
620,1,True,Room,"I booked a room with one bed, in fact it was 2 separate beds",Negative,
620,1,True,Booking-issue,no one warned about this,Negative,
620,1,True,Off,"it was very uncomfortable for me and my husband to sleep, having moved the mattresses.",Negative,
620,2,True,Room,The room has everything you need.,Positive,
620,2,True,Location,Nice clean hotel near the airport.,Positive,
620,2,True,Staff,The staff are friendly and try to help.,Positive,
620,2,True,Room,"I booked a room with one bed, in fact it was 2 separate beds",Negative,
620,2,True,Booking-issue,no one warned about this,Negative,
620,2,True,Off,"it was very uncomfortable for me and my husband to sleep, having moved the mattresses.",Negative,
620,3,True,Room,The room has everything you need.,Positive,
620,3,True,Location,Nice clean hotel near the airport.,Positive,
620,3,True,Staff,The staff are friendly and try to help.,Positive,
620,3,True,Room,"I booked a room with one bed, in fact it was 2 separate beds",Negative,
620,3,True,Booking-issue,no one warned about this,Negative,
620,3,True,Off,"it was very uncomfortable for me and my husband to sleep, having moved the mattresses.",Negative,
621,1,False,Staff,"The owner of the place is an amazing guy, nice and answers everything!",Positive,
621,1,False,Food,"there are breakfasts, not a big variety but tasty",Positive,
621,2,False,Staff,"The owner of the place is an amazing guy, nice and answers everything!",Positive,
621,2,False,Food,"there are breakfasts, not a big variety but tasty",Positive,
621,3,False,Staff,"The owner of the place is an amazing guy, nice and answers everything!",Positive,
621,3,False,Food,"there are breakfasts, not a big variety but tasty",Positive,
622,1,True,Staff,super friendly staff,Positive,
622,1,True,Room,"clean, modern room",Positive,
622,2,True,Staff,super friendly staff,Positive,
622,2,True,Room,"clean, modern room",Positive,
622,3,True,Staff,super friendly staff,Positive,
622,3,True,Room,"clean, modern room",Positive,
623,1,True,Location,Good location near the airport and the beach.,Positive,
623,1,True,Off,Noisy air conditioning and night traffic in the area.,Negative,
623,2,True,Location,Good location near the airport and the beach.,Positive,
623,2,True,Off,Noisy air conditioning and night traffic in the area.,Negative,
623,3,True,Location,Good location near the airport and the beach.,Positive,
623,3,True,Off,Noisy air conditioning and night traffic in the area.,Negative,
624,1,True,Room,Nice modern room,Positive,
624,1,True,Staff,Boss and family take care of that,Positive,
624,1,True,Facility,Well-being of your guests,Positive,
624,2,True,Room,Nice modern room,Positive,
624,2,True,Staff,Boss and family take care of that,Positive,
624,2,True,Facility,Well-being of your guests,Positive,
624,3,True,Room,Nice modern room,Positive,
624,3,True,Staff,Boss and family take care of that,Positive,
624,3,True,Facility,Well-being of your guests,Positive,
625,1,True,Location,Location very good for airport and beach,Positive,
625,2,True,Location,Location very good for airport and beach,Positive,
625,3,True,Location,Location very good for airport and beach,Positive,
626,1,True,Staff,The most important thing about the hotel is the incredible staff.,Positive,
626,1,True,Food,Definitely recommend trying the food in the restaurant.,Positive,
626,1,True,Food,"We took pasta, pizza, salads and burgers and everything was piping hot and very tasty and homemade.",Positive,
626,1,True,Staff,"The general manager, he is behind the counter in the restaurant, made our holiday",Positive,
626,1,True,Room,"The rooms are clean, air-conditioned, balcony, mini-bar.",Positive,
626,2,True,Staff,The most important thing about the hotel is the incredible staff.,Positive,
626,2,True,Food,Definitely recommend trying the food in the restaurant.,Positive,
626,2,True,Food,"We took pasta, pizza, salads and burgers and everything was piping hot and very tasty and homemade.",Positive,
626,2,True,Staff,"The general manager, he is behind the counter in the restaurant, made our holiday",Positive,
626,2,True,Room,"The rooms are clean, air-conditioned, balcony, mini-bar.",Positive,
626,3,True,Staff,The most important thing about the hotel is the incredible staff.,Positive,
626,3,True,Food,Definitely recommend trying the food in the restaurant.,Positive,
626,3,True,Food,"We took pasta, pizza, salads and burgers and everything was piping hot and very tasty and homemade.",Positive,
626,3,True,Staff,"The general manager, he is behind the counter in the restaurant, made our holiday",Positive,
626,3,True,Room,"The rooms are clean, air-conditioned, balcony, mini-bar.",Positive,
627,1,False,Staff,"I loved the staff, they always greeted us with a smile, they were really nice, they always responded to the help we needed",Positive,
627,1,False,Staff,"they called us a taxi, they didn't charge me again because I lost my room ticket",Positive,
627,1,False,Location,A bit far from the city center,Negative,
627,1,False,Hotel,an aesthetic and clean place with innovative and interesting service,Positive,
627,2,False,Staff,"I loved the staff, they always greeted us with a smile, they were really nice, they always responded to the help we needed",Positive,
627,2,False,Staff,"they called us a taxi, they didn't charge me again because I lost my room ticket",Positive,
627,2,False,Location,A bit far from the city center,Negative,
627,2,False,Hotel,an aesthetic and clean place with innovative and interesting service,Positive,
627,3,False,Staff,"I loved the staff, they always greeted us with a smile, they were really nice, they always responded to the help we needed",Positive,
627,3,False,Staff,"they called us a taxi, they didn't charge me again because I lost my room ticket",Positive,
627,3,False,Location,A bit far from the city center,Negative,
627,3,False,Hotel,an aesthetic and clean place with innovative and interesting service,Positive,
628,1,False,Location,The hotel is located close to the airport,Positive,
628,1,False,Location,The hotel is located close to the city center,Positive,
628,1,False,Room,The rooms were very clean,Positive,
628,1,False,Staff,The staff at the hotel (Tony) was nice,Positive,
628,2,False,Location,The hotel is located close to the airport,Positive,
628,2,False,Location,The hotel is located close to the city center,Positive,
628,2,False,Room,The rooms were very clean,Positive,
628,2,False,Staff,The staff at the hotel (Tony) was nice,Positive,
628,3,False,Location,The hotel is located close to the airport,Positive,
628,3,False,Location,The hotel is located close to the city center,Positive,
628,3,False,Room,The rooms were very clean,Positive,
628,3,False,Staff,The staff at the hotel (Tony) was nice,Positive,
629,1,True,Staff,welcome was pleasant,Positive,
629,1,True,Staff,helped us order a taxi,Positive,
629,2,True,Staff,welcome was pleasant,Positive,
629,2,True,Staff,helped us order a taxi,Positive,
629,3,True,Staff,welcome was pleasant,Positive,
629,3,True,Staff,helped us order a taxi,Positive,
630,1,False,Staff,Very friendly and helpful,Positive,
630,1,False,Wifi,weak at times,Negative,
630,2,False,Staff,Very friendly and helpful,Positive,
630,2,False,Wifi,weak at times,Negative,
630,3,False,Staff,Very friendly and helpful,Positive,
630,3,False,Wifi,weak at times,Negative,
631,1,True,Room,"It was very new, clean and quite modern",Positive,
631,1,True,Price,Excellent price/quality ratio,Positive,
631,2,True,Room,"It was very new, clean and quite modern",Positive,
631,2,True,Price,Excellent price/quality ratio,Positive,
631,3,True,Room,"It was very new, clean and quite modern",Positive,
631,3,True,Price,Excellent price/quality ratio,Positive,
632,1,False,Room,"The room was very nicely furnished and, above all, super clean.",Positive,
632,1,False,Location,The location was also perfect for the trip to the airport the next morning (7:00 am).,Positive,
632,1,False,Location,it was perfect for that.,Positive,
632,1,False,Location,The bus connection to the city center was just around the corner and we were able to get back to the hotel later in the evening without any problems using public transport.,Positive,
632,1,False,Location,Mackenzie Beach is super close and so are lots of cool bars and restaurants.,Positive,
632,2,False,Room,"The room was very nicely furnished and, above all, super clean.",Positive,
632,2,False,Location,The location was also perfect for the trip to the airport the next morning (7:00 am).,Positive,
632,2,False,Location,it was perfect for that.,Positive,
632,2,False,Location,The bus connection to the city center was just around the corner and we were able to get back to the hotel later in the evening without any problems using public transport.,Positive,
632,2,False,Location,Mackenzie Beach is super close and so are lots of cool bars and restaurants.,Positive,
632,3,False,Room,"The room was very nicely furnished and, above all, super clean.",Positive,
632,3,False,Location,The location was also perfect for the trip to the airport the next morning (7:00 am).,Positive,
632,3,False,Location,it was perfect for that.,Positive,
632,3,False,Location,The bus connection to the city center was just around the corner and we were able to get back to the hotel later in the evening without any problems using public transport.,Positive,
632,3,False,Location,Mackenzie Beach is super close and so are lots of cool bars and restaurants.,Positive,
633,1,False,Staff,Very friendly,Positive,
633,1,False,Staff,they waited for us,Positive,
633,1,False,Location,close to the airport,Positive,
633,1,False,Room,Very clean,Positive,
633,2,False,Staff,Very friendly,Positive,
633,2,False,Staff,they waited for us,Positive,
633,2,False,Location,close to the airport,Positive,
633,2,False,Room,Very clean,Positive,
633,3,False,Staff,Very friendly,Positive,
633,3,False,Staff,they waited for us,Positive,
633,3,False,Location,close to the airport,Positive,
633,3,False,Room,Very clean,Positive,
634,1,True,Off,kindness,Positive,
634,2,True,Off,kindness,Positive,
634,3,True,Off,kindness,Positive,
635,1,False,Location,Great location.,Positive,
635,1,False,Location,10 minutes by bus from and to the airport.,Positive,
635,1,False,Location,10 minutes walk to the beach and cafes by the beach.,Positive,
635,1,False,Location,"It takes 40 minutes to walk along the promenade to the city, but it's nice.",Positive,
635,1,False,Staff,The staff is friendly.,Positive,
635,1,False,Hotel,The hotel is good.,Positive,
635,2,False,Location,Great location.,Positive,
635,2,False,Location,10 minutes by bus from and to the airport.,Positive,
635,2,False,Location,10 minutes walk to the beach and cafes by the beach.,Positive,
635,2,False,Location,"It takes 40 minutes to walk along the promenade to the city, but it's nice.",Positive,
635,2,False,Staff,The staff is friendly.,Positive,
635,2,False,Hotel,The hotel is good.,Positive,
635,3,False,Location,Great location.,Positive,
635,3,False,Location,10 minutes by bus from and to the airport.,Positive,
635,3,False,Location,10 minutes walk to the beach and cafes by the beach.,Positive,
635,3,False,Location,"It takes 40 minutes to walk along the promenade to the city, but it's nice.",Positive,
635,3,False,Staff,The staff is friendly.,Positive,
635,3,False,Hotel,The hotel is good.,Positive,
636,1,False,Staff,very friendly staff,Positive,
636,1,False,Hotel,brilliant family hotel,Positive,
636,1,False,Food,excellent! The chef gave a personal touch,Positive,
636,2,False,Staff,very friendly staff,Positive,
636,2,False,Hotel,brilliant family hotel,Positive,
636,2,False,Food,excellent! The chef gave a personal touch,Positive,
636,3,False,Staff,very friendly staff,Positive,
636,3,False,Hotel,brilliant family hotel,Positive,
636,3,False,Food,excellent! The chef gave a personal touch,Positive,
637,1,True,Location,Perfect location to the airport,Positive,
637,1,True,Staff,Very friendly reception,Positive,
637,1,True,Room,Very clean,Positive,
637,2,True,Location,Perfect location to the airport,Positive,
637,2,True,Staff,Very friendly reception,Positive,
637,2,True,Room,Very clean,Positive,
637,3,True,Location,Perfect location to the airport,Positive,
637,3,True,Staff,Very friendly reception,Positive,
637,3,True,Room,Very clean,Positive,
638,1,True,Staff,service and courtesy of the staff,Positive,
638,1,True,Location,Location,Positive,
638,2,True,Staff,service and courtesy of the staff,Positive,
638,2,True,Location,Location,Positive,
638,3,True,Staff,service and courtesy of the staff,Positive,
638,3,True,Location,Location,Positive,
639,1,False,Room,Small beautiful clean room,Positive,
639,1,False,Check-in,They accommodated us with an earlier check-in,Positive,
639,1,False,Check-out,They accommodated us with an earlier check-out,Positive,
639,2,False,Room,Small beautiful clean room,Positive,
639,2,False,Check-in,They accommodated us with an earlier check-in,Positive,
639,2,False,Check-out,They accommodated us with an earlier check-out,Positive,
639,3,False,Room,Small beautiful clean room,Positive,
639,3,False,Check-in,They accommodated us with an earlier check-in,Positive,
639,3,False,Check-out,They accommodated us with an earlier check-out,Positive,
640,1,True,Room,It was very clean.,Positive,
640,1,True,Staff,The host was very nice.,Positive,
640,1,True,Staff,He gave us instructions on how to get to the hotel and then even picked us up at the bus stop because we were very late,Positive,
640,1,True,Room,the humid air in the room.,Negative,
640,1,True,Room,It was very warm. The air conditioning probably didn't work properly,Negative,
640,2,True,Room,It was very clean.,Positive,
640,2,True,Staff,The host was very nice.,Positive,
640,2,True,Staff,He gave us instructions on how to get to the hotel and then even picked us up at the bus stop because we were very late,Positive,
640,2,True,Room,the humid air in the room.,Negative,
640,2,True,Room,It was very warm. The air conditioning probably didn't work properly,Negative,
640,3,True,Room,It was very clean.,Positive,
640,3,True,Staff,The host was very nice.,Positive,
640,3,True,Staff,He gave us instructions on how to get to the hotel and then even picked us up at the bus stop because we were very late,Positive,
640,3,True,Room,the humid air in the room.,Negative,
640,3,True,Room,It was very warm. The air conditioning probably didn't work properly,Negative,
641,1,True,Staff,Very friendly staff,Positive,
641,1,True,Room,Nice room with a nice balcony,Positive,
641,1,True,Location,Quiet and peaceful area,Positive,
641,2,True,Staff,Very friendly staff,Positive,
641,2,True,Room,Nice room with a nice balcony,Positive,
641,2,True,Location,Quiet and peaceful area,Positive,
641,3,True,Staff,Very friendly staff,Positive,
641,3,True,Room,Nice room with a nice balcony,Positive,
641,3,True,Location,Quiet and peaceful area,Positive,
642,1,True,Food,Delicious homemade breakfast,Positive,
642,1,True,Staff,they speak French. Are very caring and welcome you 24 hours a day,Positive,
642,1,True,Location,very close to the airport,Positive,
642,2,True,Food,Delicious homemade breakfast,Positive,
642,2,True,Staff,they speak French. Are very caring and welcome you 24 hours a day,Positive,
642,2,True,Location,very close to the airport,Positive,
642,3,True,Food,Delicious homemade breakfast,Positive,
642,3,True,Staff,they speak French. Are very caring and welcome you 24 hours a day,Positive,
642,3,True,Location,very close to the airport,Positive,
643,1,True,Room,modern room,Positive,
643,1,True,Food,I would like more variety at breakfast.,Negative,
643,1,True,Price,The price to food ratio was disproportionate.,Negative,
643,2,True,Room,modern room,Positive,
643,2,True,Food,I would like more variety at breakfast.,Negative,
643,2,True,Price,The price to food ratio was disproportionate.,Negative,
643,3,True,Room,modern room,Positive,
643,3,True,Food,I would like more variety at breakfast.,Negative,
643,3,True,Price,The price to food ratio was disproportionate.,Negative,
644,1,True,Room,"Very clean, comfortable bed",Positive,
644,1,True,Location,perfect location (near the airport),Positive,
644,1,True,Staff,very friendly welcome,Positive,
644,1,True,Room,very comfortable bed,Positive,
644,1,True,Facility,tea and coffee in the room,Positive,
644,1,True,Facility,hair dryer,Negative,
644,2,True,Room,"Very clean, comfortable bed",Positive,
644,2,True,Location,perfect location (near the airport),Positive,
644,2,True,Staff,very friendly welcome,Positive,
644,2,True,Room,very comfortable bed,Positive,
644,2,True,Facility,tea and coffee in the room,Positive,
644,2,True,Facility,hair dryer,Negative,
644,3,True,Room,"Very clean, comfortable bed",Positive,
644,3,True,Location,perfect location (near the airport),Positive,
644,3,True,Staff,very friendly welcome,Positive,
644,3,True,Room,very comfortable bed,Positive,
644,3,True,Facility,tea and coffee in the room,Positive,
644,3,True,Facility,hair dryer,Negative,
645,1,True,Off,Perfect!,Positive,
645,2,True,Off,Perfect!,Positive,
645,3,True,Off,Perfect!,Positive,
646,1,False,Location,"The hotel is clean, comfortable and a good location.",Positive,
646,1,False,Location,Very close to Salt Lake and Mackenzie Beach.,Positive,
646,1,False,Location,Very close to bus stop.,Positive,
646,1,False,Location,"The hotel is close to the airport, the bus only costs 1.5 euros to and from the airport.",Positive,
646,1,False,Room,The room was wonderful.,Positive,
646,1,False,Staff,The owner of the hotel was very friendly,Positive,
646,1,False,Facility,The shower is wonderful,Positive,
646,1,False,Food,Breakfast can be bought directly at the hotel for only 8 euros.,Positive,
646,2,False,Location,"The hotel is clean, comfortable and a good location.",Positive,
646,2,False,Location,Very close to Salt Lake and Mackenzie Beach.,Positive,
646,2,False,Location,Very close to bus stop.,Positive,
646,2,False,Location,"The hotel is close to the airport, the bus only costs 1.5 euros to and from the airport.",Positive,
646,2,False,Room,The room was wonderful.,Positive,
646,2,False,Staff,The owner of the hotel was very friendly,Positive,
646,2,False,Facility,The shower is wonderful,Positive,
646,2,False,Food,Breakfast can be bought directly at the hotel for only 8 euros.,Positive,
646,3,False,Location,"The hotel is clean, comfortable and a good location.",Positive,
646,3,False,Location,Very close to Salt Lake and Mackenzie Beach.,Positive,
646,3,False,Location,Very close to bus stop.,Positive,
646,3,False,Location,"The hotel is close to the airport, the bus only costs 1.5 euros to and from the airport.",Positive,
646,3,False,Room,The room was wonderful.,Positive,
646,3,False,Staff,The owner of the hotel was very friendly,Positive,
646,3,False,Facility,The shower is wonderful,Positive,
646,3,False,Food,Breakfast can be bought directly at the hotel for only 8 euros.,Positive,
647,1,True,Room,"cleanliness, comfort",Positive,
647,2,True,Room,"cleanliness, comfort",Positive,
647,3,True,Room,"cleanliness, comfort",Positive,
648,1,True,Staff,Nice staff,Positive,
648,1,True,Check-out,just one night to leave early the next day from the airport,Positive,
648,1,True,Facility,Maybe the reception needs improvement,Negative,
648,1,True,Facility,It is very old furniture,Negative,
648,2,True,Staff,Nice staff,Positive,
648,2,True,Check-out,just one night to leave early the next day from the airport,Positive,
648,2,True,Facility,Maybe the reception needs improvement,Negative,
648,2,True,Facility,It is very old furniture,Negative,
648,3,True,Staff,Nice staff,Positive,
648,3,True,Check-out,just one night to leave early the next day from the airport,Positive,
648,3,True,Facility,Maybe the reception needs improvement,Negative,
648,3,True,Facility,It is very old furniture,Negative,
649,1,True,Room,Clean comfortable room,Positive,
649,1,True,Staff,Friendly staff,Positive,
649,1,True,Location,The hotel is located near the airport,Positive,
649,1,True,Room,The room was small,Negative,
649,2,True,Room,Clean comfortable room,Positive,
649,2,True,Staff,Friendly staff,Positive,
649,2,True,Location,The hotel is located near the airport,Positive,
649,2,True,Room,The room was small,Negative,
649,3,True,Room,Clean comfortable room,Positive,
649,3,True,Staff,Friendly staff,Positive,
649,3,True,Location,The hotel is located near the airport,Positive,
649,3,True,Room,The room was small,Negative,
650,1,False,Location,cozy hotel in a quiet location,Positive,
650,1,False,Location,walking distance to the beach,Positive,
650,1,False,Room,The room is very clean,Positive,
650,1,False,Room,comfortable mattresses,Positive,
650,1,False,Room,excellent clean bedding,Positive,
650,1,False,Staff,very polite and pleasant staff,Positive,
650,1,False,Food,we took breakfast once,Positive,
650,2,False,Location,cozy hotel in a quiet location,Positive,
650,2,False,Location,walking distance to the beach,Positive,
650,2,False,Room,The room is very clean,Positive,
650,2,False,Room,comfortable mattresses,Positive,
650,2,False,Room,excellent clean bedding,Positive,
650,2,False,Staff,very polite and pleasant staff,Positive,
650,2,False,Food,we took breakfast once,Positive,
650,3,False,Location,cozy hotel in a quiet location,Positive,
650,3,False,Location,walking distance to the beach,Positive,
650,3,False,Room,The room is very clean,Positive,
650,3,False,Room,comfortable mattresses,Positive,
650,3,False,Room,excellent clean bedding,Positive,
650,3,False,Staff,very polite and pleasant staff,Positive,
650,3,False,Food,we took breakfast once,Positive,
651,1,True,Staff,Pleasant staff,Positive,
651,2,True,Staff,Pleasant staff,Positive,
651,3,True,Staff,Pleasant staff,Positive,
652,1,False,Cleanliness,Cleanliness 10/10!,Positive,
652,1,False,Accommodation,the accommodation is perfect,Positive,
652,1,False,Location,close to the airport,Positive,
652,2,False,Cleanliness,Cleanliness 10/10!,Positive,
652,2,False,Accommodation,the accommodation is perfect,Positive,
652,2,False,Location,close to the airport,Positive,
652,3,False,Cleanliness,Cleanliness 10/10!,Positive,
652,3,False,Accommodation,the accommodation is perfect,Positive,
652,3,False,Location,close to the airport,Positive,
653,1,True,Staff,Very nice staff,Positive,
653,1,True,Room,comfortable beds,Positive,
653,1,True,Facility,great shower,Positive,
653,1,True,Location,close to the airport,Positive,
653,1,True,Location,near the lake with flamingos,Positive,
653,2,True,Staff,Very nice staff,Positive,
653,2,True,Room,comfortable beds,Positive,
653,2,True,Facility,great shower,Positive,
653,2,True,Location,close to the airport,Positive,
653,2,True,Location,near the lake with flamingos,Positive,
653,3,True,Staff,Very nice staff,Positive,
653,3,True,Room,comfortable beds,Positive,
653,3,True,Facility,great shower,Positive,
653,3,True,Location,close to the airport,Positive,
653,3,True,Location,near the lake with flamingos,Positive,
654,1,False,Room,"clean, comfortable, with a soft bed",Positive,
654,1,False,Staff,friendly staff,Positive,
654,1,False,Facility,veranda,Positive,
654,1,False,Food,cappuccino,Positive,
654,1,False,Room,soft bed,Positive,
654,1,False,Room,clean,Positive,
654,1,False,Off,did not use pool,Neutral,
654,1,False,Room,mirrors distorted image,Negative,
654,2,False,Room,"clean, comfortable, with a soft bed",Positive,
654,2,False,Staff,friendly staff,Positive,
654,2,False,Facility,veranda,Positive,
654,2,False,Food,cappuccino,Positive,
654,2,False,Room,soft bed,Positive,
654,2,False,Room,clean,Positive,
654,2,False,Off,did not use pool,Neutral,
654,2,False,Room,mirrors distorted image,Negative,
654,3,False,Room,"clean, comfortable, with a soft bed",Positive,
654,3,False,Staff,friendly staff,Positive,
654,3,False,Facility,veranda,Positive,
654,3,False,Food,cappuccino,Positive,
654,3,False,Room,soft bed,Positive,
654,3,False,Room,clean,Positive,
654,3,False,Off,did not use pool,Neutral,
654,3,False,Room,mirrors distorted image,Negative,
655,1,True,Staff,Very warm and caring welcome,Positive,
655,1,True,Room,"The room was very well equipped, clean, comfortable",Positive,
655,1,True,Location,"The hotel is not far from the airport, but a bit far from city center",Negative,
655,2,True,Staff,Very warm and caring welcome,Positive,
655,2,True,Room,"The room was very well equipped, clean, comfortable",Positive,
655,2,True,Location,"The hotel is not far from the airport, but a bit far from city center",Negative,
655,3,True,Staff,Very warm and caring welcome,Positive,
655,3,True,Room,"The room was very well equipped, clean, comfortable",Positive,
655,3,True,Location,"The hotel is not far from the airport, but a bit far from city center",Negative,
656,1,False,Staff,nice staff,Positive,
656,1,False,Room,room very clean,Positive,
656,1,False,Lobby,lobby very clean,Positive,
656,2,False,Staff,nice staff,Positive,
656,2,False,Room,room very clean,Positive,
656,2,False,Lobby,lobby very clean,Positive,
656,3,False,Staff,nice staff,Positive,
656,3,False,Room,room very clean,Positive,
656,3,False,Lobby,lobby very clean,Positive,
657,1,True,Staff,Friendly staff,Positive,
657,1,True,Room,nice rooms,Positive,
657,1,True,Off,cleanliness,Positive,
657,2,True,Staff,Friendly staff,Positive,
657,2,True,Room,nice rooms,Positive,
657,2,True,Off,cleanliness,Positive,
657,3,True,Staff,Friendly staff,Positive,
657,3,True,Room,nice rooms,Positive,
657,3,True,Off,cleanliness,Positive,
658,1,False,Food,delicious food,Positive,
658,1,False,Staff,the owner takes care of the guests,Positive,
658,1,False,Atmosphere,Nice homely atmosphere,Positive,
658,2,False,Food,delicious food,Positive,
658,2,False,Staff,the owner takes care of the guests,Positive,
658,2,False,Atmosphere,Nice homely atmosphere,Positive,
658,3,False,Food,delicious food,Positive,
658,3,False,Staff,the owner takes care of the guests,Positive,
658,3,False,Atmosphere,Nice homely atmosphere,Positive,
659,1,True,Room,"It was the cleanest room I've ever been, cleanliness is top notch, cleaned every day, down to the taps, towels and white bedding",Positive,
659,1,True,Staff,"The staff is excellent, everyone is definitely polite and smiling",Positive,
659,1,True,Room,any problems are solved instantly,Positive,
659,1,True,Off,"very noisy, the area is ringing, the sounds accumulate with terrible force. At night, I constantly woke up either from the sounds of airplanes, or from passing cars or a slamming trunk, earplugs did not save",Negative,
659,2,True,Room,"It was the cleanest room I've ever been, cleanliness is top notch, cleaned every day, down to the taps, towels and white bedding",Positive,
659,2,True,Staff,"The staff is excellent, everyone is definitely polite and smiling",Positive,
659,2,True,Room,any problems are solved instantly,Positive,
659,2,True,Off,"very noisy, the area is ringing, the sounds accumulate with terrible force. At night, I constantly woke up either from the sounds of airplanes, or from passing cars or a slamming trunk, earplugs did not save",Negative,
659,3,True,Room,"It was the cleanest room I've ever been, cleanliness is top notch, cleaned every day, down to the taps, towels and white bedding",Positive,
659,3,True,Staff,"The staff is excellent, everyone is definitely polite and smiling",Positive,
659,3,True,Room,any problems are solved instantly,Positive,
659,3,True,Off,"very noisy, the area is ringing, the sounds accumulate with terrible force. At night, I constantly woke up either from the sounds of airplanes, or from passing cars or a slamming trunk, earplugs did not save",Negative,
660,1,False,Staff,Very available and caring for his customers,Positive,
660,1,False,Room,The rooms are very well equipped,Positive,
660,1,False,Food,the breakfast very good and plentiful,Positive,
660,1,False,Service,a shuttle taxi to the hotel was waiting for us,Positive,
660,1,False,Facility,"allowed us, at no extra cost, a late arrival and a late departure",Positive,
660,2,False,Staff,Very available and caring for his customers,Positive,
660,2,False,Room,The rooms are very well equipped,Positive,
660,2,False,Food,the breakfast very good and plentiful,Positive,
660,2,False,Service,a shuttle taxi to the hotel was waiting for us,Positive,
660,2,False,Facility,"allowed us, at no extra cost, a late arrival and a late departure",Positive,
660,3,False,Staff,Very available and caring for his customers,Positive,
660,3,False,Room,The rooms are very well equipped,Positive,
660,3,False,Food,the breakfast very good and plentiful,Positive,
660,3,False,Service,a shuttle taxi to the hotel was waiting for us,Positive,
660,3,False,Facility,"allowed us, at no extra cost, a late arrival and a late departure",Positive,
661,1,False,Room,small but modern rooms,Positive,
661,1,False,Location,Proximity to the airport,Positive,
661,1,False,Bed,good bed,Positive,
661,1,False,Bathroom,very good bathroom,Positive,
661,1,False,Noise,Those who sleep lightly will be disturbed by the aircraft noise,Negative,
661,2,False,Room,small but modern rooms,Positive,
661,2,False,Location,Proximity to the airport,Positive,
661,2,False,Bed,good bed,Positive,
661,2,False,Bathroom,very good bathroom,Positive,
661,2,False,Noise,Those who sleep lightly will be disturbed by the aircraft noise,Negative,
661,3,False,Room,small but modern rooms,Positive,
661,3,False,Location,Proximity to the airport,Positive,
661,3,False,Bed,good bed,Positive,
661,3,False,Bathroom,very good bathroom,Positive,
661,3,False,Noise,Those who sleep lightly will be disturbed by the aircraft noise,Negative,
662,1,False,Staff,very helpful staff,Positive,
662,1,False,Facility,parking in the hotel area,Positive,
662,1,False,Facility,a beautiful beach within walking distance,Positive,
662,1,False,Accommodation,Nice accommodation,Positive,
662,1,False,Accommodation,Beautiful accommodation,Positive,
662,2,False,Staff,very helpful staff,Positive,
662,2,False,Facility,parking in the hotel area,Positive,
662,2,False,Facility,a beautiful beach within walking distance,Positive,
662,2,False,Accommodation,Nice accommodation,Positive,
662,2,False,Accommodation,Beautiful accommodation,Positive,
662,3,False,Staff,very helpful staff,Positive,
662,3,False,Facility,parking in the hotel area,Positive,
662,3,False,Facility,a beautiful beach within walking distance,Positive,
662,3,False,Accommodation,Nice accommodation,Positive,
662,3,False,Accommodation,Beautiful accommodation,Positive,
663,1,False,Location,near the airport,Positive,
663,1,False,Location,close to the beach,Positive,
663,1,False,Peace,"Great, modern design",Positive,
663,1,False,Peace,"comfortable bed, clean, large with a balcony",Positive,
663,1,False,Peace,large bathroom with shower,Positive,
663,1,False,Peace,equipped with a kettle plus a welcome pack,Positive,
663,1,False,Breakfast,served on site,Positive,
663,1,False,Breakfast,"delicious, homemade Greek taste",Positive,
663,2,False,Location,near the airport,Positive,
663,2,False,Location,close to the beach,Positive,
663,2,False,Peace,"Great, modern design",Positive,
663,2,False,Peace,"comfortable bed, clean, large with a balcony",Positive,
663,2,False,Peace,large bathroom with shower,Positive,
663,2,False,Peace,equipped with a kettle plus a welcome pack,Positive,
663,2,False,Breakfast,served on site,Positive,
663,2,False,Breakfast,"delicious, homemade Greek taste",Positive,
663,3,False,Location,near the airport,Positive,
663,3,False,Location,close to the beach,Positive,
663,3,False,Peace,"Great, modern design",Positive,
663,3,False,Peace,"comfortable bed, clean, large with a balcony",Positive,
663,3,False,Peace,large bathroom with shower,Positive,
663,3,False,Peace,equipped with a kettle plus a welcome pack,Positive,
663,3,False,Breakfast,served on site,Positive,
663,3,False,Breakfast,"delicious, homemade Greek taste",Positive,
664,1,True,Staff,The reception of the staff,Positive,
664,1,True,Room,the cleanliness and the quality of the room,Positive,
664,2,True,Staff,The reception of the staff,Positive,
664,2,True,Room,the cleanliness and the quality of the room,Positive,
664,3,True,Staff,The reception of the staff,Positive,
664,3,True,Room,the cleanliness and the quality of the room,Positive,
665,1,False,(parse failed),,,json_parse_error: Expecting value: line 1 column 1 (char 0)
665,2,False,(parse failed),,,json_parse_error: Expecting value: line 1 column 1 (char 0)
665,3,False,(parse failed),,,json_parse_error: Expecting value: line 1 column 1 (char 0)
666,1,False,Location,Great location as I arrived very late and just wanted to sleep.,Positive,
666,1,False,Staff,very friendly and helpful staff/owners,Positive,
666,1,False,Bed,bed a bit uncomfortable,Negative,
666,1,False,Taxi,organized taxi came too late,Negative,
666,2,False,Location,Great location as I arrived very late and just wanted to sleep.,Positive,
666,2,False,Staff,very friendly and helpful staff/owners,Positive,
666,2,False,Bed,bed a bit uncomfortable,Negative,
666,2,False,Taxi,organized taxi came too late,Negative,
666,3,False,Location,Great location as I arrived very late and just wanted to sleep.,Positive,
666,3,False,Staff,very friendly and helpful staff/owners,Positive,
666,3,False,Bed,bed a bit uncomfortable,Negative,
666,3,False,Taxi,organized taxi came too late,Negative,
667,1,False,Room,Very clean new room,Positive,
667,1,False,Room,perfect bed and towels,Positive,
667,1,False,Location,close location to the bus stop,Positive,
667,1,False,Staff,friendly staff,Positive,
667,1,False,Location,10 minutes to the center and 5 minutes to the airport,Positive,
667,1,False,Off,"Mackenzie Beach is very noisy, windy, did not like it",Negative,
667,2,False,Room,Very clean new room,Positive,
667,2,False,Room,perfect bed and towels,Positive,
667,2,False,Location,close location to the bus stop,Positive,
667,2,False,Staff,friendly staff,Positive,
667,2,False,Location,10 minutes to the center and 5 minutes to the airport,Positive,
667,2,False,Off,"Mackenzie Beach is very noisy, windy, did not like it",Negative,
667,3,False,Room,Very clean new room,Positive,
667,3,False,Room,perfect bed and towels,Positive,
667,3,False,Location,close location to the bus stop,Positive,
667,3,False,Staff,friendly staff,Positive,
667,3,False,Location,10 minutes to the center and 5 minutes to the airport,Positive,
667,3,False,Off,"Mackenzie Beach is very noisy, windy, did not like it",Negative,
668,1,True,Location,location,Positive,
668,1,True,Off,calm,Positive,
668,2,True,Location,location,Positive,
668,2,True,Off,calm,Positive,
668,3,True,Location,location,Positive,
668,3,True,Off,calm,Positive,
669,1,False,Room,Very nice room,Positive,
669,1,False,Facility,a kettle and a microwave,Positive,
669,1,False,Room,a spacious bath,Positive,
669,1,False,View,a view of the beautiful houses,Positive,
669,1,False,Food,Delicious breakfast,Positive,
669,1,False,Service,"On request, transfer from the airport and to the airport",Positive,
669,2,False,Room,Very nice room,Positive,
669,2,False,Facility,a kettle and a microwave,Positive,
669,2,False,Room,a spacious bath,Positive,
669,2,False,View,a view of the beautiful houses,Positive,
669,2,False,Food,Delicious breakfast,Positive,
669,2,False,Service,"On request, transfer from the airport and to the airport",Positive,
669,3,False,Room,Very nice room,Positive,
669,3,False,Facility,a kettle and a microwave,Positive,
669,3,False,Room,a spacious bath,Positive,
669,3,False,View,a view of the beautiful houses,Positive,
669,3,False,Food,Delicious breakfast,Positive,
669,3,False,Service,"On request, transfer from the airport and to the airport",Positive,
670,1,False,Room,The exceptional welcome,Positive,
670,1,False,Location,Proximity to the airport,Positive,
670,1,False,Location,A nearby bus stop provides access to the city center and the airport,Positive,
670,1,False,Room,The cleanliness and design of the room,Positive,
670,1,False,Room,The room is noisier than those facing the back,Negative,
670,2,False,Room,The exceptional welcome,Positive,
670,2,False,Location,Proximity to the airport,Positive,
670,2,False,Location,A nearby bus stop provides access to the city center and the airport,Positive,
670,2,False,Room,The cleanliness and design of the room,Positive,
670,2,False,Room,The room is noisier than those facing the back,Negative,
670,3,False,Room,The exceptional welcome,Positive,
670,3,False,Location,Proximity to the airport,Positive,
670,3,False,Location,A nearby bus stop provides access to the city center and the airport,Positive,
670,3,False,Room,The cleanliness and design of the room,Positive,
670,3,False,Room,The room is noisier than those facing the back,Negative,
671,1,True,Room,Pleasantly surprised as the hotel appears to have been renovated.,Positive,
671,1,True,Facility,Unfortunately the pool was closed.,Negative,
671,2,True,Room,Pleasantly surprised as the hotel appears to have been renovated.,Positive,
671,2,True,Facility,Unfortunately the pool was closed.,Negative,
671,3,True,Room,Pleasantly surprised as the hotel appears to have been renovated.,Positive,
671,3,True,Facility,Unfortunately the pool was closed.,Negative,
672,1,True,Food,Breakfast was good,Positive,
672,2,True,Food,Breakfast was good,Positive,
672,3,True,Food,Breakfast was good,Positive,
673,1,True,Staff,Very friendly staff,Positive,
673,1,True,Location,good walking distance to Mackenzie Beach,Positive,
673,1,True,Food,We can highly recommend the breakfast offered,Positive,
673,1,True,Facility,Free parking in front of the hotel along the street,Positive,
673,2,True,Staff,Very friendly staff,Positive,
673,2,True,Location,good walking distance to Mackenzie Beach,Positive,
673,2,True,Food,We can highly recommend the breakfast offered,Positive,
673,2,True,Facility,Free parking in front of the hotel along the street,Positive,
673,3,True,Staff,Very friendly staff,Positive,
673,3,True,Location,good walking distance to Mackenzie Beach,Positive,
673,3,True,Food,We can highly recommend the breakfast offered,Positive,
673,3,True,Facility,Free parking in front of the hotel along the street,Positive,
674,1,True,Staff,Very competent staff,Positive,
674,2,True,Staff,Very competent staff,Positive,
674,3,True,Staff,Very competent staff,Positive,
675,1,True,Staff,friendly service,Positive,
675,1,True,Room,Very well-kept hotel,Positive,
675,1,True,Facility,very comfortable mattresses,Positive,
675,1,True,Facility,"fridge, kettle, very modern new equipment",Positive,
675,2,True,Staff,friendly service,Positive,
675,2,True,Room,Very well-kept hotel,Positive,
675,2,True,Facility,very comfortable mattresses,Positive,
675,2,True,Facility,"fridge, kettle, very modern new equipment",Positive,
675,3,True,Staff,friendly service,Positive,
675,3,True,Room,Very well-kept hotel,Positive,
675,3,True,Facility,very comfortable mattresses,Positive,
675,3,True,Facility,"fridge, kettle, very modern new equipment",Positive,
676,1,False,Room,"The room has a refrigerator, kettle, mugs (small), safe (did not use), TV (2 channels in the local language, netflix and browser)",Positive,
676,1,False,Staff,"SUPER!!! Responsive, kind people, you feel at home",Positive,
676,1,False,Location,"Near the salt lake, about 10 minutes walk",Positive,
676,1,False,Location,5-6 minutes to the sea,Positive,
676,1,False,Location,"Near the airport about 4 km, by bus or car for 5-6 minutes",Positive,
676,1,False,Facility,The shower has no door or curtain,Negative,
676,1,False,Facility,"While taking a shower, drops fall on the floor",Negative,
676,1,False,Facility,"Wi-fi is enough for a phone, not enough for a laptop",Negative,
676,2,False,Room,"The room has a refrigerator, kettle, mugs (small), safe (did not use), TV (2 channels in the local language, netflix and browser)",Positive,
676,2,False,Staff,"SUPER!!! Responsive, kind people, you feel at home",Positive,
676,2,False,Location,"Near the salt lake, about 10 minutes walk",Positive,
676,2,False,Location,5-6 minutes to the sea,Positive,
676,2,False,Location,"Near the airport about 4 km, by bus or car for 5-6 minutes",Positive,
676,2,False,Facility,The shower has no door or curtain,Negative,
676,2,False,Facility,"While taking a shower, drops fall on the floor",Negative,
676,2,False,Facility,"Wi-fi is enough for a phone, not enough for a laptop",Negative,
676,3,False,Room,"The room has a refrigerator, kettle, mugs (small), safe (did not use), TV (2 channels in the local language, netflix and browser)",Positive,
676,3,False,Staff,"SUPER!!! Responsive, kind people, you feel at home",Positive,
676,3,False,Location,"Near the salt lake, about 10 minutes walk",Positive,
676,3,False,Location,5-6 minutes to the sea,Positive,
676,3,False,Location,"Near the airport about 4 km, by bus or car for 5-6 minutes",Positive,
676,3,False,Facility,The shower has no door or curtain,Negative,
676,3,False,Facility,"While taking a shower, drops fall on the floor",Negative,
676,3,False,Facility,"Wi-fi is enough for a phone, not enough for a laptop",Negative,
677,1,True,Staff,very kind and welcoming,Positive,
677,1,True,Facility,structure ok for the sea,Positive,
677,2,True,Staff,very kind and welcoming,Positive,
677,2,True,Facility,structure ok for the sea,Positive,
677,3,True,Staff,very kind and welcoming,Positive,
677,3,True,Facility,structure ok for the sea,Positive,
678,1,True,Location,Good hotel next to Mackenzie beach and especially the airport,Positive,
678,1,True,Location,It is 5 minutes by car,Positive,
678,2,True,Location,Good hotel next to Mackenzie beach and especially the airport,Positive,
678,2,True,Location,It is 5 minutes by car,Positive,
678,3,True,Location,Good hotel next to Mackenzie beach and especially the airport,Positive,
678,3,True,Location,It is 5 minutes by car,Positive,
679,1,False,(parse failed),,,json_parse_error: Expecting value: line 1 column 1 (char 0)
679,2,False,(parse failed),,,json_parse_error: Expecting value: line 1 column 1 (char 0)
679,3,False,(parse failed),,,json_parse_error: Expecting value: line 1 column 1 (char 0)
680,1,False,Location,500 meters from the beach,Positive,
680,1,False,Location,30' on foot from the town center,Positive,
680,1,False,Staff,Very nice hosts,Positive,
680,1,False,Facility,clean establishment,Positive,
680,2,False,Location,500 meters from the beach,Positive,
680,2,False,Location,30' on foot from the town center,Positive,
680,2,False,Staff,Very nice hosts,Positive,
680,2,False,Facility,clean establishment,Positive,
680,3,False,Location,500 meters from the beach,Positive,
680,3,False,Location,30' on foot from the town center,Positive,
680,3,False,Staff,Very nice hosts,Positive,
680,3,False,Facility,clean establishment,Positive,
681,1,True,Staff,good staff,Positive,
681,1,True,Location,excellent location,Positive,
681,1,True,Facility,bus stops nearby,Positive,
681,1,True,Off,"In addition to liquid soap, no other means. Bring along shampoos, soaps, gels, etc.",Negative,
681,2,True,Staff,good staff,Positive,
681,2,True,Location,excellent location,Positive,
681,2,True,Facility,bus stops nearby,Positive,
681,2,True,Off,"In addition to liquid soap, no other means. Bring along shampoos, soaps, gels, etc.",Negative,
681,3,True,Staff,good staff,Positive,
681,3,True,Location,excellent location,Positive,
681,3,True,Facility,bus stops nearby,Positive,
681,3,True,Off,"In addition to liquid soap, no other means. Bring along shampoos, soaps, gels, etc.",Negative,
682,1,True,Location,proximity to the airport,Positive,
682,2,True,Location,proximity to the airport,Positive,
682,3,True,Location,proximity to the airport,Positive,
683,1,True,Staff,very friendly staff,Positive,
683,1,True,Room,Clean and modern hotel,Positive,
683,2,True,Staff,very friendly staff,Positive,
683,2,True,Room,Clean and modern hotel,Positive,
683,3,True,Staff,very friendly staff,Positive,
683,3,True,Room,Clean and modern hotel,Positive,
684,1,True,Off,"The terrace, the sympathy of the restaurant manager",Positive,
684,1,True,Off,The noise of the discotheque,Negative,
684,2,True,Off,"The terrace, the sympathy of the restaurant manager",Positive,
684,2,True,Off,The noise of the discotheque,Negative,
684,3,True,Off,"The terrace, the sympathy of the restaurant manager",Positive,
684,3,True,Off,The noise of the discotheque,Negative,
685,1,False,Location,Excellent location,Positive,
685,1,False,Cleanliness,perfect cleanliness,Positive,
685,1,False,Food,excellent breakfasts,Positive,
685,1,False,Service,super service,Positive,
685,2,False,Location,Excellent location,Positive,
685,2,False,Cleanliness,perfect cleanliness,Positive,
685,2,False,Food,excellent breakfasts,Positive,
685,2,False,Service,super service,Positive,
685,3,False,Location,Excellent location,Positive,
685,3,False,Cleanliness,perfect cleanliness,Positive,
685,3,False,Food,excellent breakfasts,Positive,
685,3,False,Service,super service,Positive,
686,1,True,Staff,Very friendly reception.,Positive,
686,1,True,Room,Nice quiet room.,Positive,
686,2,True,Staff,Very friendly reception.,Positive,
686,2,True,Room,Nice quiet room.,Positive,
686,3,True,Staff,Very friendly reception.,Positive,
686,3,True,Room,Nice quiet room.,Positive,
687,1,True,Staff,Excellent service staff.,Positive,
687,1,True,Staff,The owner and staff are always ready to help.,Positive,
687,1,True,Location,From the hotel to the beach is relatively close.,Positive,
687,1,True,Location,There is a bus stop nearby,Positive,
687,1,True,Food,monotonous breakfast.,Negative,
687,2,True,Staff,Excellent service staff.,Positive,
687,2,True,Staff,The owner and staff are always ready to help.,Positive,
687,2,True,Location,From the hotel to the beach is relatively close.,Positive,
687,2,True,Location,There is a bus stop nearby,Positive,
687,2,True,Food,monotonous breakfast.,Negative,
687,3,True,Staff,Excellent service staff.,Positive,
687,3,True,Staff,The owner and staff are always ready to help.,Positive,
687,3,True,Location,From the hotel to the beach is relatively close.,Positive,
687,3,True,Location,There is a bus stop nearby,Positive,
687,3,True,Food,monotonous breakfast.,Negative,
688,1,True,Staff,Very nice owner,Positive,
688,1,True,Location,close to the beach,Positive,
688,2,True,Staff,Very nice owner,Positive,
688,2,True,Location,close to the beach,Positive,
688,3,True,Staff,Very nice owner,Positive,
688,3,True,Location,close to the beach,Positive,
689,1,False,Taxi,When the booked taxi didn't show up at 3 in the morning,Negative,
689,1,False,Owner,the Htl owner drove me to the airport himself,Positive,
689,2,False,Taxi,When the booked taxi didn't show up at 3 in the morning,Negative,
689,2,False,Owner,the Htl owner drove me to the airport himself,Positive,
689,3,False,Taxi,When the booked taxi didn't show up at 3 in the morning,Negative,
689,3,False,Owner,the Htl owner drove me to the airport himself,Positive,
690,1,False,(parse failed),,,json_parse_error: Expecting value: line 1 column 1 (char 0)
690,2,False,(parse failed),,,json_parse_error: Expecting value: line 1 column 1 (char 0)
690,3,False,(parse failed),,,json_parse_error: Expecting value: line 1 column 1 (char 0)
691,1,True,Staff,Nice and kind staff,Positive,
691,1,True,Facility,Plenty of parking,Positive,
691,1,True,Room,very clean,Positive,
691,2,True,Staff,Nice and kind staff,Positive,
691,2,True,Facility,Plenty of parking,Positive,
691,2,True,Room,very clean,Positive,
691,3,True,Staff,Nice and kind staff,Positive,
691,3,True,Facility,Plenty of parking,Positive,
691,3,True,Room,very clean,Positive,
692,1,True,Staff,Very helpful staff,Positive,
692,1,True,Staff,ask at the reception,Positive,
692,1,True,Room,Quilts too warm for summer,Negative,
692,2,True,Staff,Very helpful staff,Positive,
692,2,True,Staff,ask at the reception,Positive,
692,2,True,Room,Quilts too warm for summer,Negative,
692,3,True,Staff,Very helpful staff,Positive,
692,3,True,Staff,ask at the reception,Positive,
692,3,True,Room,Quilts too warm for summer,Negative,
693,1,True,Location,Hotel rather well placed,Positive,
693,1,True,Facility,swimming pool,Positive,
693,1,True,Food,Fridge filled with drinks and delicacies,Positive,
693,1,True,Off,Too bad the swimming pool is not indicated on the booking site and at the reception of the hotel,Negative,
693,2,True,Location,Hotel rather well placed,Positive,
693,2,True,Facility,swimming pool,Positive,
693,2,True,Food,Fridge filled with drinks and delicacies,Positive,
693,2,True,Off,Too bad the swimming pool is not indicated on the booking site and at the reception of the hotel,Negative,
693,3,True,Location,Hotel rather well placed,Positive,
693,3,True,Facility,swimming pool,Positive,
693,3,True,Food,Fridge filled with drinks and delicacies,Positive,
693,3,True,Off,Too bad the swimming pool is not indicated on the booking site and at the reception of the hotel,Negative,
694,1,False,Location,Close to the airport,Positive,
694,1,False,Staff,The hosts are very friendly,Positive,
694,1,False,Room,The room is very very small,Negative,
694,1,False,Area,The area near the hotel is a wasteland,Negative,
694,1,False,Food,Never had such a terrible dinner,Negative,
694,2,False,Location,Close to the airport,Positive,
694,2,False,Staff,The hosts are very friendly,Positive,
694,2,False,Room,The room is very very small,Negative,
694,2,False,Area,The area near the hotel is a wasteland,Negative,
694,2,False,Food,Never had such a terrible dinner,Negative,
694,3,False,Location,Close to the airport,Positive,
694,3,False,Staff,The hosts are very friendly,Positive,
694,3,False,Room,The room is very very small,Negative,
694,3,False,Area,The area near the hotel is a wasteland,Negative,
694,3,False,Food,Never had such a terrible dinner,Negative,
695,1,True,Room,super clean rooms,Positive,
695,1,True,Room,comfortable beds,Positive,
695,1,True,Staff,the owners are very friendly,Positive,
695,2,True,Room,super clean rooms,Positive,
695,2,True,Room,comfortable beds,Positive,
695,2,True,Staff,the owners are very friendly,Positive,
695,3,True,Room,super clean rooms,Positive,
695,3,True,Room,comfortable beds,Positive,
695,3,True,Staff,the owners are very friendly,Positive,
696,1,True,Location,The airport is 6 minutes by car.,Positive,
696,1,True,Food,Liked the food at the cafe in the lobby.,Positive,
696,1,True,Location,Near a good beach.,Positive,
696,2,True,Location,The airport is 6 minutes by car.,Positive,
696,2,True,Food,Liked the food at the cafe in the lobby.,Positive,
696,2,True,Location,Near a good beach.,Positive,
696,3,True,Location,The airport is 6 minutes by car.,Positive,
696,3,True,Food,Liked the food at the cafe in the lobby.,Positive,
696,3,True,Location,Near a good beach.,Positive,
697,1,False,Staff,Responsive staff,Positive,
697,1,False,Room,"Very clean, fresh, comfortable",Positive,
697,1,False,Cleaning,Cleaning every day,Positive,
697,2,False,Staff,Responsive staff,Positive,
697,2,False,Room,"Very clean, fresh, comfortable",Positive,
697,2,False,Cleaning,Cleaning every day,Positive,
697,3,False,Staff,Responsive staff,Positive,
697,3,False,Room,"Very clean, fresh, comfortable",Positive,
697,3,False,Cleaning,Cleaning every day,Positive,
698,1,False,Location,The hotel is 10 minutes from the airport which is very convenient for not missing your flight.,Positive,
698,1,False,Staff,The welcome was very warm and efficient.,Positive,
698,1,False,Location,The hotel is well located for the restaurants in the area.,Positive,
698,1,False,Facility,The electric kettle didn't seem to work.,Negative,
698,2,False,Location,The hotel is 10 minutes from the airport which is very convenient for not missing your flight.,Positive,
698,2,False,Staff,The welcome was very warm and efficient.,Positive,
698,2,False,Location,The hotel is well located for the restaurants in the area.,Positive,
698,2,False,Facility,The electric kettle didn't seem to work.,Negative,
698,3,False,Location,The hotel is 10 minutes from the airport which is very convenient for not missing your flight.,Positive,
698,3,False,Staff,The welcome was very warm and efficient.,Positive,
698,3,False,Location,The hotel is well located for the restaurants in the area.,Positive,
698,3,False,Facility,The electric kettle didn't seem to work.,Negative,
699,1,True,Staff,The hotel staff was fantastic.,Positive,
699,2,True,Staff,The hotel staff was fantastic.,Positive,
699,3,True,Staff,The hotel staff was fantastic.,Positive,
700,1,True,Room,Great bed,Positive,
700,1,True,Facility,excellent cleaning,Positive,
700,1,True,Location,great for the airport (it's attached),Positive,
700,1,True,Room,Small room,Negative,
700,1,True,Facility,no curtain in the bathroom,Negative,
700,2,True,Room,Great bed,Positive,
700,2,True,Facility,excellent cleaning,Positive,
700,2,True,Location,great for the airport (it's attached),Positive,
700,2,True,Room,Small room,Negative,
700,2,True,Facility,no curtain in the bathroom,Negative,
700,3,True,Room,Great bed,Positive,
700,3,True,Facility,excellent cleaning,Positive,
700,3,True,Location,great for the airport (it's attached),Positive,
700,3,True,Room,Small room,Negative,
700,3,True,Facility,no curtain in the bathroom,Negative,
701,1,True,Staff,Very friendly and helpful staff,Positive,
701,1,True,Location,walking distance to the beach with several restaurants,Positive,
701,2,True,Staff,Very friendly and helpful staff,Positive,
701,2,True,Location,walking distance to the beach with several restaurants,Positive,
701,3,True,Staff,Very friendly and helpful staff,Positive,
701,3,True,Location,walking distance to the beach with several restaurants,Positive,
702,1,True,Staff,Nice staff,Positive,
702,1,True,Food,good cook,Positive,
702,1,True,Room,room a bit small,Negative,
702,1,True,Staff,son of 16 had to sleep on the starter,Negative,
702,2,True,Staff,Nice staff,Positive,
702,2,True,Food,good cook,Positive,
702,2,True,Room,room a bit small,Negative,
702,2,True,Staff,son of 16 had to sleep on the starter,Negative,
702,3,True,Staff,Nice staff,Positive,
702,3,True,Food,good cook,Positive,
702,3,True,Room,room a bit small,Negative,
702,3,True,Staff,son of 16 had to sleep on the starter,Negative,
703,1,True,Room,the rooms are clean and comfortable,Positive,
703,1,True,Staff,the staff is extremely kind and helpful,Positive,
703,1,True,Food,Full breakfast,Positive,
703,1,True,Staff,2 managers,Positive,
703,2,True,Room,the rooms are clean and comfortable,Positive,
703,2,True,Staff,the staff is extremely kind and helpful,Positive,
703,2,True,Food,Full breakfast,Positive,
703,2,True,Staff,2 managers,Positive,
703,3,True,Room,the rooms are clean and comfortable,Positive,
703,3,True,Staff,the staff is extremely kind and helpful,Positive,
703,3,True,Food,Full breakfast,Positive,
703,3,True,Staff,2 managers,Positive,
704,1,True,Location,The hotel is close to Larnaca Airport and the beach,Positive,
704,2,True,Location,The hotel is close to Larnaca Airport and the beach,Positive,
704,3,True,Location,The hotel is close to Larnaca Airport and the beach,Positive,
705,1,True,Staff,Pleasant staff,Positive,
705,1,True,Room,clean and tidy,Positive,
705,1,True,Food,Good food,Positive,
705,2,True,Staff,Pleasant staff,Positive,
705,2,True,Room,clean and tidy,Positive,
705,2,True,Food,Good food,Positive,
705,3,True,Staff,Pleasant staff,Positive,
705,3,True,Room,clean and tidy,Positive,
705,3,True,Food,Good food,Positive,
706,1,False,Location,perfect location,Positive,
706,1,False,Accommodation,Very good accommodation,Positive,
706,2,False,Location,perfect location,Positive,
706,2,False,Accommodation,Very good accommodation,Positive,
706,3,False,Location,perfect location,Positive,
706,3,False,Accommodation,Very good accommodation,Positive,
707,1,True,Room,Small room for a family,Negative,
707,1,True,Room,"New hotel, renovated",Positive,
707,1,True,Facility,soft blankets,Positive,
707,2,True,Room,Small room for a family,Negative,
707,2,True,Room,"New hotel, renovated",Positive,
707,2,True,Facility,soft blankets,Positive,
707,3,True,Room,Small room for a family,Negative,
707,3,True,Room,"New hotel, renovated",Positive,
707,3,True,Facility,soft blankets,Positive,
708,1,True,Location,Excellent location on the way to/from Larnaca airport,Positive,
708,1,True,Staff,Warm and cordial hospitality,Positive,
708,2,True,Location,Excellent location on the way to/from Larnaca airport,Positive,
708,2,True,Staff,Warm and cordial hospitality,Positive,
708,3,True,Location,Excellent location on the way to/from Larnaca airport,Positive,
708,3,True,Staff,Warm and cordial hospitality,Positive,
709,1,False,Staff,extraordinarily courteous hosts,Positive,
709,1,False,Hotel,Very well-kept small hotel,Positive,
709,2,False,Staff,extraordinarily courteous hosts,Positive,
709,2,False,Hotel,Very well-kept small hotel,Positive,
709,3,False,Staff,extraordinarily courteous hosts,Positive,
709,3,False,Hotel,Very well-kept small hotel,Positive,
710,1,True,Food,dinner,Positive,
710,1,True,Food,very good,Positive,
710,2,True,Food,dinner,Positive,
710,2,True,Food,very good,Positive,
710,3,True,Food,dinner,Positive,
710,3,True,Food,very good,Positive,
711,1,True,Staff,very nice staff,Positive,
711,1,True,Check-out,possibility for late check out,Positive,
711,1,True,Room,Room,Positive,
711,1,True,Facility,small and dirty,Negative,
711,2,True,Staff,very nice staff,Positive,
711,2,True,Check-out,possibility for late check out,Positive,
711,2,True,Room,Room,Positive,
711,2,True,Facility,small and dirty,Negative,
711,3,True,Staff,very nice staff,Positive,
711,3,True,Check-out,possibility for late check out,Positive,
711,3,True,Room,Room,Positive,
711,3,True,Facility,small and dirty,Negative,
712,1,True,Room,Comfortable room,Positive,
712,2,True,Room,Comfortable room,Positive,
712,3,True,Room,Comfortable room,Positive,
713,1,True,Location,Very nice and close to the airport,Positive,
713,2,True,Location,Very nice and close to the airport,Positive,
713,3,True,Location,Very nice and close to the airport,Positive,
714,1,True,Staff,Quiet friendly staff,Positive,
714,1,True,Room,a comfortable place,Positive,
714,1,True,Room,Quiet and spacious,Positive,
714,2,True,Staff,Quiet friendly staff,Positive,
714,2,True,Room,a comfortable place,Positive,
714,2,True,Room,Quiet and spacious,Positive,
714,3,True,Staff,Quiet friendly staff,Positive,
714,3,True,Room,a comfortable place,Positive,
714,3,True,Room,Quiet and spacious,Positive,
715,1,True,Staff,good staff,Positive,
715,1,True,Price,worth the price,Positive,
715,2,True,Staff,good staff,Positive,
715,2,True,Price,worth the price,Positive,
715,3,True,Staff,good staff,Positive,
715,3,True,Price,worth the price,Positive,
716,1,True,Staff,Very pleasant staff,Positive,
716,1,True,Room,New and clean rooms,Positive,
716,1,True,Room,Lack of adapters for sockets in the rooms,Negative,
716,1,True,Staff,staff promised to fix it,Positive,
716,2,True,Staff,Very pleasant staff,Positive,
716,2,True,Room,New and clean rooms,Positive,
716,2,True,Room,Lack of adapters for sockets in the rooms,Negative,
716,2,True,Staff,staff promised to fix it,Positive,
716,3,True,Staff,Very pleasant staff,Positive,
716,3,True,Room,New and clean rooms,Positive,
716,3,True,Room,Lack of adapters for sockets in the rooms,Negative,
716,3,True,Staff,staff promised to fix it,Positive,
717,1,True,Staff,Very accommodating and nice staff.,Positive,
717,1,True,Staff,Helpful.,Positive,
717,1,True,Staff,Top,Positive,
717,2,True,Staff,Very accommodating and nice staff.,Positive,
717,2,True,Staff,Helpful.,Positive,
717,2,True,Staff,Top,Positive,
717,3,True,Staff,Very accommodating and nice staff.,Positive,
717,3,True,Staff,Helpful.,Positive,
717,3,True,Staff,Top,Positive,
718,1,True,Staff,very nice staff,Positive,
718,1,True,Location,Close to Mackenzie beach and salt lake,Positive,
718,1,True,Room,No trash can in the room,Negative,
718,2,True,Staff,very nice staff,Positive,
718,2,True,Location,Close to Mackenzie beach and salt lake,Positive,
718,2,True,Room,No trash can in the room,Negative,
718,3,True,Staff,very nice staff,Positive,
718,3,True,Location,Close to Mackenzie beach and salt lake,Positive,
718,3,True,Room,No trash can in the room,Negative,
719,1,False,Room,Super clean modern room and bathroom with balcony,Positive,
719,1,False,Air conditioning,Wonderful air conditioning that also stays on when you leave the room or open the balcony door,Positive,
719,2,False,Room,Super clean modern room and bathroom with balcony,Positive,
719,2,False,Air conditioning,Wonderful air conditioning that also stays on when you leave the room or open the balcony door,Positive,
719,3,False,Room,Super clean modern room and bathroom with balcony,Positive,
719,3,False,Air conditioning,Wonderful air conditioning that also stays on when you leave the room or open the balcony door,Positive,
720,1,True,Room,comfortable rooms.,Positive,
720,1,True,Off,"Clean, modern hotel",Positive,
720,2,True,Room,comfortable rooms.,Positive,
720,2,True,Off,"Clean, modern hotel",Positive,
720,3,True,Room,comfortable rooms.,Positive,
720,3,True,Off,"Clean, modern hotel",Positive,
721,1,True,Staff,Nice staff,Positive,
721,1,True,Staff,helpful people,Positive,
721,1,True,Off,"Clean, nice atmosphere",Positive,
721,2,True,Staff,Nice staff,Positive,
721,2,True,Staff,helpful people,Positive,
721,2,True,Off,"Clean, nice atmosphere",Positive,
721,3,True,Staff,Nice staff,Positive,
721,3,True,Staff,helpful people,Positive,
721,3,True,Off,"Clean, nice atmosphere",Positive,
722,1,True,Staff,Super polite and helpful staff,Positive,
722,1,True,Room,clean comfortable room with good new furniture,Positive,
722,1,True,Food,delicious breakfast on the veranda,Positive,
722,1,True,Location,Walking distance to Makenzie beach,Positive,
722,1,True,Location,"In the absence of a car, it is very easy to get here by bus from the airport",Positive,
722,1,True,Room,Shower water often overflowed into the bathroom,Negative,
722,1,True,Facility,Drain is not working well,Negative,
722,2,True,Staff,Super polite and helpful staff,Positive,
722,2,True,Room,clean comfortable room with good new furniture,Positive,
722,2,True,Food,delicious breakfast on the veranda,Positive,
722,2,True,Location,Walking distance to Makenzie beach,Positive,
722,2,True,Location,"In the absence of a car, it is very easy to get here by bus from the airport",Positive,
722,2,True,Room,Shower water often overflowed into the bathroom,Negative,
722,2,True,Facility,Drain is not working well,Negative,
722,3,True,Staff,Super polite and helpful staff,Positive,
722,3,True,Room,clean comfortable room with good new furniture,Positive,
722,3,True,Food,delicious breakfast on the veranda,Positive,
722,3,True,Location,Walking distance to Makenzie beach,Positive,
722,3,True,Location,"In the absence of a car, it is very easy to get here by bus from the airport",Positive,
722,3,True,Room,Shower water often overflowed into the bathroom,Negative,
722,3,True,Facility,Drain is not working well,Negative,
723,1,True,Off,It was simple and beautiful.,Positive,
723,1,True,Facility,There were no TV channels,Negative,
723,2,True,Off,It was simple and beautiful.,Positive,
723,2,True,Facility,There were no TV channels,Negative,
723,3,True,Off,It was simple and beautiful.,Positive,
723,3,True,Facility,There were no TV channels,Negative,
724,1,True,Off,Clean,Positive,
724,2,True,Off,Clean,Positive,
724,3,True,Off,Clean,Positive,
725,1,False,Staff,Constructive attitude of the staff.,Positive,
725,1,False,Room,Extremely thick bedding for the weather.,Positive,
725,2,False,Staff,Constructive attitude of the staff.,Positive,
725,2,False,Room,Extremely thick bedding for the weather.,Positive,
725,3,False,Staff,Constructive attitude of the staff.,Positive,
725,3,False,Room,Extremely thick bedding for the weather.,Positive,
726,1,False,Staff,Friendly staff,Positive,
726,1,False,Location,Mackenzie is 5 minutes walk,Positive,
726,1,False,Location,The hotel is very conveniently located,Positive,
726,1,False,Room,The room is clean,Positive,
726,1,False,Bed,Bed is comfortable,Positive,
726,2,False,Staff,Friendly staff,Positive,
726,2,False,Location,Mackenzie is 5 minutes walk,Positive,
726,2,False,Location,The hotel is very conveniently located,Positive,
726,2,False,Room,The room is clean,Positive,
726,2,False,Bed,Bed is comfortable,Positive,
726,3,False,Staff,Friendly staff,Positive,
726,3,False,Location,Mackenzie is 5 minutes walk,Positive,
726,3,False,Location,The hotel is very conveniently located,Positive,
726,3,False,Room,The room is clean,Positive,
726,3,False,Bed,Bed is comfortable,Positive,
727,1,False,Location,"Great option for if you arrive at Larnaca airport, close",Positive,
727,1,False,Staff,"everyone at the hotel was very friendly, tried to help and explain",Positive,
727,1,False,Facility,It is possible with animals,Positive,
727,2,False,Location,"Great option for if you arrive at Larnaca airport, close",Positive,
727,2,False,Staff,"everyone at the hotel was very friendly, tried to help and explain",Positive,
727,2,False,Facility,It is possible with animals,Positive,
727,3,False,Location,"Great option for if you arrive at Larnaca airport, close",Positive,
727,3,False,Staff,"everyone at the hotel was very friendly, tried to help and explain",Positive,
727,3,False,Facility,It is possible with animals,Positive,
728,1,False,Room,The best place ever!,Positive,
728,2,False,Room,The best place ever!,Positive,
728,3,False,Room,The best place ever!,Positive,
729,1,True,Room,very clean,Positive,
729,1,True,Facility,well equipped,Positive,
729,1,True,Food,excellent breakfast,Positive,
729,1,True,Staff,The managers are extremely nice and helpful,Positive,
729,2,True,Room,very clean,Positive,
729,2,True,Facility,well equipped,Positive,
729,2,True,Food,excellent breakfast,Positive,
729,2,True,Staff,The managers are extremely nice and helpful,Positive,
729,3,True,Room,very clean,Positive,
729,3,True,Facility,well equipped,Positive,
729,3,True,Food,excellent breakfast,Positive,
729,3,True,Staff,The managers are extremely nice and helpful,Positive,
730,1,False,(parse failed),,,json_parse_error: Expecting value: line 1 column 1 (char 0)
730,2,False,(parse failed),,,json_parse_error: Expecting value: line 1 column 1 (char 0)
730,3,False,(parse failed),,,json_parse_error: Expecting value: line 1 column 1 (char 0)
731,1,True,Room,the room,Positive,
731,1,True,Staff,the staff,Positive,
731,2,True,Room,the room,Positive,
731,2,True,Staff,the staff,Positive,
731,3,True,Room,the room,Positive,
731,3,True,Staff,the staff,Positive,
732,1,True,Staff,Very welcoming and friendly staff,Positive,
732,1,True,Facility,"Everything is clean, white, freshly renovated",Positive,
732,1,True,Location,"Near Mackenzie beach, airport, salt lake",Positive,
732,2,True,Staff,Very welcoming and friendly staff,Positive,
732,2,True,Facility,"Everything is clean, white, freshly renovated",Positive,
732,2,True,Location,"Near Mackenzie beach, airport, salt lake",Positive,
732,3,True,Staff,Very welcoming and friendly staff,Positive,
732,3,True,Facility,"Everything is clean, white, freshly renovated",Positive,
732,3,True,Location,"Near Mackenzie beach, airport, salt lake",Positive,
733,1,False,Staff,The staff is very friendly.,Positive,
733,1,False,Staff,Staff,Positive,
733,1,False,Location,Located close to the waterfront.,Positive,
733,1,False,Room,Everything in the hotel is new.,Positive,
733,1,False,Cleanliness,Very clean.,Positive,
733,2,False,Staff,The staff is very friendly.,Positive,
733,2,False,Staff,Staff,Positive,
733,2,False,Location,Located close to the waterfront.,Positive,
733,2,False,Room,Everything in the hotel is new.,Positive,
733,2,False,Cleanliness,Very clean.,Positive,
733,3,False,Staff,The staff is very friendly.,Positive,
733,3,False,Staff,Staff,Positive,
733,3,False,Location,Located close to the waterfront.,Positive,
733,3,False,Room,Everything in the hotel is new.,Positive,
733,3,False,Cleanliness,Very clean.,Positive,
734,1,False,(no annotations found),,,"'' is not one of ['Positive', 'Negative']"
734,2,False,(no annotations found),,,"'' is not one of ['Positive', 'Negative']"
734,3,False,(no annotations found),,,"'' is not one of ['Positive', 'Negative']"
735,1,False,Location,"LOCATION CLOSE TO EVERYTHING. ALYKI BEACH CLUB, RESTAURANTS, CAFÉS",Positive,
735,1,False,Breakfast,BREAK WONDERFUL,Positive,
735,1,False,Staff,WE HAVE ALREADY TALKED TO THE STAFF THEY ARE PREPARING A LOT,Positive,
735,1,False,Facility,POOL,Positive,
735,1,False,Facility,Play room,Positive,
735,1,False,Facility,Roof garden,Positive,
735,2,False,Location,"LOCATION CLOSE TO EVERYTHING. ALYKI BEACH CLUB, RESTAURANTS, CAFÉS",Positive,
735,2,False,Breakfast,BREAK WONDERFUL,Positive,
735,2,False,Staff,WE HAVE ALREADY TALKED TO THE STAFF THEY ARE PREPARING A LOT,Positive,
735,2,False,Facility,POOL,Positive,
735,2,False,Facility,Play room,Positive,
735,2,False,Facility,Roof garden,Positive,
735,3,False,Location,"LOCATION CLOSE TO EVERYTHING. ALYKI BEACH CLUB, RESTAURANTS, CAFÉS",Positive,
735,3,False,Breakfast,BREAK WONDERFUL,Positive,
735,3,False,Staff,WE HAVE ALREADY TALKED TO THE STAFF THEY ARE PREPARING A LOT,Positive,
735,3,False,Facility,POOL,Positive,
735,3,False,Facility,Play room,Positive,
735,3,False,Facility,Roof garden,Positive,
736,1,True,Staff,The staff is very friendly,Positive,
736,2,True,Staff,The staff is very friendly,Positive,
736,3,True,Staff,The staff is very friendly,Positive,
737,1,True,Location,Close to the beach,Positive,
737,1,True,Off,Own,Positive,
737,1,True,Food,Pleasant breakfast,Positive,
737,1,True,Facility,Quality Eco Hotel,Positive,
737,1,True,Price,Excellent value for money,Positive,
737,2,True,Location,Close to the beach,Positive,
737,2,True,Off,Own,Positive,
737,2,True,Food,Pleasant breakfast,Positive,
737,2,True,Facility,Quality Eco Hotel,Positive,
737,2,True,Price,Excellent value for money,Positive,
737,3,True,Location,Close to the beach,Positive,
737,3,True,Off,Own,Positive,
737,3,True,Food,Pleasant breakfast,Positive,
737,3,True,Facility,Quality Eco Hotel,Positive,
737,3,True,Price,Excellent value for money,Positive,
738,1,False,Room,all the furniture in the hotel is new,Positive,
738,1,False,Staff,the owners are very good people,Positive,
738,1,False,Bed,the bed is comfortable,Positive,
738,1,False,Food,breakfast is excellent,Positive,
738,2,False,Room,all the furniture in the hotel is new,Positive,
738,2,False,Staff,the owners are very good people,Positive,
738,2,False,Bed,the bed is comfortable,Positive,
738,2,False,Food,breakfast is excellent,Positive,
738,3,False,Room,all the furniture in the hotel is new,Positive,
738,3,False,Staff,the owners are very good people,Positive,
738,3,False,Bed,the bed is comfortable,Positive,
738,3,False,Food,breakfast is excellent,Positive,
739,1,False,Location,near the beach and the center,Positive,
739,1,False,Room,extremely clean,Positive,
739,1,False,Staff,communicates well in French,Positive,
739,1,False,Facility,"offers a bottle of water, tea bags and coffee for free",Positive,
739,1,False,Price,affordable prices of the mini-bar,Positive,
739,2,False,Location,near the beach and the center,Positive,
739,2,False,Room,extremely clean,Positive,
739,2,False,Staff,communicates well in French,Positive,
739,2,False,Facility,"offers a bottle of water, tea bags and coffee for free",Positive,
739,2,False,Price,affordable prices of the mini-bar,Positive,
739,3,False,Location,near the beach and the center,Positive,
739,3,False,Room,extremely clean,Positive,
739,3,False,Staff,communicates well in French,Positive,
739,3,False,Facility,"offers a bottle of water, tea bags and coffee for free",Positive,
739,3,False,Price,affordable prices of the mini-bar,Positive,
740,1,True,Off,there was no running water in the morning when I left.,Negative,
740,1,True,Off,don't change it's normal to take a shower,Negative,
740,2,True,Off,there was no running water in the morning when I left.,Negative,
740,2,True,Off,don't change it's normal to take a shower,Negative,
740,3,True,Off,there was no running water in the morning when I left.,Negative,
740,3,True,Off,don't change it's normal to take a shower,Negative,
741,1,False,Off,We didn't eat,Positive,
741,1,False,Noise,Noise,Negative,
741,1,False,Bed,Uncomfortable beds,Negative,
741,2,False,Off,We didn't eat,Positive,
741,2,False,Noise,Noise,Negative,
741,2,False,Bed,Uncomfortable beds,Negative,
741,3,False,Off,We didn't eat,Positive,
741,3,False,Noise,Noise,Negative,
741,3,False,Bed,Uncomfortable beds,Negative,
742,1,True,Room,comfortable bed,Positive,
742,1,True,Room,not clean,Negative,
742,2,True,Room,comfortable bed,Positive,
742,2,True,Room,not clean,Negative,
742,3,True,Room,comfortable bed,Positive,
742,3,True,Room,not clean,Negative,
743,1,True,Room,Clean and nice room,Positive,
743,1,True,Location,Not as close to the airport as advertised.,Negative,
743,2,True,Room,Clean and nice room,Positive,
743,2,True,Location,Not as close to the airport as advertised.,Negative,
743,3,True,Room,Clean and nice room,Positive,
743,3,True,Location,Not as close to the airport as advertised.,Negative,
744,1,True,Room,Room quality,Positive,
744,1,True,Off,The sounds of the airport,Negative,
744,2,True,Room,Room quality,Positive,
744,2,True,Off,The sounds of the airport,Negative,
744,3,True,Room,Room quality,Positive,
744,3,True,Off,The sounds of the airport,Negative,
745,1,True,Room,clean and functional,Positive,
745,2,True,Room,clean and functional,Positive,
745,3,True,Room,clean and functional,Positive,
746,1,True,Room,The room was satisfactory,Positive,
746,1,True,Staff,the lady at the reception who spoke Cypriot was kind and willing for any help,Positive,
746,1,True,Staff,I did not like the behavior of the gentleman in the reservations,Negative,
746,1,True,Booking-issue,I was assured of breakfast in the price of the room. Upon arrival he refused to provide breakfast in an unacceptable manner,Negative,
746,2,True,Room,The room was satisfactory,Positive,
746,2,True,Staff,the lady at the reception who spoke Cypriot was kind and willing for any help,Positive,
746,2,True,Staff,I did not like the behavior of the gentleman in the reservations,Negative,
746,2,True,Booking-issue,I was assured of breakfast in the price of the room. Upon arrival he refused to provide breakfast in an unacceptable manner,Negative,
746,3,True,Room,The room was satisfactory,Positive,
746,3,True,Staff,the lady at the reception who spoke Cypriot was kind and willing for any help,Positive,
746,3,True,Staff,I did not like the behavior of the gentleman in the reservations,Negative,
746,3,True,Booking-issue,I was assured of breakfast in the price of the room. Upon arrival he refused to provide breakfast in an unacceptable manner,Negative,
747,1,True,Room,A clean room that really serves the purpose for which we came,Positive,
747,1,True,Off,The frozen water in the bath,Negative,
747,2,True,Room,A clean room that really serves the purpose for which we came,Positive,
747,2,True,Off,The frozen water in the bath,Negative,
747,3,True,Room,A clean room that really serves the purpose for which we came,Positive,
747,3,True,Off,The frozen water in the bath,Negative,
748,1,True,Location,close to the airport but no aircraft noise,Positive,
748,1,True,Facility,clean,Positive,
748,1,True,Location,bus station nearby,Positive,
748,1,True,Location,salt lake nearby,Positive,
748,1,True,Room,Minibar was empty and not working,Negative,
748,2,True,Location,close to the airport but no aircraft noise,Positive,
748,2,True,Facility,clean,Positive,
748,2,True,Location,bus station nearby,Positive,
748,2,True,Location,salt lake nearby,Positive,
748,2,True,Room,Minibar was empty and not working,Negative,
748,3,True,Location,close to the airport but no aircraft noise,Positive,
748,3,True,Facility,clean,Positive,
748,3,True,Location,bus station nearby,Positive,
748,3,True,Location,salt lake nearby,Positive,
748,3,True,Room,Minibar was empty and not working,Negative,
749,1,False,Location,The location is close to the field.,Positive,
749,1,False,Room,The room is clean.,Positive,
749,1,False,Room,Small rooms.,Negative,
749,1,False,View,There is no view.,Negative,
749,2,False,Location,The location is close to the field.,Positive,
749,2,False,Room,The room is clean.,Positive,
749,2,False,Room,Small rooms.,Negative,
749,2,False,View,There is no view.,Negative,
749,3,False,Location,The location is close to the field.,Positive,
749,3,False,Room,The room is clean.,Positive,
749,3,False,Room,Small rooms.,Negative,
749,3,False,View,There is no view.,Negative,
750,1,True,Location,Location close to the field.,Positive,
750,1,True,Staff,No staff at night.,Negative,
750,2,True,Location,Location close to the field.,Positive,
750,2,True,Staff,No staff at night.,Negative,
750,3,True,Location,Location close to the field.,Positive,
750,3,True,Staff,No staff at night.,Negative,
751,1,True,Room,The room was next to another property's pool.,Negative,
751,1,True,Room,"Despite too much noise, shouting.",Negative,
751,2,True,Room,The room was next to another property's pool.,Negative,
751,2,True,Room,"Despite too much noise, shouting.",Negative,
751,3,True,Room,The room was next to another property's pool.,Negative,
751,3,True,Room,"Despite too much noise, shouting.",Negative,
752,1,True,Room,comfortable room,Positive,
752,1,True,Off,It was extremely noisy,Negative,
752,2,True,Room,comfortable room,Positive,
752,2,True,Off,It was extremely noisy,Negative,
752,3,True,Room,comfortable room,Positive,
752,3,True,Off,It was extremely noisy,Negative,
753,1,True,Room,Cleanliness,Positive,
753,1,True,Room,Spacious,Positive,
753,2,True,Room,Cleanliness,Positive,
753,2,True,Room,Spacious,Positive,
753,3,True,Room,Cleanliness,Positive,
753,3,True,Room,Spacious,Positive,
754,1,True,Off,Very good if you have an early morning flight.,Positive,
754,1,True,Price,The quality-price ratio.,Negative,
754,2,True,Off,Very good if you have an early morning flight.,Positive,
754,2,True,Price,The quality-price ratio.,Negative,
754,3,True,Off,Very good if you have an early morning flight.,Positive,
754,3,True,Price,The quality-price ratio.,Negative,
755,1,True,Room,Very clean,Positive,
755,2,True,Room,Very clean,Positive,
755,3,True,Room,Very clean,Positive,
756,1,True,Location,"central location between the beach, the party mile, the airport and the old town",Positive,
756,1,True,Food,it would be nice if there was a breakfast buffet,Negative,
756,2,True,Location,"central location between the beach, the party mile, the airport and the old town",Positive,
756,2,True,Food,it would be nice if there was a breakfast buffet,Negative,
756,3,True,Location,"central location between the beach, the party mile, the airport and the old town",Positive,
756,3,True,Food,it would be nice if there was a breakfast buffet,Negative,
757,1,True,Food,bad and half raw croissant,Negative,
757,1,True,Food,Watery cappuccino,Negative,
757,2,True,Food,bad and half raw croissant,Negative,
757,2,True,Food,Watery cappuccino,Negative,
757,3,True,Food,bad and half raw croissant,Negative,
757,3,True,Food,Watery cappuccino,Negative,
758,1,True,Room,Big room,Positive,
758,1,True,Staff,Receptionist didn't understand English very well,Negative,
758,1,True,Staff,and the staff could not give me any information about the bus to the airport,Negative,
758,2,True,Room,Big room,Positive,
758,2,True,Staff,Receptionist didn't understand English very well,Negative,
758,2,True,Staff,and the staff could not give me any information about the bus to the airport,Negative,
758,3,True,Room,Big room,Positive,
758,3,True,Staff,Receptionist didn't understand English very well,Negative,
758,3,True,Staff,and the staff could not give me any information about the bus to the airport,Negative,
759,1,True,Room,The room,Positive,
759,1,True,Off,The lack of adapters for sockets,Negative,
759,2,True,Room,The room,Positive,
759,2,True,Off,The lack of adapters for sockets,Negative,
759,3,True,Room,The room,Positive,
759,3,True,Off,The lack of adapters for sockets,Negative,
760,1,True,Location,Very good location,Positive,
760,1,True,Off,Sound-proofing,Negative,
760,2,True,Location,Very good location,Positive,
760,2,True,Off,Sound-proofing,Negative,
760,3,True,Location,Very good location,Positive,
760,3,True,Off,Sound-proofing,Negative,
761,1,False,Room,Large spacious suite.,Positive,
761,1,False,Room,Good for large family 5 people.,Positive,
761,1,False,Room,Slightly untidy floor.,Negative,
761,1,False,Bed,Comfortable beds.,Positive,
761,1,False,Bed,Warm blankets.,Positive,
761,1,False,Interior,Light interior.,Positive,
761,1,False,Smell,Smelled a little sewage.,Negative,
761,2,False,Room,Large spacious suite.,Positive,
761,2,False,Room,Good for large family 5 people.,Positive,
761,2,False,Room,Slightly untidy floor.,Negative,
761,2,False,Bed,Comfortable beds.,Positive,
761,2,False,Bed,Warm blankets.,Positive,
761,2,False,Interior,Light interior.,Positive,
761,2,False,Smell,Smelled a little sewage.,Negative,
761,3,False,Room,Large spacious suite.,Positive,
761,3,False,Room,Good for large family 5 people.,Positive,
761,3,False,Room,Slightly untidy floor.,Negative,
761,3,False,Bed,Comfortable beds.,Positive,
761,3,False,Bed,Warm blankets.,Positive,
761,3,False,Interior,Light interior.,Positive,
761,3,False,Smell,Smelled a little sewage.,Negative,
762,1,True,Location,Location good,Positive,
762,1,True,Room,The room smelled of sewage,Negative,
762,2,True,Location,Location good,Positive,
762,2,True,Room,The room smelled of sewage,Negative,
762,3,True,Location,Location good,Positive,
762,3,True,Room,The room smelled of sewage,Negative,
763,1,True,Staff,The warm welcome,Positive,
763,1,True,Room,the comfort of the beds,Positive,
763,1,True,Room,the cleanliness,Positive,
763,1,True,Off,The noise emanating from the terrace when located on the 1st floor,Negative,
763,2,True,Staff,The warm welcome,Positive,
763,2,True,Room,the comfort of the beds,Positive,
763,2,True,Room,the cleanliness,Positive,
763,2,True,Off,The noise emanating from the terrace when located on the 1st floor,Negative,
763,3,True,Staff,The warm welcome,Positive,
763,3,True,Room,the comfort of the beds,Positive,
763,3,True,Room,the cleanliness,Positive,
763,3,True,Off,The noise emanating from the terrace when located on the 1st floor,Negative,
764,1,False,(parse failed),,,json_parse_error: Expecting value: line 1 column 1 (char 0)
764,2,False,(parse failed),,,json_parse_error: Expecting value: line 1 column 1 (char 0)
764,3,False,(parse failed),,,json_parse_error: Expecting value: line 1 column 1 (char 0)
765,1,False,Staff,Excellent attention,Positive,
765,1,False,Room,Very comfortable bed,Positive,
765,1,False,Room,Very good shower,Positive,
765,1,False,Facility,The furniture and bathroom are all new and impeccable,Positive,
765,1,False,Location,Bars and restaurants nearby,Positive,
765,1,False,Room,The balcony on the first floor is very low,Negative,
765,1,False,Room,The column takes up space and is uncomfortable,Negative,
765,1,False,Facility,The safe does not make sense since it is not walled,Negative,
765,1,False,Facility,They could put shampoo in the bathroom,Negative,
765,1,False,Facility,They could put 2 coffee sachets and 2 tea sachets,Negative,
765,2,False,Staff,Excellent attention,Positive,
765,2,False,Room,Very comfortable bed,Positive,
765,2,False,Room,Very good shower,Positive,
765,2,False,Facility,The furniture and bathroom are all new and impeccable,Positive,
765,2,False,Location,Bars and restaurants nearby,Positive,
765,2,False,Room,The balcony on the first floor is very low,Negative,
765,2,False,Room,The column takes up space and is uncomfortable,Negative,
765,2,False,Facility,The safe does not make sense since it is not walled,Negative,
765,2,False,Facility,They could put shampoo in the bathroom,Negative,
765,2,False,Facility,They could put 2 coffee sachets and 2 tea sachets,Negative,
765,3,False,Staff,Excellent attention,Positive,
765,3,False,Room,Very comfortable bed,Positive,
765,3,False,Room,Very good shower,Positive,
765,3,False,Facility,The furniture and bathroom are all new and impeccable,Positive,
765,3,False,Location,Bars and restaurants nearby,Positive,
765,3,False,Room,The balcony on the first floor is very low,Negative,
765,3,False,Room,The column takes up space and is uncomfortable,Negative,
765,3,False,Facility,The safe does not make sense since it is not walled,Negative,
765,3,False,Facility,They could put shampoo in the bathroom,Negative,
765,3,False,Facility,They could put 2 coffee sachets and 2 tea sachets,Negative,
766,1,True,Room,The room given was not the one booked.,Negative,
766,1,True,Room,small corner,Negative,
766,2,True,Room,The room given was not the one booked.,Negative,
766,2,True,Room,small corner,Negative,
766,3,True,Room,The room given was not the one booked.,Negative,
766,3,True,Room,small corner,Negative,
767,1,True,Room,Clean and spacious room,Positive,
767,1,True,Location,Far from the beach,Negative,
767,1,True,Price,400 euros for 3 nights a bit expensive,Negative,
767,2,True,Room,Clean and spacious room,Positive,
767,2,True,Location,Far from the beach,Negative,
767,2,True,Price,400 euros for 3 nights a bit expensive,Negative,
767,3,True,Room,Clean and spacious room,Positive,
767,3,True,Location,Far from the beach,Negative,
767,3,True,Price,400 euros for 3 nights a bit expensive,Negative,
768,1,True,Room,well-furnished room and bathroom,Positive,
768,1,True,Location,terrace in the room,Positive,
768,1,True,Food,monotonous breakfasts,Negative,
768,1,True,Facility,relaxation zone,Negative,
768,2,True,Room,well-furnished room and bathroom,Positive,
768,2,True,Location,terrace in the room,Positive,
768,2,True,Food,monotonous breakfasts,Negative,
768,2,True,Facility,relaxation zone,Negative,
768,3,True,Room,well-furnished room and bathroom,Positive,
768,3,True,Location,terrace in the room,Positive,
768,3,True,Food,monotonous breakfasts,Negative,
768,3,True,Facility,relaxation zone,Negative,
769,1,False,Room,Bed linen was never changed,Negative,
769,1,False,Facility,the refrigerator is full of minibar for money,Negative,
769,1,False,Location,within walking distance,Positive,
769,1,False,Location,near the airport,Positive,
769,1,False,Cleanliness,Bed linen was never changed,Negative,
769,1,False,Room,the number is microscopic,Negative,
769,2,False,Room,Bed linen was never changed,Negative,
769,2,False,Facility,the refrigerator is full of minibar for money,Negative,
769,2,False,Location,within walking distance,Positive,
769,2,False,Location,near the airport,Positive,
769,2,False,Cleanliness,Bed linen was never changed,Negative,
769,2,False,Room,the number is microscopic,Negative,
769,3,False,Room,Bed linen was never changed,Negative,
769,3,False,Facility,the refrigerator is full of minibar for money,Negative,
769,3,False,Location,within walking distance,Positive,
769,3,False,Location,near the airport,Positive,
769,3,False,Cleanliness,Bed linen was never changed,Negative,
769,3,False,Room,the number is microscopic,Negative,
770,1,False,Staff,pleasant and helpful staff,Positive,
770,1,False,Facility,lack of storage spaces,Negative,
770,1,False,Cleanliness,"Clean, daily change of towels",Positive,
770,1,False,Environment,constant stench coming from outside,Negative,
770,1,False,Value,value for money,Positive,
770,2,False,Staff,pleasant and helpful staff,Positive,
770,2,False,Facility,lack of storage spaces,Negative,
770,2,False,Cleanliness,"Clean, daily change of towels",Positive,
770,2,False,Environment,constant stench coming from outside,Negative,
770,2,False,Value,value for money,Positive,
770,3,False,Staff,pleasant and helpful staff,Positive,
770,3,False,Facility,lack of storage spaces,Negative,
770,3,False,Cleanliness,"Clean, daily change of towels",Positive,
770,3,False,Environment,constant stench coming from outside,Negative,
770,3,False,Value,value for money,Positive,
771,1,True,Staff,nice staff,Positive,
771,1,True,Room,"Clean, comfortable",Positive,
771,1,True,Food,The breakfast is delicious,Positive,
771,1,True,Location,Walking distance to the center,Positive,
771,1,True,Location,within walking distance of Mackenzie beach,Positive,
771,1,True,Room,Poor soundproofing from corridor,Negative,
771,2,True,Staff,nice staff,Positive,
771,2,True,Room,"Clean, comfortable",Positive,
771,2,True,Food,The breakfast is delicious,Positive,
771,2,True,Location,Walking distance to the center,Positive,
771,2,True,Location,within walking distance of Mackenzie beach,Positive,
771,2,True,Room,Poor soundproofing from corridor,Negative,
771,3,True,Staff,nice staff,Positive,
771,3,True,Room,"Clean, comfortable",Positive,
771,3,True,Food,The breakfast is delicious,Positive,
771,3,True,Location,Walking distance to the center,Positive,
771,3,True,Location,within walking distance of Mackenzie beach,Positive,
771,3,True,Room,Poor soundproofing from corridor,Negative,
772,1,True,Facility,new equipment,Positive,
772,1,True,Facility,good accessibility for reptiles,Positive,
772,1,True,Room,couldn't close one window,Negative,
772,2,True,Facility,new equipment,Positive,
772,2,True,Facility,good accessibility for reptiles,Positive,
772,2,True,Room,couldn't close one window,Negative,
772,3,True,Facility,new equipment,Positive,
772,3,True,Facility,good accessibility for reptiles,Positive,
772,3,True,Room,couldn't close one window,Negative,
773,1,False,Room,"Great, compact room and hotel. Clean and modern.",Positive,
773,1,False,Location,Mackenzie Beach is 10-15 minutes on asphalt and 5-7 off-road,Positive,
773,1,False,Location,7 - 10 minutes drive from the airport,Positive,
773,2,False,Room,"Great, compact room and hotel. Clean and modern.",Positive,
773,2,False,Location,Mackenzie Beach is 10-15 minutes on asphalt and 5-7 off-road,Positive,
773,2,False,Location,7 - 10 minutes drive from the airport,Positive,
773,3,False,Room,"Great, compact room and hotel. Clean and modern.",Positive,
773,3,False,Location,Mackenzie Beach is 10-15 minutes on asphalt and 5-7 off-road,Positive,
773,3,False,Location,7 - 10 minutes drive from the airport,Positive,
774,1,True,Room,comfortable and clean room,Positive,
774,1,True,Location,good location,Positive,
774,1,True,Staff,kind staff,Positive,
774,1,True,Facility,difficulties with the different sockets,Negative,
774,1,True,Facility,provided devices without adapters,Negative,
774,2,True,Room,comfortable and clean room,Positive,
774,2,True,Location,good location,Positive,
774,2,True,Staff,kind staff,Positive,
774,2,True,Facility,difficulties with the different sockets,Negative,
774,2,True,Facility,provided devices without adapters,Negative,
774,3,True,Room,comfortable and clean room,Positive,
774,3,True,Location,good location,Positive,
774,3,True,Staff,kind staff,Positive,
774,3,True,Facility,difficulties with the different sockets,Negative,
774,3,True,Facility,provided devices without adapters,Negative,
775,1,False,Price,perfect price,Positive,
775,1,False,Welcome,perfect welcome,Positive,
775,2,False,Price,perfect price,Positive,
775,2,False,Welcome,perfect welcome,Positive,
775,3,False,Price,perfect price,Positive,
775,3,False,Welcome,perfect welcome,Positive,
776,1,False,Cleanliness,Cleanliness,Positive,
776,1,False,Location,proximity to the airport,Positive,
776,1,False,Location,walk to the sea,Positive,
776,2,False,Cleanliness,Cleanliness,Positive,
776,2,False,Location,proximity to the airport,Positive,
776,2,False,Location,walk to the sea,Positive,
776,3,False,Cleanliness,Cleanliness,Positive,
776,3,False,Location,proximity to the airport,Positive,
776,3,False,Location,walk to the sea,Positive,
777,1,True,Staff,Responsive staff,Positive,
777,1,True,Staff,Always with a smile,Positive,
777,1,True,Food,Delicious inexpensive breakfast options,Positive,
777,1,True,Room,"A couple of days after arrival, we changed the room from a one-room to a two-room with a balcony",Positive,
777,2,True,Staff,Responsive staff,Positive,
777,2,True,Staff,Always with a smile,Positive,
777,2,True,Food,Delicious inexpensive breakfast options,Positive,
777,2,True,Room,"A couple of days after arrival, we changed the room from a one-room to a two-room with a balcony",Positive,
777,3,True,Staff,Responsive staff,Positive,
777,3,True,Staff,Always with a smile,Positive,
777,3,True,Food,Delicious inexpensive breakfast options,Positive,
777,3,True,Room,"A couple of days after arrival, we changed the room from a one-room to a two-room with a balcony",Positive,
778,1,False,Welcome,Perfect welcome at 1:30 in the morning!,Positive,
778,1,False,Value,Excellent value.,Positive,
778,1,False,Location,Close to the airport.,Positive,
778,2,False,Welcome,Perfect welcome at 1:30 in the morning!,Positive,
778,2,False,Value,Excellent value.,Positive,
778,2,False,Location,Close to the airport.,Positive,
778,3,False,Welcome,Perfect welcome at 1:30 in the morning!,Positive,
778,3,False,Value,Excellent value.,Positive,
778,3,False,Location,Close to the airport.,Positive,
779,1,False,Location,The location close to the airport,Positive,
779,1,False,Check-in,Check-in at 4am,Positive,
779,1,False,Staff,An exceptional welcome in French,Positive,
779,1,False,Room,"The room is clean, large enough and recent",Positive,
779,1,False,Facility,The outdoor balcony is a plus,Positive,
779,1,False,Location,The proximity to the beach and the city is a significant asset,Positive,
779,1,False,Location,There is a bus stop near the hotel which allows you to go to the city center and to the airport,Positive,
779,1,False,Food,The breakfast served at the bar next door,Negative,
779,2,False,Location,The location close to the airport,Positive,
779,2,False,Check-in,Check-in at 4am,Positive,
779,2,False,Staff,An exceptional welcome in French,Positive,
779,2,False,Room,"The room is clean, large enough and recent",Positive,
779,2,False,Facility,The outdoor balcony is a plus,Positive,
779,2,False,Location,The proximity to the beach and the city is a significant asset,Positive,
779,2,False,Location,There is a bus stop near the hotel which allows you to go to the city center and to the airport,Positive,
779,2,False,Food,The breakfast served at the bar next door,Negative,
779,3,False,Location,The location close to the airport,Positive,
779,3,False,Check-in,Check-in at 4am,Positive,
779,3,False,Staff,An exceptional welcome in French,Positive,
779,3,False,Room,"The room is clean, large enough and recent",Positive,
779,3,False,Facility,The outdoor balcony is a plus,Positive,
779,3,False,Location,The proximity to the beach and the city is a significant asset,Positive,
779,3,False,Location,There is a bus stop near the hotel which allows you to go to the city center and to the airport,Positive,
779,3,False,Food,The breakfast served at the bar next door,Negative,
780,1,True,Room,nice room,Positive,
780,1,True,Room,large room size,Positive,
780,1,True,Location,location near mackenzie beach,Positive,
780,2,True,Room,nice room,Positive,
780,2,True,Room,large room size,Positive,
780,2,True,Location,location near mackenzie beach,Positive,
780,3,True,Room,nice room,Positive,
780,3,True,Room,large room size,Positive,
780,3,True,Location,location near mackenzie beach,Positive,
781,1,True,Staff,"A friendly, nice and sympathetic man serving breakfast.",Positive,
781,1,True,Room,"Bed frame structure dangerous, sharp corners.",Negative,
781,2,True,Staff,"A friendly, nice and sympathetic man serving breakfast.",Positive,
781,2,True,Room,"Bed frame structure dangerous, sharp corners.",Negative,
781,3,True,Staff,"A friendly, nice and sympathetic man serving breakfast.",Positive,
781,3,True,Room,"Bed frame structure dangerous, sharp corners.",Negative,
782,1,True,Food,Delicious breakfast,Positive,
782,1,True,Room,clean room,Positive,
782,1,True,Facility,excellent renovation with taste,Positive,
782,1,True,Facility,stylish and beautiful,Positive,
782,2,True,Food,Delicious breakfast,Positive,
782,2,True,Room,clean room,Positive,
782,2,True,Facility,excellent renovation with taste,Positive,
782,2,True,Facility,stylish and beautiful,Positive,
782,3,True,Food,Delicious breakfast,Positive,
782,3,True,Room,clean room,Positive,
782,3,True,Facility,excellent renovation with taste,Positive,
782,3,True,Facility,stylish and beautiful,Positive,
783,1,True,Staff,Great staff,Positive,
783,1,True,Staff,great willingness,Positive,
783,1,True,Room,The hotel itself was tidy and modern,Positive,
783,2,True,Staff,Great staff,Positive,
783,2,True,Staff,great willingness,Positive,
783,2,True,Room,The hotel itself was tidy and modern,Positive,
783,3,True,Staff,Great staff,Positive,
783,3,True,Staff,great willingness,Positive,
783,3,True,Room,The hotel itself was tidy and modern,Positive,
784,1,True,Staff,Very friendly and warm service,Positive,
784,1,True,Room,very clean and new rooms,Positive,
784,1,True,Location,Proximity to the beach and airport,Positive,
784,2,True,Staff,Very friendly and warm service,Positive,
784,2,True,Room,very clean and new rooms,Positive,
784,2,True,Location,Proximity to the beach and airport,Positive,
784,3,True,Staff,Very friendly and warm service,Positive,
784,3,True,Room,very clean and new rooms,Positive,
784,3,True,Location,Proximity to the beach and airport,Positive,
785,1,False,Staff,Very kind and helpful staff,Positive,
785,1,False,Area,Bad-degraded area,Negative,
785,1,False,Cleanliness,Not as clean as it should be inside,Negative,
785,1,False,Photos,Misleading photos,Negative,
785,2,False,Staff,Very kind and helpful staff,Positive,
785,2,False,Area,Bad-degraded area,Negative,
785,2,False,Cleanliness,Not as clean as it should be inside,Negative,
785,2,False,Photos,Misleading photos,Negative,
785,3,False,Staff,Very kind and helpful staff,Positive,
785,3,False,Area,Bad-degraded area,Negative,
785,3,False,Cleanliness,Not as clean as it should be inside,Negative,
785,3,False,Photos,Misleading photos,Negative,
2484,1,True,(no annotations found),,,
2484,2,True,(no annotations found),,,
2484,3,True,(no annotations found),,,
