Review ID,Run,Valid,Topic,Sentiment,Errors
1,1,True,Room,Positive,
1,1,True,Staff,Positive,
1,1,True,Location,Positive,
1,1,True,Food,Positive,
1,1,True,Room,Positive,
1,1,True,Staff,Positive,
1,1,True,Location,Positive,
1,1,True,Food,Positive,
1,2,True,Room,Positive,
1,2,True,Staff,Positive,
1,2,True,Location,Positive,
1,2,True,Food,Positive,
1,2,True,Room,Positive,
1,2,True,Staff,Positive,
1,2,True,Location,Positive,
1,2,True,Food,Positive,
1,3,True,Room,Positive,
1,3,True,Staff,Positive,
1,3,True,Location,Positive,
1,3,True,Food,Positive,
1,3,True,Room,Positive,
1,3,True,Staff,Positive,
1,3,True,Location,Positive,
1,3,True,Food,Positive,
2,1,True,Room,Positive,
2,1,True,Staff,Positive,
2,1,True,Food,Negative,
2,1,True,Room,Positive,
2,1,True,Staff,Positive,
2,1,True,Food,Negative,
2,2,True,Room,Positive,
2,2,True,Staff,Positive,
2,2,True,Food,Negative,
2,2,True,Room,Positive,
2,2,True,Staff,Positive,
2,2,True,Food,Negative,
2,3,True,Room,Positive,
2,3,True,Staff,Positive,
2,3,True,Food,Negative,
2,3,True,Room,Positive,
2,3,True,Staff,Positive,
2,3,True,Food,Negative,
3,1,False,(no sentiments found),,'Room' is a required property
3,1,False,Location,Positive,
3,2,False,Location,Positive,
3,2,False,Location,Positive,
3,3,False,Location,Positive,
3,3,False,Location,Positive,
4,1,False,Room,Negative,
4,1,False,Staff,Positive,
4,1,False,Location,null,
4,1,False,Price,Negative,
4,1,False,Room,Negative,
4,1,False,Staff,Positive,
4,1,False,Location,null,
4,1,False,Price,Negative,
4,2,False,Room,Negative,
4,2,False,Staff,Positive,
4,2,False,Location,null,
4,2,False,Price,Negative,
4,2,False,Room,Negative,
4,2,False,Staff,Positive,
4,2,False,Location,null,
4,2,False,Price,Negative,
4,3,False,Room,Negative,
4,3,False,Staff,Positive,
4,3,False,Location,null,
4,3,False,Price,Negative,
4,3,False,Room,Negative,
4,3,False,Staff,Positive,
4,3,False,Location,null,
4,3,False,Price,Negative,
5,1,False,Room,Positive,
5,1,False,Staff,null,
5,1,False,Location,Positive,
5,1,False,Room,Positive,
5,1,False,Staff,null,
5,1,False,Location,Positive,
5,2,False,Room,Positive,
5,2,False,Staff,null,
5,2,False,Location,Positive,
5,2,False,Room,Positive,
5,2,False,Staff,null,
5,2,False,Location,Positive,
5,3,False,Room,Positive,
5,3,False,Staff,null,
5,3,False,Location,Positive,
5,3,False,Room,Positive,
5,3,False,Staff,null,
5,3,False,Location,Positive,
6,1,False,Room,Positive,
6,1,False,Staff,null,
6,1,False,Location,null,
6,1,False,Price,Negative,
6,1,False,Check-in,null,
6,1,False,Check-out,null,
6,1,False,Off,null,
6,1,False,Room,Positive,
6,1,False,Staff,null,
6,1,False,Location,null,
6,1,False,Price,Negative,
6,2,False,Room,Positive,
6,2,False,Staff,null,
6,2,False,Location,null,
6,2,False,Price,Negative,
6,2,False,Room,Positive,
6,2,False,Staff,null,
6,2,False,Location,null,
6,2,False,Price,Negative,
6,3,False,Room,Positive,
6,3,False,Staff,null,
6,3,False,Location,null,
6,3,False,Price,Negative,
6,3,False,Room,Positive,
6,3,False,Staff,null,
6,3,False,Location,null,
6,3,False,Price,Negative,
7,1,True,Staff,Negative,
7,1,True,Staff,Negative,
7,2,True,Staff,Negative,
7,2,True,Staff,Negative,
7,3,True,Staff,Negative,
7,3,True,Staff,Negative,
8,1,False,Location,Positive,
8,1,False,Staff,Negative,
8,1,True,Staff,Positive,
8,1,True,Location,Positive,
8,2,True,Staff,Positive,
8,2,True,Location,Positive,
8,2,True,Staff,Positive,
8,2,True,Location,Positive,
8,3,True,Staff,Positive,
8,3,True,Location,Positive,
8,3,True,Staff,Positive,
8,3,True,Location,Positive,
9,1,True,Staff,Positive,
9,1,True,Location,Positive,
9,1,True,Food,Negative,
9,1,True,Staff,Positive,
9,1,True,Location,Positive,
9,1,True,Food,Negative,
9,2,True,Staff,Positive,
9,2,True,Location,Positive,
9,2,True,Food,Negative,
9,2,True,Staff,Positive,
9,2,True,Location,Positive,
9,2,True,Food,Negative,
9,3,True,Staff,Positive,
9,3,True,Location,Positive,
9,3,True,Food,Negative,
9,3,True,Staff,Positive,
9,3,True,Location,Positive,
9,3,True,Food,Negative,
10,1,True,Room,Positive,
10,1,True,Location,Positive,
10,1,True,Room,Positive,
10,1,True,Location,Positive,
10,2,True,Room,Positive,
10,2,True,Location,Positive,
10,2,True,Room,Positive,
10,2,True,Location,Positive,
10,3,True,Room,Positive,
10,3,True,Location,Positive,
10,3,True,Room,Positive,
10,3,True,Location,Positive,
11,1,True,Room,Positive,
11,1,True,Staff,Positive,
11,1,True,Location,Positive,
11,1,True,Food,Positive,
11,1,True,Room,Positive,
11,1,True,Staff,Positive,
11,1,True,Location,Positive,
11,1,True,Food,Positive,
11,2,True,Room,Positive,
11,2,True,Staff,Positive,
11,2,True,Location,Positive,
11,2,True,Food,Positive,
11,2,True,Room,Positive,
11,2,True,Staff,Positive,
11,2,True,Location,Positive,
11,2,True,Food,Positive,
11,3,True,Room,Positive,
11,3,True,Staff,Positive,
11,3,True,Location,Positive,
11,3,True,Food,Positive,
11,3,True,Room,Positive,
11,3,True,Staff,Positive,
11,3,True,Location,Positive,
11,3,True,Food,Positive,
12,1,True,Staff,Positive,
12,1,True,Food,Positive,
12,1,True,Price,Negative,
12,1,True,Staff,Positive,
12,2,True,Staff,Positive,
12,2,True,Staff,Positive,
12,3,True,Staff,Positive,
12,3,True,Staff,Positive,
13,1,True,Room,Positive,
13,1,True,Staff,Positive,
13,1,True,Location,Positive,
13,1,True,Room,Positive,
13,1,True,Staff,Positive,
13,1,True,Location,Positive,
13,2,True,Room,Positive,
13,2,True,Staff,Positive,
13,2,True,Location,Positive,
13,2,True,Room,Positive,
13,2,True,Staff,Positive,
13,2,True,Location,Positive,
13,3,True,Room,Positive,
13,3,True,Staff,Positive,
13,3,True,Location,Positive,
13,3,True,Room,Positive,
13,3,True,Staff,Positive,
13,3,True,Location,Positive,
14,1,True,Staff,Negative,
14,1,True,Location,Positive,
14,1,True,Staff,Negative,
14,1,True,Location,Positive,
14,2,True,Staff,Negative,
14,2,True,Location,Positive,
14,2,True,Staff,Negative,
14,2,True,Location,Positive,
14,3,True,Staff,Negative,
14,3,True,Location,Positive,
14,3,True,Staff,Negative,
14,3,True,Location,Positive,
15,1,True,Room,Positive,
15,1,True,Staff,Positive,
15,1,True,Location,Negative,
15,1,True,Room,Positive,
15,1,True,Staff,Positive,
15,1,True,Location,Negative,
15,2,True,Room,Positive,
15,2,True,Staff,Positive,
15,2,True,Location,Negative,
15,2,True,Room,Positive,
15,2,True,Staff,Positive,
15,2,True,Location,Negative,
15,3,True,Room,Positive,
15,3,True,Staff,Positive,
15,3,True,Location,Negative,
15,3,True,Room,Positive,
15,3,True,Staff,Positive,
15,3,True,Location,Negative,
16,1,False,Room,Positive,
16,1,False,Staff,null,
16,1,False,Location,null,
16,1,False,Food,Negative,
16,1,False,Price,null,
16,1,False,Facility,null,
16,1,False,Check-in,null,
16,1,False,Check-out,null,
16,1,False,Off,null,
16,1,False,Booking-issue,null,
16,1,False,Taxi-issue,null,
16,1,False,Room,Positive,
16,1,False,Staff,null,
16,1,False,Location,null,
16,1,False,Food,Negative,
16,1,False,Price,null,
16,1,False,Facility,null,
16,1,False,Check-in,null,
16,1,False,Check-out,null,
16,1,False,Off,null,
16,1,False,Booking-issue,null,
16,1,False,Taxi-issue,null,
16,2,False,Room,Positive,
16,2,False,Staff,null,
16,2,False,Location,null,
16,2,False,Food,Negative,
16,2,False,Price,null,
16,2,False,Facility,null,
16,2,False,Check-in,null,
16,2,False,Check-out,null,
16,2,False,Off,null,
16,2,False,Booking-issue,null,
16,2,False,Taxi-issue,null,
16,2,False,Room,Positive,
16,2,False,Staff,null,
16,2,False,Location,null,
16,2,False,Food,Negative,
16,2,False,Price,null,
16,2,False,Facility,null,
16,2,False,Check-in,null,
16,2,False,Check-out,null,
16,2,False,Off,null,
16,2,False,Booking-issue,null,
16,2,False,Taxi-issue,null,
16,3,False,Room,Positive,
16,3,False,Staff,null,
16,3,False,Location,null,
16,3,False,Food,Negative,
16,3,False,Price,null,
16,3,False,Facility,null,
16,3,False,Check-in,null,
16,3,False,Check-out,null,
16,3,False,Off,null,
16,3,False,Booking-issue,null,
16,3,False,Taxi-issue,null,
16,3,False,Room,Positive,
16,3,False,Staff,null,
16,3,False,Location,null,
16,3,False,Food,Negative,
16,3,False,Price,null,
16,3,False,Facility,null,
16,3,False,Check-in,null,
16,3,False,Check-out,null,
16,3,False,Off,null,
16,3,False,Booking-issue,null,
16,3,False,Taxi-issue,null,
17,1,True,Room,Positive,
17,1,True,Staff,Positive,
17,1,True,Location,Positive,
17,1,True,Room,Positive,
17,1,True,Staff,Positive,
17,1,True,Location,Positive,
17,2,True,Room,Positive,
17,2,True,Staff,Positive,
17,2,True,Location,Positive,
17,2,True,Room,Positive,
17,2,True,Staff,Positive,
17,2,True,Location,Positive,
17,3,True,Room,Positive,
17,3,True,Staff,Positive,
17,3,True,Location,Positive,
17,3,True,Room,Positive,
17,3,True,Staff,Positive,
17,3,True,Location,Positive,
18,1,True,Staff,Positive,
18,1,True,Location,Positive,
18,1,True,Food,Negative,
18,1,True,Price,Negative,
18,1,True,Staff,Positive,
18,1,True,Location,Positive,
18,1,True,Food,Negative,
18,1,True,Price,Negative,
18,2,True,Staff,Positive,
18,2,True,Location,Positive,
18,2,True,Food,Negative,
18,2,True,Price,Negative,
18,2,True,Staff,Positive,
18,2,True,Location,Positive,
18,2,True,Food,Negative,
18,2,True,Price,Negative,
18,3,True,Staff,Positive,
18,3,True,Location,Positive,
18,3,True,Food,Negative,
18,3,True,Price,Negative,
18,3,True,Staff,Positive,
18,3,True,Location,Positive,
18,3,True,Food,Negative,
18,3,True,Price,Negative,
19,1,True,Location,Positive,
19,1,True,Location,Positive,
19,2,True,Location,Positive,
19,2,True,Location,Positive,
19,3,True,Location,Positive,
19,3,True,Location,Positive,
20,1,False,Location,Negative,
20,1,False,Staff,Positive,
20,1,False,Location,Negative,
20,1,False,Staff,Positive,
20,2,False,Location,Negative,
20,2,False,Staff,Positive,
20,2,False,Location,Negative,
20,2,False,Staff,Positive,
20,3,False,Location,Negative,
20,3,False,Staff,Positive,
20,3,False,Location,Negative,
20,3,False,Staff,Positive,
21,1,True,Staff,Positive,
21,1,True,Food,Positive,
21,1,True,Staff,Positive,
21,1,True,Food,Positive,
21,2,True,Staff,Positive,
21,2,True,Food,Positive,
21,2,True,Staff,Positive,
21,2,True,Food,Positive,
21,3,True,Staff,Positive,
21,3,True,Food,Positive,
21,3,True,Staff,Positive,
21,3,True,Food,Positive,
22,1,True,Room,Positive,
22,1,True,Staff,Negative,
22,1,True,Food,Negative,
22,1,True,Room,Positive,
22,1,True,Staff,Negative,
22,1,True,Food,Negative,
22,2,True,Room,Positive,
22,2,True,Staff,Negative,
22,2,True,Food,Negative,
22,2,True,Room,Positive,
22,2,True,Staff,Negative,
22,2,True,Food,Negative,
22,3,True,Room,Positive,
22,3,True,Staff,Negative,
22,3,True,Food,Negative,
22,3,True,Room,Positive,
22,3,True,Staff,Negative,
22,3,True,Food,Negative,
23,1,True,Staff,Positive,
23,1,True,Staff,Positive,
23,2,True,Staff,Positive,
23,2,True,Staff,Positive,
23,3,True,Staff,Positive,
23,3,True,Staff,Positive,
24,1,True,Staff,Positive,
24,1,True,Staff,Positive,
24,2,True,Staff,Positive,
24,2,True,Staff,Positive,
24,3,True,Staff,Positive,
24,3,True,Staff,Positive,
25,1,True,Staff,Negative,
25,1,True,Staff,Negative,
25,2,True,Staff,Negative,
25,2,True,Staff,Negative,
25,3,True,Staff,Negative,
25,3,True,Staff,Negative,
26,1,True,Room,Positive,
26,1,True,Staff,Positive,
26,1,True,Location,Positive,
26,1,True,Food,Positive,
26,1,True,Room,Positive,
26,1,True,Staff,Positive,
26,1,True,Location,Positive,
26,1,True,Food,Positive,
26,2,True,Room,Positive,
26,2,True,Staff,Positive,
26,2,True,Location,Positive,
26,2,True,Food,Positive,
26,2,True,Room,Positive,
26,2,True,Staff,Positive,
26,2,True,Location,Positive,
26,2,True,Food,Positive,
26,3,True,Room,Positive,
26,3,True,Staff,Positive,
26,3,True,Location,Positive,
26,3,True,Food,Positive,
26,3,True,Room,Positive,
26,3,True,Staff,Positive,
26,3,True,Location,Positive,
26,3,True,Food,Positive,
27,1,False,Room,null,
27,1,False,Staff,Positive,
27,1,False,Location,null,
27,1,False,Price,Negative,
27,1,False,Room,null,
27,1,False,Staff,Positive,
27,1,False,Location,null,
27,1,False,Price,Negative,
27,2,False,Room,null,
27,2,False,Staff,Positive,
27,2,False,Location,null,
27,2,False,Price,Negative,
27,2,False,Room,null,
27,2,False,Staff,Positive,
27,2,False,Location,null,
27,2,False,Price,Negative,
27,3,False,Room,null,
27,3,False,Staff,Positive,
27,3,False,Location,null,
27,3,False,Price,Negative,
27,3,False,Room,null,
27,3,False,Staff,Positive,
27,3,False,Location,null,
27,3,False,Price,Negative,
28,1,True,Staff,Positive,
28,1,True,Location,Negative,
28,1,True,Off,Negative,
28,1,True,Staff,Positive,
28,1,True,Location,Negative,
28,1,True,Off,Negative,
28,2,True,Staff,Positive,
28,2,True,Location,Negative,
28,2,True,Off,Negative,
28,2,True,Staff,Positive,
28,2,True,Location,Negative,
28,2,True,Off,Negative,
28,3,True,Staff,Positive,
28,3,True,Location,Negative,
28,3,True,Off,Negative,
28,3,True,Staff,Positive,
28,3,True,Location,Negative,
28,3,True,Off,Negative,
29,1,True,Room,Positive,
29,1,True,Staff,Positive,
29,1,True,Room,Positive,
29,1,True,Staff,Positive,
29,2,True,Room,Positive,
29,2,True,Staff,Positive,
29,2,True,Room,Positive,
29,2,True,Staff,Positive,
29,3,True,Room,Positive,
29,3,True,Staff,Positive,
29,3,True,Room,Positive,
29,3,True,Staff,Positive,
30,1,True,Room,Positive,
30,1,True,Staff,Positive,
30,1,True,Location,Positive,
30,1,True,Room,Positive,
30,1,True,Staff,Positive,
30,1,True,Location,Positive,
30,2,True,Room,Positive,
30,2,True,Staff,Positive,
30,2,True,Location,Positive,
30,2,True,Room,Positive,
30,2,True,Staff,Positive,
30,2,True,Location,Positive,
30,3,True,Room,Positive,
30,3,True,Staff,Positive,
30,3,True,Location,Positive,
30,3,True,Room,Positive,
30,3,True,Staff,Positive,
30,3,True,Location,Positive,
31,1,True,Staff,Positive,
31,1,True,Location,Positive,
31,1,True,Food,Negative,
31,1,True,Staff,Positive,
31,1,True,Location,Positive,
31,1,True,Food,Negative,
31,2,True,Staff,Positive,
31,2,True,Location,Positive,
31,2,True,Food,Negative,
31,2,True,Staff,Positive,
31,2,True,Location,Positive,
31,2,True,Food,Negative,
31,3,True,Staff,Positive,
31,3,True,Location,Positive,
31,3,True,Food,Negative,
31,3,True,Staff,Positive,
31,3,True,Location,Positive,
31,3,True,Food,Negative,
32,1,True,Room,Positive,
32,1,True,Staff,Negative,
32,1,True,Room,Positive,
32,1,True,Staff,Negative,
32,2,True,Room,Positive,
32,2,True,Staff,Negative,
32,2,True,Room,Positive,
32,2,True,Staff,Negative,
32,3,True,Room,Positive,
32,3,True,Staff,Negative,
32,3,True,Room,Positive,
32,3,True,Staff,Negative,
33,1,True,Room,Positive,
33,1,True,Staff,Positive,
33,1,True,Food,Negative,
33,1,True,Room,Positive,
33,1,True,Staff,Positive,
33,1,True,Food,Negative,
33,2,True,Room,Positive,
33,2,True,Staff,Positive,
33,2,True,Food,Negative,
33,2,True,Room,Positive,
33,2,True,Staff,Positive,
33,2,True,Food,Negative,
33,3,True,Room,Positive,
33,3,True,Staff,Positive,
33,3,True,Food,Negative,
33,3,True,Room,Positive,
33,3,True,Staff,Positive,
33,3,True,Food,Negative,
34,1,True,Staff,Positive,
34,1,True,Location,Positive,
34,1,True,Staff,Positive,
34,1,True,Location,Positive,
34,2,True,Staff,Positive,
34,2,True,Location,Positive,
34,2,True,Staff,Positive,
34,2,True,Location,Positive,
34,3,True,Staff,Positive,
34,3,True,Location,Positive,
34,3,True,Staff,Positive,
34,3,True,Location,Positive,
35,1,True,Staff,Negative,
35,1,True,Staff,Negative,
35,2,True,Staff,Negative,
35,2,True,Staff,Negative,
35,3,True,Staff,Negative,
35,3,True,Staff,Negative,
36,1,True,Room,Positive,
36,1,True,Staff,Positive,
36,1,True,Location,Negative,
36,1,True,Food,Negative,
36,1,True,Check-in,Positive,
36,1,True,Check-out,Positive,
36,1,True,Room,Positive,
36,1,True,Staff,Positive,
36,1,True,Location,Negative,
36,1,True,Food,Negative,
36,1,True,Check-in,Positive,
36,1,True,Check-out,Positive,
36,2,True,Room,Positive,
36,2,True,Staff,Positive,
36,2,True,Location,Negative,
36,2,True,Food,Negative,
36,2,True,Check-in,Positive,
36,2,True,Check-out,Positive,
36,2,True,Room,Positive,
36,2,True,Staff,Positive,
36,2,True,Location,Negative,
36,2,True,Food,Negative,
36,2,True,Check-in,Positive,
36,2,True,Check-out,Positive,
36,3,True,Room,Positive,
36,3,True,Staff,Positive,
36,3,True,Location,Negative,
36,3,True,Food,Negative,
36,3,True,Check-in,Positive,
36,3,True,Check-out,Positive,
36,3,True,Room,Positive,
36,3,True,Staff,Positive,
36,3,True,Location,Negative,
36,3,True,Food,Negative,
36,3,True,Check-in,Positive,
36,3,True,Check-out,Positive,
37,1,False,Room,null,
37,1,False,Staff,Positive,
37,1,False,Location,Negative,
37,1,False,Food,Negative,
37,1,False,Price,null,
37,1,False,Facility,null,
37,1,False,Check-in,null,
37,1,False,Check-out,null,
37,1,False,Off,null,
37,1,False,Booking-issue,null,
37,1,False,Taxi-issue,null,
37,1,False,Room,null,
37,1,False,Staff,Positive,
37,1,False,Location,Negative,
37,1,False,Food,Negative,
37,1,False,Price,null,
37,1,False,Facility,null,
37,1,False,Check-in,null,
37,1,False,Check-out,null,
37,1,False,Off,null,
37,1,False,Booking-issue,null,
37,1,False,Taxi-issue,null,
37,2,False,Room,null,
37,2,False,Staff,Positive,
37,2,False,Location,Negative,
37,2,False,Food,Negative,
37,2,False,Price,null,
37,2,False,Facility,null,
37,2,False,Check-in,null,
37,2,False,Check-out,null,
37,2,False,Off,null,
37,2,False,Booking-issue,null,
37,2,False,Taxi-issue,null,
37,2,False,Room,null,
37,2,False,Staff,Positive,
37,2,False,Location,Negative,
37,2,False,Food,Negative,
37,2,False,Price,null,
37,2,False,Facility,null,
37,2,False,Check-in,null,
37,2,False,Check-out,null,
37,2,False,Off,null,
37,2,False,Booking-issue,null,
37,2,False,Taxi-issue,null,
37,3,False,Room,null,
37,3,False,Staff,Positive,
37,3,False,Location,Negative,
37,3,False,Food,Negative,
37,3,False,Price,null,
37,3,False,Facility,null,
37,3,False,Check-in,null,
37,3,False,Check-out,null,
37,3,False,Off,null,
37,3,False,Booking-issue,null,
37,3,False,Taxi-issue,null,
37,3,False,Room,null,
37,3,False,Staff,Positive,
37,3,False,Location,Negative,
37,3,False,Food,Negative,
37,3,False,Price,null,
37,3,False,Facility,null,
37,3,False,Check-in,null,
37,3,False,Check-out,null,
37,3,False,Off,null,
37,3,False,Booking-issue,null,
37,3,False,Taxi-issue,null,
38,1,False,Room,Negative,
38,1,False,Staff,null,
38,1,False,Location,null,
38,1,False,Room,Negative,
38,1,False,Staff,null,
38,1,False,Location,null,
38,2,False,Room,Negative,
38,2,False,Staff,null,
38,2,False,Location,null,
38,2,False,Room,Negative,
38,2,False,Staff,null,
38,2,False,Location,null,
38,3,False,Room,Negative,
38,3,False,Staff,null,
38,3,False,Location,null,
38,3,False,Room,Negative,
38,3,False,Staff,null,
38,3,False,Location,null,
39,1,False,Room,Negative,
39,1,False,Staff,null,
39,1,False,Location,null,
39,1,False,Price,Negative,
39,1,False,Room,Negative,
39,1,False,Staff,null,
39,1,False,Location,null,
39,1,False,Price,Negative,
39,2,False,Room,Negative,
39,2,False,Staff,null,
39,2,False,Location,null,
39,2,False,Price,Negative,
39,2,False,Room,Negative,
39,2,False,Staff,null,
39,2,False,Location,null,
39,2,False,Price,Negative,
39,3,False,Room,Negative,
39,3,False,Staff,null,
39,3,False,Location,null,
39,3,False,Price,Negative,
39,3,False,Room,Negative,
39,3,False,Staff,null,
39,3,False,Location,null,
39,3,False,Price,Negative,
40,1,True,Location,Positive,
40,1,True,Location,Positive,
40,2,True,Location,Positive,
40,2,True,Location,Positive,
40,3,True,Location,Positive,
40,3,True,Location,Positive,
41,1,True,Staff,Positive,
41,1,True,Location,Positive,
41,1,True,Food,Negative,
41,1,True,Staff,Positive,
41,1,True,Location,Positive,
41,1,True,Food,Negative,
41,2,True,Staff,Positive,
41,2,True,Location,Positive,
41,2,True,Food,Negative,
41,2,True,Staff,Positive,
41,2,True,Location,Positive,
41,2,True,Food,Negative,
41,3,True,Staff,Positive,
41,3,True,Location,Positive,
41,3,True,Food,Negative,
41,3,True,Staff,Positive,
41,3,True,Location,Positive,
41,3,True,Food,Negative,
42,1,False,Off,null,
42,1,False,Off,null,
42,2,False,Off,null,
42,2,False,Off,null,
42,3,False,Off,null,
42,3,False,Off,null,
43,1,False,Room,Negative,
43,1,False,Staff,null,
43,1,False,Location,null,
43,1,False,Price,Negative,
43,1,False,Room,Negative,
43,1,False,Staff,null,
43,1,False,Location,null,
43,1,False,Price,Negative,
43,2,False,Room,Negative,
43,2,False,Staff,null,
43,2,False,Location,null,
43,2,False,Price,Negative,
43,2,False,Room,Negative,
43,2,False,Staff,null,
43,2,False,Location,null,
43,2,False,Price,Negative,
43,3,False,Room,Negative,
43,3,False,Staff,null,
43,3,False,Location,null,
43,3,False,Price,Negative,
43,3,False,Room,Negative,
43,3,False,Staff,null,
43,3,False,Location,null,
43,3,False,Price,Negative,
44,1,True,Staff,Positive,
44,1,True,Facility,Positive,
44,1,True,Staff,Positive,
44,1,True,Price,Negative,
44,1,True,Facility,Positive,
44,2,True,Staff,Positive,
44,2,True,Price,Negative,
44,2,True,Facility,Positive,
44,2,True,Staff,Positive,
44,2,True,Price,Negative,
44,2,True,Facility,Positive,
44,3,True,Staff,Positive,
44,3,True,Price,Negative,
44,3,True,Facility,Positive,
44,3,True,Staff,Positive,
44,3,True,Price,Negative,
44,3,True,Facility,Positive,
45,1,True,Room,Positive,
45,1,True,Location,Negative,
45,1,True,Food,Negative,
45,1,True,Price,Negative,
45,1,True,Room,Positive,
45,1,True,Location,Negative,
45,1,True,Food,Negative,
45,1,True,Price,Negative,
45,2,True,Room,Positive,
45,2,True,Location,Negative,
45,2,True,Food,Negative,
45,2,True,Price,Negative,
45,2,True,Room,Positive,
45,2,True,Location,Negative,
45,2,True,Food,Negative,
45,2,True,Price,Negative,
45,3,True,Room,Positive,
45,3,True,Location,Negative,
45,3,True,Food,Negative,
45,3,True,Price,Negative,
45,3,True,Room,Positive,
45,3,True,Location,Negative,
45,3,True,Food,Negative,
45,3,True,Price,Negative,
46,1,True,Staff,Negative,
46,1,True,Price,Negative,
46,1,True,Staff,Negative,
46,1,True,Price,Negative,
46,2,True,Staff,Negative,
46,2,True,Price,Negative,
46,2,True,Staff,Negative,
46,2,True,Price,Negative,
46,3,True,Staff,Negative,
46,3,True,Price,Negative,
46,3,True,Staff,Negative,
46,3,True,Price,Negative,
47,1,True,Staff,Positive,
47,1,True,Price,Negative,
47,1,True,Taxi-issue,Negative,
47,1,True,Staff,Positive,
47,1,True,Price,Negative,
47,1,True,Taxi-issue,Negative,
47,2,True,Staff,Positive,
47,2,True,Price,Negative,
47,2,True,Taxi-issue,Negative,
47,2,True,Staff,Positive,
47,2,True,Price,Negative,
47,2,True,Taxi-issue,Negative,
47,3,True,Staff,Positive,
47,3,True,Price,Negative,
47,3,True,Taxi-issue,Negative,
47,3,True,Staff,Positive,
47,3,True,Price,Negative,
47,3,True,Taxi-issue,Negative,
48,1,True,Room,Positive,
48,1,True,Staff,Negative,
48,1,True,Room,Positive,
48,1,True,Staff,Negative,
48,2,True,Room,Positive,
48,2,True,Staff,Negative,
48,2,True,Room,Positive,
48,2,True,Staff,Negative,
48,3,True,Room,Positive,
48,3,True,Staff,Negative,
48,3,True,Room,Positive,
48,3,True,Staff,Negative,
49,1,True,Location,Positive,
49,1,True,Price,Negative,
49,1,True,Location,Positive,
49,1,True,Price,Negative,
49,2,True,Location,Positive,
49,2,True,Price,Negative,
49,2,True,Location,Positive,
49,2,True,Price,Negative,
49,3,True,Location,Positive,
49,3,True,Price,Negative,
49,3,True,Location,Positive,
49,3,True,Price,Negative,
50,1,True,Location,Positive,
50,1,True,Location,Positive,
50,2,True,Location,Positive,
50,2,True,Location,Positive,
50,3,True,Location,Positive,
50,3,True,Location,Positive,
51,1,True,Room,Positive,
51,1,True,Staff,Positive,
51,1,True,Location,Positive,
51,1,True,Room,Positive,
51,1,True,Staff,Positive,
51,1,True,Location,Positive,
51,2,True,Room,Positive,
51,2,True,Staff,Positive,
51,2,True,Location,Positive,
51,2,True,Room,Positive,
51,2,True,Staff,Positive,
51,2,True,Location,Positive,
51,3,True,Room,Positive,
51,3,True,Staff,Positive,
51,3,True,Location,Positive,
51,3,True,Room,Positive,
51,3,True,Staff,Positive,
51,3,True,Location,Positive,
52,1,False,Room,null,
52,1,False,Staff,Negative,
52,1,False,Location,null,
52,1,False,Food,null,
52,1,False,Price,null,
52,1,False,Facility,null,
52,1,False,Check-in,null,
52,1,False,Check-out,null,
52,1,False,Off,null,
52,1,False,Booking-issue,null,
52,1,False,Taxi-issue,null,
52,1,False,Room,null,
52,1,False,Staff,Negative,
52,1,False,Location,null,
52,1,False,Food,null,
52,1,False,Price,null,
52,1,False,Facility,null,
52,1,False,Check-in,null,
52,1,False,Check-out,null,
52,1,False,Off,null,
52,1,False,Booking-issue,null,
52,1,False,Taxi-issue,null,
52,2,False,Room,null,
52,2,False,Staff,Negative,
52,2,False,Location,null,
52,2,False,Food,null,
52,2,False,Price,null,
52,2,False,Facility,null,
52,2,False,Check-in,null,
52,2,False,Check-out,null,
52,2,False,Off,null,
52,2,False,Booking-issue,null,
52,2,False,Taxi-issue,null,
52,2,False,Room,null,
52,2,False,Staff,Negative,
52,2,False,Location,null,
52,2,False,Food,null,
52,2,False,Price,null,
52,2,False,Facility,null,
52,2,False,Check-in,null,
52,2,False,Check-out,null,
52,2,False,Off,null,
52,2,False,Booking-issue,null,
52,2,False,Taxi-issue,null,
52,3,False,Room,null,
52,3,False,Staff,Negative,
52,3,False,Location,null,
52,3,False,Food,null,
52,3,False,Price,null,
52,3,False,Facility,null,
52,3,False,Check-in,null,
52,3,False,Check-out,null,
52,3,False,Off,null,
52,3,False,Booking-issue,null,
52,3,False,Taxi-issue,null,
52,3,False,Room,null,
52,3,False,Staff,Negative,
52,3,False,Location,null,
52,3,False,Food,null,
52,3,False,Price,null,
52,3,False,Facility,null,
52,3,False,Check-in,null,
52,3,False,Check-out,null,
52,3,False,Off,null,
52,3,False,Booking-issue,null,
52,3,False,Taxi-issue,null,
53,1,False,Room,Positive,
53,1,False,Staff,null,
53,1,False,Location,Positive,
53,1,False,Food,Positive,
53,1,False,Price,null,
53,1,False,Facility,null,
53,1,False,Check-in,null,
53,1,False,Check-out,null,
53,1,False,Off,null,
53,1,False,Booking-issue,null,
53,1,False,Taxi-issue,null,
53,1,False,Room,Positive,
53,1,False,Staff,null,
53,1,False,Location,Positive,
53,1,False,Food,Positive,
53,1,False,Price,null,
53,1,False,Facility,null,
53,1,False,Check-in,null,
53,1,False,Check-out,null,
53,1,False,Off,null,
53,1,False,Booking-issue,null,
53,1,False,Taxi-issue,null,
53,2,False,Room,Positive,
53,2,False,Staff,null,
53,2,False,Location,Positive,
53,2,False,Food,Positive,
53,2,False,Price,null,
53,2,False,Facility,null,
53,2,False,Check-in,null,
53,2,False,Check-out,null,
53,2,False,Off,null,
53,2,False,Booking-issue,null,
53,2,False,Taxi-issue,null,
53,2,False,Room,Positive,
53,2,False,Staff,null,
53,2,False,Location,Positive,
53,2,False,Food,Positive,
53,2,False,Price,null,
53,2,False,Facility,null,
53,2,False,Check-in,null,
53,2,False,Check-out,null,
53,2,False,Off,null,
53,2,False,Booking-issue,null,
53,2,False,Taxi-issue,null,
53,3,False,Room,Positive,
53,3,False,Staff,null,
53,3,False,Location,Positive,
53,3,False,Food,Positive,
53,3,False,Price,null,
53,3,False,Facility,null,
53,3,False,Check-in,null,
53,3,False,Check-out,null,
53,3,False,Off,null,
53,3,False,Booking-issue,null,
53,3,False,Taxi-issue,null,
53,3,False,Room,Positive,
53,3,False,Staff,null,
53,3,False,Location,Positive,
53,3,False,Food,Positive,
53,3,False,Price,null,
53,3,False,Facility,null,
53,3,False,Check-in,null,
53,3,False,Check-out,null,
53,3,False,Off,null,
53,3,False,Booking-issue,null,
53,3,False,Taxi-issue,null,
54,1,False,Room,Positive,
54,1,False,Staff,null,
54,1,False,Location,null,
54,1,False,Price,Negative,
54,1,False,Room,Positive,
54,1,False,Staff,null,
54,1,False,Location,null,
54,1,False,Price,Negative,
54,2,False,Room,Positive,
54,2,False,Staff,null,
54,2,False,Location,null,
54,2,False,Price,Negative,
54,2,False,Room,Positive,
54,2,False,Staff,null,
54,2,False,Location,null,
54,2,False,Price,Negative,
54,3,False,Room,Positive,
54,3,False,Staff,null,
54,3,False,Location,null,
54,3,False,Price,Negative,
54,3,False,Room,Positive,
54,3,False,Staff,null,
54,3,False,Location,null,
54,3,False,Price,Negative,
55,1,True,Off,Negative,
55,1,True,Off,Negative,
55,2,True,Off,Negative,
55,2,True,Off,Negative,
55,3,True,Off,Negative,
55,3,True,Off,Negative,
56,1,True,Room,Positive,
56,1,True,Staff,Positive,
56,1,True,Location,Positive,
56,1,True,Price,Negative,
56,1,True,Room,Positive,
56,1,True,Staff,Positive,
56,1,True,Location,Positive,
56,1,True,Price,Negative,
56,2,True,Room,Positive,
56,2,True,Staff,Positive,
56,2,True,Location,Positive,
56,2,True,Price,Negative,
56,2,True,Room,Positive,
56,2,True,Staff,Positive,
56,2,True,Location,Positive,
56,2,True,Price,Negative,
56,3,True,Room,Positive,
56,3,True,Staff,Positive,
56,3,True,Location,Positive,
56,3,True,Price,Negative,
56,3,True,Room,Positive,
56,3,True,Staff,Positive,
56,3,True,Location,Positive,
56,3,True,Price,Negative,
57,1,True,Room,Positive,
57,1,True,Staff,Positive,
57,1,True,Location,Positive,
57,1,True,Room,Positive,
57,1,True,Staff,Positive,
57,1,True,Location,Positive,
57,2,True,Room,Positive,
57,2,True,Staff,Positive,
57,2,True,Location,Positive,
57,2,True,Room,Positive,
57,2,True,Staff,Positive,
57,2,True,Location,Positive,
57,3,True,Room,Positive,
57,3,True,Staff,Positive,
57,3,True,Location,Positive,
57,3,True,Room,Positive,
57,3,True,Staff,Positive,
57,3,True,Location,Positive,
58,1,True,Room,Negative,
58,1,True,Staff,Positive,
58,1,True,Location,Positive,
58,1,True,Room,Negative,
58,1,True,Staff,Positive,
58,1,True,Location,Positive,
58,2,True,Room,Negative,
58,2,True,Staff,Positive,
58,2,True,Location,Positive,
58,2,True,Room,Negative,
58,2,True,Staff,Positive,
58,2,True,Location,Positive,
58,3,True,Room,Negative,
58,3,True,Staff,Positive,
58,3,True,Location,Positive,
58,3,True,Room,Negative,
58,3,True,Staff,Positive,
58,3,True,Location,Positive,
59,1,True,Staff,Positive,
59,1,True,Location,Positive,
59,1,True,Check-in,Positive,
59,1,True,Staff,Positive,
59,1,True,Location,Positive,
59,1,True,Check-in,Positive,
59,2,True,Staff,Positive,
59,2,True,Location,Positive,
59,2,True,Check-in,Positive,
59,2,True,Staff,Positive,
59,2,True,Location,Positive,
59,2,True,Check-in,Positive,
59,3,True,Staff,Positive,
59,3,True,Location,Positive,
59,3,True,Check-in,Positive,
59,3,True,Staff,Positive,
59,3,True,Location,Positive,
59,3,True,Check-in,Positive,
60,1,True,Staff,Positive,
60,1,True,Staff,Positive,
60,2,True,Staff,Positive,
60,2,True,Staff,Positive,
60,3,True,Staff,Positive,
60,3,True,Staff,Positive,
61,1,True,Staff,Positive,
61,1,True,Food,Negative,
61,1,True,Food,Negative,
61,2,True,Food,Negative,
61,2,True,Food,Negative,
61,3,True,Food,Negative,
61,3,True,Food,Negative,
62,1,True,Room,Positive,
62,1,True,Staff,Positive,
62,1,True,Location,Positive,
62,1,True,Room,Positive,
62,1,True,Staff,Positive,
62,1,True,Location,Positive,
62,2,True,Room,Positive,
62,2,True,Staff,Positive,
62,2,True,Location,Positive,
62,2,True,Room,Positive,
62,2,True,Staff,Positive,
62,2,True,Location,Positive,
62,3,True,Room,Positive,
62,3,True,Staff,Positive,
62,3,True,Location,Positive,
62,3,True,Room,Positive,
62,3,True,Staff,Positive,
62,3,True,Location,Positive,
63,1,False,Room,Positive,
63,1,False,Staff,null,
63,1,False,Location,null,
63,1,False,Price,Negative,
63,1,False,Room,Positive,
63,1,False,Staff,null,
63,1,False,Location,null,
63,1,False,Price,Negative,
63,2,False,Room,Positive,
63,2,False,Staff,null,
63,2,False,Location,null,
63,2,False,Price,Negative,
63,2,False,Room,Positive,
63,2,False,Staff,null,
63,2,False,Location,null,
63,2,False,Price,Negative,
63,3,False,Room,Positive,
63,3,False,Staff,null,
63,3,False,Location,null,
63,3,False,Price,Negative,
63,3,False,Room,Positive,
63,3,False,Staff,null,
63,3,False,Location,null,
63,3,False,Price,Negative,
64,1,True,Room,Positive,
64,1,True,Staff,Positive,
64,1,True,Location,Negative,
64,1,True,Room,Positive,
64,1,True,Staff,Positive,
64,1,True,Location,Negative,
64,2,True,Room,Positive,
64,2,True,Staff,Positive,
64,2,True,Location,Negative,
64,2,True,Room,Positive,
64,2,True,Staff,Positive,
64,2,True,Location,Negative,
64,3,True,Room,Positive,
64,3,True,Staff,Positive,
64,3,True,Location,Negative,
64,3,True,Room,Positive,
64,3,True,Staff,Positive,
64,3,True,Location,Negative,
65,1,True,Room,Positive,
65,1,True,Staff,Positive,
65,1,True,Location,Positive,
65,1,True,Food,Negative,
65,1,True,Room,Positive,
65,1,True,Staff,Positive,
65,1,True,Location,Positive,
65,1,True,Food,Negative,
65,2,True,Room,Positive,
65,2,True,Staff,Positive,
65,2,True,Location,Positive,
65,2,True,Food,Negative,
65,2,True,Room,Positive,
65,2,True,Staff,Positive,
65,2,True,Location,Positive,
65,2,True,Food,Negative,
65,3,True,Room,Positive,
65,3,True,Staff,Positive,
65,3,True,Location,Positive,
65,3,True,Food,Negative,
65,3,True,Room,Positive,
65,3,True,Staff,Positive,
65,3,True,Location,Positive,
65,3,True,Food,Negative,
66,1,True,Location,Positive,
66,1,True,Staff,Positive,
66,1,True,Room,Positive,
66,1,True,Food,Negative,
66,1,True,Location,Positive,
66,1,True,Staff,Positive,
66,1,True,Room,Positive,
66,1,True,Food,Negative,
66,2,True,Location,Positive,
66,2,True,Staff,Positive,
66,2,True,Room,Positive,
66,2,True,Food,Negative,
66,2,True,Location,Positive,
66,2,True,Staff,Positive,
66,2,True,Room,Positive,
66,2,True,Food,Negative,
66,3,True,Location,Positive,
66,3,True,Staff,Positive,
66,3,True,Room,Positive,
66,3,True,Food,Negative,
66,3,True,Location,Positive,
66,3,True,Staff,Positive,
66,3,True,Room,Positive,
66,3,True,Food,Negative,
67,1,True,Staff,Negative,
67,1,True,Staff,Negative,
67,2,True,Staff,Negative,
67,2,True,Staff,Negative,
67,3,True,Staff,Negative,
67,3,True,Staff,Negative,
68,1,True,Staff,Positive,
68,1,True,Price,Negative,
68,1,True,Staff,Positive,
68,1,True,Price,Negative,
68,2,True,Staff,Positive,
68,2,True,Price,Negative,
68,2,True,Staff,Positive,
68,2,True,Price,Negative,
68,3,True,Staff,Positive,
68,3,True,Price,Negative,
68,3,True,Staff,Positive,
68,3,True,Price,Negative,
69,1,True,Staff,Positive,
69,1,True,Location,Positive,
69,1,True,Price,Negative,
69,1,True,Staff,Positive,
69,1,True,Location,Positive,
69,1,True,Price,Negative,
69,2,True,Staff,Positive,
69,2,True,Location,Positive,
69,2,True,Price,Negative,
69,2,True,Staff,Positive,
69,2,True,Location,Positive,
69,2,True,Price,Negative,
69,3,True,Staff,Positive,
69,3,True,Location,Positive,
69,3,True,Price,Negative,
69,3,True,Staff,Positive,
69,3,True,Location,Positive,
69,3,True,Price,Negative,
70,1,True,Staff,Positive,
70,1,True,Staff,Positive,
70,2,True,Staff,Positive,
70,2,True,Staff,Positive,
70,3,True,Staff,Positive,
70,3,True,Staff,Positive,
71,1,True,Staff,Positive,
71,1,True,Location,Negative,
71,1,True,Staff,Positive,
71,1,True,Location,Negative,
71,2,True,Staff,Positive,
71,2,True,Location,Negative,
71,2,True,Staff,Positive,
71,2,True,Location,Negative,
71,3,True,Staff,Positive,
71,3,True,Location,Negative,
71,3,True,Staff,Positive,
71,3,True,Location,Negative,
72,1,True,Staff,Positive,
72,1,True,Staff,Positive,
72,2,True,Staff,Positive,
72,2,True,Staff,Positive,
72,3,True,Staff,Positive,
72,3,True,Staff,Positive,
73,1,True,Room,Positive,
73,1,True,Staff,Positive,
73,1,True,Room,Positive,
73,1,True,Staff,Negative,
73,2,True,Room,Positive,
73,2,True,Staff,Negative,
73,2,True,Room,Positive,
73,2,True,Staff,Negative,
73,3,True,Room,Positive,
73,3,True,Staff,Negative,
73,3,True,Room,Positive,
73,3,True,Staff,Negative,
74,1,True,Room,Positive,
74,1,True,Staff,Positive,
74,1,True,Location,Positive,
74,1,True,Food,Positive,
74,1,True,Room,Positive,
74,1,True,Staff,Positive,
74,1,True,Location,Positive,
74,1,True,Food,Negative,
74,2,True,Room,Positive,
74,2,True,Staff,Positive,
74,2,True,Location,Positive,
74,2,True,Food,Negative,
74,2,True,Room,Positive,
74,2,True,Staff,Positive,
74,2,True,Location,Positive,
74,2,True,Food,Negative,
74,3,True,Room,Positive,
74,3,True,Staff,Positive,
74,3,True,Location,Positive,
74,3,True,Food,Negative,
74,3,True,Room,Positive,
74,3,True,Staff,Positive,
74,3,True,Location,Positive,
74,3,True,Food,Negative,
75,1,False,Off,null,
75,1,False,Off,null,
75,2,False,Off,null,
75,2,False,Off,null,
75,3,False,Off,null,
75,3,False,Off,null,
76,1,False,Room,Positive,
76,1,False,Staff,null,
76,1,False,Location,Positive,
76,1,False,Room,Positive,
76,1,False,Staff,null,
76,1,False,Location,Positive,
76,2,False,Room,Positive,
76,2,False,Staff,null,
76,2,False,Location,Positive,
76,2,False,Room,Positive,
76,2,False,Staff,null,
76,2,False,Location,Positive,
76,3,False,Room,Positive,
76,3,False,Staff,null,
76,3,False,Location,Positive,
76,3,False,Room,Positive,
76,3,False,Staff,null,
76,3,False,Location,Positive,
77,1,True,Staff,Negative,
77,1,True,Staff,Negative,
77,2,True,Staff,Negative,
77,2,True,Staff,Negative,
77,3,True,Staff,Negative,
77,3,True,Staff,Negative,
78,1,True,Room,Positive,
78,1,True,Staff,Positive,
78,1,True,Room,Positive,
78,1,True,Staff,Positive,
78,2,True,Room,Positive,
78,2,True,Staff,Positive,
78,2,True,Room,Positive,
78,2,True,Staff,Positive,
78,3,True,Room,Positive,
78,3,True,Staff,Positive,
78,3,True,Room,Positive,
78,3,True,Staff,Positive,
79,1,True,Staff,Positive,
79,1,True,Staff,Positive,
79,2,True,Staff,Positive,
79,2,True,Staff,Positive,
79,3,True,Staff,Positive,
79,3,True,Staff,Positive,
80,1,False,Room,null,
80,1,False,Staff,Positive,
80,1,False,Location,Positive,
80,1,False,Food,Negative,
80,1,False,Price,Negative,
80,1,False,Room,null,
80,1,False,Staff,Positive,
80,1,False,Location,Positive,
80,1,False,Food,Negative,
80,1,False,Price,Negative,
80,2,False,Room,null,
80,2,False,Staff,Positive,
80,2,False,Location,Positive,
80,2,False,Food,Negative,
80,2,False,Price,Negative,
80,2,False,Room,null,
80,2,False,Staff,Positive,
80,2,False,Location,Positive,
80,2,False,Food,Negative,
80,2,False,Price,Negative,
80,3,False,Room,null,
80,3,False,Staff,Positive,
80,3,False,Location,Positive,
80,3,False,Food,Negative,
80,3,False,Price,Negative,
80,3,False,Room,null,
80,3,False,Staff,Positive,
80,3,False,Location,Positive,
80,3,False,Food,Negative,
80,3,False,Price,Negative,
81,1,True,Room,Positive,
81,1,True,Location,Positive,
81,1,True,Room,Positive,
81,1,True,Location,Positive,
81,2,True,Room,Positive,
81,2,True,Location,Positive,
81,2,True,Room,Positive,
81,2,True,Location,Positive,
81,3,True,Room,Positive,
81,3,True,Location,Positive,
81,3,True,Room,Positive,
81,3,True,Location,Positive,
82,1,True,Staff,Positive,
82,1,True,Location,Positive,
82,1,True,Staff,Positive,
82,1,True,Location,Positive,
82,2,True,Staff,Positive,
82,2,True,Location,Positive,
82,2,True,Staff,Positive,
82,2,True,Location,Positive,
82,3,True,Staff,Positive,
82,3,True,Location,Positive,
82,3,True,Staff,Positive,
82,3,True,Location,Positive,
83,1,True,Room,Positive,
83,1,True,Staff,Positive,
83,1,True,Location,Negative,
83,1,True,Room,Positive,
83,1,True,Staff,Positive,
83,1,True,Location,Negative,
83,2,True,Room,Positive,
83,2,True,Staff,Positive,
83,2,True,Location,Negative,
83,2,True,Room,Positive,
83,2,True,Staff,Positive,
83,2,True,Location,Negative,
83,3,True,Room,Positive,
83,3,True,Staff,Positive,
83,3,True,Location,Negative,
83,3,True,Room,Positive,
83,3,True,Staff,Positive,
83,3,True,Location,Negative,
84,1,True,Staff,Positive,
84,1,True,Location,Positive,
84,1,True,Food,Negative,
84,1,True,Facility,Negative,
84,1,True,Staff,Positive,
84,1,True,Location,Positive,
84,1,True,Food,Negative,
84,1,True,Facility,Negative,
84,2,True,Staff,Positive,
84,2,True,Location,Positive,
84,2,True,Food,Negative,
84,2,True,Facility,Negative,
84,2,True,Staff,Positive,
84,2,True,Location,Positive,
84,2,True,Food,Negative,
84,2,True,Facility,Negative,
84,3,True,Staff,Positive,
84,3,True,Location,Positive,
84,3,True,Food,Negative,
84,3,True,Facility,Negative,
84,3,True,Staff,Positive,
84,3,True,Location,Positive,
84,3,True,Food,Negative,
84,3,True,Facility,Negative,
85,1,True,Room,Negative,
85,1,True,Staff,Positive,
85,1,True,Food,Positive,
85,1,True,Room,Negative,
85,1,True,Staff,Positive,
85,1,True,Food,Positive,
85,2,True,Room,Negative,
85,2,True,Staff,Positive,
85,2,True,Food,Positive,
85,2,True,Room,Negative,
85,2,True,Staff,Positive,
85,2,True,Food,Positive,
85,3,True,Room,Negative,
85,3,True,Staff,Positive,
85,3,True,Food,Positive,
85,3,True,Room,Negative,
85,3,True,Staff,Positive,
85,3,True,Food,Positive,
86,1,True,Staff,Positive,
86,1,True,Food,Positive,
86,1,True,Staff,Positive,
86,1,True,Food,Positive,
86,2,True,Staff,Positive,
86,2,True,Food,Positive,
86,2,True,Staff,Positive,
86,2,True,Food,Positive,
86,3,True,Staff,Positive,
86,3,True,Food,Positive,
86,3,True,Staff,Positive,
86,3,True,Food,Positive,
87,1,True,Staff,Positive,
87,1,True,Staff,Positive,
87,2,True,Staff,Positive,
87,2,True,Staff,Positive,
87,3,True,Staff,Positive,
87,3,True,Staff,Positive,
88,1,True,Room,Positive,
88,1,True,Staff,Positive,
88,1,True,Location,Positive,
88,1,True,Room,Positive,
88,1,True,Staff,Positive,
88,1,True,Location,Positive,
88,2,True,Room,Positive,
88,2,True,Staff,Positive,
88,2,True,Location,Positive,
88,2,True,Room,Positive,
88,2,True,Staff,Positive,
88,2,True,Location,Positive,
88,3,True,Room,Positive,
88,3,True,Staff,Positive,
88,3,True,Location,Positive,
88,3,True,Room,Positive,
88,3,True,Staff,Positive,
88,3,True,Location,Positive,
89,1,False,Room,Negative,
89,1,False,Staff,Positive,
89,1,False,Location,null,
89,1,False,Price,Negative,
89,1,False,Check-in,Negative,
89,1,False,Room,Negative,
89,1,False,Staff,Positive,
89,1,False,Location,null,
89,1,False,Check-in,Negative,
89,2,False,Room,Negative,
89,2,False,Staff,Positive,
89,2,False,Location,null,
89,2,False,Check-in,Negative,
89,2,False,Room,Negative,
89,2,False,Staff,Positive,
89,2,False,Location,null,
89,2,False,Check-in,Negative,
89,3,False,Room,Negative,
89,3,False,Staff,Positive,
89,3,False,Location,null,
89,3,False,Check-in,Negative,
89,3,False,Room,Negative,
89,3,False,Staff,Positive,
89,3,False,Location,null,
89,3,False,Check-in,Negative,
90,1,True,Staff,Positive,
90,1,True,Staff,Positive,
90,2,True,Staff,Positive,
90,2,True,Staff,Positive,
90,3,True,Staff,Positive,
90,3,True,Staff,Positive,
91,1,True,Room,Positive,
91,1,True,Staff,Positive,
91,1,True,Location,Positive,
91,1,True,Room,Positive,
91,1,True,Staff,Positive,
91,1,True,Location,Positive,
91,2,True,Room,Positive,
91,2,True,Staff,Positive,
91,2,True,Location,Positive,
91,2,True,Room,Positive,
91,2,True,Staff,Positive,
91,2,True,Location,Positive,
91,3,True,Room,Positive,
91,3,True,Staff,Positive,
91,3,True,Location,Positive,
91,3,True,Room,Positive,
91,3,True,Staff,Positive,
91,3,True,Location,Positive,
92,1,True,Staff,Positive,
92,1,True,Check-in,Positive,
92,1,True,Staff,Positive,
92,1,True,Check-in,Positive,
92,2,True,Staff,Positive,
92,2,True,Check-in,Positive,
92,2,True,Staff,Positive,
92,2,True,Check-in,Positive,
92,3,True,Staff,Positive,
92,3,True,Check-in,Positive,
92,3,True,Staff,Positive,
92,3,True,Check-in,Positive,
93,1,True,Room,Positive,
93,1,True,Staff,Positive,
93,1,True,Location,Negative,
93,1,True,Room,Positive,
93,1,True,Staff,Positive,
93,1,True,Location,Negative,
93,2,True,Room,Positive,
93,2,True,Staff,Positive,
93,2,True,Location,Negative,
93,2,True,Room,Positive,
93,2,True,Staff,Positive,
93,2,True,Location,Negative,
93,3,True,Room,Positive,
93,3,True,Staff,Positive,
93,3,True,Location,Negative,
93,3,True,Room,Positive,
93,3,True,Staff,Positive,
93,3,True,Location,Negative,
94,1,True,Staff,Positive,
94,1,True,Food,Negative,
94,1,True,Facility,Positive,
94,1,True,Staff,Positive,
94,1,True,Food,Negative,
94,1,True,Facility,Positive,
94,2,True,Staff,Positive,
94,2,True,Food,Negative,
94,2,True,Facility,Positive,
94,2,True,Staff,Positive,
94,2,True,Food,Negative,
94,2,True,Facility,Positive,
94,3,True,Staff,Positive,
94,3,True,Food,Negative,
94,3,True,Facility,Positive,
94,3,True,Staff,Positive,
94,3,True,Food,Negative,
94,3,True,Facility,Positive,
95,1,False,Room,null,
95,1,False,Staff,Negative,
95,1,False,Location,Positive,
95,1,False,Price,Negative,
95,1,False,Room,null,
95,1,False,Staff,Negative,
95,1,False,Location,Positive,
95,2,False,Room,null,
95,2,False,Staff,Negative,
95,2,False,Location,Positive,
95,2,False,Room,null,
95,2,False,Staff,Negative,
95,2,False,Location,Positive,
95,3,False,Room,null,
95,3,False,Staff,Negative,
95,3,False,Location,Positive,
95,3,False,Room,null,
95,3,False,Staff,Negative,
95,3,False,Location,Positive,
96,1,False,Staff,Negative,
96,1,False,Room,Positive,
96,1,False,Location,null,
96,1,False,Food,null,
96,1,False,Price,null,
96,1,False,Facility,null,
96,1,False,Check-in,null,
96,1,False,Check-out,null,
96,1,False,Off,null,
96,1,False,Booking-issue,null,
96,1,False,Taxi-issue,null,
96,1,False,Staff,Negative,
96,1,False,Room,Positive,
96,1,False,Location,null,
96,1,False,Food,null,
96,1,False,Price,null,
96,1,False,Facility,null,
96,1,False,Check-in,null,
96,1,False,Check-out,null,
96,1,False,Off,null,
96,1,False,Booking-issue,null,
96,1,False,Taxi-issue,null,
96,2,False,Staff,Negative,
96,2,False,Room,Positive,
96,2,False,Location,null,
96,2,False,Food,null,
96,2,False,Price,null,
96,2,False,Facility,null,
96,2,False,Check-in,null,
96,2,False,Check-out,null,
96,2,False,Off,null,
96,2,False,Booking-issue,null,
96,2,False,Taxi-issue,null,
96,2,False,Staff,Negative,
96,2,False,Room,Positive,
96,2,False,Location,null,
96,2,False,Food,null,
96,2,False,Price,null,
96,2,False,Facility,null,
96,2,False,Check-in,null,
96,2,False,Check-out,null,
96,2,False,Off,null,
96,2,False,Booking-issue,null,
96,2,False,Taxi-issue,null,
96,3,False,Staff,Negative,
96,3,False,Room,Positive,
96,3,False,Location,null,
96,3,False,Food,null,
96,3,False,Price,null,
96,3,False,Facility,null,
96,3,False,Check-in,null,
96,3,False,Check-out,null,
96,3,False,Off,null,
96,3,False,Booking-issue,null,
96,3,False,Taxi-issue,null,
96,3,False,Staff,Negative,
96,3,False,Room,Positive,
96,3,False,Location,null,
96,3,False,Food,null,
96,3,False,Price,null,
96,3,False,Facility,null,
96,3,False,Check-in,null,
96,3,False,Check-out,null,
96,3,False,Off,null,
96,3,False,Booking-issue,null,
96,3,False,Taxi-issue,null,
97,1,False,Room,null,
97,1,False,Staff,Positive,
97,1,False,Location,null,
97,1,False,Food,Negative,
97,1,False,Price,null,
97,1,False,Facility,null,
97,1,False,Check-in,null,
97,1,False,Check-out,null,
97,1,False,Off,null,
97,1,False,Booking-issue,null,
97,1,False,Taxi-issue,null,
97,1,False,Room,null,
97,1,False,Staff,Positive,
97,1,False,Location,null,
97,1,False,Food,Negative,
97,1,False,Price,null,
97,1,False,Facility,null,
97,1,False,Check-in,null,
97,1,False,Check-out,null,
97,1,False,Off,null,
97,1,False,Booking-issue,null,
97,1,False,Taxi-issue,null,
97,2,False,Room,null,
97,2,False,Staff,Positive,
97,2,False,Location,null,
97,2,False,Food,Negative,
97,2,False,Price,null,
97,2,False,Facility,null,
97,2,False,Check-in,null,
97,2,False,Check-out,null,
97,2,False,Off,null,
97,2,False,Booking-issue,null,
97,2,False,Taxi-issue,null,
97,2,False,Room,null,
97,2,False,Staff,Positive,
97,2,False,Location,null,
97,2,False,Food,Negative,
97,2,False,Price,null,
97,2,False,Facility,null,
97,2,False,Check-in,null,
97,2,False,Check-out,null,
97,2,False,Off,null,
97,2,False,Booking-issue,null,
97,2,False,Taxi-issue,null,
97,3,False,Room,null,
97,3,False,Staff,Positive,
97,3,False,Location,null,
97,3,False,Food,Negative,
97,3,False,Price,null,
97,3,False,Facility,null,
97,3,False,Check-in,null,
97,3,False,Check-out,null,
97,3,False,Off,null,
97,3,False,Booking-issue,null,
97,3,False,Taxi-issue,null,
97,3,False,Room,null,
97,3,False,Staff,Positive,
97,3,False,Location,null,
97,3,False,Food,Negative,
97,3,False,Price,null,
97,3,False,Facility,null,
97,3,False,Check-in,null,
97,3,False,Check-out,null,
97,3,False,Off,null,
97,3,False,Booking-issue,null,
97,3,False,Taxi-issue,null,
98,1,True,Location,Positive,
98,1,True,Location,Positive,
98,2,True,Location,Positive,
98,2,True,Location,Positive,
98,3,True,Location,Positive,
98,3,True,Location,Positive,
99,1,True,Staff,Positive,
99,1,True,Staff,Positive,
99,2,True,Staff,Positive,
99,2,True,Staff,Positive,
99,3,True,Staff,Positive,
99,3,True,Staff,Positive,
100,1,True,Staff,Positive,
100,1,True,Staff,Positive,
100,2,True,Staff,Positive,
100,2,True,Staff,Positive,
100,3,True,Staff,Positive,
100,3,True,Staff,Positive,
101,1,True,Room,Negative,
101,1,True,Staff,Negative,
101,1,True,Room,Negative,
101,1,True,Staff,Negative,
101,2,True,Room,Negative,
101,2,True,Staff,Negative,
101,2,True,Room,Negative,
101,2,True,Staff,Negative,
101,3,True,Room,Negative,
101,3,True,Staff,Negative,
101,3,True,Room,Negative,
101,3,True,Staff,Negative,
102,1,True,Room,Positive,
102,1,True,Staff,Positive,
102,1,True,Location,Positive,
102,1,True,Room,Positive,
102,1,True,Staff,Positive,
102,1,True,Location,Positive,
102,2,True,Room,Positive,
102,2,True,Staff,Positive,
102,2,True,Location,Positive,
102,2,True,Room,Positive,
102,2,True,Staff,Positive,
102,2,True,Location,Positive,
102,3,True,Room,Positive,
102,3,True,Staff,Positive,
102,3,True,Location,Positive,
102,3,True,Room,Positive,
102,3,True,Staff,Positive,
102,3,True,Location,Positive,
103,1,True,Room,Positive,
103,1,True,Room,Positive,
103,2,True,Room,Positive,
103,2,True,Room,Positive,
103,3,True,Room,Positive,
103,3,True,Room,Positive,
104,1,False,Room,Negative,
104,1,False,Staff,null,
104,1,False,Location,null,
104,1,False,Room,Negative,
104,1,False,Staff,null,
104,1,False,Location,null,
104,2,False,Room,Negative,
104,2,False,Staff,null,
104,2,False,Location,null,
104,2,False,Room,Negative,
104,2,False,Staff,null,
104,2,False,Location,null,
104,3,False,Room,Negative,
104,3,False,Staff,null,
104,3,False,Location,null,
104,3,False,Room,Negative,
104,3,False,Staff,null,
104,3,False,Location,null,
105,1,False,Room,Positive,
105,1,False,Staff,Positive,
105,1,False,Location,null,
105,1,False,Room,Positive,
105,1,False,Staff,Positive,
105,1,False,Location,null,
105,2,False,Room,Positive,
105,2,False,Staff,Positive,
105,2,False,Location,null,
105,2,False,Room,Positive,
105,2,False,Staff,Positive,
105,2,False,Location,null,
105,3,False,Room,Positive,
105,3,False,Staff,Positive,
105,3,False,Location,null,
105,3,False,Room,Positive,
105,3,False,Staff,Positive,
105,3,False,Location,null,
106,1,True,Staff,Negative,
106,1,True,Location,Positive,
106,1,True,Food,Negative,
106,1,True,Price,Negative,
106,1,True,Staff,Negative,
106,1,True,Location,Positive,
106,1,True,Food,Negative,
106,1,True,Price,Negative,
106,2,True,Staff,Negative,
106,2,True,Location,Positive,
106,2,True,Food,Negative,
106,2,True,Price,Negative,
106,2,True,Staff,Negative,
106,2,True,Location,Positive,
106,2,True,Food,Negative,
106,2,True,Price,Negative,
106,3,True,Staff,Negative,
106,3,True,Location,Positive,
106,3,True,Food,Negative,
106,3,True,Price,Negative,
106,3,True,Staff,Negative,
106,3,True,Location,Positive,
106,3,True,Food,Negative,
106,3,True,Price,Negative,
107,1,True,Room,Positive,
107,1,True,Location,Positive,
107,1,True,Food,Positive,
107,1,True,Room,Positive,
107,1,True,Location,Positive,
107,1,True,Food,Positive,
107,2,True,Room,Positive,
107,2,True,Location,Positive,
107,2,True,Food,Positive,
107,2,True,Room,Positive,
107,2,True,Location,Positive,
107,2,True,Food,Positive,
107,3,True,Room,Positive,
107,3,True,Location,Positive,
107,3,True,Food,Positive,
107,3,True,Room,Positive,
107,3,True,Location,Positive,
107,3,True,Food,Positive,
108,1,False,Off,null,
108,1,False,Off,null,
108,2,False,Off,null,
108,2,False,Off,null,
108,3,False,Off,null,
108,3,False,Off,null,
109,1,True,Room,Positive,
109,1,True,Staff,Positive,
109,1,True,Location,Positive,
109,1,True,Room,Positive,
109,1,True,Staff,Positive,
109,1,True,Location,Positive,
109,2,True,Room,Positive,
109,2,True,Staff,Positive,
109,2,True,Location,Positive,
109,2,True,Room,Positive,
109,2,True,Staff,Positive,
109,2,True,Location,Positive,
109,3,True,Room,Positive,
109,3,True,Staff,Positive,
109,3,True,Location,Positive,
109,3,True,Room,Positive,
109,3,True,Staff,Positive,
109,3,True,Location,Positive,
110,1,False,Room,Positive,
110,1,False,Staff,null,
110,1,False,Location,null,
110,1,False,Check-in,Positive,
110,1,False,Check-out,null,
110,1,False,Room,Positive,
110,1,False,Staff,null,
110,1,False,Location,null,
110,1,False,Check-in,Positive,
110,1,False,Check-out,null,
110,2,False,Room,Positive,
110,2,False,Staff,null,
110,2,False,Location,null,
110,2,False,Check-in,Positive,
110,2,False,Check-out,null,
110,2,False,Room,Positive,
110,2,False,Staff,null,
110,2,False,Location,null,
110,2,False,Check-in,Positive,
110,2,False,Check-out,null,
110,3,False,Room,Positive,
110,3,False,Staff,null,
110,3,False,Location,null,
110,3,False,Check-in,Positive,
110,3,False,Check-out,null,
110,3,False,Room,Positive,
110,3,False,Staff,null,
110,3,False,Location,null,
110,3,False,Check-in,Positive,
110,3,False,Check-out,null,
111,1,False,Room,Positive,
111,1,False,Staff,null,
111,1,False,Location,Positive,
111,1,False,Room,Positive,
111,1,False,Staff,null,
111,1,False,Location,Positive,
111,2,False,Room,Positive,
111,2,False,Staff,null,
111,2,False,Location,Positive,
111,2,False,Room,Positive,
111,2,False,Staff,null,
111,2,False,Location,Positive,
111,3,False,Room,Positive,
111,3,False,Staff,null,
111,3,False,Location,Positive,
111,3,False,Room,Positive,
111,3,False,Staff,null,
111,3,False,Location,Positive,
112,1,True,Staff,Negative,
112,1,True,Food,Negative,
112,1,True,Staff,Negative,
112,1,True,Food,Negative,
112,2,True,Staff,Negative,
112,2,True,Food,Negative,
112,2,True,Staff,Negative,
112,2,True,Food,Negative,
112,3,True,Staff,Negative,
112,3,True,Food,Negative,
112,3,True,Staff,Negative,
112,3,True,Food,Negative,
113,1,False,Room,null,
113,1,False,Staff,Negative,
113,1,False,Location,null,
113,1,False,Price,Negative,
113,1,False,Room,null,
113,1,False,Staff,Negative,
113,1,False,Location,null,
113,1,False,Price,Negative,
113,2,False,Room,null,
113,2,False,Staff,Negative,
113,2,False,Location,null,
113,2,False,Price,Negative,
113,2,False,Room,null,
113,2,False,Staff,Negative,
113,2,False,Location,null,
113,2,False,Price,Negative,
113,3,False,Room,null,
113,3,False,Staff,Negative,
113,3,False,Location,null,
113,3,False,Price,Negative,
113,3,False,Room,null,
113,3,False,Staff,Negative,
113,3,False,Location,null,
113,3,False,Price,Negative,
114,1,True,Staff,Positive,
114,1,True,Location,Positive,
114,1,True,Staff,Positive,
114,1,True,Location,Positive,
114,2,True,Staff,Positive,
114,2,True,Location,Positive,
114,2,True,Staff,Positive,
114,2,True,Location,Positive,
114,3,True,Staff,Positive,
114,3,True,Location,Positive,
114,3,True,Staff,Positive,
114,3,True,Location,Positive,
115,1,True,Staff,Positive,
115,1,True,Location,Positive,
115,1,True,Staff,Positive,
115,1,True,Location,Positive,
115,2,True,Staff,Positive,
115,2,True,Location,Positive,
115,2,True,Staff,Positive,
115,2,True,Location,Positive,
115,3,True,Staff,Positive,
115,3,True,Location,Positive,
115,3,True,Staff,Positive,
115,3,True,Location,Positive,
116,1,False,Room,Negative,
116,1,False,Staff,null,
116,1,False,Location,null,
116,1,False,Room,Negative,
116,1,False,Staff,null,
116,1,False,Location,null,
116,2,False,Room,Negative,
116,2,False,Staff,null,
116,2,False,Location,null,
116,2,False,Room,Negative,
116,2,False,Staff,null,
116,2,False,Location,null,
116,3,False,Room,Negative,
116,3,False,Staff,null,
116,3,False,Location,null,
116,3,False,Room,Negative,
116,3,False,Staff,null,
116,3,False,Location,null,
117,1,False,Location,Negative,
117,1,False,Location,Positive,
117,2,False,Location,Positive,
117,2,False,Location,Positive,
117,3,False,Location,Positive,
117,3,False,Location,Positive,
118,1,True,Location,Positive,
118,1,True,Staff,Positive,
118,1,True,Food,Positive,
118,1,True,Room,Positive,
118,1,True,Location,Positive,
118,1,True,Staff,Positive,
118,1,True,Food,Positive,
118,1,True,Room,Positive,
118,2,True,Location,Positive,
118,2,True,Staff,Positive,
118,2,True,Food,Positive,
118,2,True,Room,Positive,
118,2,True,Location,Positive,
118,2,True,Staff,Positive,
118,2,True,Food,Positive,
118,2,True,Room,Positive,
118,3,True,Location,Positive,
118,3,True,Staff,Positive,
118,3,True,Food,Positive,
118,3,True,Room,Positive,
118,3,True,Location,Positive,
118,3,True,Staff,Positive,
118,3,True,Food,Positive,
118,3,True,Room,Positive,
119,1,True,Room,Positive,
119,1,True,Staff,Positive,
119,1,True,Location,Positive,
119,1,True,Room,Positive,
119,1,True,Staff,Positive,
119,1,True,Location,Positive,
119,2,True,Room,Positive,
119,2,True,Staff,Positive,
119,2,True,Location,Positive,
119,2,True,Room,Positive,
119,2,True,Staff,Positive,
119,2,True,Location,Positive,
119,3,True,Room,Positive,
119,3,True,Staff,Positive,
119,3,True,Location,Positive,
119,3,True,Room,Positive,
119,3,True,Staff,Positive,
119,3,True,Location,Positive,
120,1,False,Room,Negative,
120,1,False,Staff,Positive,
120,1,False,Location,null,
120,1,False,Room,Negative,
120,1,False,Staff,Positive,
120,1,False,Location,null,
120,2,False,Room,Negative,
120,2,False,Staff,Positive,
120,2,False,Location,null,
120,2,False,Room,Negative,
120,2,False,Staff,Positive,
120,2,False,Location,null,
120,3,False,Room,Negative,
120,3,False,Staff,Positive,
120,3,False,Location,null,
120,3,False,Room,Negative,
120,3,False,Staff,Positive,
120,3,False,Location,null,
121,1,False,Off,null,
121,1,False,Off,null,
121,2,False,Off,null,
121,2,False,Off,null,
121,3,False,Off,null,
121,3,False,Off,null,
122,1,True,Staff,Positive,
122,1,True,Staff,Positive,
122,2,True,Staff,Positive,
122,2,True,Staff,Positive,
122,3,True,Staff,Positive,
122,3,True,Staff,Positive,
123,1,False,Room,null,
123,1,False,Staff,Positive,
123,1,False,Location,Positive,
123,1,False,Food,null,
123,1,False,Price,null,
123,1,False,Facility,null,
123,1,False,Check-in,null,
123,1,False,Check-out,null,
123,1,False,Off,null,
123,1,False,Booking-issue,null,
123,1,False,Taxi-issue,null,
123,1,False,Room,null,
123,1,False,Staff,Positive,
123,1,False,Location,Positive,
123,1,False,Food,null,
123,1,False,Price,Negative,
123,1,False,Facility,null,
123,1,False,Check-in,null,
123,1,False,Check-out,null,
123,1,False,Off,null,
123,1,False,Booking-issue,null,
123,1,False,Taxi-issue,null,
123,2,False,Room,null,
123,2,False,Staff,Positive,
123,2,False,Location,Positive,
123,2,False,Food,null,
123,2,False,Price,Negative,
123,2,False,Facility,null,
123,2,False,Check-in,null,
123,2,False,Check-out,null,
123,2,False,Off,null,
123,2,False,Booking-issue,null,
123,2,False,Taxi-issue,null,
123,2,False,Room,null,
123,2,False,Staff,Positive,
123,2,False,Location,Positive,
123,2,False,Food,null,
123,2,False,Price,Negative,
123,2,False,Facility,null,
123,2,False,Check-in,null,
123,2,False,Check-out,null,
123,2,False,Off,null,
123,2,False,Booking-issue,null,
123,2,False,Taxi-issue,null,
123,3,False,Room,null,
123,3,False,Staff,Positive,
123,3,False,Location,Positive,
123,3,False,Food,null,
123,3,False,Price,Negative,
123,3,False,Facility,null,
123,3,False,Check-in,null,
123,3,False,Check-out,null,
123,3,False,Off,null,
123,3,False,Booking-issue,null,
123,3,False,Taxi-issue,null,
123,3,False,Room,null,
123,3,False,Staff,Positive,
123,3,False,Location,Positive,
123,3,False,Food,null,
123,3,False,Price,Negative,
123,3,False,Facility,null,
123,3,False,Check-in,null,
123,3,False,Check-out,null,
123,3,False,Off,null,
123,3,False,Booking-issue,null,
123,3,False,Taxi-issue,null,
124,1,True,Staff,Positive,
124,1,True,Staff,Positive,
124,2,True,Staff,Positive,
124,2,True,Staff,Positive,
124,3,True,Staff,Positive,
124,3,True,Staff,Positive,
125,1,True,Staff,Negative,
125,1,True,Location,Positive,
125,1,True,Price,Negative,
125,1,True,Taxi-issue,Negative,
125,1,True,Staff,Negative,
125,1,True,Location,Positive,
125,1,True,Price,Negative,
125,1,True,Taxi-issue,Negative,
125,2,True,Staff,Negative,
125,2,True,Location,Positive,
125,2,True,Price,Negative,
125,2,True,Taxi-issue,Negative,
125,2,True,Staff,Negative,
125,2,True,Location,Positive,
125,2,True,Price,Negative,
125,2,True,Taxi-issue,Negative,
125,3,True,Staff,Negative,
125,3,True,Location,Positive,
125,3,True,Price,Negative,
125,3,True,Taxi-issue,Negative,
125,3,True,Staff,Negative,
125,3,True,Location,Positive,
125,3,True,Price,Negative,
125,3,True,Taxi-issue,Negative,
126,1,True,Room,Positive,
126,1,True,Staff,Positive,
126,1,True,Food,Negative,
126,1,True,Room,Positive,
126,1,True,Staff,Positive,
126,1,True,Food,Negative,
126,2,True,Room,Positive,
126,2,True,Staff,Positive,
126,2,True,Food,Negative,
126,2,True,Room,Positive,
126,2,True,Staff,Positive,
126,2,True,Food,Negative,
126,3,True,Room,Positive,
126,3,True,Staff,Positive,
126,3,True,Food,Negative,
126,3,True,Room,Positive,
126,3,True,Staff,Positive,
126,3,True,Food,Negative,
127,1,False,Room,Negative,
127,1,False,Staff,Positive,
127,1,False,Location,null,
127,1,False,Price,Negative,
127,1,False,Room,Negative,
127,1,False,Staff,Positive,
127,1,False,Location,null,
127,1,False,Price,Negative,
127,2,False,Room,Negative,
127,2,False,Staff,Positive,
127,2,False,Location,null,
127,2,False,Price,Negative,
127,2,False,Room,Negative,
127,2,False,Staff,Positive,
127,2,False,Location,null,
127,2,False,Price,Negative,
127,3,False,Room,Negative,
127,3,False,Staff,Positive,
127,3,False,Location,null,
127,3,False,Price,Negative,
127,3,False,Room,Negative,
127,3,False,Staff,Positive,
127,3,False,Location,null,
127,3,False,Price,Negative,
128,1,False,Room,Negative,
128,1,False,Staff,null,
128,1,False,Location,null,
128,1,False,Room,Negative,
128,1,False,Staff,null,
128,1,False,Location,null,
128,2,False,Room,Negative,
128,2,False,Staff,null,
128,2,False,Location,null,
128,2,False,Room,Negative,
128,2,False,Staff,null,
128,2,False,Location,null,
128,3,False,Room,Negative,
128,3,False,Staff,null,
128,3,False,Location,null,
128,3,False,Room,Negative,
128,3,False,Staff,null,
128,3,False,Location,null,
129,1,True,Room,Positive,
129,1,True,Staff,Positive,
129,1,True,Location,Positive,
129,1,True,Room,Positive,
129,1,True,Staff,Positive,
129,1,True,Location,Positive,
129,2,True,Room,Positive,
129,2,True,Staff,Positive,
129,2,True,Location,Positive,
129,2,True,Room,Positive,
129,2,True,Staff,Positive,
129,2,True,Location,Positive,
129,3,True,Room,Positive,
129,3,True,Staff,Positive,
129,3,True,Location,Positive,
129,3,True,Room,Positive,
129,3,True,Staff,Positive,
129,3,True,Location,Positive,
130,1,True,Staff,Negative,
130,1,True,Staff,Negative,
130,2,True,Staff,Negative,
130,2,True,Staff,Negative,
130,3,True,Staff,Negative,
130,3,True,Staff,Negative,
131,1,True,Room,Positive,
131,1,True,Staff,Positive,
131,1,True,Location,Negative,
131,1,True,Room,Positive,
131,1,True,Staff,Positive,
131,1,True,Location,Negative,
131,2,True,Room,Positive,
131,2,True,Staff,Positive,
131,2,True,Location,Negative,
131,2,True,Room,Positive,
131,2,True,Staff,Positive,
131,2,True,Location,Negative,
131,3,True,Room,Positive,
131,3,True,Staff,Positive,
131,3,True,Location,Negative,
131,3,True,Room,Positive,
131,3,True,Staff,Positive,
131,3,True,Location,Negative,
132,1,True,Staff,Positive,
132,1,True,Food,Positive,
132,1,True,Staff,Positive,
132,1,True,Food,Positive,
132,2,True,Staff,Positive,
132,2,True,Food,Positive,
132,2,True,Staff,Positive,
132,2,True,Food,Positive,
132,3,True,Staff,Positive,
132,3,True,Food,Positive,
132,3,True,Staff,Positive,
132,3,True,Food,Positive,
133,1,True,Room,Positive,
133,1,True,Staff,Positive,
133,1,True,Room,Positive,
133,1,True,Staff,Positive,
133,2,True,Room,Positive,
133,2,True,Staff,Positive,
133,2,True,Room,Positive,
133,2,True,Staff,Positive,
133,3,True,Room,Positive,
133,3,True,Staff,Positive,
133,3,True,Room,Positive,
133,3,True,Staff,Positive,
134,1,True,Staff,Positive,
134,1,True,Location,Positive,
134,1,True,Food,Negative,
134,1,True,Staff,Positive,
134,1,True,Location,Positive,
134,1,True,Food,Negative,
134,2,True,Staff,Positive,
134,2,True,Location,Positive,
134,2,True,Food,Negative,
134,2,True,Staff,Positive,
134,2,True,Location,Positive,
134,2,True,Food,Negative,
134,3,True,Staff,Positive,
134,3,True,Location,Positive,
134,3,True,Food,Negative,
134,3,True,Staff,Positive,
134,3,True,Location,Positive,
134,3,True,Food,Negative,
135,1,True,Room,Positive,
135,1,True,Staff,Positive,
135,1,True,Food,Negative,
135,1,True,Room,Positive,
135,1,True,Staff,Positive,
135,1,True,Food,Negative,
135,2,True,Room,Positive,
135,2,True,Staff,Positive,
135,2,True,Food,Negative,
135,2,True,Room,Positive,
135,2,True,Staff,Positive,
135,2,True,Food,Negative,
135,3,True,Room,Positive,
135,3,True,Staff,Positive,
135,3,True,Food,Negative,
135,3,True,Room,Positive,
135,3,True,Staff,Positive,
135,3,True,Food,Negative,
136,1,True,Staff,Negative,
136,1,True,Location,Positive,
136,1,True,Price,Negative,
136,1,True,Staff,Negative,
136,1,True,Location,Positive,
136,1,True,Price,Negative,
136,2,True,Staff,Negative,
136,2,True,Location,Positive,
136,2,True,Price,Negative,
136,2,True,Staff,Negative,
136,2,True,Location,Positive,
136,2,True,Price,Negative,
136,3,True,Staff,Negative,
136,3,True,Location,Positive,
136,3,True,Price,Negative,
136,3,True,Staff,Negative,
136,3,True,Location,Positive,
136,3,True,Price,Negative,
137,1,True,Room,Negative,
137,1,True,Staff,Positive,
137,1,True,Location,Positive,
137,1,True,Room,Negative,
137,1,True,Staff,Positive,
137,1,True,Location,Positive,
137,2,True,Room,Negative,
137,2,True,Staff,Positive,
137,2,True,Location,Positive,
137,2,True,Room,Negative,
137,2,True,Staff,Positive,
137,2,True,Location,Positive,
137,3,True,Room,Negative,
137,3,True,Staff,Positive,
137,3,True,Location,Positive,
137,3,True,Room,Negative,
137,3,True,Staff,Positive,
137,3,True,Location,Positive,
138,1,True,Room,Positive,
138,1,True,Staff,Negative,
138,1,True,Location,Positive,
138,1,True,Room,Positive,
138,1,True,Staff,Negative,
138,1,True,Location,Positive,
138,2,True,Room,Positive,
138,2,True,Staff,Negative,
138,2,True,Location,Positive,
138,2,True,Room,Positive,
138,2,True,Staff,Negative,
138,2,True,Location,Positive,
138,3,True,Room,Positive,
138,3,True,Staff,Negative,
138,3,True,Location,Positive,
138,3,True,Room,Positive,
138,3,True,Staff,Negative,
138,3,True,Location,Positive,
139,1,True,Location,Positive,
139,1,True,Food,Positive,
139,1,True,Location,Positive,
139,1,True,Food,Positive,
139,2,True,Location,Positive,
139,2,True,Food,Positive,
139,2,True,Location,Positive,
139,2,True,Food,Positive,
139,3,True,Location,Positive,
139,3,True,Food,Positive,
139,3,True,Location,Positive,
139,3,True,Food,Positive,
140,1,False,Room,Positive,
140,1,False,Staff,null,
140,1,False,Location,Positive,
140,1,False,Food,Positive,
140,1,False,Price,null,
140,1,False,Facility,null,
140,1,False,Check-in,Positive,
140,1,False,Check-out,null,
140,1,False,Off,null,
140,1,False,Booking-issue,null,
140,1,False,Taxi-issue,null,
140,1,False,Room,Positive,
140,1,False,Staff,null,
140,1,False,Location,Positive,
140,1,False,Food,Positive,
140,1,False,Price,null,
140,1,False,Facility,null,
140,1,False,Check-in,Positive,
140,1,False,Check-out,null,
140,1,False,Off,null,
140,1,False,Booking-issue,null,
140,1,False,Taxi-issue,null,
140,2,False,Room,Positive,
140,2,False,Staff,null,
140,2,False,Location,Positive,
140,2,False,Food,Positive,
140,2,False,Price,null,
140,2,False,Facility,null,
140,2,False,Check-in,Positive,
140,2,False,Check-out,null,
140,2,False,Off,null,
140,2,False,Booking-issue,null,
140,2,False,Taxi-issue,null,
140,2,False,Room,Positive,
140,2,False,Staff,null,
140,2,False,Location,Positive,
140,2,False,Food,Positive,
140,2,False,Price,null,
140,2,False,Facility,null,
140,2,False,Check-in,Positive,
140,2,False,Check-out,null,
140,2,False,Off,null,
140,2,False,Booking-issue,null,
140,2,False,Taxi-issue,null,
140,3,False,Room,Positive,
140,3,False,Staff,null,
140,3,False,Location,Positive,
140,3,False,Food,Positive,
140,3,False,Price,null,
140,3,False,Facility,null,
140,3,False,Check-in,Positive,
140,3,False,Check-out,null,
140,3,False,Off,null,
140,3,False,Booking-issue,null,
140,3,False,Taxi-issue,null,
140,3,False,Room,Positive,
140,3,False,Staff,null,
140,3,False,Location,Positive,
140,3,False,Food,Positive,
140,3,False,Price,null,
140,3,False,Facility,null,
140,3,False,Check-in,Positive,
140,3,False,Check-out,null,
140,3,False,Off,null,
140,3,False,Booking-issue,null,
140,3,False,Taxi-issue,null,
141,1,True,Staff,Positive,
141,1,True,Staff,Positive,
141,2,True,Staff,Positive,
141,2,True,Staff,Positive,
141,3,True,Staff,Positive,
141,3,True,Staff,Positive,
142,1,True,Staff,Positive,
142,1,True,Location,Positive,
142,1,True,Staff,Positive,
142,1,True,Location,Positive,
142,2,True,Staff,Positive,
142,2,True,Location,Positive,
142,2,True,Staff,Positive,
142,2,True,Location,Positive,
142,3,True,Staff,Positive,
142,3,True,Location,Positive,
142,3,True,Staff,Positive,
142,3,True,Location,Positive,
143,1,True,Staff,Negative,
143,1,True,Location,Positive,
143,1,True,Staff,Negative,
143,1,True,Location,Positive,
143,2,True,Staff,Negative,
143,2,True,Location,Positive,
143,2,True,Staff,Negative,
143,2,True,Location,Positive,
143,3,True,Staff,Negative,
143,3,True,Location,Positive,
143,3,True,Staff,Negative,
143,3,True,Location,Positive,
144,1,True,Staff,Negative,
144,1,True,Staff,Negative,
144,2,True,Staff,Negative,
144,2,True,Staff,Negative,
144,3,True,Staff,Negative,
144,3,True,Staff,Negative,
145,1,True,Room,Positive,
145,1,True,Staff,Positive,
145,1,True,Location,Positive,
145,1,True,Food,Positive,
145,1,True,Room,Positive,
145,1,True,Staff,Positive,
145,1,True,Location,Positive,
145,1,True,Food,Positive,
145,2,True,Room,Positive,
145,2,True,Staff,Positive,
145,2,True,Location,Positive,
145,2,True,Food,Positive,
145,2,True,Room,Positive,
145,2,True,Staff,Positive,
145,2,True,Location,Positive,
145,2,True,Food,Positive,
145,3,True,Room,Positive,
145,3,True,Staff,Positive,
145,3,True,Location,Positive,
145,3,True,Food,Positive,
145,3,True,Room,Positive,
145,3,True,Staff,Positive,
145,3,True,Location,Positive,
145,3,True,Food,Positive,
146,1,False,Room,null,
146,1,False,Staff,Negative,
146,1,False,Location,null,
146,1,False,Price,Negative,
146,1,False,Room,null,
146,1,False,Staff,Negative,
146,1,False,Location,null,
146,1,False,Price,null,
146,2,False,Room,null,
146,2,False,Staff,Negative,
146,2,False,Location,null,
146,2,False,Price,null,
146,2,False,Room,null,
146,2,False,Staff,Negative,
146,2,False,Location,null,
146,2,False,Price,null,
146,3,False,Room,null,
146,3,False,Staff,Negative,
146,3,False,Location,null,
146,3,False,Price,null,
146,3,False,Room,null,
146,3,False,Staff,Negative,
146,3,False,Location,null,
146,3,False,Price,null,
147,1,True,Staff,Positive,
147,1,True,Staff,Positive,
147,2,True,Staff,Positive,
147,2,True,Staff,Positive,
147,3,True,Staff,Positive,
147,3,True,Staff,Positive,
148,1,False,Room,Negative,
148,1,False,Staff,null,
148,1,False,Location,Positive,
148,1,False,Room,Negative,
148,1,False,Staff,null,
148,1,False,Location,Positive,
148,2,False,Room,Negative,
148,2,False,Staff,null,
148,2,False,Location,Positive,
148,2,False,Room,Negative,
148,2,False,Staff,null,
148,2,False,Location,Positive,
148,3,False,Room,Negative,
148,3,False,Staff,null,
148,3,False,Location,Positive,
148,3,False,Room,Negative,
148,3,False,Staff,null,
148,3,False,Location,Positive,
149,1,True,Room,Positive,
149,1,True,Staff,Positive,
149,1,True,Location,Negative,
149,1,True,Price,Negative,
149,1,True,Room,Positive,
149,1,True,Staff,Positive,
149,1,True,Location,Negative,
149,1,True,Price,Negative,
149,2,True,Room,Positive,
149,2,True,Staff,Positive,
149,2,True,Location,Negative,
149,2,True,Price,Negative,
149,2,True,Room,Positive,
149,2,True,Staff,Positive,
149,2,True,Location,Negative,
149,2,True,Price,Negative,
149,3,True,Room,Positive,
149,3,True,Staff,Positive,
149,3,True,Location,Negative,
149,3,True,Price,Negative,
149,3,True,Room,Positive,
149,3,True,Staff,Positive,
149,3,True,Location,Negative,
149,3,True,Price,Negative,
150,1,False,Room,Positive,
150,1,False,Staff,null,
150,1,False,Location,null,
150,1,False,Off,Negative,
150,1,False,Room,Positive,
150,1,False,Staff,null,
150,1,False,Location,null,
150,1,False,Off,Negative,
150,2,False,Room,Positive,
150,2,False,Staff,null,
150,2,False,Location,null,
150,2,False,Off,Negative,
150,2,False,Room,Positive,
150,2,False,Staff,null,
150,2,False,Location,null,
150,2,False,Off,Negative,
150,3,False,Room,Positive,
150,3,False,Staff,null,
150,3,False,Location,null,
150,3,False,Off,Negative,
150,3,False,Room,Positive,
150,3,False,Staff,null,
150,3,False,Location,null,
150,3,False,Off,Negative,
151,1,False,Room,null,
151,1,False,Staff,Positive,
151,1,False,Location,null,
151,1,False,Food,null,
151,1,False,Price,Negative,
151,1,False,Facility,null,
151,1,False,Check-in,null,
151,1,False,Check-out,null,
151,1,False,Off,null,
151,1,False,Booking-issue,null,
151,1,False,Taxi-issue,null,
151,1,False,Room,null,
151,1,False,Staff,Positive,
151,1,False,Location,null,
151,1,False,Food,null,
151,1,False,Price,Negative,
151,1,False,Facility,null,
151,1,False,Check-in,null,
151,1,False,Check-out,null,
151,1,False,Off,null,
151,1,False,Booking-issue,null,
151,1,False,Taxi-issue,null,
151,2,False,Room,null,
151,2,False,Staff,Positive,
151,2,False,Location,null,
151,2,False,Food,null,
151,2,False,Price,Negative,
151,2,False,Facility,null,
151,2,False,Check-in,null,
151,2,False,Check-out,null,
151,2,False,Off,null,
151,2,False,Booking-issue,null,
151,2,False,Taxi-issue,null,
151,2,False,Room,null,
151,2,False,Staff,Positive,
151,2,False,Location,null,
151,2,False,Food,null,
151,2,False,Price,Negative,
151,2,False,Facility,null,
151,2,False,Check-in,null,
151,2,False,Check-out,null,
151,2,False,Off,null,
151,2,False,Booking-issue,null,
151,2,False,Taxi-issue,null,
151,3,False,Room,null,
151,3,False,Staff,Positive,
151,3,False,Location,null,
151,3,False,Food,null,
151,3,False,Price,Negative,
151,3,False,Facility,null,
151,3,False,Check-in,null,
151,3,False,Check-out,null,
151,3,False,Off,null,
151,3,False,Booking-issue,null,
151,3,False,Taxi-issue,null,
151,3,False,Room,null,
151,3,False,Staff,Positive,
151,3,False,Location,null,
151,3,False,Food,null,
151,3,False,Price,Negative,
151,3,False,Facility,null,
151,3,False,Check-in,null,
151,3,False,Check-out,null,
151,3,False,Off,null,
151,3,False,Booking-issue,null,
151,3,False,Taxi-issue,null,
152,1,True,Room,Positive,
152,1,True,Staff,Negative,
152,1,True,Location,Positive,
152,1,True,Check-in,Negative,
152,1,True,Room,Positive,
152,1,True,Staff,Negative,
152,1,True,Location,Positive,
152,1,True,Check-in,Negative,
152,2,True,Room,Positive,
152,2,True,Staff,Negative,
152,2,True,Location,Positive,
152,2,True,Check-in,Negative,
152,2,True,Room,Positive,
152,2,True,Staff,Negative,
152,2,True,Location,Positive,
152,2,True,Check-in,Negative,
152,3,True,Room,Positive,
152,3,True,Staff,Negative,
152,3,True,Location,Positive,
152,3,True,Check-in,Negative,
152,3,True,Room,Positive,
152,3,True,Staff,Negative,
152,3,True,Location,Positive,
152,3,True,Check-in,Negative,
153,1,True,Room,Positive,
153,1,True,Staff,Positive,
153,1,True,Location,Positive,
153,1,True,Food,Positive,
153,1,True,Price,Negative,
153,1,True,Room,Positive,
153,1,True,Staff,Positive,
153,1,True,Location,Positive,
153,1,True,Food,Positive,
153,1,True,Price,Negative,
153,2,True,Room,Positive,
153,2,True,Staff,Positive,
153,2,True,Location,Positive,
153,2,True,Food,Positive,
153,2,True,Price,Negative,
153,2,True,Room,Positive,
153,2,True,Staff,Positive,
153,2,True,Location,Positive,
153,2,True,Food,Positive,
153,2,True,Price,Negative,
153,3,True,Room,Positive,
153,3,True,Staff,Positive,
153,3,True,Location,Positive,
153,3,True,Food,Positive,
153,3,True,Price,Negative,
153,3,True,Room,Positive,
153,3,True,Staff,Positive,
153,3,True,Location,Positive,
153,3,True,Food,Positive,
153,3,True,Price,Negative,
154,1,False,Staff,Positive,
154,1,False,Food,Negative,
154,1,False,Staff,Positive,
154,1,False,Food,Negative,
154,2,False,Staff,Positive,
154,2,False,Food,Negative,
154,2,False,Staff,Positive,
154,2,False,Food,Negative,
154,3,False,Staff,Positive,
154,3,False,Food,Negative,
154,3,False,Staff,Positive,
154,3,False,Food,Negative,
155,1,False,Room,Positive,
155,1,False,Staff,null,
155,1,False,Location,Positive,
155,1,False,Food,Positive,
155,1,False,Price,Negative,
155,1,False,Facility,Positive,
155,1,False,Check-in,Positive,
155,1,False,Check-out,Positive,
155,1,False,Off,null,
155,1,False,Booking-issue,null,
155,1,False,Taxi-issue,null,
155,1,False,Room,Positive,
155,1,False,Staff,null,
155,1,False,Location,Positive,
155,1,False,Food,Positive,
155,1,False,Price,Negative,
155,1,False,Facility,Positive,
155,1,False,Check-in,Positive,
155,1,False,Check-out,Positive,
155,1,False,Off,null,
155,1,False,Booking-issue,null,
155,1,False,Taxi-issue,null,
155,2,False,Room,Positive,
155,2,False,Staff,null,
155,2,False,Location,Positive,
155,2,False,Food,Positive,
155,2,False,Price,Negative,
155,2,False,Facility,Positive,
155,2,False,Check-in,Positive,
155,2,False,Check-out,Positive,
155,2,False,Off,null,
155,2,False,Booking-issue,null,
155,2,False,Taxi-issue,null,
155,2,False,Room,Positive,
155,2,False,Staff,null,
155,2,False,Location,Positive,
155,2,False,Food,Positive,
155,2,False,Price,Negative,
155,2,False,Facility,Positive,
155,2,False,Check-in,Positive,
155,2,False,Check-out,Positive,
155,2,False,Off,null,
155,2,False,Booking-issue,null,
155,2,False,Taxi-issue,null,
155,3,False,Room,Positive,
155,3,False,Staff,null,
155,3,False,Location,Positive,
155,3,False,Food,Positive,
155,3,False,Price,Negative,
155,3,False,Facility,Positive,
155,3,False,Check-in,Positive,
155,3,False,Check-out,Positive,
155,3,False,Off,null,
155,3,False,Booking-issue,null,
155,3,False,Taxi-issue,null,
155,3,False,Room,Positive,
155,3,False,Staff,null,
155,3,False,Location,Positive,
155,3,False,Food,Positive,
155,3,False,Price,Negative,
155,3,False,Facility,Positive,
155,3,False,Check-in,Positive,
155,3,False,Check-out,Positive,
155,3,False,Off,null,
155,3,False,Booking-issue,null,
155,3,False,Taxi-issue,null,
156,1,False,Room,Positive,
156,1,False,Staff,null,
156,1,False,Location,null,
156,1,False,Price,Negative,
156,1,False,Room,Positive,
156,1,False,Staff,null,
156,1,False,Location,null,
156,1,False,Price,Negative,
156,2,False,Room,Positive,
156,2,False,Staff,null,
156,2,False,Location,null,
156,2,False,Price,Negative,
156,2,False,Room,Positive,
156,2,False,Staff,null,
156,2,False,Location,null,
156,2,False,Price,Negative,
156,3,False,Room,Positive,
156,3,False,Staff,null,
156,3,False,Location,null,
156,3,False,Price,Negative,
156,3,False,Room,Positive,
156,3,False,Staff,null,
156,3,False,Location,null,
156,3,False,Price,Negative,
157,1,True,Room,Positive,
157,1,True,Location,Positive,
157,1,True,Room,Positive,
157,1,True,Location,Positive,
157,2,True,Room,Positive,
157,2,True,Location,Positive,
157,2,True,Room,Positive,
157,2,True,Location,Positive,
157,3,True,Room,Positive,
157,3,True,Location,Positive,
157,3,True,Room,Positive,
157,3,True,Location,Positive,
158,1,True,Staff,Positive,
158,1,True,Location,Positive,
158,1,True,Food,Negative,
158,1,True,Check-in,Positive,
158,1,True,Staff,Positive,
158,1,True,Location,Positive,
158,1,True,Food,Negative,
158,1,True,Check-in,Positive,
158,2,True,Staff,Positive,
158,2,True,Location,Positive,
158,2,True,Food,Negative,
158,2,True,Check-in,Positive,
158,2,True,Staff,Positive,
158,2,True,Location,Positive,
158,2,True,Food,Negative,
158,2,True,Check-in,Positive,
158,3,True,Staff,Positive,
158,3,True,Location,Positive,
158,3,True,Food,Negative,
158,3,True,Check-in,Positive,
158,3,True,Staff,Positive,
158,3,True,Location,Positive,
158,3,True,Food,Negative,
158,3,True,Check-in,Positive,
159,1,True,Room,Positive,
159,1,True,Staff,Positive,
159,1,True,Location,Positive,
159,1,True,Room,Positive,
159,1,True,Staff,Positive,
159,1,True,Location,Positive,
159,2,True,Room,Positive,
159,2,True,Staff,Positive,
159,2,True,Location,Positive,
159,2,True,Room,Positive,
159,2,True,Staff,Positive,
159,2,True,Location,Positive,
159,3,True,Room,Positive,
159,3,True,Staff,Positive,
159,3,True,Location,Positive,
159,3,True,Room,Positive,
159,3,True,Staff,Positive,
159,3,True,Location,Positive,
160,1,True,Staff,Negative,
160,1,True,Staff,Negative,
160,2,True,Staff,Negative,
160,2,True,Staff,Negative,
160,3,True,Staff,Negative,
160,3,True,Staff,Negative,
161,1,True,Staff,Negative,
161,1,True,Price,Negative,
161,1,True,Staff,Negative,
161,1,True,Price,Negative,
161,2,True,Staff,Negative,
161,2,True,Price,Negative,
161,2,True,Staff,Negative,
161,2,True,Price,Negative,
161,3,True,Staff,Negative,
161,3,True,Price,Negative,
161,3,True,Staff,Negative,
161,3,True,Price,Negative,
162,1,True,Staff,Positive,
162,1,True,Food,Positive,
162,1,True,Staff,Positive,
162,1,True,Food,Positive,
162,2,True,Staff,Positive,
162,2,True,Food,Positive,
162,2,True,Staff,Positive,
162,2,True,Food,Positive,
162,3,True,Staff,Positive,
162,3,True,Food,Positive,
162,3,True,Staff,Positive,
162,3,True,Food,Positive,
163,1,True,Staff,Negative,
163,1,True,Check-in,Negative,
163,1,True,Staff,Negative,
163,1,True,Check-in,Negative,
163,2,True,Staff,Negative,
163,2,True,Check-in,Negative,
163,2,True,Staff,Negative,
163,2,True,Check-in,Negative,
163,3,True,Staff,Negative,
163,3,True,Check-in,Negative,
163,3,True,Staff,Negative,
163,3,True,Check-in,Negative,
164,1,True,Staff,Positive,
164,1,True,Staff,Positive,
164,2,True,Staff,Positive,
164,2,True,Staff,Positive,
164,3,True,Staff,Positive,
164,3,True,Staff,Positive,
165,1,True,Staff,Positive,
165,1,True,Staff,Positive,
165,2,True,Staff,Positive,
165,2,True,Staff,Positive,
165,3,True,Staff,Positive,
165,3,True,Staff,Positive,
166,1,True,Staff,Negative,
166,1,True,Staff,Negative,
166,2,True,Staff,Negative,
166,2,True,Staff,Negative,
166,3,True,Staff,Negative,
166,3,True,Staff,Negative,
167,1,False,Room,null,
167,1,False,Staff,Positive,
167,1,False,Location,null,
167,1,False,Food,Negative,
167,1,False,Price,null,
167,1,False,Facility,null,
167,1,False,Check-in,null,
167,1,False,Check-out,null,
167,1,False,Off,null,
167,1,False,Booking-issue,null,
167,1,False,Taxi-issue,null,
167,1,False,Room,null,
167,1,False,Staff,Positive,
167,1,False,Location,null,
167,1,False,Food,Negative,
167,1,False,Price,null,
167,1,False,Facility,null,
167,1,False,Check-in,null,
167,1,False,Check-out,null,
167,1,False,Off,null,
167,1,False,Booking-issue,null,
167,1,False,Taxi-issue,null,
167,2,False,Room,null,
167,2,False,Staff,Positive,
167,2,False,Location,null,
167,2,False,Food,Negative,
167,2,False,Price,null,
167,2,False,Facility,null,
167,2,False,Check-in,null,
167,2,False,Check-out,null,
167,2,False,Off,null,
167,2,False,Booking-issue,null,
167,2,False,Taxi-issue,null,
167,2,False,Room,null,
167,2,False,Staff,Positive,
167,2,False,Location,null,
167,2,False,Food,Negative,
167,2,False,Price,null,
167,2,False,Facility,null,
167,2,False,Check-in,null,
167,2,False,Check-out,null,
167,2,False,Off,null,
167,2,False,Booking-issue,null,
167,2,False,Taxi-issue,null,
167,3,False,Room,null,
167,3,False,Staff,Positive,
167,3,False,Location,null,
167,3,False,Food,Negative,
167,3,False,Price,null,
167,3,False,Facility,null,
167,3,False,Check-in,null,
167,3,False,Check-out,null,
167,3,False,Off,null,
167,3,False,Booking-issue,null,
167,3,False,Taxi-issue,null,
167,3,False,Room,null,
167,3,False,Staff,Positive,
167,3,False,Location,null,
167,3,False,Food,Negative,
167,3,False,Price,null,
167,3,False,Facility,null,
167,3,False,Check-in,null,
167,3,False,Check-out,null,
167,3,False,Off,null,
167,3,False,Booking-issue,null,
167,3,False,Taxi-issue,null,
168,1,True,Room,Positive,
168,1,True,Staff,Positive,
168,1,True,Location,Positive,
168,1,True,Food,Positive,
168,1,True,Room,Positive,
168,1,True,Staff,Positive,
168,1,True,Location,Positive,
168,1,True,Food,Positive,
168,2,True,Room,Positive,
168,2,True,Staff,Positive,
168,2,True,Location,Positive,
168,2,True,Food,Positive,
168,2,True,Room,Positive,
168,2,True,Staff,Positive,
168,2,True,Location,Positive,
168,2,True,Food,Positive,
168,3,True,Room,Positive,
168,3,True,Staff,Positive,
168,3,True,Location,Positive,
168,3,True,Food,Positive,
168,3,True,Room,Positive,
168,3,True,Staff,Positive,
168,3,True,Location,Positive,
168,3,True,Food,Positive,
169,1,False,Room,Positive,
169,1,False,Staff,Positive,
169,1,False,Location,null,
169,1,False,Food,Negative,
169,1,False,Room,Positive,
169,1,False,Staff,Positive,
169,1,False,Location,null,
169,1,False,Food,Negative,
169,2,False,Room,Positive,
169,2,False,Staff,Positive,
169,2,False,Location,null,
169,2,False,Food,Negative,
169,2,False,Room,Positive,
169,2,False,Staff,Positive,
169,2,False,Location,null,
169,2,False,Food,Negative,
169,3,False,Room,Positive,
169,3,False,Staff,Positive,
169,3,False,Location,null,
169,3,False,Food,Negative,
169,3,False,Room,Positive,
169,3,False,Staff,Positive,
169,3,False,Location,null,
169,3,False,Food,Negative,
170,1,False,Room,null,
170,1,False,Staff,Positive,
170,1,False,Location,null,
170,1,False,Food,Negative,
170,1,False,Price,null,
170,1,False,Facility,null,
170,1,False,Check-in,null,
170,1,False,Check-out,null,
170,1,False,Off,null,
170,1,False,Booking-issue,null,
170,1,False,Taxi-issue,null,
170,1,False,Room,null,
170,1,False,Staff,Positive,
170,1,False,Location,Positive,
170,1,False,Food,Negative,
170,1,False,Price,null,
170,1,False,Facility,null,
170,1,False,Check-in,null,
170,1,False,Check-out,null,
170,1,False,Off,null,
170,1,False,Booking-issue,null,
170,1,False,Taxi-issue,null,
170,2,False,Room,null,
170,2,False,Staff,Positive,
170,2,False,Location,Positive,
170,2,False,Food,Negative,
170,2,False,Price,null,
170,2,False,Facility,null,
170,2,False,Check-in,null,
170,2,False,Check-out,null,
170,2,False,Off,null,
170,2,False,Booking-issue,null,
170,2,False,Taxi-issue,null,
170,2,False,Room,null,
170,2,False,Staff,Positive,
170,2,False,Location,Positive,
170,2,False,Food,Negative,
170,2,False,Price,null,
170,2,False,Facility,null,
170,2,False,Check-in,null,
170,2,False,Check-out,null,
170,2,False,Off,null,
170,2,False,Booking-issue,null,
170,2,False,Taxi-issue,null,
170,3,False,Room,null,
170,3,False,Staff,Positive,
170,3,False,Location,Positive,
170,3,False,Food,Negative,
170,3,False,Price,null,
170,3,False,Facility,null,
170,3,False,Check-in,null,
170,3,False,Check-out,null,
170,3,False,Off,null,
170,3,False,Booking-issue,null,
170,3,False,Taxi-issue,null,
170,3,False,Room,null,
170,3,False,Staff,Positive,
170,3,False,Location,Positive,
170,3,False,Food,Negative,
170,3,False,Price,null,
170,3,False,Facility,null,
170,3,False,Check-in,null,
170,3,False,Check-out,null,
170,3,False,Off,null,
170,3,False,Booking-issue,null,
170,3,False,Taxi-issue,null,
171,1,True,Staff,Positive,
171,1,True,Location,Positive,
171,1,True,Price,Negative,
171,1,True,Staff,Positive,
171,1,True,Location,Positive,
171,1,True,Price,Negative,
171,2,True,Staff,Positive,
171,2,True,Location,Positive,
171,2,True,Price,Negative,
171,2,True,Staff,Positive,
171,2,True,Location,Positive,
171,2,True,Price,Negative,
171,3,True,Staff,Positive,
171,3,True,Location,Positive,
171,3,True,Price,Negative,
171,3,True,Staff,Positive,
171,3,True,Location,Positive,
171,3,True,Price,Negative,
172,1,True,Staff,Positive,
172,1,True,Staff,Positive,
172,2,True,Staff,Positive,
172,2,True,Staff,Positive,
172,3,True,Staff,Positive,
172,3,True,Staff,Positive,
173,1,False,Room,Negative,
173,1,False,Staff,Positive,
173,1,False,Location,null,
173,1,False,Room,Negative,
173,1,False,Staff,Positive,
173,1,False,Location,null,
173,2,False,Room,Negative,
173,2,False,Staff,Positive,
173,2,False,Location,null,
173,2,False,Room,Negative,
173,2,False,Staff,Positive,
173,2,False,Location,null,
173,3,False,Room,Negative,
173,3,False,Staff,Positive,
173,3,False,Location,null,
173,3,False,Room,Negative,
173,3,False,Staff,Positive,
173,3,False,Location,null,
174,1,True,Staff,Negative,
174,1,True,Staff,Negative,
174,2,True,Staff,Negative,
174,2,True,Staff,Negative,
174,3,True,Staff,Negative,
174,3,True,Staff,Negative,
175,1,False,Location,Negative,
175,1,False,Staff,null,
175,1,False,Room,null,
175,1,False,Location,Negative,
175,1,False,Staff,null,
175,1,False,Room,null,
175,2,False,Location,Negative,
175,2,False,Staff,null,
175,2,False,Room,null,
175,2,False,Location,Negative,
175,2,False,Staff,null,
175,2,False,Room,null,
175,3,False,Location,Negative,
175,3,False,Staff,null,
175,3,False,Room,null,
175,3,False,Location,Negative,
175,3,False,Staff,null,
175,3,False,Room,null,
176,1,False,Room,Positive,
176,1,False,Staff,null,
176,1,False,Location,null,
176,1,False,Room,Positive,
176,1,False,Staff,null,
176,1,False,Location,null,
176,2,False,Room,Positive,
176,2,False,Staff,null,
176,2,False,Location,null,
176,2,False,Room,Positive,
176,2,False,Staff,null,
176,2,False,Location,null,
176,3,False,Room,Positive,
176,3,False,Staff,null,
176,3,False,Location,null,
176,3,False,Room,Positive,
176,3,False,Staff,null,
176,3,False,Location,null,
177,1,True,Staff,Positive,
177,1,True,Location,Positive,
177,1,True,Staff,Positive,
177,1,True,Location,Positive,
177,2,True,Staff,Positive,
177,2,True,Location,Positive,
177,2,True,Staff,Positive,
177,2,True,Location,Positive,
177,3,True,Staff,Positive,
177,3,True,Location,Positive,
177,3,True,Staff,Positive,
177,3,True,Location,Positive,
178,1,True,Staff,Negative,
178,1,True,Staff,Negative,
178,2,True,Staff,Negative,
178,2,True,Staff,Negative,
178,3,True,Staff,Negative,
178,3,True,Staff,Negative,
179,1,True,Location,Positive,
179,1,True,Location,Positive,
179,2,True,Location,Positive,
179,2,True,Location,Positive,
179,3,True,Location,Positive,
179,3,True,Location,Positive,
180,1,True,Room,Positive,
180,1,True,Staff,Positive,
180,1,True,Food,Positive,
180,1,True,Room,Positive,
180,1,True,Staff,Positive,
180,1,True,Food,Positive,
180,2,True,Room,Positive,
180,2,True,Staff,Positive,
180,2,True,Food,Positive,
180,2,True,Room,Positive,
180,2,True,Staff,Positive,
180,2,True,Food,Positive,
180,3,True,Room,Positive,
180,3,True,Staff,Positive,
180,3,True,Food,Positive,
180,3,True,Room,Positive,
180,3,True,Staff,Positive,
180,3,True,Food,Positive,
181,1,True,Room,Positive,
181,1,True,Staff,Positive,
181,1,True,Room,Positive,
181,1,True,Staff,Positive,
181,2,True,Room,Positive,
181,2,True,Staff,Positive,
181,2,True,Room,Positive,
181,2,True,Staff,Positive,
181,3,True,Room,Positive,
181,3,True,Staff,Positive,
181,3,True,Room,Positive,
181,3,True,Staff,Positive,
182,1,True,Staff,Negative,
182,1,True,Location,Positive,
182,1,True,Staff,Negative,
182,1,True,Location,Positive,
182,2,True,Staff,Negative,
182,2,True,Location,Positive,
182,2,True,Staff,Negative,
182,2,True,Location,Positive,
182,3,True,Staff,Negative,
182,3,True,Location,Positive,
182,3,True,Staff,Negative,
182,3,True,Location,Positive,
183,1,True,Staff,Positive,
183,1,True,Location,Positive,
183,1,True,Food,Negative,
183,1,True,Staff,Positive,
183,1,True,Location,Positive,
183,1,True,Food,Negative,
183,2,True,Staff,Positive,
183,2,True,Location,Positive,
183,2,True,Food,Negative,
183,2,True,Staff,Positive,
183,2,True,Location,Positive,
183,2,True,Food,Negative,
183,3,True,Staff,Positive,
183,3,True,Location,Positive,
183,3,True,Food,Negative,
183,3,True,Staff,Positive,
183,3,True,Location,Positive,
183,3,True,Food,Negative,
184,1,True,Staff,Positive,
184,1,True,Food,Negative,
184,1,True,Staff,Positive,
184,1,True,Food,Negative,
184,2,True,Staff,Positive,
184,2,True,Food,Negative,
184,2,True,Staff,Positive,
184,2,True,Food,Negative,
184,3,True,Staff,Positive,
184,3,True,Food,Negative,
184,3,True,Staff,Positive,
184,3,True,Food,Negative,
185,1,False,Staff,Positive,
185,1,False,Location,Positive,
185,1,False,Off,null,
185,1,False,Booking-issue,null,
185,1,False,Taxi-issue,null,
185,1,False,Staff,Positive,
185,1,False,Location,Positive,
185,1,False,Off,null,
185,1,False,Booking-issue,null,
185,1,False,Taxi-issue,null,
185,2,False,Staff,Positive,
185,2,False,Location,Positive,
185,2,False,Off,null,
185,2,False,Booking-issue,null,
185,2,False,Taxi-issue,null,
185,2,False,Staff,Positive,
185,2,False,Location,Positive,
185,2,False,Off,null,
185,2,False,Booking-issue,null,
185,2,False,Taxi-issue,null,
185,3,False,Staff,Positive,
185,3,False,Location,Positive,
185,3,False,Off,null,
185,3,False,Booking-issue,null,
185,3,False,Taxi-issue,null,
185,3,False,Staff,Positive,
185,3,False,Location,Positive,
185,3,False,Off,null,
185,3,False,Booking-issue,null,
185,3,False,Taxi-issue,null,
186,1,True,Staff,Positive,
186,1,True,Staff,Positive,
186,2,True,Staff,Positive,
186,2,True,Staff,Positive,
186,3,True,Staff,Positive,
186,3,True,Staff,Positive,
187,1,True,Staff,Positive,
187,1,True,Staff,Positive,
187,2,True,Staff,Positive,
187,2,True,Staff,Positive,
187,3,True,Staff,Positive,
187,3,True,Staff,Positive,
188,1,True,Staff,Positive,
188,1,True,Staff,Positive,
188,2,True,Staff,Positive,
188,2,True,Staff,Positive,
188,3,True,Staff,Positive,
188,3,True,Staff,Positive,
189,1,False,Room,Positive,
189,1,False,Staff,null,
189,1,False,Location,null,
189,1,False,Room,Positive,
189,1,False,Staff,null,
189,1,False,Location,null,
189,2,False,Room,Positive,
189,2,False,Staff,null,
189,2,False,Location,null,
189,2,False,Room,Positive,
189,2,False,Staff,null,
189,2,False,Location,null,
189,3,False,Room,Positive,
189,3,False,Staff,null,
189,3,False,Location,null,
189,3,False,Room,Positive,
189,3,False,Staff,null,
189,3,False,Location,null,
190,1,True,Room,Negative,
190,1,True,Staff,Positive,
190,1,True,Location,Positive,
190,1,True,Food,Positive,
190,1,True,Check-in,Positive,
190,1,True,Room,Negative,
190,1,True,Staff,Positive,
190,1,True,Location,Positive,
190,1,True,Food,Positive,
190,1,True,Check-in,Positive,
190,2,True,Room,Negative,
190,2,True,Staff,Positive,
190,2,True,Location,Positive,
190,2,True,Food,Positive,
190,2,True,Check-in,Positive,
190,2,True,Room,Negative,
190,2,True,Staff,Positive,
190,2,True,Location,Positive,
190,2,True,Food,Positive,
190,2,True,Check-in,Positive,
190,3,True,Room,Negative,
190,3,True,Staff,Positive,
190,3,True,Location,Positive,
190,3,True,Food,Positive,
190,3,True,Check-in,Positive,
190,3,True,Room,Negative,
190,3,True,Staff,Positive,
190,3,True,Location,Positive,
190,3,True,Food,Positive,
190,3,True,Check-in,Positive,
191,1,True,Staff,Negative,
191,1,True,Location,Positive,
191,1,True,Staff,Negative,
191,1,True,Location,Positive,
191,2,True,Staff,Negative,
191,2,True,Location,Positive,
191,2,True,Staff,Negative,
191,2,True,Location,Positive,
191,3,True,Staff,Negative,
191,3,True,Location,Positive,
191,3,True,Staff,Negative,
191,3,True,Location,Positive,
192,1,True,Staff,Negative,
192,1,True,Location,Positive,
192,1,True,Staff,Negative,
192,1,True,Location,Positive,
192,2,True,Staff,Negative,
192,2,True,Location,Positive,
192,2,True,Staff,Negative,
192,2,True,Location,Positive,
192,3,True,Staff,Negative,
192,3,True,Location,Positive,
192,3,True,Staff,Negative,
192,3,True,Location,Positive,
193,1,True,Room,Positive,
193,1,True,Staff,Positive,
193,1,True,Location,Positive,
193,1,True,Room,Positive,
193,1,True,Staff,Positive,
193,1,True,Location,Positive,
193,2,True,Room,Positive,
193,2,True,Staff,Positive,
193,2,True,Location,Positive,
193,2,True,Room,Positive,
193,2,True,Staff,Positive,
193,2,True,Location,Positive,
193,3,True,Room,Positive,
193,3,True,Staff,Positive,
193,3,True,Location,Positive,
193,3,True,Room,Positive,
193,3,True,Staff,Positive,
193,3,True,Location,Positive,
194,1,True,Staff,Positive,
194,1,True,Location,Positive,
194,1,True,Staff,Positive,
194,1,True,Location,Positive,
194,2,True,Staff,Positive,
194,2,True,Location,Positive,
194,2,True,Staff,Positive,
194,2,True,Location,Positive,
194,3,True,Staff,Positive,
194,3,True,Location,Positive,
194,3,True,Staff,Positive,
194,3,True,Location,Positive,
195,1,True,Room,Negative,
195,1,True,Staff,Positive,
195,1,True,Location,Negative,
195,1,True,Room,Negative,
195,1,True,Staff,Positive,
195,1,True,Location,Negative,
195,2,True,Room,Negative,
195,2,True,Staff,Positive,
195,2,True,Location,Negative,
195,2,True,Room,Negative,
195,2,True,Staff,Positive,
195,2,True,Location,Negative,
195,3,True,Room,Negative,
195,3,True,Staff,Positive,
195,3,True,Location,Negative,
195,3,True,Room,Negative,
195,3,True,Staff,Positive,
195,3,True,Location,Negative,
196,1,True,Room,Negative,
196,1,True,Price,Negative,
196,1,True,Booking-issue,Negative,
196,1,True,Room,Negative,
196,1,True,Price,Negative,
196,1,True,Booking-issue,Negative,
196,2,True,Room,Negative,
196,2,True,Price,Negative,
196,2,True,Booking-issue,Negative,
196,2,True,Room,Negative,
196,2,True,Price,Negative,
196,2,True,Booking-issue,Negative,
196,3,True,Room,Negative,
196,3,True,Price,Negative,
196,3,True,Booking-issue,Negative,
196,3,True,Room,Negative,
196,3,True,Price,Negative,
196,3,True,Booking-issue,Negative,
197,1,True,Staff,Negative,
197,1,True,Location,Positive,
197,1,True,Staff,Negative,
197,1,True,Location,Positive,
197,2,True,Staff,Negative,
197,2,True,Location,Positive,
197,2,True,Staff,Negative,
197,2,True,Location,Positive,
197,3,True,Staff,Negative,
197,3,True,Location,Positive,
197,3,True,Staff,Negative,
197,3,True,Location,Positive,
198,1,True,Staff,Positive,
198,1,True,Food,Positive,
198,1,True,Staff,Positive,
198,1,True,Food,Positive,
198,2,True,Staff,Positive,
198,2,True,Food,Positive,
198,2,True,Staff,Positive,
198,2,True,Food,Positive,
198,3,True,Staff,Positive,
198,3,True,Food,Positive,
198,3,True,Staff,Positive,
198,3,True,Food,Positive,
199,1,True,Room,Positive,
199,1,True,Staff,Positive,
199,1,True,Location,Positive,
199,1,True,Room,Positive,
199,1,True,Staff,Positive,
199,1,True,Location,Positive,
199,2,True,Room,Positive,
199,2,True,Staff,Positive,
199,2,True,Location,Positive,
199,2,True,Room,Positive,
199,2,True,Staff,Positive,
199,2,True,Location,Positive,
199,3,True,Room,Positive,
199,3,True,Staff,Positive,
199,3,True,Location,Positive,
199,3,True,Room,Positive,
199,3,True,Staff,Positive,
199,3,True,Location,Positive,
200,1,False,Room,Positive,
200,1,False,Staff,Negative,
200,1,False,Location,null,
200,1,False,Food,Negative,
200,1,False,Price,null,
200,1,False,Facility,null,
200,1,False,Check-in,null,
200,1,False,Check-out,null,
200,1,False,Off,null,
200,1,False,Booking-issue,null,
200,1,False,Taxi-issue,null,
200,1,False,Room,Positive,
200,1,False,Staff,Negative,
200,1,False,Location,null,
200,1,False,Food,Negative,
200,1,False,Price,null,
200,1,False,Facility,null,
200,1,False,Check-in,null,
200,1,False,Check-out,null,
200,1,False,Off,null,
200,1,False,Booking-issue,null,
200,1,False,Taxi-issue,null,
200,2,False,Room,Positive,
200,2,False,Staff,Negative,
200,2,False,Location,null,
200,2,False,Food,Negative,
200,2,False,Price,null,
200,2,False,Facility,null,
200,2,False,Check-in,null,
200,2,False,Check-out,null,
200,2,False,Off,null,
200,2,False,Booking-issue,null,
200,2,False,Taxi-issue,null,
200,2,False,Room,Positive,
200,2,False,Staff,Negative,
200,2,False,Location,null,
200,2,False,Food,Negative,
200,2,False,Price,null,
200,2,False,Facility,null,
200,2,False,Check-in,null,
200,2,False,Check-out,null,
200,2,False,Off,null,
200,2,False,Booking-issue,null,
200,2,False,Taxi-issue,null,
200,3,False,Room,Positive,
200,3,False,Staff,Negative,
200,3,False,Location,null,
200,3,False,Food,Negative,
200,3,False,Price,null,
200,3,False,Facility,null,
200,3,False,Check-in,null,
200,3,False,Check-out,null,
200,3,False,Off,null,
200,3,False,Booking-issue,null,
200,3,False,Taxi-issue,null,
200,3,False,Room,Positive,
200,3,False,Staff,Negative,
200,3,False,Location,null,
200,3,False,Food,Negative,
200,3,False,Price,null,
200,3,False,Facility,null,
200,3,False,Check-in,null,
200,3,False,Check-out,null,
200,3,False,Off,null,
200,3,False,Booking-issue,null,
200,3,False,Taxi-issue,null,
201,1,True,Off,Negative,
201,1,True,Off,Negative,
201,2,True,Off,Negative,
201,2,True,Off,Negative,
201,3,True,Off,Negative,
201,3,True,Off,Negative,
202,1,True,Room,Positive,
202,1,True,Staff,Positive,
202,1,True,Location,Positive,
202,1,True,Room,Positive,
202,1,True,Staff,Positive,
202,1,True,Location,Positive,
202,2,True,Room,Positive,
202,2,True,Staff,Positive,
202,2,True,Location,Positive,
202,2,True,Room,Positive,
202,2,True,Staff,Positive,
202,2,True,Location,Positive,
202,3,True,Room,Positive,
202,3,True,Staff,Positive,
202,3,True,Location,Positive,
202,3,True,Room,Positive,
202,3,True,Staff,Positive,
202,3,True,Location,Positive,
203,1,True,Room,Positive,
203,1,True,Staff,Positive,
203,1,True,Price,Negative,
203,1,True,Room,Positive,
203,1,True,Staff,Positive,
203,1,True,Price,Negative,
203,2,True,Room,Positive,
203,2,True,Staff,Positive,
203,2,True,Price,Negative,
203,2,True,Room,Positive,
203,2,True,Staff,Positive,
203,2,True,Price,Negative,
203,3,True,Room,Positive,
203,3,True,Staff,Positive,
203,3,True,Price,Negative,
203,3,True,Room,Positive,
203,3,True,Staff,Positive,
203,3,True,Price,Negative,
204,1,True,Staff,Positive,
204,1,True,Staff,Positive,
204,2,True,Staff,Positive,
204,2,True,Staff,Positive,
204,3,True,Staff,Positive,
204,3,True,Staff,Positive,
205,1,False,Room,null,
205,1,False,Staff,Negative,
205,1,False,Location,null,
205,1,False,Price,Negative,
205,1,False,Check-in,null,
205,1,False,Check-out,null,
205,1,False,Staff,Negative,
205,1,False,Location,null,
205,2,False,Staff,Negative,
205,2,False,Location,null,
205,2,False,Staff,Negative,
205,2,False,Location,null,
205,3,False,Staff,Negative,
205,3,False,Location,null,
205,3,False,Staff,Negative,
205,3,False,Location,null,
206,1,True,Location,Positive,
206,1,True,Location,Positive,
206,2,True,Location,Positive,
206,2,True,Location,Positive,
206,3,True,Location,Positive,
206,3,True,Location,Positive,
207,1,True,Staff,Positive,
207,1,True,Staff,Positive,
207,2,True,Staff,Positive,
207,2,True,Staff,Positive,
207,3,True,Staff,Positive,
207,3,True,Staff,Positive,
208,1,False,Room,Negative,
208,1,False,Staff,null,
208,1,False,Location,null,
208,1,False,Food,null,
208,1,False,Price,null,
208,1,False,Facility,null,
208,1,False,Check-in,null,
208,1,False,Check-out,null,
208,1,False,Off,null,
208,1,False,Booking-issue,null,
208,1,False,Taxi-issue,null,
208,1,True,Staff,Negative,
208,2,True,Staff,Negative,
208,2,True,Staff,Negative,
208,3,True,Staff,Negative,
208,3,True,Staff,Negative,
209,1,True,Room,Positive,
209,1,True,Staff,Positive,
209,1,True,Food,Positive,
209,1,True,Price,Negative,
209,1,True,Room,Positive,
209,1,True,Staff,Positive,
209,1,True,Food,Positive,
209,1,True,Price,Negative,
209,2,True,Room,Positive,
209,2,True,Staff,Positive,
209,2,True,Food,Positive,
209,2,True,Price,Negative,
209,2,True,Room,Positive,
209,2,True,Staff,Positive,
209,2,True,Food,Positive,
209,2,True,Price,Negative,
209,3,True,Room,Positive,
209,3,True,Staff,Positive,
209,3,True,Food,Positive,
209,3,True,Price,Negative,
209,3,True,Room,Positive,
209,3,True,Staff,Positive,
209,3,True,Food,Positive,
209,3,True,Price,Negative,
210,1,False,Room,null,
210,1,False,Staff,Positive,
210,1,False,Location,Positive,
210,1,False,Room,null,
210,1,False,Staff,Positive,
210,1,False,Location,Positive,
210,2,False,Room,null,
210,2,False,Staff,Positive,
210,2,False,Location,Positive,
210,2,False,Room,null,
210,2,False,Staff,Positive,
210,2,False,Location,Positive,
210,3,False,Room,null,
210,3,False,Staff,Positive,
210,3,False,Location,Positive,
210,3,False,Room,null,
210,3,False,Staff,Positive,
210,3,False,Location,Positive,
211,1,True,Staff,Positive,
211,1,True,Location,Positive,
211,1,True,Food,Negative,
211,1,True,Staff,Positive,
211,1,True,Location,Positive,
211,1,True,Food,Negative,
211,2,True,Staff,Positive,
211,2,True,Location,Positive,
211,2,True,Food,Negative,
211,2,True,Staff,Positive,
211,2,True,Location,Positive,
211,2,True,Food,Negative,
211,3,True,Staff,Positive,
211,3,True,Location,Positive,
211,3,True,Food,Negative,
211,3,True,Staff,Positive,
211,3,True,Location,Positive,
211,3,True,Food,Negative,
212,1,True,Staff,Negative,
212,1,True,Price,Negative,
212,1,True,Staff,Negative,
212,1,True,Price,Negative,
212,2,True,Staff,Negative,
212,2,True,Price,Negative,
212,2,True,Staff,Negative,
212,2,True,Price,Negative,
212,3,True,Staff,Negative,
212,3,True,Price,Negative,
212,3,True,Staff,Negative,
212,3,True,Price,Negative,
213,1,False,Food,Negative,
213,1,False,Staff,Positive,
213,1,False,Off,null,
213,1,False,Room,null,
213,1,False,Staff,Positive,
213,1,False,Location,null,
213,1,False,Food,Negative,
213,1,False,Price,null,
213,1,False,Facility,null,
213,1,False,Check-in,null,
213,1,False,Check-out,null,
213,1,False,Off,null,
213,1,False,Booking-issue,null,
213,1,False,Taxi-issue,null,
213,2,False,Room,null,
213,2,False,Staff,Positive,
213,2,False,Location,null,
213,2,False,Food,Negative,
213,2,False,Price,null,
213,2,False,Facility,null,
213,2,False,Check-in,null,
213,2,False,Check-out,null,
213,2,False,Off,null,
213,2,False,Booking-issue,null,
213,2,False,Taxi-issue,null,
213,2,False,Room,null,
213,2,False,Staff,Positive,
213,2,False,Location,null,
213,2,False,Food,Negative,
213,2,False,Price,null,
213,2,False,Facility,null,
213,2,False,Check-in,null,
213,2,False,Check-out,null,
213,2,False,Off,null,
213,2,False,Booking-issue,null,
213,2,False,Taxi-issue,null,
213,3,False,Room,null,
213,3,False,Staff,Positive,
213,3,False,Location,null,
213,3,False,Food,Negative,
213,3,False,Price,null,
213,3,False,Facility,null,
213,3,False,Check-in,null,
213,3,False,Check-out,null,
213,3,False,Off,null,
213,3,False,Booking-issue,null,
213,3,False,Taxi-issue,null,
213,3,False,Room,null,
213,3,False,Staff,Positive,
213,3,False,Location,null,
213,3,False,Food,Negative,
213,3,False,Price,null,
213,3,False,Facility,null,
213,3,False,Check-in,null,
213,3,False,Check-out,null,
213,3,False,Off,null,
213,3,False,Booking-issue,null,
213,3,False,Taxi-issue,null,
214,1,True,Staff,Positive,
214,1,True,Check-in,Positive,
214,1,True,Staff,Positive,
214,1,True,Check-in,Positive,
214,2,True,Staff,Positive,
214,2,True,Check-in,Positive,
214,2,True,Staff,Positive,
214,2,True,Check-in,Positive,
214,3,True,Staff,Positive,
214,3,True,Check-in,Positive,
214,3,True,Staff,Positive,
214,3,True,Check-in,Positive,
215,1,True,Staff,Negative,
215,1,False,Room,null,
215,1,False,Staff,Negative,
215,1,False,Location,null,
215,1,False,Food,null,
215,1,False,Price,Negative,
215,1,False,Facility,null,
215,1,False,Check-in,null,
215,1,False,Check-out,null,
215,1,False,Off,null,
215,1,False,Booking-issue,null,
215,1,False,Taxi-issue,null,
215,2,False,Room,null,
215,2,False,Staff,Negative,
215,2,False,Location,null,
215,2,False,Food,null,
215,2,False,Price,Negative,
215,2,False,Facility,null,
215,2,False,Check-in,null,
215,2,False,Check-out,null,
215,2,False,Off,null,
215,2,False,Booking-issue,null,
215,2,False,Taxi-issue,null,
215,2,False,Room,null,
215,2,False,Staff,Negative,
215,2,False,Location,null,
215,2,False,Food,null,
215,2,False,Price,Negative,
215,2,False,Facility,null,
215,2,False,Check-in,null,
215,2,False,Check-out,null,
215,2,False,Off,null,
215,2,False,Booking-issue,null,
215,2,False,Taxi-issue,null,
215,3,False,Room,null,
215,3,False,Staff,Negative,
215,3,False,Location,null,
215,3,False,Food,null,
215,3,False,Price,Negative,
215,3,False,Facility,null,
215,3,False,Check-in,null,
215,3,False,Check-out,null,
215,3,False,Off,null,
215,3,False,Booking-issue,null,
215,3,False,Taxi-issue,null,
215,3,False,Room,null,
215,3,False,Staff,Negative,
215,3,False,Location,null,
215,3,False,Food,null,
215,3,False,Price,Negative,
215,3,False,Facility,null,
215,3,False,Check-in,null,
215,3,False,Check-out,null,
215,3,False,Off,null,
215,3,False,Booking-issue,null,
215,3,False,Taxi-issue,null,
216,1,True,Room,Positive,
216,1,True,Facility,Positive,
216,1,True,Room,Positive,
216,1,True,Facility,Positive,
216,2,True,Room,Positive,
216,2,True,Facility,Positive,
216,2,True,Room,Positive,
216,2,True,Facility,Positive,
216,3,True,Room,Positive,
216,3,True,Facility,Positive,
216,3,True,Room,Positive,
216,3,True,Facility,Positive,
217,1,True,Staff,Negative,
217,1,True,Staff,Negative,
217,2,True,Staff,Negative,
217,2,True,Staff,Negative,
217,3,True,Staff,Negative,
217,3,True,Staff,Negative,
218,1,False,Room,Positive,
218,1,False,Staff,null,
218,1,False,Location,Positive,
218,1,False,Room,Positive,
218,1,False,Staff,null,
218,1,False,Location,Positive,
218,2,False,Room,Positive,
218,2,False,Staff,null,
218,2,False,Location,Positive,
218,2,False,Room,Positive,
218,2,False,Staff,null,
218,2,False,Location,Positive,
218,3,False,Room,Positive,
218,3,False,Staff,null,
218,3,False,Location,Positive,
218,3,False,Room,Positive,
218,3,False,Staff,null,
218,3,False,Location,Positive,
219,1,True,Room,Positive,
219,1,True,Off,Negative,
219,1,False,Room,Positive,
219,1,False,Staff,null,
219,1,False,Location,null,
219,1,False,Off,Negative,
219,2,False,Room,Positive,
219,2,False,Staff,null,
219,2,False,Location,null,
219,2,False,Off,Negative,
219,2,False,Room,Positive,
219,2,False,Staff,null,
219,2,False,Location,null,
219,2,False,Off,Negative,
219,3,False,Room,Positive,
219,3,False,Staff,null,
219,3,False,Location,null,
219,3,False,Off,Negative,
219,3,False,Room,Positive,
219,3,False,Staff,null,
219,3,False,Location,null,
219,3,False,Off,Negative,
220,1,True,Room,Positive,
220,1,True,Staff,Positive,
220,1,True,Location,Positive,
220,1,True,Food,Negative,
220,1,True,Price,Negative,
220,1,True,Check-in,Positive,
220,1,True,Check-out,Positive,
220,1,True,Room,Positive,
220,1,True,Staff,Positive,
220,1,True,Location,Positive,
220,1,True,Food,Negative,
220,1,True,Price,Negative,
220,1,True,Check-in,Positive,
220,1,True,Check-out,Positive,
220,2,True,Room,Positive,
220,2,True,Staff,Positive,
220,2,True,Location,Positive,
220,2,True,Food,Negative,
220,2,True,Price,Negative,
220,2,True,Check-in,Positive,
220,2,True,Check-out,Positive,
220,2,True,Room,Positive,
220,2,True,Staff,Positive,
220,2,True,Location,Positive,
220,2,True,Food,Negative,
220,2,True,Price,Negative,
220,2,True,Check-in,Positive,
220,2,True,Check-out,Positive,
220,3,True,Room,Positive,
220,3,True,Staff,Positive,
220,3,True,Location,Positive,
220,3,True,Food,Negative,
220,3,True,Price,Negative,
220,3,True,Check-in,Positive,
220,3,True,Check-out,Positive,
220,3,True,Room,Positive,
220,3,True,Staff,Positive,
220,3,True,Location,Positive,
220,3,True,Food,Negative,
220,3,True,Price,Negative,
220,3,True,Check-in,Positive,
220,3,True,Check-out,Positive,
221,1,True,Room,Positive,
221,1,True,Staff,Positive,
221,1,True,Food,Negative,
221,1,True,Room,Positive,
221,1,True,Staff,Positive,
221,1,True,Food,Negative,
221,2,True,Room,Positive,
221,2,True,Staff,Positive,
221,2,True,Food,Negative,
221,2,True,Room,Positive,
221,2,True,Staff,Positive,
221,2,True,Food,Negative,
221,3,True,Room,Positive,
221,3,True,Staff,Positive,
221,3,True,Food,Negative,
221,3,True,Room,Positive,
221,3,True,Staff,Positive,
221,3,True,Food,Negative,
222,1,False,Room,Negative,
222,1,False,Staff,null,
222,1,False,Location,null,
222,1,False,Room,Negative,
222,1,False,Staff,null,
222,1,False,Location,null,
222,2,False,Room,Negative,
222,2,False,Staff,null,
222,2,False,Location,null,
222,2,False,Room,Negative,
222,2,False,Staff,null,
222,2,False,Location,null,
222,3,False,Room,Negative,
222,3,False,Staff,null,
222,3,False,Location,null,
222,3,False,Room,Negative,
222,3,False,Staff,null,
222,3,False,Location,null,
223,1,True,Staff,Positive,
223,1,True,Staff,Positive,
223,2,True,Staff,Positive,
223,2,True,Staff,Positive,
223,3,True,Staff,Positive,
223,3,True,Staff,Positive,
224,1,True,Staff,Positive,
224,1,True,Location,Negative,
224,1,True,Staff,Positive,
224,1,True,Location,Negative,
224,2,True,Staff,Positive,
224,2,True,Location,Negative,
224,2,True,Staff,Positive,
224,2,True,Location,Negative,
224,3,True,Staff,Positive,
224,3,True,Location,Negative,
224,3,True,Staff,Positive,
224,3,True,Location,Negative,
225,1,False,Room,null,
225,1,False,Staff,null,
225,1,False,Location,null,
225,1,False,Food,null,
225,1,False,Price,null,
225,1,False,Facility,null,
225,1,False,Check-in,null,
225,1,False,Check-out,null,
225,1,False,Off,null,
225,1,False,Booking-issue,null,
225,1,False,Taxi-issue,null,
225,1,False,Room,null,
225,1,False,Staff,null,
225,1,False,Location,null,
225,1,False,Food,null,
225,1,False,Price,null,
225,1,False,Facility,null,
225,1,False,Check-in,null,
225,1,False,Check-out,null,
225,1,False,Off,null,
225,1,False,Booking-issue,null,
225,1,False,Taxi-issue,null,
225,2,False,Room,null,
225,2,False,Staff,null,
225,2,False,Location,null,
225,2,False,Food,null,
225,2,False,Price,null,
225,2,False,Facility,null,
225,2,False,Check-in,null,
225,2,False,Check-out,null,
225,2,False,Off,null,
225,2,False,Booking-issue,null,
225,2,False,Taxi-issue,null,
225,2,False,Room,null,
225,2,False,Staff,null,
225,2,False,Location,null,
225,2,False,Food,null,
225,2,False,Price,null,
225,2,False,Facility,null,
225,2,False,Check-in,null,
225,2,False,Check-out,null,
225,2,False,Off,null,
225,2,False,Booking-issue,null,
225,2,False,Taxi-issue,null,
225,3,False,Room,null,
225,3,False,Staff,null,
225,3,False,Location,null,
225,3,False,Food,null,
225,3,False,Price,null,
225,3,False,Facility,null,
225,3,False,Check-in,null,
225,3,False,Check-out,null,
225,3,False,Off,null,
225,3,False,Booking-issue,null,
225,3,False,Taxi-issue,null,
225,3,False,Room,null,
225,3,False,Staff,null,
225,3,False,Location,null,
225,3,False,Food,null,
225,3,False,Price,null,
225,3,False,Facility,null,
225,3,False,Check-in,null,
225,3,False,Check-out,null,
225,3,False,Off,null,
225,3,False,Booking-issue,null,
225,3,False,Taxi-issue,null,
226,1,False,Room,Negative,
226,1,False,Staff,Positive,
226,1,False,Location,null,
226,1,False,Room,Negative,
226,1,False,Staff,Positive,
226,1,False,Location,null,
226,2,False,Room,Negative,
226,2,False,Staff,Positive,
226,2,False,Location,null,
226,2,False,Room,Negative,
226,2,False,Staff,Positive,
226,2,False,Location,null,
226,3,False,Room,Negative,
226,3,False,Staff,Positive,
226,3,False,Location,null,
226,3,False,Room,Negative,
226,3,False,Staff,Positive,
226,3,False,Location,null,
227,1,True,Room,Positive,
227,1,True,Staff,Positive,
227,1,True,Location,Positive,
227,1,True,Room,Positive,
227,1,True,Staff,Positive,
227,1,True,Location,Positive,
227,2,True,Room,Positive,
227,2,True,Staff,Positive,
227,2,True,Location,Positive,
227,2,True,Room,Positive,
227,2,True,Staff,Positive,
227,2,True,Location,Positive,
227,3,True,Room,Positive,
227,3,True,Staff,Positive,
227,3,True,Location,Positive,
227,3,True,Room,Positive,
227,3,True,Staff,Positive,
227,3,True,Location,Positive,
228,1,True,Room,Positive,
228,1,True,Staff,Negative,
228,1,True,Location,Negative,
228,1,True,Room,Positive,
228,1,True,Staff,Negative,
228,1,True,Location,Negative,
228,2,True,Room,Positive,
228,2,True,Staff,Negative,
228,2,True,Location,Negative,
228,2,True,Room,Positive,
228,2,True,Staff,Negative,
228,2,True,Location,Negative,
228,3,True,Room,Positive,
228,3,True,Staff,Negative,
228,3,True,Location,Negative,
228,3,True,Room,Positive,
228,3,True,Staff,Negative,
228,3,True,Location,Negative,
229,1,True,Staff,Positive,
229,1,True,Staff,Positive,
229,2,True,Staff,Positive,
229,2,True,Staff,Positive,
229,3,True,Staff,Positive,
229,3,True,Staff,Positive,
230,1,False,Location,Positive,
230,1,False,Staff,Negative,
230,1,False,Price,Negative,
230,1,False,Off,null,
230,1,False,Booking-issue,null,
230,1,False,Taxi-issue,null,
230,1,False,Location,Positive,
230,1,False,Staff,Negative,
230,2,False,Location,Positive,
230,2,False,Staff,Negative,
230,2,False,Location,Positive,
230,2,False,Staff,Negative,
230,3,False,Location,Positive,
230,3,False,Staff,Negative,
230,3,False,Location,Positive,
230,3,False,Staff,Negative,
231,1,False,Room,null,
231,1,False,Staff,Negative,
231,1,False,Location,null,
231,1,False,Room,null,
231,1,False,Staff,Negative,
231,1,False,Location,null,
231,2,False,Room,null,
231,2,False,Staff,Negative,
231,2,False,Location,null,
231,2,False,Room,null,
231,2,False,Staff,Negative,
231,2,False,Location,null,
231,3,False,Room,null,
231,3,False,Staff,Negative,
231,3,False,Location,null,
231,3,False,Room,null,
231,3,False,Staff,Negative,
231,3,False,Location,null,
232,1,True,Room,Positive,
232,1,True,Staff,Positive,
232,1,True,Location,Positive,
232,1,True,Food,Positive,
232,1,True,Price,Positive,
232,1,True,Check-in,Positive,
232,1,True,Check-out,Positive,
232,1,True,Location,Positive,
232,1,True,Room,Positive,
232,1,True,Staff,Positive,
232,1,True,Food,Positive,
232,1,True,Price,Positive,
232,2,True,Location,Positive,
232,2,True,Room,Positive,
232,2,True,Staff,Positive,
232,2,True,Food,Positive,
232,2,True,Price,Positive,
232,2,True,Location,Positive,
232,2,True,Room,Positive,
232,2,True,Staff,Positive,
232,2,True,Food,Positive,
232,2,True,Price,Positive,
232,3,True,Location,Positive,
232,3,True,Room,Positive,
232,3,True,Staff,Positive,
232,3,True,Food,Positive,
232,3,True,Price,Positive,
232,3,True,Location,Positive,
232,3,True,Room,Positive,
232,3,True,Staff,Positive,
232,3,True,Food,Positive,
232,3,True,Price,Positive,
233,1,True,Room,Positive,
233,1,True,Staff,Positive,
233,1,True,Location,Negative,
233,1,True,Food,Positive,
233,1,True,Room,Positive,
233,1,True,Staff,Positive,
233,1,True,Location,Negative,
233,1,True,Food,Positive,
233,2,True,Room,Positive,
233,2,True,Staff,Positive,
233,2,True,Location,Negative,
233,2,True,Food,Positive,
233,2,True,Room,Positive,
233,2,True,Staff,Positive,
233,2,True,Location,Negative,
233,2,True,Food,Positive,
233,3,True,Room,Positive,
233,3,True,Staff,Positive,
233,3,True,Location,Negative,
233,3,True,Food,Positive,
233,3,True,Room,Positive,
233,3,True,Staff,Positive,
233,3,True,Location,Negative,
233,3,True,Food,Positive,
234,1,True,Location,Positive,
234,1,True,Price,Negative,
234,1,True,Location,Positive,
234,1,True,Price,Negative,
234,2,True,Location,Positive,
234,2,True,Price,Negative,
234,2,True,Location,Positive,
234,2,True,Price,Negative,
234,3,True,Location,Positive,
234,3,True,Price,Negative,
234,3,True,Location,Positive,
234,3,True,Price,Negative,
235,1,True,Staff,Positive,
235,1,True,Location,Positive,
235,1,True,Staff,Positive,
235,1,True,Location,Positive,
235,2,True,Staff,Positive,
235,2,True,Location,Positive,
235,2,True,Staff,Positive,
235,2,True,Location,Positive,
235,3,True,Staff,Positive,
235,3,True,Location,Positive,
235,3,True,Staff,Positive,
235,3,True,Location,Positive,
236,1,False,Room,Positive,
236,1,False,Location,Positive,
236,1,False,Food,Positive,
236,1,False,Price,Negative,
236,1,False,Facility,Positive,
236,1,False,Check-in,Positive,
236,1,False,Check-out,Positive,
236,1,False,Off,null,
236,1,False,Booking-issue,null,
236,1,False,Taxi-issue,null,
236,1,False,Room,Positive,
236,1,False,Location,Positive,
236,1,False,Food,Positive,
236,1,False,Price,Negative,
236,1,False,Facility,Positive,
236,1,False,Check-in,Positive,
236,1,False,Check-out,Positive,
236,1,False,Off,null,
236,1,False,Booking-issue,null,
236,1,False,Taxi-issue,null,
236,2,False,Room,Positive,
236,2,False,Location,Positive,
236,2,False,Food,Positive,
236,2,False,Price,Negative,
236,2,False,Facility,Positive,
236,2,False,Check-in,Positive,
236,2,False,Check-out,Positive,
236,2,False,Off,null,
236,2,False,Booking-issue,null,
236,2,False,Taxi-issue,null,
236,2,False,Room,Positive,
236,2,False,Location,Positive,
236,2,False,Food,Positive,
236,2,False,Price,Negative,
236,2,False,Facility,Positive,
236,2,False,Check-in,Positive,
236,2,False,Check-out,Positive,
236,2,False,Off,null,
236,2,False,Booking-issue,null,
236,2,False,Taxi-issue,null,
236,3,False,Room,Positive,
236,3,False,Location,Positive,
236,3,False,Food,Positive,
236,3,False,Price,Negative,
236,3,False,Facility,Positive,
236,3,False,Check-in,Positive,
236,3,False,Check-out,Positive,
236,3,False,Off,null,
236,3,False,Booking-issue,null,
236,3,False,Taxi-issue,null,
236,3,False,Room,Positive,
236,3,False,Location,Positive,
236,3,False,Food,Positive,
236,3,False,Price,Negative,
236,3,False,Facility,Positive,
236,3,False,Check-in,Positive,
236,3,False,Check-out,Positive,
236,3,False,Off,null,
236,3,False,Booking-issue,null,
236,3,False,Taxi-issue,null,
237,1,False,Room,Negative,
237,1,False,Staff,Positive,
237,1,False,Location,null,
237,1,False,Price,Negative,
237,1,False,Room,Negative,
237,1,False,Staff,Positive,
237,1,False,Location,null,
237,1,False,Price,Negative,
237,2,False,Room,Negative,
237,2,False,Staff,Positive,
237,2,False,Location,null,
237,2,False,Price,Negative,
237,2,False,Room,Negative,
237,2,False,Staff,Positive,
237,2,False,Location,null,
237,2,False,Price,Negative,
237,3,False,Room,Negative,
237,3,False,Staff,Positive,
237,3,False,Location,null,
237,3,False,Price,Negative,
237,3,False,Room,Negative,
237,3,False,Staff,Positive,
237,3,False,Location,null,
237,3,False,Price,Negative,
238,1,False,Room,Negative,
238,1,False,Location,null,
238,1,False,Room,Negative,
238,1,False,Location,null,
238,2,False,Room,Negative,
238,2,False,Location,null,
238,2,False,Room,Negative,
238,2,False,Location,null,
238,3,False,Room,Negative,
238,3,False,Location,null,
238,3,False,Room,Negative,
238,3,False,Location,null,
239,1,True,Room,Positive,
239,1,True,Location,Positive,
239,1,True,Room,Positive,
239,1,True,Location,Positive,
239,2,True,Room,Positive,
239,2,True,Location,Positive,
239,2,True,Room,Positive,
239,2,True,Location,Positive,
239,3,True,Room,Positive,
239,3,True,Location,Positive,
239,3,True,Room,Positive,
239,3,True,Location,Positive,
240,1,True,Staff,Positive,
240,1,True,Location,Positive,
240,1,True,Staff,Positive,
240,1,True,Location,Positive,
240,2,True,Staff,Positive,
240,2,True,Location,Positive,
240,2,True,Staff,Positive,
240,2,True,Location,Positive,
240,3,True,Staff,Positive,
240,3,True,Location,Positive,
240,3,True,Staff,Positive,
240,3,True,Location,Positive,
241,1,True,Room,Positive,
241,1,True,Staff,Positive,
241,1,True,Location,Positive,
241,1,True,Food,Negative,
241,1,True,Price,Negative,
241,1,True,Room,Positive,
241,1,True,Staff,Positive,
241,1,True,Location,Positive,
241,1,True,Food,Negative,
241,1,True,Price,Negative,
241,2,True,Room,Positive,
241,2,True,Staff,Positive,
241,2,True,Location,Positive,
241,2,True,Food,Negative,
241,2,True,Price,Negative,
241,2,True,Room,Positive,
241,2,True,Staff,Positive,
241,2,True,Location,Positive,
241,2,True,Food,Negative,
241,2,True,Price,Negative,
241,3,True,Room,Positive,
241,3,True,Staff,Positive,
241,3,True,Location,Positive,
241,3,True,Food,Negative,
241,3,True,Price,Negative,
241,3,True,Room,Positive,
241,3,True,Staff,Positive,
241,3,True,Location,Positive,
241,3,True,Food,Negative,
241,3,True,Price,Negative,
242,1,True,Staff,Positive,
242,1,True,Staff,Positive,
242,2,True,Staff,Positive,
242,2,True,Staff,Positive,
242,3,True,Staff,Positive,
242,3,True,Staff,Positive,
243,1,False,Room,Positive,
243,1,False,Staff,null,
243,1,False,Location,Positive,
243,1,False,Room,Positive,
243,1,False,Staff,null,
243,1,False,Location,Positive,
243,2,False,Room,Positive,
243,2,False,Staff,null,
243,2,False,Location,Positive,
243,2,False,Room,Positive,
243,2,False,Staff,null,
243,2,False,Location,Positive,
243,3,False,Room,Positive,
243,3,False,Staff,null,
243,3,False,Location,Positive,
243,3,False,Room,Positive,
243,3,False,Staff,null,
243,3,False,Location,Positive,
244,1,False,Room,null,
244,1,False,Staff,Negative,
244,1,False,Location,null,
244,1,False,Food,null,
244,1,False,Price,null,
244,1,False,Facility,null,
244,1,False,Check-in,null,
244,1,False,Check-out,null,
244,1,False,Off,null,
244,1,False,Booking-issue,null,
244,1,False,Taxi-issue,null,
244,1,False,Room,null,
244,1,False,Staff,Negative,
244,1,False,Location,null,
244,1,False,Food,null,
244,1,False,Price,Negative,
244,1,False,Facility,null,
244,1,False,Check-in,null,
244,1,False,Check-out,null,
244,1,False,Off,null,
244,1,False,Booking-issue,null,
244,1,False,Taxi-issue,null,
244,2,False,Room,null,
244,2,False,Staff,Negative,
244,2,False,Location,null,
244,2,False,Food,null,
244,2,False,Price,Negative,
244,2,False,Facility,null,
244,2,False,Check-in,null,
244,2,False,Check-out,null,
244,2,False,Off,null,
244,2,False,Booking-issue,null,
244,2,False,Taxi-issue,null,
244,2,False,Room,null,
244,2,False,Staff,Negative,
244,2,False,Location,null,
244,2,False,Food,null,
244,2,False,Price,Negative,
244,2,False,Facility,null,
244,2,False,Check-in,null,
244,2,False,Check-out,null,
244,2,False,Off,null,
244,2,False,Booking-issue,null,
244,2,False,Taxi-issue,null,
244,3,False,Room,null,
244,3,False,Staff,Negative,
244,3,False,Location,null,
244,3,False,Food,null,
244,3,False,Price,Negative,
244,3,False,Facility,null,
244,3,False,Check-in,null,
244,3,False,Check-out,null,
244,3,False,Off,null,
244,3,False,Booking-issue,null,
244,3,False,Taxi-issue,null,
244,3,False,Room,null,
244,3,False,Staff,Negative,
244,3,False,Location,null,
244,3,False,Food,null,
244,3,False,Price,Negative,
244,3,False,Facility,null,
244,3,False,Check-in,null,
244,3,False,Check-out,null,
244,3,False,Off,null,
244,3,False,Booking-issue,null,
244,3,False,Taxi-issue,null,
245,1,False,Room,Positive,
245,1,False,Staff,Positive,
245,1,False,Location,null,
245,1,False,Food,null,
245,1,False,Price,null,
245,1,False,Facility,null,
245,1,False,Check-in,null,
245,1,False,Check-out,null,
245,1,False,Off,null,
245,1,False,Booking-issue,null,
245,1,False,Taxi-issue,null,
245,1,False,Room,Positive,
245,1,False,Staff,Positive,
245,1,False,Location,null,
245,1,False,Food,null,
245,1,False,Price,null,
245,1,False,Facility,null,
245,1,False,Check-in,null,
245,1,False,Check-out,null,
245,1,False,Off,null,
245,1,False,Booking-issue,null,
245,1,False,Taxi-issue,null,
245,2,False,Room,Positive,
245,2,False,Staff,Positive,
245,2,False,Location,null,
245,2,False,Food,null,
245,2,False,Price,null,
245,2,False,Facility,null,
245,2,False,Check-in,null,
245,2,False,Check-out,null,
245,2,False,Off,null,
245,2,False,Booking-issue,null,
245,2,False,Taxi-issue,null,
245,2,False,Room,Positive,
245,2,False,Staff,Positive,
245,2,False,Location,null,
245,2,False,Food,null,
245,2,False,Price,null,
245,2,False,Facility,null,
245,2,False,Check-in,null,
245,2,False,Check-out,null,
245,2,False,Off,null,
245,2,False,Booking-issue,null,
245,2,False,Taxi-issue,null,
245,3,False,Room,Positive,
245,3,False,Staff,Positive,
245,3,False,Location,null,
245,3,False,Food,null,
245,3,False,Price,null,
245,3,False,Facility,null,
245,3,False,Check-in,null,
245,3,False,Check-out,null,
245,3,False,Off,null,
245,3,False,Booking-issue,null,
245,3,False,Taxi-issue,null,
245,3,False,Room,Positive,
245,3,False,Staff,Positive,
245,3,False,Location,null,
245,3,False,Food,null,
245,3,False,Price,null,
245,3,False,Facility,null,
245,3,False,Check-in,null,
245,3,False,Check-out,null,
245,3,False,Off,null,
245,3,False,Booking-issue,null,
245,3,False,Taxi-issue,null,
246,1,True,Room,Positive,
246,1,True,Staff,Positive,
246,1,True,Location,Negative,
246,1,True,Food,Positive,
246,1,True,Room,Positive,
246,1,True,Staff,Positive,
246,1,True,Location,Negative,
246,1,True,Food,Positive,
246,2,True,Room,Positive,
246,2,True,Staff,Positive,
246,2,True,Location,Negative,
246,2,True,Food,Positive,
246,2,True,Room,Positive,
246,2,True,Staff,Positive,
246,2,True,Location,Negative,
246,2,True,Food,Positive,
246,3,True,Room,Positive,
246,3,True,Staff,Positive,
246,3,True,Location,Negative,
246,3,True,Food,Positive,
246,3,True,Room,Positive,
246,3,True,Staff,Positive,
246,3,True,Location,Negative,
246,3,True,Food,Positive,
247,1,True,Location,Positive,
247,1,True,Location,Positive,
247,2,True,Location,Positive,
247,2,True,Location,Positive,
247,3,True,Location,Positive,
247,3,True,Location,Positive,
248,1,True,Staff,Positive,
248,1,True,Taxi-issue,Negative,
248,1,True,Staff,Positive,
248,1,True,Taxi-issue,Negative,
248,2,True,Staff,Positive,
248,2,True,Taxi-issue,Negative,
248,2,True,Staff,Positive,
248,2,True,Taxi-issue,Negative,
248,3,True,Staff,Positive,
248,3,True,Taxi-issue,Negative,
248,3,True,Staff,Positive,
248,3,True,Taxi-issue,Negative,
249,1,False,Room,null,
249,1,False,Staff,Negative,
249,1,False,Location,null,
249,1,False,Food,null,
249,1,False,Price,Negative,
249,1,False,Facility,null,
249,1,False,Check-in,null,
249,1,False,Check-out,null,
249,1,False,Off,null,
249,1,False,Booking-issue,null,
249,1,False,Taxi-issue,null,
249,1,False,Room,null,
249,1,False,Staff,Negative,
249,1,False,Location,null,
249,1,False,Food,null,
249,1,False,Price,Negative,
249,1,False,Facility,null,
249,1,False,Check-in,null,
249,1,False,Check-out,null,
249,1,False,Off,null,
249,1,False,Booking-issue,null,
249,1,False,Taxi-issue,null,
249,2,False,Room,null,
249,2,False,Staff,Negative,
249,2,False,Location,null,
249,2,False,Food,null,
249,2,False,Price,Negative,
249,2,False,Facility,null,
249,2,False,Check-in,null,
249,2,False,Check-out,null,
249,2,False,Off,null,
249,2,False,Booking-issue,null,
249,2,False,Taxi-issue,null,
249,2,False,Room,null,
249,2,False,Staff,Negative,
249,2,False,Location,null,
249,2,False,Food,null,
249,2,False,Price,Negative,
249,2,False,Facility,null,
249,2,False,Check-in,null,
249,2,False,Check-out,null,
249,2,False,Off,null,
249,2,False,Booking-issue,null,
249,2,False,Taxi-issue,null,
249,3,False,Room,null,
249,3,False,Staff,Negative,
249,3,False,Location,null,
249,3,False,Food,null,
249,3,False,Price,Negative,
249,3,False,Facility,null,
249,3,False,Check-in,null,
249,3,False,Check-out,null,
249,3,False,Off,null,
249,3,False,Booking-issue,null,
249,3,False,Taxi-issue,null,
249,3,False,Room,null,
249,3,False,Staff,Negative,
249,3,False,Location,null,
249,3,False,Food,null,
249,3,False,Price,Negative,
249,3,False,Facility,null,
249,3,False,Check-in,null,
249,3,False,Check-out,null,
249,3,False,Off,null,
249,3,False,Booking-issue,null,
249,3,False,Taxi-issue,null,
250,1,True,Room,Positive,
250,1,True,Staff,Positive,
250,1,True,Location,Positive,
250,1,True,Food,Positive,
250,1,True,Room,Positive,
250,1,True,Staff,Positive,
250,1,True,Location,Positive,
250,1,True,Food,Positive,
250,2,True,Room,Positive,
250,2,True,Staff,Positive,
250,2,True,Location,Positive,
250,2,True,Food,Positive,
250,2,True,Room,Positive,
250,2,True,Staff,Positive,
250,2,True,Location,Positive,
250,2,True,Food,Positive,
250,3,True,Room,Positive,
250,3,True,Staff,Positive,
250,3,True,Location,Positive,
250,3,True,Food,Positive,
250,3,True,Room,Positive,
250,3,True,Staff,Positive,
250,3,True,Location,Positive,
250,3,True,Food,Positive,
251,1,True,Staff,Positive,
251,1,True,Staff,Positive,
251,2,True,Staff,Positive,
251,2,True,Staff,Positive,
251,3,True,Staff,Positive,
251,3,True,Staff,Positive,
252,1,False,Room,Positive,
252,1,False,Staff,Positive,
252,1,False,Location,null,
252,1,False,Food,Positive,
252,1,False,Price,null,
252,1,False,Facility,null,
252,1,False,Check-in,null,
252,1,False,Check-out,null,
252,1,False,Off,null,
252,1,False,Booking-issue,null,
252,1,False,Taxi-issue,null,
252,1,True,Room,Positive,
252,1,True,Staff,Positive,
252,1,True,Food,Positive,
252,2,True,Room,Positive,
252,2,True,Staff,Positive,
252,2,True,Food,Positive,
252,2,True,Room,Positive,
252,2,True,Staff,Positive,
252,2,True,Food,Positive,
252,3,True,Room,Positive,
252,3,True,Staff,Positive,
252,3,True,Food,Positive,
252,3,True,Room,Positive,
252,3,True,Staff,Positive,
252,3,True,Food,Positive,
253,1,False,Off,null,
253,1,False,Off,null,
253,2,False,Off,null,
253,2,False,Off,null,
253,3,False,Off,null,
253,3,False,Off,null,
254,1,True,Room,Positive,
254,1,True,Staff,Positive,
254,1,True,Location,Positive,
254,1,True,Room,Positive,
254,1,True,Staff,Positive,
254,1,True,Location,Positive,
254,2,True,Room,Positive,
254,2,True,Staff,Positive,
254,2,True,Location,Positive,
254,2,True,Room,Positive,
254,2,True,Staff,Positive,
254,2,True,Location,Positive,
254,3,True,Room,Positive,
254,3,True,Staff,Positive,
254,3,True,Location,Positive,
254,3,True,Room,Positive,
254,3,True,Staff,Positive,
254,3,True,Location,Positive,
255,1,True,Room,Positive,
255,1,True,Staff,Positive,
255,1,True,Location,Positive,
255,1,True,Room,Positive,
255,1,True,Staff,Positive,
255,1,True,Location,Positive,
255,2,True,Room,Positive,
255,2,True,Staff,Positive,
255,2,True,Location,Positive,
255,2,True,Room,Positive,
255,2,True,Staff,Positive,
255,2,True,Location,Positive,
255,3,True,Room,Positive,
255,3,True,Staff,Positive,
255,3,True,Location,Positive,
255,3,True,Room,Positive,
255,3,True,Staff,Positive,
255,3,True,Location,Positive,
256,1,True,Staff,Negative,
256,1,True,Staff,Negative,
256,2,True,Staff,Negative,
256,2,True,Staff,Negative,
256,3,True,Staff,Negative,
256,3,True,Staff,Negative,
257,1,True,Room,Positive,
257,1,True,Staff,Positive,
257,1,True,Location,Positive,
257,1,True,Room,Positive,
257,1,True,Staff,Positive,
257,1,True,Location,Positive,
257,2,True,Room,Positive,
257,2,True,Staff,Positive,
257,2,True,Location,Positive,
257,2,True,Room,Positive,
257,2,True,Staff,Positive,
257,2,True,Location,Positive,
257,3,True,Room,Positive,
257,3,True,Staff,Positive,
257,3,True,Location,Positive,
257,3,True,Room,Positive,
257,3,True,Staff,Positive,
257,3,True,Location,Positive,
258,1,True,Staff,Positive,
258,1,True,Food,Negative,
258,1,True,Staff,Positive,
258,1,True,Food,Negative,
258,2,True,Staff,Positive,
258,2,True,Food,Negative,
258,2,True,Staff,Positive,
258,2,True,Food,Negative,
258,3,True,Staff,Positive,
258,3,True,Food,Negative,
258,3,True,Staff,Positive,
258,3,True,Food,Negative,
259,1,True,Staff,Positive,
259,1,True,Location,Positive,
259,1,True,Staff,Positive,
259,1,True,Location,Positive,
259,2,True,Staff,Positive,
259,2,True,Location,Positive,
259,2,True,Staff,Positive,
259,2,True,Location,Positive,
259,3,True,Staff,Positive,
259,3,True,Location,Positive,
259,3,True,Staff,Positive,
259,3,True,Location,Positive,
260,1,True,Staff,Positive,
260,1,True,Location,Positive,
260,1,True,Food,Negative,
260,1,True,Staff,Positive,
260,1,True,Location,Positive,
260,1,True,Food,Negative,
260,2,True,Staff,Positive,
260,2,True,Location,Positive,
260,2,True,Food,Negative,
260,2,True,Staff,Positive,
260,2,True,Location,Positive,
260,2,True,Food,Negative,
260,3,True,Staff,Positive,
260,3,True,Location,Positive,
260,3,True,Food,Negative,
260,3,True,Staff,Positive,
260,3,True,Location,Positive,
260,3,True,Food,Negative,
261,1,False,Room,Positive,
261,1,False,Staff,Positive,
261,1,False,Location,null,
261,1,False,Room,Positive,
261,1,False,Staff,Positive,
261,1,False,Location,null,
261,2,False,Room,Positive,
261,2,False,Staff,Positive,
261,2,False,Location,null,
261,2,False,Room,Positive,
261,2,False,Staff,Positive,
261,2,False,Location,null,
261,3,False,Room,Positive,
261,3,False,Staff,Positive,
261,3,False,Location,null,
261,3,False,Room,Positive,
261,3,False,Staff,Positive,
261,3,False,Location,null,
262,1,True,Staff,Positive,
262,1,True,Location,Positive,
262,1,True,Staff,Positive,
262,1,True,Location,Positive,
262,2,True,Staff,Positive,
262,2,True,Location,Positive,
262,2,True,Staff,Positive,
262,2,True,Location,Positive,
262,3,True,Staff,Positive,
262,3,True,Location,Positive,
262,3,True,Staff,Positive,
262,3,True,Location,Positive,
263,1,True,Room,Positive,
263,1,True,Room,Positive,
263,2,True,Room,Positive,
263,2,True,Room,Positive,
263,3,True,Room,Positive,
263,3,True,Room,Positive,
264,1,True,Staff,Positive,
264,1,True,Staff,Positive,
264,2,True,Staff,Positive,
264,2,True,Staff,Positive,
264,3,True,Staff,Positive,
264,3,True,Staff,Positive,
265,1,True,Staff,Positive,
265,1,True,Location,Negative,
265,1,True,Price,Negative,
265,1,True,Staff,Positive,
265,1,True,Location,Negative,
265,1,True,Price,Negative,
265,2,True,Staff,Positive,
265,2,True,Location,Negative,
265,2,True,Price,Negative,
265,2,True,Staff,Positive,
265,2,True,Location,Negative,
265,2,True,Price,Negative,
265,3,True,Staff,Positive,
265,3,True,Location,Negative,
265,3,True,Price,Negative,
265,3,True,Staff,Positive,
265,3,True,Location,Negative,
265,3,True,Price,Negative,
266,1,False,Room,Negative,
266,1,False,Staff,Positive,
266,1,False,Location,null,
266,1,False,Price,Negative,
266,1,True,Staff,Positive,
266,2,True,Staff,Positive,
266,2,True,Staff,Positive,
266,3,True,Staff,Positive,
266,3,True,Staff,Positive,
267,1,True,Staff,Positive,
267,1,True,Taxi-issue,Negative,
267,1,True,Staff,Positive,
267,1,True,Taxi-issue,Negative,
267,2,True,Staff,Positive,
267,2,True,Taxi-issue,Negative,
267,2,True,Staff,Positive,
267,2,True,Taxi-issue,Negative,
267,3,True,Staff,Positive,
267,3,True,Taxi-issue,Negative,
267,3,True,Staff,Positive,
267,3,True,Taxi-issue,Negative,
268,1,True,Room,Positive,
268,1,True,Staff,Positive,
268,1,True,Location,Positive,
268,1,True,Room,Positive,
268,1,True,Staff,Positive,
268,1,True,Location,Positive,
268,2,True,Room,Positive,
268,2,True,Staff,Positive,
268,2,True,Location,Positive,
268,2,True,Room,Positive,
268,2,True,Staff,Positive,
268,2,True,Location,Positive,
268,3,True,Room,Positive,
268,3,True,Staff,Positive,
268,3,True,Location,Positive,
268,3,True,Room,Positive,
268,3,True,Staff,Positive,
268,3,True,Location,Positive,
269,1,True,Staff,Positive,
269,1,True,Staff,Positive,
269,2,True,Staff,Positive,
269,2,True,Staff,Positive,
269,3,True,Staff,Positive,
269,3,True,Staff,Positive,
270,1,False,Room,Positive,
270,1,False,Staff,Positive,
270,1,False,Location,null,
270,1,False,Room,Positive,
270,1,False,Staff,Positive,
270,1,False,Location,null,
270,2,False,Room,Positive,
270,2,False,Staff,Positive,
270,2,False,Location,null,
270,2,False,Room,Positive,
270,2,False,Staff,Positive,
270,2,False,Location,null,
270,3,False,Room,Positive,
270,3,False,Staff,Positive,
270,3,False,Location,null,
270,3,False,Room,Positive,
270,3,False,Staff,Positive,
270,3,False,Location,null,
271,1,True,Location,Positive,
271,1,True,Location,Positive,
271,2,True,Location,Positive,
271,2,True,Location,Positive,
271,3,True,Location,Positive,
271,3,True,Location,Positive,
272,1,True,Staff,Positive,
272,1,True,Location,Positive,
272,1,True,Food,Negative,
272,1,True,Staff,Positive,
272,1,True,Location,Positive,
272,1,True,Food,Negative,
272,2,True,Staff,Positive,
272,2,True,Location,Positive,
272,2,True,Food,Negative,
272,2,True,Staff,Positive,
272,2,True,Location,Positive,
272,2,True,Food,Negative,
272,3,True,Staff,Positive,
272,3,True,Location,Positive,
272,3,True,Food,Negative,
272,3,True,Staff,Positive,
272,3,True,Location,Positive,
272,3,True,Food,Negative,
273,1,True,Staff,Positive,
273,1,True,Location,Positive,
273,1,True,Price,Negative,
273,1,True,Staff,Positive,
273,1,True,Location,Positive,
273,2,True,Staff,Positive,
273,2,True,Location,Positive,
273,2,True,Staff,Positive,
273,2,True,Location,Positive,
273,3,True,Staff,Positive,
273,3,True,Location,Positive,
273,3,True,Staff,Positive,
273,3,True,Location,Positive,
274,1,True,Staff,Positive,
274,1,True,Staff,Positive,
274,2,True,Staff,Positive,
274,2,True,Staff,Positive,
274,3,True,Staff,Positive,
274,3,True,Staff,Positive,
275,1,True,Room,Positive,
275,1,True,Staff,Positive,
275,1,True,Room,Positive,
275,1,True,Staff,Positive,
275,2,True,Room,Positive,
275,2,True,Staff,Positive,
275,2,True,Room,Positive,
275,2,True,Staff,Positive,
275,3,True,Room,Positive,
275,3,True,Staff,Positive,
275,3,True,Room,Positive,
275,3,True,Staff,Positive,
276,1,True,Staff,Negative,
276,1,True,Location,Negative,
276,1,True,Staff,Negative,
276,1,True,Location,Negative,
276,2,True,Staff,Negative,
276,2,True,Location,Negative,
276,2,True,Staff,Negative,
276,2,True,Location,Negative,
276,3,True,Staff,Negative,
276,3,True,Location,Negative,
276,3,True,Staff,Negative,
276,3,True,Location,Negative,
277,1,True,Staff,Positive,
277,1,True,Staff,Positive,
277,2,True,Staff,Positive,
277,2,True,Staff,Positive,
277,3,True,Staff,Positive,
277,3,True,Staff,Positive,
278,1,True,Staff,Positive,
278,1,True,Location,Positive,
278,1,True,Food,Negative,
278,1,True,Staff,Positive,
278,1,True,Location,Positive,
278,1,True,Food,Negative,
278,2,True,Staff,Positive,
278,2,True,Location,Positive,
278,2,True,Food,Negative,
278,2,True,Staff,Positive,
278,2,True,Location,Positive,
278,2,True,Food,Negative,
278,3,True,Staff,Positive,
278,3,True,Location,Positive,
278,3,True,Food,Negative,
278,3,True,Staff,Positive,
278,3,True,Location,Positive,
278,3,True,Food,Negative,
279,1,False,Room,Positive,
279,1,False,Staff,null,
279,1,False,Location,Positive,
279,1,False,Food,Negative,
279,1,False,Price,Negative,
279,1,False,Facility,null,
279,1,False,Check-in,null,
279,1,False,Check-out,null,
279,1,False,Off,null,
279,1,False,Booking-issue,null,
279,1,False,Taxi-issue,null,
279,1,False,Room,Positive,
279,1,False,Staff,null,
279,1,False,Location,Positive,
279,1,False,Food,Negative,
279,1,False,Price,Negative,
279,1,False,Facility,null,
279,1,False,Check-in,null,
279,1,False,Check-out,null,
279,1,False,Off,null,
279,1,False,Booking-issue,null,
279,1,False,Taxi-issue,null,
279,2,False,Room,Positive,
279,2,False,Staff,null,
279,2,False,Location,Positive,
279,2,False,Food,Negative,
279,2,False,Price,Negative,
279,2,False,Facility,null,
279,2,False,Check-in,null,
279,2,False,Check-out,null,
279,2,False,Off,null,
279,2,False,Booking-issue,null,
279,2,False,Taxi-issue,null,
279,2,False,Room,Positive,
279,2,False,Staff,null,
279,2,False,Location,Positive,
279,2,False,Food,Negative,
279,2,False,Price,Negative,
279,2,False,Facility,null,
279,2,False,Check-in,null,
279,2,False,Check-out,null,
279,2,False,Off,null,
279,2,False,Booking-issue,null,
279,2,False,Taxi-issue,null,
279,3,False,Room,Positive,
279,3,False,Staff,null,
279,3,False,Location,Positive,
279,3,False,Food,Negative,
279,3,False,Price,Negative,
279,3,False,Facility,null,
279,3,False,Check-in,null,
279,3,False,Check-out,null,
279,3,False,Off,null,
279,3,False,Booking-issue,null,
279,3,False,Taxi-issue,null,
279,3,False,Room,Positive,
279,3,False,Staff,null,
279,3,False,Location,Positive,
279,3,False,Food,Negative,
279,3,False,Price,Negative,
279,3,False,Facility,null,
279,3,False,Check-in,null,
279,3,False,Check-out,null,
279,3,False,Off,null,
279,3,False,Booking-issue,null,
279,3,False,Taxi-issue,null,
280,1,True,Room,Positive,
280,1,True,Staff,Positive,
280,1,True,Location,Negative,
280,1,True,Room,Positive,
280,1,True,Staff,Positive,
280,1,True,Location,Negative,
280,2,True,Room,Positive,
280,2,True,Staff,Positive,
280,2,True,Location,Negative,
280,2,True,Room,Positive,
280,2,True,Staff,Positive,
280,2,True,Location,Negative,
280,3,True,Room,Positive,
280,3,True,Staff,Positive,
280,3,True,Location,Negative,
280,3,True,Room,Positive,
280,3,True,Staff,Positive,
280,3,True,Location,Negative,
281,1,True,Staff,Positive,
281,1,True,Location,Positive,
281,1,True,Staff,Positive,
281,1,True,Location,Positive,
281,2,True,Staff,Positive,
281,2,True,Location,Positive,
281,2,True,Staff,Positive,
281,2,True,Location,Positive,
281,3,True,Staff,Positive,
281,3,True,Location,Positive,
281,3,True,Staff,Positive,
281,3,True,Location,Positive,
282,1,True,Staff,Positive,
282,1,True,Location,Positive,
282,1,True,Staff,Positive,
282,1,True,Location,Positive,
282,2,True,Staff,Positive,
282,2,True,Location,Positive,
282,2,True,Staff,Positive,
282,2,True,Location,Positive,
282,3,True,Staff,Positive,
282,3,True,Location,Positive,
282,3,True,Staff,Positive,
282,3,True,Location,Positive,
283,1,True,Staff,Positive,
283,1,True,Staff,Positive,
283,2,True,Staff,Positive,
283,2,True,Staff,Positive,
283,3,True,Staff,Positive,
283,3,True,Staff,Positive,
284,1,True,Staff,Positive,
284,1,True,Location,Positive,
284,1,True,Staff,Positive,
284,1,True,Location,Positive,
284,2,True,Staff,Positive,
284,2,True,Location,Positive,
284,2,True,Staff,Positive,
284,2,True,Location,Positive,
284,3,True,Staff,Positive,
284,3,True,Location,Positive,
284,3,True,Staff,Positive,
284,3,True,Location,Positive,
285,1,False,Room,Negative,
285,1,False,Staff,null,
285,1,False,Location,null,
285,1,False,Price,Negative,
285,1,False,Room,Negative,
285,1,False,Staff,null,
285,1,False,Location,null,
285,1,False,Price,null,
285,2,False,Room,Negative,
285,2,False,Staff,null,
285,2,False,Location,null,
285,2,False,Price,null,
285,2,False,Room,Negative,
285,2,False,Staff,null,
285,2,False,Location,null,
285,2,False,Price,null,
285,3,False,Room,Negative,
285,3,False,Staff,null,
285,3,False,Location,null,
285,3,False,Price,null,
285,3,False,Room,Negative,
285,3,False,Staff,null,
285,3,False,Location,null,
285,3,False,Price,null,
286,1,True,Location,Positive,
286,1,True,Location,Positive,
286,2,True,Location,Positive,
286,2,True,Location,Positive,
286,3,True,Location,Positive,
286,3,True,Location,Positive,
287,1,False,Room,Positive,
287,1,False,Staff,Negative,
287,1,False,Location,null,
287,1,False,Price,Negative,
287,1,False,Room,Positive,
287,1,False,Staff,Negative,
287,1,False,Location,null,
287,1,False,Price,Negative,
287,2,False,Room,Positive,
287,2,False,Staff,Negative,
287,2,False,Location,null,
287,2,False,Price,Negative,
287,2,False,Room,Positive,
287,2,False,Staff,Negative,
287,2,False,Location,null,
287,2,False,Price,Negative,
287,3,False,Room,Positive,
287,3,False,Staff,Negative,
287,3,False,Location,null,
287,3,False,Price,Negative,
287,3,False,Room,Positive,
287,3,False,Staff,Negative,
287,3,False,Location,null,
287,3,False,Price,Negative,
288,1,True,Staff,Positive,
288,1,True,Location,Negative,
288,1,True,Food,Negative,
288,1,True,Staff,Positive,
288,1,True,Location,Negative,
288,1,True,Food,Negative,
288,2,True,Staff,Positive,
288,2,True,Location,Negative,
288,2,True,Food,Negative,
288,2,True,Staff,Positive,
288,2,True,Location,Negative,
288,2,True,Food,Negative,
288,3,True,Staff,Positive,
288,3,True,Location,Negative,
288,3,True,Food,Negative,
288,3,True,Staff,Positive,
288,3,True,Location,Negative,
288,3,True,Food,Negative,
289,1,False,Room,Negative,
289,1,False,Staff,null,
289,1,False,Location,Positive,
289,1,False,Price,Negative,
289,1,False,Room,Negative,
289,1,False,Staff,null,
289,1,False,Location,Positive,
289,1,False,Price,Negative,
289,2,False,Room,Negative,
289,2,False,Staff,null,
289,2,False,Location,Positive,
289,2,False,Price,Negative,
289,2,False,Room,Negative,
289,2,False,Staff,null,
289,2,False,Location,Positive,
289,2,False,Price,Negative,
289,3,False,Room,Negative,
289,3,False,Staff,null,
289,3,False,Location,Positive,
289,3,False,Price,Negative,
289,3,False,Room,Negative,
289,3,False,Staff,null,
289,3,False,Location,Positive,
289,3,False,Price,Negative,
290,1,True,Room,Positive,
290,1,True,Staff,Positive,
290,1,True,Location,Positive,
290,1,True,Food,Positive,
290,1,True,Price,Negative,
290,1,True,Room,Positive,
290,1,True,Staff,Positive,
290,1,True,Location,Positive,
290,1,True,Food,Positive,
290,1,True,Price,Negative,
290,2,True,Room,Positive,
290,2,True,Staff,Positive,
290,2,True,Location,Positive,
290,2,True,Food,Positive,
290,2,True,Price,Negative,
290,2,True,Room,Positive,
290,2,True,Staff,Positive,
290,2,True,Location,Positive,
290,2,True,Food,Positive,
290,2,True,Price,Negative,
290,3,True,Room,Positive,
290,3,True,Staff,Positive,
290,3,True,Location,Positive,
290,3,True,Food,Positive,
290,3,True,Price,Negative,
290,3,True,Room,Positive,
290,3,True,Staff,Positive,
290,3,True,Location,Positive,
290,3,True,Food,Positive,
290,3,True,Price,Negative,
291,1,True,Staff,Positive,
291,1,True,Location,Positive,
291,1,True,Staff,Positive,
291,1,True,Location,Positive,
291,2,True,Staff,Positive,
291,2,True,Location,Positive,
291,2,True,Staff,Positive,
291,2,True,Location,Positive,
291,3,True,Staff,Positive,
291,3,True,Location,Positive,
291,3,True,Staff,Positive,
291,3,True,Location,Positive,
292,1,True,Location,Positive,
292,1,True,Location,Positive,
292,2,True,Location,Positive,
292,2,True,Location,Positive,
292,3,True,Location,Positive,
292,3,True,Location,Positive,
293,1,True,Staff,Negative,
293,1,True,Staff,Negative,
293,2,True,Staff,Negative,
293,2,True,Staff,Negative,
293,3,True,Staff,Negative,
293,3,True,Staff,Negative,
294,1,False,Room,Negative,
294,1,False,Staff,null,
294,1,False,Location,null,
294,1,False,Price,Negative,
294,1,False,Room,Negative,
294,1,False,Staff,null,
294,1,False,Location,null,
294,1,False,Price,Negative,
294,2,False,Room,Negative,
294,2,False,Staff,null,
294,2,False,Location,null,
294,2,False,Price,Negative,
294,2,False,Room,Negative,
294,2,False,Staff,null,
294,2,False,Location,null,
294,2,False,Price,Negative,
294,3,False,Room,Negative,
294,3,False,Staff,null,
294,3,False,Location,null,
294,3,False,Price,Negative,
294,3,False,Room,Negative,
294,3,False,Staff,null,
294,3,False,Location,null,
294,3,False,Price,Negative,
295,1,True,Room,Positive,
295,1,True,Staff,Positive,
295,1,True,Location,Positive,
295,1,True,Food,Positive,
295,1,True,Room,Positive,
295,1,True,Staff,Positive,
295,1,True,Location,Positive,
295,1,True,Food,Positive,
295,2,True,Room,Positive,
295,2,True,Staff,Positive,
295,2,True,Location,Positive,
295,2,True,Food,Positive,
295,2,True,Room,Positive,
295,2,True,Staff,Positive,
295,2,True,Location,Positive,
295,2,True,Food,Positive,
295,3,True,Room,Positive,
295,3,True,Staff,Positive,
295,3,True,Location,Positive,
295,3,True,Food,Positive,
295,3,True,Room,Positive,
295,3,True,Staff,Positive,
295,3,True,Location,Positive,
295,3,True,Food,Positive,
296,1,False,Off,null,
296,1,False,Off,null,
296,2,False,Off,null,
296,2,False,Off,null,
296,3,False,Off,null,
296,3,False,Off,null,
297,1,False,Room,Positive,
297,1,False,Staff,Negative,
297,1,False,Location,null,
297,1,False,Room,Positive,
297,1,False,Staff,Negative,
297,1,False,Location,null,
297,2,False,Room,Positive,
297,2,False,Staff,Negative,
297,2,False,Location,null,
297,2,False,Room,Positive,
297,2,False,Staff,Negative,
297,2,False,Location,null,
297,3,False,Room,Positive,
297,3,False,Staff,Negative,
297,3,False,Location,null,
297,3,False,Room,Positive,
297,3,False,Staff,Negative,
297,3,False,Location,null,
298,1,True,Location,Positive,
298,1,True,Staff,Positive,
298,1,True,Room,Positive,
298,1,True,Location,Positive,
298,1,True,Staff,Positive,
298,1,True,Room,Positive,
298,2,True,Location,Positive,
298,2,True,Staff,Positive,
298,2,True,Room,Positive,
298,2,True,Location,Positive,
298,2,True,Staff,Positive,
298,2,True,Room,Positive,
298,3,True,Location,Positive,
298,3,True,Staff,Positive,
298,3,True,Room,Positive,
298,3,True,Location,Positive,
298,3,True,Staff,Positive,
298,3,True,Room,Positive,
299,1,True,Room,Positive,
299,1,True,Staff,Positive,
299,1,True,Location,Positive,
299,1,True,Room,Positive,
299,1,True,Staff,Positive,
299,1,True,Location,Positive,
299,2,True,Room,Positive,
299,2,True,Staff,Positive,
299,2,True,Location,Positive,
299,2,True,Room,Positive,
299,2,True,Staff,Positive,
299,2,True,Location,Positive,
299,3,True,Room,Positive,
299,3,True,Staff,Positive,
299,3,True,Location,Positive,
299,3,True,Room,Positive,
299,3,True,Staff,Positive,
299,3,True,Location,Positive,
300,1,True,Room,Positive,
300,1,True,Staff,Positive,
300,1,True,Location,Positive,
300,1,True,Food,Positive,
300,1,True,Room,Positive,
300,1,True,Staff,Positive,
300,1,True,Location,Positive,
300,1,True,Food,Positive,
300,2,True,Room,Positive,
300,2,True,Staff,Positive,
300,2,True,Location,Positive,
300,2,True,Food,Positive,
300,2,True,Room,Positive,
300,2,True,Staff,Positive,
300,2,True,Location,Positive,
300,2,True,Food,Positive,
300,3,True,Room,Positive,
300,3,True,Staff,Positive,
300,3,True,Location,Positive,
300,3,True,Food,Positive,
300,3,True,Room,Positive,
300,3,True,Staff,Positive,
300,3,True,Location,Positive,
300,3,True,Food,Positive,
301,1,True,Staff,Positive,
301,1,True,Staff,Positive,
301,2,True,Staff,Positive,
301,2,True,Staff,Positive,
301,3,True,Staff,Positive,
301,3,True,Staff,Positive,
302,1,True,Staff,Negative,
302,1,True,Staff,Negative,
302,2,True,Staff,Negative,
302,2,True,Staff,Negative,
302,3,True,Staff,Negative,
302,3,True,Staff,Negative,
303,1,True,Staff,Positive,
303,1,True,Staff,Positive,
303,2,True,Staff,Positive,
303,2,True,Staff,Positive,
303,3,True,Staff,Positive,
303,3,True,Staff,Positive,
304,1,True,Room,Positive,
304,1,True,Staff,Positive,
304,1,True,Location,Positive,
304,1,True,Room,Positive,
304,1,True,Staff,Positive,
304,1,True,Location,Positive,
304,2,True,Room,Positive,
304,2,True,Staff,Positive,
304,2,True,Location,Positive,
304,2,True,Room,Positive,
304,2,True,Staff,Positive,
304,2,True,Location,Positive,
304,3,True,Room,Positive,
304,3,True,Staff,Positive,
304,3,True,Location,Positive,
304,3,True,Room,Positive,
304,3,True,Staff,Positive,
304,3,True,Location,Positive,
305,1,True,Staff,Positive,
305,1,True,Staff,Positive,
305,2,True,Staff,Positive,
305,2,True,Staff,Positive,
305,3,True,Staff,Positive,
305,3,True,Staff,Positive,
306,1,True,Staff,Positive,
306,1,True,Staff,Positive,
306,2,True,Staff,Positive,
306,2,True,Staff,Positive,
306,3,True,Staff,Positive,
306,3,True,Staff,Positive,
307,1,False,Room,Positive,
307,1,False,Staff,Negative,
307,1,False,Location,null,
307,1,False,Price,Negative,
307,1,True,Staff,Positive,
307,1,True,Location,Positive,
307,1,True,Price,Negative,
307,2,True,Staff,Positive,
307,2,True,Location,Positive,
307,2,True,Price,Negative,
307,2,True,Staff,Positive,
307,2,True,Location,Positive,
307,2,True,Price,Negative,
307,3,True,Staff,Positive,
307,3,True,Location,Positive,
307,3,True,Price,Negative,
307,3,True,Staff,Positive,
307,3,True,Location,Positive,
307,3,True,Price,Negative,
308,1,True,Staff,Positive,
308,1,True,Staff,Positive,
308,2,True,Staff,Positive,
308,2,True,Staff,Positive,
308,3,True,Staff,Positive,
308,3,True,Staff,Positive,
309,1,True,Staff,Positive,
309,1,True,Staff,Positive,
309,2,True,Staff,Positive,
309,2,True,Staff,Positive,
309,3,True,Staff,Positive,
309,3,True,Staff,Positive,
310,1,True,Staff,Positive,
310,1,True,Location,Positive,
310,1,True,Food,Negative,
310,1,True,Check-in,Positive,
310,1,True,Check-out,Positive,
310,1,True,Staff,Positive,
310,1,True,Location,Positive,
310,1,True,Check-in,Positive,
310,1,True,Check-out,Positive,
310,2,True,Staff,Positive,
310,2,True,Location,Positive,
310,2,True,Check-in,Positive,
310,2,True,Check-out,Positive,
310,2,True,Staff,Positive,
310,2,True,Location,Positive,
310,2,True,Check-in,Positive,
310,2,True,Check-out,Positive,
310,3,True,Staff,Positive,
310,3,True,Location,Positive,
310,3,True,Check-in,Positive,
310,3,True,Check-out,Positive,
310,3,True,Staff,Positive,
310,3,True,Location,Positive,
310,3,True,Check-in,Positive,
310,3,True,Check-out,Positive,
311,1,True,Staff,Positive,
311,1,True,Staff,Positive,
311,2,True,Staff,Positive,
311,2,True,Staff,Positive,
311,3,True,Staff,Positive,
311,3,True,Staff,Positive,
312,1,True,Staff,Positive,
312,1,True,Location,Positive,
312,1,True,Food,Positive,
312,1,True,Staff,Positive,
312,1,True,Location,Positive,
312,1,True,Food,Negative,
312,2,True,Staff,Positive,
312,2,True,Location,Positive,
312,2,True,Food,Negative,
312,2,True,Staff,Positive,
312,2,True,Location,Positive,
312,2,True,Food,Negative,
312,3,True,Staff,Positive,
312,3,True,Location,Positive,
312,3,True,Food,Negative,
312,3,True,Staff,Positive,
312,3,True,Location,Positive,
312,3,True,Food,Negative,
313,1,True,Staff,Positive,
313,1,True,Location,Positive,
313,1,True,Price,Negative,
313,1,True,Staff,Positive,
313,1,True,Location,Positive,
313,1,True,Price,Negative,
313,2,True,Staff,Positive,
313,2,True,Location,Positive,
313,2,True,Price,Negative,
313,2,True,Staff,Positive,
313,2,True,Location,Positive,
313,2,True,Price,Negative,
313,3,True,Staff,Positive,
313,3,True,Location,Positive,
313,3,True,Price,Negative,
313,3,True,Staff,Positive,
313,3,True,Location,Positive,
313,3,True,Price,Negative,
314,1,True,Room,Negative,
314,1,True,Staff,Positive,
314,1,True,Location,Positive,
314,1,True,Check-in,Positive,
314,1,True,Check-out,Positive,
314,1,True,Room,Negative,
314,1,True,Staff,Positive,
314,1,True,Location,Positive,
314,1,True,Check-in,Positive,
314,1,True,Check-out,Positive,
314,2,True,Room,Negative,
314,2,True,Staff,Positive,
314,2,True,Location,Positive,
314,2,True,Check-in,Positive,
314,2,True,Check-out,Positive,
314,2,True,Room,Negative,
314,2,True,Staff,Positive,
314,2,True,Location,Positive,
314,2,True,Check-in,Positive,
314,2,True,Check-out,Positive,
314,3,True,Room,Negative,
314,3,True,Staff,Positive,
314,3,True,Location,Positive,
314,3,True,Check-in,Positive,
314,3,True,Check-out,Positive,
314,3,True,Room,Negative,
314,3,True,Staff,Positive,
314,3,True,Location,Positive,
314,3,True,Check-in,Positive,
314,3,True,Check-out,Positive,
315,1,True,Room,Negative,
315,1,True,Staff,Positive,
315,1,True,Room,Negative,
315,1,True,Staff,Positive,
315,2,True,Room,Negative,
315,2,True,Staff,Positive,
315,2,True,Room,Negative,
315,2,True,Staff,Positive,
315,3,True,Room,Negative,
315,3,True,Staff,Positive,
315,3,True,Room,Negative,
315,3,True,Staff,Positive,
316,1,True,Staff,Positive,
316,1,True,Location,Positive,
316,1,True,Staff,Positive,
316,1,True,Location,Positive,
316,2,True,Staff,Positive,
316,2,True,Location,Positive,
316,2,True,Staff,Positive,
316,2,True,Location,Positive,
316,3,True,Staff,Positive,
316,3,True,Location,Positive,
316,3,True,Staff,Positive,
316,3,True,Location,Positive,
317,1,True,Off,Positive,
317,1,True,Off,Positive,
317,2,True,Off,Positive,
317,2,True,Off,Positive,
317,3,True,Off,Positive,
317,3,True,Off,Positive,
318,1,True,Staff,Positive,
318,1,True,Location,Positive,
318,1,True,Room,Negative,
318,1,True,Staff,Positive,
318,1,True,Location,Positive,
318,2,True,Staff,Positive,
318,2,True,Location,Positive,
318,2,True,Staff,Positive,
318,2,True,Location,Positive,
318,3,True,Staff,Positive,
318,3,True,Location,Positive,
318,3,True,Staff,Positive,
318,3,True,Location,Positive,
319,1,True,Room,Positive,
319,1,True,Staff,Positive,
319,1,True,Room,Positive,
319,1,True,Staff,Positive,
319,2,True,Room,Positive,
319,2,True,Staff,Positive,
319,2,True,Room,Positive,
319,2,True,Staff,Positive,
319,3,True,Room,Positive,
319,3,True,Staff,Positive,
319,3,True,Room,Positive,
319,3,True,Staff,Positive,
320,1,True,Location,Negative,
320,1,True,Room,Negative,
320,1,True,Location,Negative,
320,1,True,Room,Negative,
320,2,True,Location,Negative,
320,2,True,Room,Negative,
320,2,True,Location,Negative,
320,2,True,Room,Negative,
320,3,True,Location,Negative,
320,3,True,Room,Negative,
320,3,True,Location,Negative,
320,3,True,Room,Negative,
321,1,True,Staff,Positive,
321,1,True,Staff,Negative,
321,2,True,Staff,Negative,
321,2,True,Staff,Negative,
321,3,True,Staff,Negative,
321,3,True,Staff,Negative,
322,1,False,Room,Positive,
322,1,False,Staff,null,
322,1,False,Location,Positive,
322,1,False,Food,Negative,
322,1,False,Price,Negative,
322,1,False,Facility,null,
322,1,False,Check-in,Positive,
322,1,False,Check-out,Positive,
322,1,False,Off,null,
322,1,False,Booking-issue,null,
322,1,False,Taxi-issue,null,
322,1,False,Room,Positive,
322,1,False,Staff,null,
322,1,False,Location,Positive,
322,1,False,Food,Negative,
322,1,False,Price,Negative,
322,1,False,Facility,null,
322,1,False,Check-in,Positive,
322,1,False,Check-out,Positive,
322,1,False,Off,null,
322,1,False,Booking-issue,null,
322,1,False,Taxi-issue,null,
322,2,False,Room,Positive,
322,2,False,Staff,null,
322,2,False,Location,Positive,
322,2,False,Food,Negative,
322,2,False,Price,Negative,
322,2,False,Facility,null,
322,2,False,Check-in,Positive,
322,2,False,Check-out,Positive,
322,2,False,Off,null,
322,2,False,Booking-issue,null,
322,2,False,Taxi-issue,null,
322,2,False,Room,Positive,
322,2,False,Staff,null,
322,2,False,Location,Positive,
322,2,False,Food,Negative,
322,2,False,Price,Negative,
322,2,False,Facility,null,
322,2,False,Check-in,Positive,
322,2,False,Check-out,Positive,
322,2,False,Off,null,
322,2,False,Booking-issue,null,
322,2,False,Taxi-issue,null,
322,3,False,Room,Positive,
322,3,False,Staff,null,
322,3,False,Location,Positive,
322,3,False,Food,Negative,
322,3,False,Price,Negative,
322,3,False,Facility,null,
322,3,False,Check-in,Positive,
322,3,False,Check-out,Positive,
322,3,False,Off,null,
322,3,False,Booking-issue,null,
322,3,False,Taxi-issue,null,
322,3,False,Room,Positive,
322,3,False,Staff,null,
322,3,False,Location,Positive,
322,3,False,Food,Negative,
322,3,False,Price,Negative,
322,3,False,Facility,null,
322,3,False,Check-in,Positive,
322,3,False,Check-out,Positive,
322,3,False,Off,null,
322,3,False,Booking-issue,null,
322,3,False,Taxi-issue,null,
323,1,True,Room,Positive,
323,1,True,Staff,Positive,
323,1,True,Location,Negative,
323,1,True,Price,Negative,
323,1,True,Room,Positive,
323,1,True,Staff,Positive,
323,1,True,Location,Negative,
323,1,True,Price,Negative,
323,2,True,Room,Positive,
323,2,True,Staff,Positive,
323,2,True,Location,Negative,
323,2,True,Price,Negative,
323,2,True,Room,Positive,
323,2,True,Staff,Positive,
323,2,True,Location,Negative,
323,2,True,Price,Negative,
323,3,True,Room,Positive,
323,3,True,Staff,Positive,
323,3,True,Location,Negative,
323,3,True,Price,Negative,
323,3,True,Room,Positive,
323,3,True,Staff,Positive,
323,3,True,Location,Negative,
323,3,True,Price,Negative,
324,1,True,Room,Negative,
324,1,True,Staff,Positive,
324,1,True,Location,Positive,
324,1,True,Room,Negative,
324,1,True,Staff,Positive,
324,1,True,Location,Positive,
324,2,True,Room,Negative,
324,2,True,Staff,Positive,
324,2,True,Location,Positive,
324,2,True,Room,Negative,
324,2,True,Staff,Positive,
324,2,True,Location,Positive,
324,3,True,Room,Negative,
324,3,True,Staff,Positive,
324,3,True,Location,Positive,
324,3,True,Room,Negative,
324,3,True,Staff,Positive,
324,3,True,Location,Positive,
325,1,True,Room,Positive,
325,1,True,Staff,Positive,
325,1,True,Location,Positive,
325,1,True,Room,Positive,
325,1,True,Staff,Positive,
325,1,True,Location,Positive,
325,2,True,Room,Positive,
325,2,True,Staff,Positive,
325,2,True,Location,Positive,
325,2,True,Room,Positive,
325,2,True,Staff,Positive,
325,2,True,Location,Positive,
325,3,True,Room,Positive,
325,3,True,Staff,Positive,
325,3,True,Location,Positive,
325,3,True,Room,Positive,
325,3,True,Staff,Positive,
325,3,True,Location,Positive,
326,1,False,(parse failed),,json_parse_error: Unterminated string starting at: line 1 column 198 (char 197)
326,1,False,Room,Positive,
326,1,False,Staff,null,
326,1,False,Location,null,
326,1,False,Price,Negative,
326,1,False,Facility,null,
326,1,False,Check-in,null,
326,1,False,Check-out,null,
326,1,False,Off,null,
326,1,False,Booking-issue,null,
326,1,False,Taxi-issue,null,
326,2,False,Room,Positive,
326,2,False,Staff,null,
326,2,False,Location,null,
326,2,False,Price,Negative,
326,2,False,Facility,null,
326,2,False,Check-in,null,
326,2,False,Check-out,null,
326,2,False,Off,null,
326,2,False,Booking-issue,null,
326,2,False,Taxi-issue,null,
326,2,False,Room,Positive,
326,2,False,Staff,null,
326,2,False,Location,null,
326,2,False,Price,Negative,
326,2,False,Facility,null,
326,2,False,Check-in,null,
326,2,False,Check-out,null,
326,2,False,Off,null,
326,2,False,Booking-issue,null,
326,2,False,Taxi-issue,null,
326,3,False,Room,Positive,
326,3,False,Staff,null,
326,3,False,Location,null,
326,3,False,Price,Negative,
326,3,False,Facility,null,
326,3,False,Check-in,null,
326,3,False,Check-out,null,
326,3,False,Off,null,
326,3,False,Booking-issue,null,
326,3,False,Taxi-issue,null,
326,3,False,Room,Positive,
326,3,False,Staff,null,
326,3,False,Location,null,
326,3,False,Price,Negative,
326,3,False,Facility,null,
326,3,False,Check-in,null,
326,3,False,Check-out,null,
326,3,False,Off,null,
326,3,False,Booking-issue,null,
326,3,False,Taxi-issue,null,
327,1,True,Staff,Positive,
327,1,True,Location,Positive,
327,1,True,Staff,Positive,
327,1,True,Location,Positive,
327,2,True,Staff,Positive,
327,2,True,Location,Positive,
327,2,True,Staff,Positive,
327,2,True,Location,Positive,
327,3,True,Staff,Positive,
327,3,True,Location,Positive,
327,3,True,Staff,Positive,
327,3,True,Location,Positive,
328,1,True,Room,Negative,
328,1,True,Location,Positive,
328,1,False,Room,Negative,
328,1,False,Staff,null,
328,1,False,Location,Positive,
328,2,False,Room,Negative,
328,2,False,Staff,null,
328,2,False,Location,Positive,
328,2,False,Room,Negative,
328,2,False,Staff,null,
328,2,False,Location,Positive,
328,3,False,Room,Negative,
328,3,False,Staff,null,
328,3,False,Location,Positive,
328,3,False,Room,Negative,
328,3,False,Staff,null,
328,3,False,Location,Positive,
329,1,False,Room,null,
329,1,False,Staff,Negative,
329,1,False,Location,null,
329,1,False,Price,Negative,
329,1,False,Room,null,
329,1,False,Staff,Negative,
329,1,False,Location,null,
329,1,False,Price,Negative,
329,2,False,Room,null,
329,2,False,Staff,Negative,
329,2,False,Location,null,
329,2,False,Price,Negative,
329,2,False,Room,null,
329,2,False,Staff,Negative,
329,2,False,Location,null,
329,2,False,Price,Negative,
329,3,False,Room,null,
329,3,False,Staff,Negative,
329,3,False,Location,null,
329,3,False,Price,Negative,
329,3,False,Room,null,
329,3,False,Staff,Negative,
329,3,False,Location,null,
329,3,False,Price,Negative,
330,1,True,Staff,Positive,
330,1,True,Food,Negative,
330,1,True,Staff,Positive,
330,1,True,Food,Negative,
330,2,True,Staff,Positive,
330,2,True,Food,Negative,
330,2,True,Staff,Positive,
330,2,True,Food,Negative,
330,3,True,Staff,Positive,
330,3,True,Food,Negative,
330,3,True,Staff,Positive,
330,3,True,Food,Negative,
331,1,False,Room,Negative,
331,1,False,Staff,Positive,
331,1,False,Location,null,
331,1,False,Room,Negative,
331,1,False,Staff,Positive,
331,1,False,Location,null,
331,2,False,Room,Negative,
331,2,False,Staff,Positive,
331,2,False,Location,null,
331,2,False,Room,Negative,
331,2,False,Staff,Positive,
331,2,False,Location,null,
331,3,False,Room,Negative,
331,3,False,Staff,Positive,
331,3,False,Location,null,
331,3,False,Room,Negative,
331,3,False,Staff,Positive,
331,3,False,Location,null,
332,1,True,Staff,Positive,
332,1,True,Location,Positive,
332,1,True,Room,Positive,
332,1,True,Food,Negative,
332,1,True,Price,Negative,
332,1,True,Staff,Positive,
332,1,True,Location,Positive,
332,1,True,Room,Positive,
332,1,True,Food,Negative,
332,1,True,Price,Negative,
332,2,True,Staff,Positive,
332,2,True,Location,Positive,
332,2,True,Room,Positive,
332,2,True,Food,Negative,
332,2,True,Price,Negative,
332,2,True,Staff,Positive,
332,2,True,Location,Positive,
332,2,True,Room,Positive,
332,2,True,Food,Negative,
332,2,True,Price,Negative,
332,3,True,Staff,Positive,
332,3,True,Location,Positive,
332,3,True,Room,Positive,
332,3,True,Food,Negative,
332,3,True,Price,Negative,
332,3,True,Staff,Positive,
332,3,True,Location,Positive,
332,3,True,Room,Positive,
332,3,True,Food,Negative,
332,3,True,Price,Negative,
333,1,False,Room,Negative,
333,1,False,Staff,null,
333,1,False,Location,null,
333,1,False,Food,Positive,
333,1,False,Price,Negative,
333,1,False,Facility,null,
333,1,False,Check-in,null,
333,1,False,Check-out,null,
333,1,False,Off,null,
333,1,False,Booking-issue,null,
333,1,False,Taxi-issue,null,
333,1,False,Room,Negative,
333,1,False,Staff,null,
333,1,False,Location,null,
333,1,False,Food,Positive,
333,1,False,Price,Negative,
333,1,False,Facility,null,
333,1,False,Check-in,null,
333,1,False,Check-out,null,
333,1,False,Off,null,
333,1,False,Booking-issue,null,
333,1,False,Taxi-issue,null,
333,2,False,Room,Negative,
333,2,False,Staff,null,
333,2,False,Location,null,
333,2,False,Food,Positive,
333,2,False,Price,Negative,
333,2,False,Facility,null,
333,2,False,Check-in,null,
333,2,False,Check-out,null,
333,2,False,Off,null,
333,2,False,Booking-issue,null,
333,2,False,Taxi-issue,null,
333,2,False,Room,Negative,
333,2,False,Staff,null,
333,2,False,Location,null,
333,2,False,Food,Positive,
333,2,False,Price,Negative,
333,2,False,Facility,null,
333,2,False,Check-in,null,
333,2,False,Check-out,null,
333,2,False,Off,null,
333,2,False,Booking-issue,null,
333,2,False,Taxi-issue,null,
333,3,False,Room,Negative,
333,3,False,Staff,null,
333,3,False,Location,null,
333,3,False,Food,Positive,
333,3,False,Price,Negative,
333,3,False,Facility,null,
333,3,False,Check-in,null,
333,3,False,Check-out,null,
333,3,False,Off,null,
333,3,False,Booking-issue,null,
333,3,False,Taxi-issue,null,
333,3,False,Room,Negative,
333,3,False,Staff,null,
333,3,False,Location,null,
333,3,False,Food,Positive,
333,3,False,Price,Negative,
333,3,False,Facility,null,
333,3,False,Check-in,null,
333,3,False,Check-out,null,
333,3,False,Off,null,
333,3,False,Booking-issue,null,
333,3,False,Taxi-issue,null,
334,1,True,Staff,Positive,
334,1,True,Location,Positive,
334,1,True,Price,Negative,
334,1,True,Staff,Positive,
334,1,True,Location,Positive,
334,1,True,Price,Negative,
334,2,True,Staff,Positive,
334,2,True,Location,Positive,
334,2,True,Price,Negative,
334,2,True,Staff,Positive,
334,2,True,Location,Positive,
334,2,True,Price,Negative,
334,3,True,Staff,Positive,
334,3,True,Location,Positive,
334,3,True,Price,Negative,
334,3,True,Staff,Positive,
334,3,True,Location,Positive,
334,3,True,Price,Negative,
335,1,False,Room,Positive,
335,1,False,Staff,Positive,
335,1,False,Location,null,
335,1,False,Room,Positive,
335,1,False,Staff,Positive,
335,1,False,Location,null,
335,2,False,Room,Positive,
335,2,False,Staff,Positive,
335,2,False,Location,null,
335,2,False,Room,Positive,
335,2,False,Staff,Positive,
335,2,False,Location,null,
335,3,False,Room,Positive,
335,3,False,Staff,Positive,
335,3,False,Location,null,
335,3,False,Room,Positive,
335,3,False,Staff,Positive,
335,3,False,Location,null,
336,1,False,Room,Positive,
336,1,False,Staff,Positive,
336,1,False,Location,null,
336,1,False,Food,Positive,
336,1,False,Price,Negative,
336,1,False,Facility,null,
336,1,False,Check-in,null,
336,1,False,Check-out,null,
336,1,False,Off,null,
336,1,False,Booking-issue,null,
336,1,False,Taxi-issue,null,
336,1,False,Room,Positive,
336,1,False,Staff,Positive,
336,1,False,Location,null,
336,1,False,Food,Positive,
336,1,False,Price,Negative,
336,1,False,Facility,null,
336,1,False,Check-in,null,
336,1,False,Check-out,null,
336,1,False,Off,null,
336,1,False,Booking-issue,null,
336,1,False,Taxi-issue,null,
336,2,False,Room,Positive,
336,2,False,Staff,Positive,
336,2,False,Location,null,
336,2,False,Food,Positive,
336,2,False,Price,Negative,
336,2,False,Facility,null,
336,2,False,Check-in,null,
336,2,False,Check-out,null,
336,2,False,Off,null,
336,2,False,Booking-issue,null,
336,2,False,Taxi-issue,null,
336,2,False,Room,Positive,
336,2,False,Staff,Positive,
336,2,False,Location,null,
336,2,False,Food,Positive,
336,2,False,Price,Negative,
336,2,False,Facility,null,
336,2,False,Check-in,null,
336,2,False,Check-out,null,
336,2,False,Off,null,
336,2,False,Booking-issue,null,
336,2,False,Taxi-issue,null,
336,3,False,Room,Positive,
336,3,False,Staff,Positive,
336,3,False,Location,null,
336,3,False,Food,Positive,
336,3,False,Price,Negative,
336,3,False,Facility,null,
336,3,False,Check-in,null,
336,3,False,Check-out,null,
336,3,False,Off,null,
336,3,False,Booking-issue,null,
336,3,False,Taxi-issue,null,
336,3,False,Room,Positive,
336,3,False,Staff,Positive,
336,3,False,Location,null,
336,3,False,Food,Positive,
336,3,False,Price,Negative,
336,3,False,Facility,null,
336,3,False,Check-in,null,
336,3,False,Check-out,null,
336,3,False,Off,null,
336,3,False,Booking-issue,null,
336,3,False,Taxi-issue,null,
337,1,True,Staff,Negative,
337,1,True,Staff,Negative,
337,2,True,Staff,Negative,
337,2,True,Staff,Negative,
337,3,True,Staff,Negative,
337,3,True,Staff,Negative,
338,1,True,Room,Positive,
338,1,True,Staff,Positive,
338,1,True,Location,Positive,
338,1,True,Room,Positive,
338,1,True,Staff,Positive,
338,1,True,Location,Positive,
338,2,True,Room,Positive,
338,2,True,Staff,Positive,
338,2,True,Location,Positive,
338,2,True,Room,Positive,
338,2,True,Staff,Positive,
338,2,True,Location,Positive,
338,3,True,Room,Positive,
338,3,True,Staff,Positive,
338,3,True,Location,Positive,
338,3,True,Room,Positive,
338,3,True,Staff,Positive,
338,3,True,Location,Positive,
339,1,True,Room,Positive,
339,1,True,Staff,Positive,
339,1,True,Food,Positive,
339,1,True,Room,Positive,
339,1,True,Staff,Positive,
339,1,True,Food,Positive,
339,2,True,Room,Positive,
339,2,True,Staff,Positive,
339,2,True,Food,Positive,
339,2,True,Room,Positive,
339,2,True,Staff,Positive,
339,2,True,Food,Positive,
339,3,True,Room,Positive,
339,3,True,Staff,Positive,
339,3,True,Food,Positive,
339,3,True,Room,Positive,
339,3,True,Staff,Positive,
339,3,True,Food,Positive,
340,1,True,Room,Positive,
340,1,True,Location,Negative,
340,1,True,Price,Negative,
340,1,True,Room,Positive,
340,1,True,Location,Negative,
340,1,True,Price,Negative,
340,2,True,Room,Positive,
340,2,True,Location,Negative,
340,2,True,Price,Negative,
340,2,True,Room,Positive,
340,2,True,Location,Negative,
340,2,True,Price,Negative,
340,3,True,Room,Positive,
340,3,True,Location,Negative,
340,3,True,Price,Negative,
340,3,True,Room,Positive,
340,3,True,Location,Negative,
340,3,True,Price,Negative,
341,1,True,Staff,Positive,
341,1,True,Location,Positive,
341,1,True,Staff,Positive,
341,1,True,Location,Positive,
341,2,True,Staff,Positive,
341,2,True,Location,Positive,
341,2,True,Staff,Positive,
341,2,True,Location,Positive,
341,3,True,Staff,Positive,
341,3,True,Location,Positive,
341,3,True,Staff,Positive,
341,3,True,Location,Positive,
342,1,True,Staff,Positive,
342,1,True,Staff,Positive,
342,2,True,Staff,Positive,
342,2,True,Staff,Positive,
342,3,True,Staff,Positive,
342,3,True,Staff,Positive,
343,1,True,Staff,Positive,
343,1,True,Staff,Positive,
343,2,True,Staff,Positive,
343,2,True,Staff,Positive,
343,3,True,Staff,Positive,
343,3,True,Staff,Positive,
344,1,True,Staff,Positive,
344,1,True,Location,Positive,
344,1,True,Staff,Positive,
344,1,True,Location,Positive,
344,2,True,Staff,Positive,
344,2,True,Location,Positive,
344,2,True,Staff,Positive,
344,2,True,Location,Positive,
344,3,True,Staff,Positive,
344,3,True,Location,Positive,
344,3,True,Staff,Positive,
344,3,True,Location,Positive,
345,1,True,Staff,Negative,
345,1,True,Staff,Negative,
345,2,True,Staff,Negative,
345,2,True,Staff,Negative,
345,3,True,Staff,Negative,
345,3,True,Staff,Negative,
346,1,True,Staff,Positive,
346,1,True,Taxi-issue,Negative,
346,1,True,Staff,Positive,
346,1,True,Taxi-issue,Negative,
346,2,True,Staff,Positive,
346,2,True,Taxi-issue,Negative,
346,2,True,Staff,Positive,
346,2,True,Taxi-issue,Negative,
346,3,True,Staff,Positive,
346,3,True,Taxi-issue,Negative,
346,3,True,Staff,Positive,
346,3,True,Taxi-issue,Negative,
347,1,True,Room,Positive,
347,1,True,Staff,Positive,
347,1,True,Location,Positive,
347,1,True,Room,Positive,
347,1,True,Staff,Positive,
347,1,True,Location,Positive,
347,2,True,Room,Positive,
347,2,True,Staff,Positive,
347,2,True,Location,Positive,
347,2,True,Room,Positive,
347,2,True,Staff,Positive,
347,2,True,Location,Positive,
347,3,True,Room,Positive,
347,3,True,Staff,Positive,
347,3,True,Location,Positive,
347,3,True,Room,Positive,
347,3,True,Staff,Positive,
347,3,True,Location,Positive,
348,1,False,Staff,Positive,
348,1,False,Location,Negative,
348,1,False,Food,Positive,
348,1,False,Price,Negative,
348,1,False,Staff,Positive,
348,1,False,Location,Negative,
348,1,False,Food,Positive,
348,1,False,Price,Negative,
348,2,False,Staff,Positive,
348,2,False,Location,Negative,
348,2,False,Food,Positive,
348,2,False,Price,Negative,
348,2,False,Staff,Positive,
348,2,False,Location,Negative,
348,2,False,Food,Positive,
348,2,False,Price,Negative,
348,3,False,Staff,Positive,
348,3,False,Location,Negative,
348,3,False,Food,Positive,
348,3,False,Price,Negative,
348,3,False,Staff,Positive,
348,3,False,Location,Negative,
348,3,False,Food,Positive,
348,3,False,Price,Negative,
349,1,True,Room,Positive,
349,1,True,Staff,Positive,
349,1,True,Location,Negative,
349,1,True,Room,Positive,
349,1,True,Staff,Positive,
349,1,True,Location,Negative,
349,2,True,Room,Positive,
349,2,True,Staff,Positive,
349,2,True,Location,Negative,
349,2,True,Room,Positive,
349,2,True,Staff,Positive,
349,2,True,Location,Negative,
349,3,True,Room,Positive,
349,3,True,Staff,Positive,
349,3,True,Location,Negative,
349,3,True,Room,Positive,
349,3,True,Staff,Positive,
349,3,True,Location,Negative,
350,1,True,Room,Positive,
350,1,True,Staff,Positive,
350,1,True,Location,Positive,
350,1,True,Room,Positive,
350,1,True,Staff,Positive,
350,1,True,Location,Positive,
350,2,True,Room,Positive,
350,2,True,Staff,Positive,
350,2,True,Location,Positive,
350,2,True,Room,Positive,
350,2,True,Staff,Positive,
350,2,True,Location,Positive,
350,3,True,Room,Positive,
350,3,True,Staff,Positive,
350,3,True,Location,Positive,
350,3,True,Room,Positive,
350,3,True,Staff,Positive,
350,3,True,Location,Positive,
351,1,True,Room,Positive,
351,1,True,Location,Positive,
351,1,True,Room,Positive,
351,1,True,Location,Positive,
351,2,True,Room,Positive,
351,2,True,Location,Positive,
351,2,True,Room,Positive,
351,2,True,Location,Positive,
351,3,True,Room,Positive,
351,3,True,Location,Positive,
351,3,True,Room,Positive,
351,3,True,Location,Positive,
352,1,False,Room,Negative,
352,1,False,Staff,null,
352,1,False,Location,null,
352,1,False,Room,Negative,
352,1,False,Staff,null,
352,1,False,Location,null,
352,2,False,Room,Negative,
352,2,False,Staff,null,
352,2,False,Location,null,
352,2,False,Room,Negative,
352,2,False,Staff,null,
352,2,False,Location,null,
352,3,False,Room,Negative,
352,3,False,Staff,null,
352,3,False,Location,null,
352,3,False,Room,Negative,
352,3,False,Staff,null,
352,3,False,Location,null,
353,1,True,Room,Positive,
353,1,True,Staff,Positive,
353,1,True,Location,Positive,
353,1,True,Room,Positive,
353,1,True,Staff,Positive,
353,1,True,Location,Positive,
353,2,True,Room,Positive,
353,2,True,Staff,Positive,
353,2,True,Location,Positive,
353,2,True,Room,Positive,
353,2,True,Staff,Positive,
353,2,True,Location,Positive,
353,3,True,Room,Positive,
353,3,True,Staff,Positive,
353,3,True,Location,Positive,
353,3,True,Room,Positive,
353,3,True,Staff,Positive,
353,3,True,Location,Positive,
354,1,True,Staff,Positive,
354,1,True,Staff,Positive,
354,2,True,Staff,Positive,
354,2,True,Staff,Positive,
354,3,True,Staff,Positive,
354,3,True,Staff,Positive,
355,1,True,Staff,Positive,
355,1,True,Location,Positive,
355,1,True,Food,Positive,
355,1,True,Staff,Positive,
355,1,True,Location,Positive,
355,1,True,Food,Positive,
355,2,True,Staff,Positive,
355,2,True,Location,Positive,
355,2,True,Food,Positive,
355,2,True,Staff,Positive,
355,2,True,Location,Positive,
355,2,True,Food,Positive,
355,3,True,Staff,Positive,
355,3,True,Location,Positive,
355,3,True,Food,Positive,
355,3,True,Staff,Positive,
355,3,True,Location,Positive,
355,3,True,Food,Positive,
356,1,True,Staff,Positive,
356,1,True,Staff,Positive,
356,2,True,Staff,Positive,
356,2,True,Staff,Positive,
356,3,True,Staff,Positive,
356,3,True,Staff,Positive,
357,1,True,Staff,Positive,
357,1,True,Staff,Negative,
357,2,True,Staff,Negative,
357,2,True,Staff,Negative,
357,3,True,Staff,Negative,
357,3,True,Staff,Negative,
358,1,True,Location,Positive,
358,1,True,Location,Positive,
358,2,True,Location,Positive,
358,2,True,Location,Positive,
358,3,True,Location,Positive,
358,3,True,Location,Positive,
359,1,True,Staff,Negative,
359,1,True,Location,Positive,
359,1,True,Staff,Negative,
359,1,True,Location,Positive,
359,2,True,Staff,Negative,
359,2,True,Location,Positive,
359,2,True,Staff,Negative,
359,2,True,Location,Positive,
359,3,True,Staff,Negative,
359,3,True,Location,Positive,
359,3,True,Staff,Negative,
359,3,True,Location,Positive,
360,1,False,Room,null,
360,1,False,Staff,Negative,
360,1,False,Location,null,
360,1,False,Food,null,
360,1,False,Price,null,
360,1,False,Facility,null,
360,1,False,Check-in,null,
360,1,False,Check-out,null,
360,1,False,Off,null,
360,1,False,Booking-issue,null,
360,1,False,Taxi-issue,null,
360,1,False,Room,null,
360,1,False,Staff,Negative,
360,1,False,Location,null,
360,1,False,Food,null,
360,1,False,Price,null,
360,1,False,Facility,null,
360,1,False,Check-in,null,
360,1,False,Check-out,null,
360,1,False,Off,null,
360,1,False,Booking-issue,null,
360,1,False,Taxi-issue,null,
360,2,False,Room,null,
360,2,False,Staff,Negative,
360,2,False,Location,null,
360,2,False,Food,null,
360,2,False,Price,null,
360,2,False,Facility,null,
360,2,False,Check-in,null,
360,2,False,Check-out,null,
360,2,False,Off,null,
360,2,False,Booking-issue,null,
360,2,False,Taxi-issue,null,
360,2,False,Room,null,
360,2,False,Staff,Negative,
360,2,False,Location,null,
360,2,False,Food,null,
360,2,False,Price,null,
360,2,False,Facility,null,
360,2,False,Check-in,null,
360,2,False,Check-out,null,
360,2,False,Off,null,
360,2,False,Booking-issue,null,
360,2,False,Taxi-issue,null,
360,3,False,Room,null,
360,3,False,Staff,Negative,
360,3,False,Location,null,
360,3,False,Food,null,
360,3,False,Price,null,
360,3,False,Facility,null,
360,3,False,Check-in,null,
360,3,False,Check-out,null,
360,3,False,Off,null,
360,3,False,Booking-issue,null,
360,3,False,Taxi-issue,null,
360,3,False,Room,null,
360,3,False,Staff,Negative,
360,3,False,Location,null,
360,3,False,Food,null,
360,3,False,Price,null,
360,3,False,Facility,null,
360,3,False,Check-in,null,
360,3,False,Check-out,null,
360,3,False,Off,null,
360,3,False,Booking-issue,null,
360,3,False,Taxi-issue,null,
361,1,True,Location,Positive,
361,1,False,(no sentiments found),,'Room' is a required property
361,2,False,(no sentiments found),,'Room' is a required property
361,2,False,(no sentiments found),,'Room' is a required property
361,3,False,(no sentiments found),,'Room' is a required property
361,3,False,(no sentiments found),,'Room' is a required property
362,1,False,Room,Positive,
362,1,False,Staff,Positive,
362,1,False,Location,null,
362,1,False,Food,Positive,
362,1,False,Price,null,
362,1,False,Facility,null,
362,1,False,Check-in,null,
362,1,False,Check-out,null,
362,1,False,Off,null,
362,1,False,Booking-issue,null,
362,1,False,Taxi-issue,null,
362,1,False,Room,Positive,
362,1,False,Staff,Positive,
362,1,False,Location,null,
362,1,False,Food,Positive,
362,1,False,Price,null,
362,1,False,Facility,null,
362,1,False,Check-in,null,
362,1,False,Check-out,null,
362,1,False,Off,null,
362,1,False,Booking-issue,null,
362,1,False,Taxi-issue,null,
362,2,False,Room,Positive,
362,2,False,Staff,Positive,
362,2,False,Location,null,
362,2,False,Food,Positive,
362,2,False,Price,null,
362,2,False,Facility,null,
362,2,False,Check-in,null,
362,2,False,Check-out,null,
362,2,False,Off,null,
362,2,False,Booking-issue,null,
362,2,False,Taxi-issue,null,
362,2,False,Room,Positive,
362,2,False,Staff,Positive,
362,2,False,Location,null,
362,2,False,Food,Positive,
362,2,False,Price,null,
362,2,False,Facility,null,
362,2,False,Check-in,null,
362,2,False,Check-out,null,
362,2,False,Off,null,
362,2,False,Booking-issue,null,
362,2,False,Taxi-issue,null,
362,3,False,Room,Positive,
362,3,False,Staff,Positive,
362,3,False,Location,null,
362,3,False,Food,Positive,
362,3,False,Price,null,
362,3,False,Facility,null,
362,3,False,Check-in,null,
362,3,False,Check-out,null,
362,3,False,Off,null,
362,3,False,Booking-issue,null,
362,3,False,Taxi-issue,null,
362,3,False,Room,Positive,
362,3,False,Staff,Positive,
362,3,False,Location,null,
362,3,False,Food,Positive,
362,3,False,Price,null,
362,3,False,Facility,null,
362,3,False,Check-in,null,
362,3,False,Check-out,null,
362,3,False,Off,null,
362,3,False,Booking-issue,null,
362,3,False,Taxi-issue,null,
363,1,True,Staff,Positive,
363,1,True,Staff,Positive,
363,2,True,Staff,Positive,
363,2,True,Staff,Positive,
363,3,True,Staff,Positive,
363,3,True,Staff,Positive,
364,1,True,Staff,Positive,
364,1,True,Location,Positive,
364,1,True,Staff,Positive,
364,1,True,Location,Positive,
364,2,True,Staff,Positive,
364,2,True,Location,Positive,
364,2,True,Staff,Positive,
364,2,True,Location,Positive,
364,3,True,Staff,Positive,
364,3,True,Location,Positive,
364,3,True,Staff,Positive,
364,3,True,Location,Positive,
365,1,True,Room,Positive,
365,1,True,Staff,Negative,
365,1,True,Location,Positive,
365,1,True,Check-in,Positive,
365,1,True,Check-out,Positive,
365,1,True,Room,Positive,
365,1,True,Staff,Negative,
365,1,True,Location,Positive,
365,1,True,Check-in,Positive,
365,1,True,Check-out,Positive,
365,2,True,Room,Positive,
365,2,True,Staff,Negative,
365,2,True,Location,Positive,
365,2,True,Check-in,Positive,
365,2,True,Check-out,Positive,
365,2,True,Room,Positive,
365,2,True,Staff,Negative,
365,2,True,Location,Positive,
365,2,True,Check-in,Positive,
365,2,True,Check-out,Positive,
365,3,True,Room,Positive,
365,3,True,Staff,Negative,
365,3,True,Location,Positive,
365,3,True,Check-in,Positive,
365,3,True,Check-out,Positive,
365,3,True,Room,Positive,
365,3,True,Staff,Negative,
365,3,True,Location,Positive,
365,3,True,Check-in,Positive,
365,3,True,Check-out,Positive,
366,1,True,Staff,Positive,
366,1,True,Food,Positive,
366,1,True,Staff,Positive,
366,1,True,Location,Positive,
366,1,True,Food,Positive,
366,1,True,Price,Negative,
366,2,True,Staff,Positive,
366,2,True,Location,Positive,
366,2,True,Food,Positive,
366,2,True,Price,Negative,
366,2,True,Staff,Positive,
366,2,True,Location,Positive,
366,2,True,Food,Positive,
366,2,True,Price,Negative,
366,3,True,Staff,Positive,
366,3,True,Location,Positive,
366,3,True,Food,Positive,
366,3,True,Price,Negative,
366,3,True,Staff,Positive,
366,3,True,Location,Positive,
366,3,True,Food,Positive,
366,3,True,Price,Negative,
367,1,False,Room,Positive,
367,1,False,Staff,Positive,
367,1,False,Location,null,
367,1,False,Room,Positive,
367,1,False,Staff,Positive,
367,1,False,Location,null,
367,2,False,Room,Positive,
367,2,False,Staff,Positive,
367,2,False,Location,null,
367,2,False,Room,Positive,
367,2,False,Staff,Positive,
367,2,False,Location,null,
367,3,False,Room,Positive,
367,3,False,Staff,Positive,
367,3,False,Location,null,
367,3,False,Room,Positive,
367,3,False,Staff,Positive,
367,3,False,Location,null,
368,1,True,Location,Positive,
368,1,True,Location,Positive,
368,2,True,Location,Positive,
368,2,True,Location,Positive,
368,3,True,Location,Positive,
368,3,True,Location,Positive,
369,1,False,Location,Positive,
369,1,False,Staff,Positive,
369,1,False,Food,Negative,
369,1,False,Location,Positive,
369,1,False,Staff,Positive,
369,1,False,Food,Negative,
369,2,False,Location,Positive,
369,2,False,Staff,Positive,
369,2,False,Food,Negative,
369,2,False,Location,Positive,
369,2,False,Staff,Positive,
369,2,False,Food,Negative,
369,3,False,Location,Positive,
369,3,False,Staff,Positive,
369,3,False,Food,Negative,
369,3,False,Location,Positive,
369,3,False,Staff,Positive,
369,3,False,Food,Negative,
370,1,False,Room,Positive,
370,1,False,Staff,null,
370,1,False,Location,Positive,
370,1,False,Room,Positive,
370,1,False,Staff,null,
370,1,False,Location,Positive,
370,2,False,Room,Positive,
370,2,False,Staff,null,
370,2,False,Location,Positive,
370,2,False,Room,Positive,
370,2,False,Staff,null,
370,2,False,Location,Positive,
370,3,False,Room,Positive,
370,3,False,Staff,null,
370,3,False,Location,Positive,
370,3,False,Room,Positive,
370,3,False,Staff,null,
370,3,False,Location,Positive,
371,1,True,Staff,Positive,
371,1,True,Staff,Positive,
371,2,True,Staff,Positive,
371,2,True,Staff,Positive,
371,3,True,Staff,Positive,
371,3,True,Staff,Positive,
372,1,True,Room,Positive,
372,1,True,Location,Positive,
372,1,True,Price,Negative,
372,1,True,Room,Positive,
372,1,True,Location,Positive,
372,1,True,Price,Negative,
372,2,True,Room,Positive,
372,2,True,Location,Positive,
372,2,True,Price,Negative,
372,2,True,Room,Positive,
372,2,True,Location,Positive,
372,2,True,Price,Negative,
372,3,True,Room,Positive,
372,3,True,Location,Positive,
372,3,True,Price,Negative,
372,3,True,Room,Positive,
372,3,True,Location,Positive,
372,3,True,Price,Negative,
373,1,True,Staff,Positive,
373,1,True,Location,Positive,
373,1,True,Food,Negative,
373,1,True,Staff,Positive,
373,1,True,Location,Positive,
373,1,True,Food,Negative,
373,2,True,Staff,Positive,
373,2,True,Location,Positive,
373,2,True,Food,Negative,
373,2,True,Staff,Positive,
373,2,True,Location,Positive,
373,2,True,Food,Negative,
373,3,True,Staff,Positive,
373,3,True,Location,Positive,
373,3,True,Food,Negative,
373,3,True,Staff,Positive,
373,3,True,Location,Positive,
373,3,True,Food,Negative,
374,1,False,Room,Negative,
374,1,False,Staff,null,
374,1,False,Location,Positive,
374,1,False,Room,Negative,
374,1,False,Staff,null,
374,1,False,Location,Positive,
374,2,False,Room,Negative,
374,2,False,Staff,null,
374,2,False,Location,Positive,
374,2,False,Room,Negative,
374,2,False,Staff,null,
374,2,False,Location,Positive,
374,3,False,Room,Negative,
374,3,False,Staff,null,
374,3,False,Location,Positive,
374,3,False,Room,Negative,
374,3,False,Staff,null,
374,3,False,Location,Positive,
375,1,True,Location,Positive,
375,1,True,Food,Negative,
375,1,True,Location,Positive,
375,1,True,Food,Negative,
375,2,True,Location,Positive,
375,2,True,Food,Negative,
375,2,True,Location,Positive,
375,2,True,Food,Negative,
375,3,True,Location,Positive,
375,3,True,Food,Negative,
375,3,True,Location,Positive,
375,3,True,Food,Negative,
376,1,True,Room,Positive,
376,1,True,Staff,Positive,
376,1,True,Location,Positive,
376,1,True,Food,Negative,
376,1,True,Room,Positive,
376,1,True,Staff,Positive,
376,1,True,Location,Positive,
376,1,True,Food,Negative,
376,2,True,Room,Positive,
376,2,True,Staff,Positive,
376,2,True,Location,Positive,
376,2,True,Food,Negative,
376,2,True,Room,Positive,
376,2,True,Staff,Positive,
376,2,True,Location,Positive,
376,2,True,Food,Negative,
376,3,True,Room,Positive,
376,3,True,Staff,Positive,
376,3,True,Location,Positive,
376,3,True,Food,Negative,
376,3,True,Room,Positive,
376,3,True,Staff,Positive,
376,3,True,Location,Positive,
376,3,True,Food,Negative,
377,1,True,Room,Positive,
377,1,True,Staff,Positive,
377,1,True,Location,Positive,
377,1,True,Food,Positive,
377,1,True,Room,Positive,
377,1,True,Staff,Positive,
377,1,True,Location,Positive,
377,1,True,Food,Positive,
377,2,True,Room,Positive,
377,2,True,Staff,Positive,
377,2,True,Location,Positive,
377,2,True,Food,Positive,
377,2,True,Room,Positive,
377,2,True,Staff,Positive,
377,2,True,Location,Positive,
377,2,True,Food,Positive,
377,3,True,Room,Positive,
377,3,True,Staff,Positive,
377,3,True,Location,Positive,
377,3,True,Food,Positive,
377,3,True,Room,Positive,
377,3,True,Staff,Positive,
377,3,True,Location,Positive,
377,3,True,Food,Positive,
378,1,True,Room,Positive,
378,1,True,Staff,Positive,
378,1,True,Food,Negative,
378,1,True,Room,Positive,
378,1,True,Staff,Positive,
378,1,True,Food,Negative,
378,2,True,Room,Positive,
378,2,True,Staff,Positive,
378,2,True,Food,Negative,
378,2,True,Room,Positive,
378,2,True,Staff,Positive,
378,2,True,Food,Negative,
378,3,True,Room,Positive,
378,3,True,Staff,Positive,
378,3,True,Food,Negative,
378,3,True,Room,Positive,
378,3,True,Staff,Positive,
378,3,True,Food,Negative,
379,1,True,Room,Positive,
379,1,True,Staff,Positive,
379,1,True,Room,Positive,
379,1,True,Staff,Positive,
379,2,True,Room,Positive,
379,2,True,Staff,Positive,
379,2,True,Room,Positive,
379,2,True,Staff,Positive,
379,3,True,Room,Positive,
379,3,True,Staff,Positive,
379,3,True,Room,Positive,
379,3,True,Staff,Positive,
380,1,True,Room,Positive,
380,1,True,Staff,Positive,
380,1,True,Location,Positive,
380,1,True,Food,Negative,
380,1,True,Room,Positive,
380,1,True,Staff,Positive,
380,1,True,Location,Positive,
380,1,True,Food,Negative,
380,2,True,Room,Positive,
380,2,True,Staff,Positive,
380,2,True,Location,Positive,
380,2,True,Food,Negative,
380,2,True,Room,Positive,
380,2,True,Staff,Positive,
380,2,True,Location,Positive,
380,2,True,Food,Negative,
380,3,True,Room,Positive,
380,3,True,Staff,Positive,
380,3,True,Location,Positive,
380,3,True,Food,Negative,
380,3,True,Room,Positive,
380,3,True,Staff,Positive,
380,3,True,Location,Positive,
380,3,True,Food,Negative,
381,1,True,Room,Positive,
381,1,True,Staff,Positive,
381,1,True,Location,Positive,
381,1,True,Room,Positive,
381,1,True,Staff,Positive,
381,1,True,Location,Positive,
381,2,True,Room,Positive,
381,2,True,Staff,Positive,
381,2,True,Location,Positive,
381,2,True,Room,Positive,
381,2,True,Staff,Positive,
381,2,True,Location,Positive,
381,3,True,Room,Positive,
381,3,True,Staff,Positive,
381,3,True,Location,Positive,
381,3,True,Room,Positive,
381,3,True,Staff,Positive,
381,3,True,Location,Positive,
382,1,True,Room,Positive,
382,1,True,Staff,Positive,
382,1,True,Location,Positive,
382,1,True,Room,Positive,
382,1,True,Staff,Positive,
382,1,True,Location,Positive,
382,2,True,Room,Positive,
382,2,True,Staff,Positive,
382,2,True,Location,Positive,
382,2,True,Room,Positive,
382,2,True,Staff,Positive,
382,2,True,Location,Positive,
382,3,True,Room,Positive,
382,3,True,Staff,Positive,
382,3,True,Location,Positive,
382,3,True,Room,Positive,
382,3,True,Staff,Positive,
382,3,True,Location,Positive,
383,1,True,Staff,Positive,
383,1,True,Food,Positive,
383,1,True,Facility,Positive,
383,1,True,Staff,Positive,
383,1,True,Food,Positive,
383,1,True,Facility,Positive,
383,2,True,Staff,Positive,
383,2,True,Food,Positive,
383,2,True,Facility,Positive,
383,2,True,Staff,Positive,
383,2,True,Food,Positive,
383,2,True,Facility,Positive,
383,3,True,Staff,Positive,
383,3,True,Food,Positive,
383,3,True,Facility,Positive,
383,3,True,Staff,Positive,
383,3,True,Food,Positive,
383,3,True,Facility,Positive,
384,1,False,Room,Positive,
384,1,False,Staff,Positive,
384,1,False,Location,null,
384,1,False,Room,Positive,
384,1,False,Staff,Positive,
384,1,False,Location,null,
384,2,False,Room,Positive,
384,2,False,Staff,Positive,
384,2,False,Location,null,
384,2,False,Room,Positive,
384,2,False,Staff,Positive,
384,2,False,Location,null,
384,3,False,Room,Positive,
384,3,False,Staff,Positive,
384,3,False,Location,null,
384,3,False,Room,Positive,
384,3,False,Staff,Positive,
384,3,False,Location,null,
385,1,True,Staff,Positive,
385,1,True,Staff,Positive,
385,2,True,Staff,Positive,
385,2,True,Staff,Positive,
385,3,True,Staff,Positive,
385,3,True,Staff,Positive,
386,1,False,Room,Positive,
386,1,False,Staff,Positive,
386,1,False,Location,null,
386,1,False,Room,Positive,
386,1,False,Staff,Positive,
386,1,False,Location,null,
386,2,False,Room,Positive,
386,2,False,Staff,Positive,
386,2,False,Location,null,
386,2,False,Room,Positive,
386,2,False,Staff,Positive,
386,2,False,Location,null,
386,3,False,Room,Positive,
386,3,False,Staff,Positive,
386,3,False,Location,null,
386,3,False,Room,Positive,
386,3,False,Staff,Positive,
386,3,False,Location,null,
387,1,True,Room,Negative,
387,1,True,Staff,Negative,
387,1,True,Room,Negative,
387,1,True,Staff,Negative,
387,2,True,Room,Negative,
387,2,True,Staff,Negative,
387,2,True,Room,Negative,
387,2,True,Staff,Negative,
387,3,True,Room,Negative,
387,3,True,Staff,Negative,
387,3,True,Room,Negative,
387,3,True,Staff,Negative,
388,1,True,Staff,Positive,
388,1,True,Location,Positive,
388,1,True,Staff,Positive,
388,1,True,Location,Positive,
388,2,True,Staff,Positive,
388,2,True,Location,Positive,
388,2,True,Staff,Positive,
388,2,True,Location,Positive,
388,3,True,Staff,Positive,
388,3,True,Location,Positive,
388,3,True,Staff,Positive,
388,3,True,Location,Positive,
389,1,True,Staff,Positive,
389,1,True,Location,Positive,
389,1,True,Staff,Positive,
389,1,True,Location,Positive,
389,2,True,Staff,Positive,
389,2,True,Location,Positive,
389,2,True,Staff,Positive,
389,2,True,Location,Positive,
389,3,True,Staff,Positive,
389,3,True,Location,Positive,
389,3,True,Staff,Positive,
389,3,True,Location,Positive,
390,1,True,Staff,Positive,
390,1,True,Staff,Positive,
390,2,True,Staff,Positive,
390,2,True,Staff,Positive,
390,3,True,Staff,Positive,
390,3,True,Staff,Positive,
391,1,False,Room,Negative,
391,1,False,Staff,null,
391,1,False,Location,Positive,
391,1,False,Room,Negative,
391,1,False,Staff,null,
391,1,False,Location,Positive,
391,2,False,Room,Negative,
391,2,False,Staff,null,
391,2,False,Location,Positive,
391,2,False,Room,Negative,
391,2,False,Staff,null,
391,2,False,Location,Positive,
391,3,False,Room,Negative,
391,3,False,Staff,null,
391,3,False,Location,Positive,
391,3,False,Room,Negative,
391,3,False,Staff,null,
391,3,False,Location,Positive,
392,1,True,Room,Positive,
392,1,True,Staff,Positive,
392,1,True,Location,Positive,
392,1,True,Room,Positive,
392,1,True,Staff,Positive,
392,1,True,Location,Positive,
392,2,True,Room,Positive,
392,2,True,Staff,Positive,
392,2,True,Location,Positive,
392,2,True,Room,Positive,
392,2,True,Staff,Positive,
392,2,True,Location,Positive,
392,3,True,Room,Positive,
392,3,True,Staff,Positive,
392,3,True,Location,Positive,
392,3,True,Room,Positive,
392,3,True,Staff,Positive,
392,3,True,Location,Positive,
393,1,False,Room,Positive,
393,1,False,Staff,Positive,
393,1,False,Location,null,
393,1,False,Food,Negative,
393,1,False,Price,Negative,
393,1,False,Facility,null,
393,1,False,Check-in,null,
393,1,False,Check-out,null,
393,1,False,Off,null,
393,1,False,Booking-issue,null,
393,1,False,Taxi-issue,null,
393,1,False,Room,Positive,
393,1,False,Staff,Positive,
393,1,False,Location,null,
393,1,False,Food,Negative,
393,1,False,Price,Negative,
393,1,False,Facility,null,
393,1,False,Check-in,null,
393,1,False,Check-out,null,
393,1,False,Off,null,
393,1,False,Booking-issue,null,
393,1,False,Taxi-issue,null,
393,2,False,Room,Positive,
393,2,False,Staff,Positive,
393,2,False,Location,null,
393,2,False,Food,Negative,
393,2,False,Price,Negative,
393,2,False,Facility,null,
393,2,False,Check-in,null,
393,2,False,Check-out,null,
393,2,False,Off,null,
393,2,False,Booking-issue,null,
393,2,False,Taxi-issue,null,
393,2,False,Room,Positive,
393,2,False,Staff,Positive,
393,2,False,Location,null,
393,2,False,Food,Negative,
393,2,False,Price,Negative,
393,2,False,Facility,null,
393,2,False,Check-in,null,
393,2,False,Check-out,null,
393,2,False,Off,null,
393,2,False,Booking-issue,null,
393,2,False,Taxi-issue,null,
393,3,False,Room,Positive,
393,3,False,Staff,Positive,
393,3,False,Location,null,
393,3,False,Food,Negative,
393,3,False,Price,Negative,
393,3,False,Facility,null,
393,3,False,Check-in,null,
393,3,False,Check-out,null,
393,3,False,Off,null,
393,3,False,Booking-issue,null,
393,3,False,Taxi-issue,null,
393,3,False,Room,Positive,
393,3,False,Staff,Positive,
393,3,False,Location,null,
393,3,False,Food,Negative,
393,3,False,Price,Negative,
393,3,False,Facility,null,
393,3,False,Check-in,null,
393,3,False,Check-out,null,
393,3,False,Off,null,
393,3,False,Booking-issue,null,
393,3,False,Taxi-issue,null,
394,1,True,Room,Positive,
394,1,True,Staff,Positive,
394,1,True,Location,Positive,
394,1,True,Check-in,Positive,
394,1,True,Room,Positive,
394,1,True,Staff,Positive,
394,1,True,Location,Positive,
394,1,True,Check-in,Positive,
394,2,True,Room,Positive,
394,2,True,Staff,Positive,
394,2,True,Location,Positive,
394,2,True,Check-in,Positive,
394,2,True,Room,Positive,
394,2,True,Staff,Positive,
394,2,True,Location,Positive,
394,2,True,Check-in,Positive,
394,3,True,Room,Positive,
394,3,True,Staff,Positive,
394,3,True,Location,Positive,
394,3,True,Check-in,Positive,
394,3,True,Room,Positive,
394,3,True,Staff,Positive,
394,3,True,Location,Positive,
394,3,True,Check-in,Positive,
395,1,False,Room,null,
395,1,False,Staff,Negative,
395,1,False,Location,null,
395,1,False,Food,null,
395,1,False,Price,Negative,
395,1,False,Facility,null,
395,1,False,Check-in,null,
395,1,False,Check-out,null,
395,1,False,Off,null,
395,1,False,Booking-issue,null,
395,1,False,Taxi-issue,null,
395,1,True,Staff,Negative,
395,2,True,Staff,Negative,
395,2,True,Staff,Negative,
395,3,True,Staff,Negative,
395,3,True,Staff,Negative,
396,1,True,Room,Positive,
396,1,True,Staff,Positive,
396,1,True,Price,Negative,
396,1,True,Room,Positive,
396,1,True,Staff,Positive,
396,1,True,Price,Negative,
396,2,True,Room,Positive,
396,2,True,Staff,Positive,
396,2,True,Price,Negative,
396,2,True,Room,Positive,
396,2,True,Staff,Positive,
396,2,True,Price,Negative,
396,3,True,Room,Positive,
396,3,True,Staff,Positive,
396,3,True,Price,Negative,
396,3,True,Room,Positive,
396,3,True,Staff,Positive,
396,3,True,Price,Negative,
397,1,False,Room,null,
397,1,False,Staff,Positive,
397,1,False,Location,null,
397,1,False,Food,null,
397,1,False,Price,Negative,
397,1,False,Facility,null,
397,1,False,Check-in,null,
397,1,False,Check-out,null,
397,1,False,Off,null,
397,1,False,Booking-issue,null,
397,1,False,Taxi-issue,null,
397,1,True,Staff,Positive,
397,2,True,Staff,Positive,
397,2,True,Staff,Positive,
397,3,True,Staff,Positive,
397,3,True,Staff,Positive,
398,1,False,Room,Negative,
398,1,False,Staff,null,
398,1,False,Location,Positive,
398,1,True,Room,Negative,
398,1,True,Staff,Positive,
398,1,True,Location,Positive,
398,2,True,Room,Negative,
398,2,True,Staff,Positive,
398,2,True,Location,Positive,
398,2,True,Room,Negative,
398,2,True,Staff,Positive,
398,2,True,Location,Positive,
398,3,True,Room,Negative,
398,3,True,Staff,Positive,
398,3,True,Location,Positive,
398,3,True,Room,Negative,
398,3,True,Staff,Positive,
398,3,True,Location,Positive,
399,1,True,Room,Positive,
399,1,True,Staff,Positive,
399,1,True,Room,Positive,
399,1,True,Staff,Positive,
399,2,True,Room,Positive,
399,2,True,Staff,Positive,
399,2,True,Room,Positive,
399,2,True,Staff,Positive,
399,3,True,Room,Positive,
399,3,True,Staff,Positive,
399,3,True,Room,Positive,
399,3,True,Staff,Positive,
400,1,True,Staff,Positive,
400,1,True,Staff,Positive,
400,1,True,Location,Positive,
400,2,True,Staff,Positive,
400,2,True,Location,Positive,
400,2,True,Staff,Positive,
400,2,True,Location,Positive,
400,3,True,Staff,Positive,
400,3,True,Location,Positive,
400,3,True,Staff,Positive,
400,3,True,Location,Positive,
401,1,True,Room,Positive,
401,1,True,Staff,Positive,
401,1,True,Room,Positive,
401,1,True,Staff,Positive,
401,2,True,Room,Positive,
401,2,True,Staff,Positive,
401,2,True,Room,Positive,
401,2,True,Staff,Positive,
401,3,True,Room,Positive,
401,3,True,Staff,Positive,
401,3,True,Room,Positive,
401,3,True,Staff,Positive,
402,1,True,Room,Positive,
402,1,True,Staff,Positive,
402,1,True,Location,Positive,
402,1,True,Room,Positive,
402,1,True,Staff,Positive,
402,1,True,Location,Positive,
402,2,True,Room,Positive,
402,2,True,Staff,Positive,
402,2,True,Location,Positive,
402,2,True,Room,Positive,
402,2,True,Staff,Positive,
402,2,True,Location,Positive,
402,3,True,Room,Positive,
402,3,True,Staff,Positive,
402,3,True,Location,Positive,
402,3,True,Room,Positive,
402,3,True,Staff,Positive,
402,3,True,Location,Positive,
403,1,True,Staff,Positive,
403,1,True,Food,Negative,
403,1,True,Staff,Positive,
403,1,True,Food,Negative,
403,2,True,Staff,Positive,
403,2,True,Food,Negative,
403,2,True,Staff,Positive,
403,2,True,Food,Negative,
403,3,True,Staff,Positive,
403,3,True,Food,Negative,
403,3,True,Staff,Positive,
403,3,True,Food,Negative,
404,1,False,Room,Negative,
404,1,False,Staff,null,
404,1,False,Location,null,
404,1,False,Price,Negative,
404,1,False,Room,Negative,
404,1,False,Staff,null,
404,1,False,Location,null,
404,1,False,Price,Negative,
404,2,False,Room,Negative,
404,2,False,Staff,null,
404,2,False,Location,null,
404,2,False,Price,Negative,
404,2,False,Room,Negative,
404,2,False,Staff,null,
404,2,False,Location,null,
404,2,False,Price,Negative,
404,3,False,Room,Negative,
404,3,False,Staff,null,
404,3,False,Location,null,
404,3,False,Price,Negative,
404,3,False,Room,Negative,
404,3,False,Staff,null,
404,3,False,Location,null,
404,3,False,Price,Negative,
405,1,True,Room,Positive,
405,1,True,Staff,Positive,
405,1,True,Room,Positive,
405,1,True,Staff,Positive,
405,2,True,Room,Positive,
405,2,True,Staff,Positive,
405,2,True,Room,Positive,
405,2,True,Staff,Positive,
405,3,True,Room,Positive,
405,3,True,Staff,Positive,
405,3,True,Room,Positive,
405,3,True,Staff,Positive,
406,1,True,Staff,Positive,
406,1,True,Location,Negative,
406,1,True,Staff,Positive,
406,1,True,Location,Negative,
406,2,True,Staff,Positive,
406,2,True,Location,Negative,
406,2,True,Staff,Positive,
406,2,True,Location,Negative,
406,3,True,Staff,Positive,
406,3,True,Location,Negative,
406,3,True,Staff,Positive,
406,3,True,Location,Negative,
407,1,True,Room,Positive,
407,1,True,Staff,Negative,
407,1,True,Location,Positive,
407,1,True,Food,Positive,
407,1,True,Room,Positive,
407,1,True,Staff,Negative,
407,1,True,Location,Positive,
407,1,True,Food,Positive,
407,2,True,Room,Positive,
407,2,True,Staff,Negative,
407,2,True,Location,Positive,
407,2,True,Food,Positive,
407,2,True,Room,Positive,
407,2,True,Staff,Negative,
407,2,True,Location,Positive,
407,2,True,Food,Positive,
407,3,True,Room,Positive,
407,3,True,Staff,Negative,
407,3,True,Location,Positive,
407,3,True,Food,Positive,
407,3,True,Room,Positive,
407,3,True,Staff,Negative,
407,3,True,Location,Positive,
407,3,True,Food,Positive,
408,1,True,Staff,Positive,
408,1,True,Staff,Positive,
408,2,True,Staff,Positive,
408,2,True,Staff,Positive,
408,3,True,Staff,Positive,
408,3,True,Staff,Positive,
409,1,False,Room,Positive,
409,1,False,Staff,Positive,
409,1,False,Location,null,
409,1,False,Food,Negative,
409,1,False,Price,null,
409,1,False,Facility,null,
409,1,False,Check-in,null,
409,1,False,Check-out,null,
409,1,False,Off,null,
409,1,False,Booking-issue,null,
409,1,False,Taxi-issue,null,
409,1,True,Room,Positive,
409,1,True,Staff,Positive,
409,1,True,Food,Negative,
409,2,True,Room,Positive,
409,2,True,Staff,Positive,
409,2,True,Food,Negative,
409,2,True,Room,Positive,
409,2,True,Staff,Positive,
409,2,True,Food,Negative,
409,3,True,Room,Positive,
409,3,True,Staff,Positive,
409,3,True,Food,Negative,
409,3,True,Room,Positive,
409,3,True,Staff,Positive,
409,3,True,Food,Negative,
410,1,True,Room,Positive,
410,1,True,Staff,Positive,
410,1,True,Location,Positive,
410,1,True,Room,Positive,
410,1,True,Staff,Positive,
410,1,True,Location,Positive,
410,2,True,Room,Positive,
410,2,True,Staff,Positive,
410,2,True,Location,Positive,
410,2,True,Room,Positive,
410,2,True,Staff,Positive,
410,2,True,Location,Positive,
410,3,True,Room,Positive,
410,3,True,Staff,Positive,
410,3,True,Location,Positive,
410,3,True,Room,Positive,
410,3,True,Staff,Positive,
410,3,True,Location,Positive,
411,1,True,Staff,Negative,
411,1,True,Staff,Negative,
411,2,True,Staff,Negative,
411,2,True,Staff,Negative,
411,3,True,Staff,Negative,
411,3,True,Staff,Negative,
412,1,True,Room,Negative,
412,1,True,Price,Negative,
412,1,True,Room,Negative,
412,1,True,Price,Negative,
412,2,True,Room,Negative,
412,2,True,Price,Negative,
412,2,True,Room,Negative,
412,2,True,Price,Negative,
412,3,True,Room,Negative,
412,3,True,Price,Negative,
412,3,True,Room,Negative,
412,3,True,Price,Negative,
413,1,False,Room,Negative,
413,1,False,Staff,Negative,
413,1,False,Location,null,
413,1,False,Price,Negative,
413,1,False,Room,Negative,
413,1,False,Staff,Negative,
413,1,False,Location,null,
413,1,False,Price,Negative,
413,2,False,Room,Negative,
413,2,False,Staff,Negative,
413,2,False,Location,null,
413,2,False,Price,Negative,
413,2,False,Room,Negative,
413,2,False,Staff,Negative,
413,2,False,Location,null,
413,2,False,Price,Negative,
413,3,False,Room,Negative,
413,3,False,Staff,Negative,
413,3,False,Location,null,
413,3,False,Price,Negative,
413,3,False,Room,Negative,
413,3,False,Staff,Negative,
413,3,False,Location,null,
413,3,False,Price,Negative,
414,1,True,Room,Positive,
414,1,True,Staff,Positive,
414,1,True,Price,Negative,
414,1,True,Room,Positive,
414,1,True,Staff,Positive,
414,1,True,Price,Negative,
414,2,True,Room,Positive,
414,2,True,Staff,Positive,
414,2,True,Price,Negative,
414,2,True,Room,Positive,
414,2,True,Staff,Positive,
414,2,True,Price,Negative,
414,3,True,Room,Positive,
414,3,True,Staff,Positive,
414,3,True,Price,Negative,
414,3,True,Room,Positive,
414,3,True,Staff,Positive,
414,3,True,Price,Negative,
415,1,True,Room,Positive,
415,1,True,Staff,Positive,
415,1,True,Location,Positive,
415,1,True,Food,Negative,
415,1,True,Room,Positive,
415,1,True,Staff,Positive,
415,1,True,Location,Positive,
415,1,True,Food,Negative,
415,2,True,Room,Positive,
415,2,True,Staff,Positive,
415,2,True,Location,Positive,
415,2,True,Food,Negative,
415,2,True,Room,Positive,
415,2,True,Staff,Positive,
415,2,True,Location,Positive,
415,2,True,Food,Negative,
415,3,True,Room,Positive,
415,3,True,Staff,Positive,
415,3,True,Location,Positive,
415,3,True,Food,Negative,
415,3,True,Room,Positive,
415,3,True,Staff,Positive,
415,3,True,Location,Positive,
415,3,True,Food,Negative,
416,1,True,Staff,Positive,
416,1,True,Staff,Positive,
416,2,True,Staff,Positive,
416,2,True,Staff,Positive,
416,3,True,Staff,Positive,
416,3,True,Staff,Positive,
417,1,True,Room,Positive,
417,1,True,Staff,Positive,
417,1,True,Location,Positive,
417,1,True,Food,Negative,
417,1,True,Price,Negative,
417,1,True,Taxi-issue,Negative,
417,1,True,Room,Positive,
417,1,True,Staff,Positive,
417,1,True,Location,Positive,
417,1,True,Food,Negative,
417,1,True,Price,Negative,
417,1,True,Taxi-issue,Negative,
417,2,True,Room,Positive,
417,2,True,Staff,Positive,
417,2,True,Location,Positive,
417,2,True,Food,Negative,
417,2,True,Price,Negative,
417,2,True,Taxi-issue,Negative,
417,2,True,Room,Positive,
417,2,True,Staff,Positive,
417,2,True,Location,Positive,
417,2,True,Food,Negative,
417,2,True,Price,Negative,
417,2,True,Taxi-issue,Negative,
417,3,True,Room,Positive,
417,3,True,Staff,Positive,
417,3,True,Location,Positive,
417,3,True,Food,Negative,
417,3,True,Price,Negative,
417,3,True,Taxi-issue,Negative,
417,3,True,Room,Positive,
417,3,True,Staff,Positive,
417,3,True,Location,Positive,
417,3,True,Food,Negative,
417,3,True,Price,Negative,
417,3,True,Taxi-issue,Negative,
418,1,True,Staff,Positive,
418,1,True,Food,Positive,
418,1,True,Staff,Positive,
418,1,True,Food,Positive,
418,2,True,Staff,Positive,
418,2,True,Food,Positive,
418,2,True,Staff,Positive,
418,2,True,Food,Positive,
418,3,True,Staff,Positive,
418,3,True,Food,Positive,
418,3,True,Staff,Positive,
418,3,True,Food,Positive,
419,1,True,Room,Positive,
419,1,True,Staff,Positive,
419,1,True,Location,Positive,
419,1,True,Room,Positive,
419,1,True,Staff,Positive,
419,1,True,Location,Positive,
419,2,True,Room,Positive,
419,2,True,Staff,Positive,
419,2,True,Location,Positive,
419,2,True,Room,Positive,
419,2,True,Staff,Positive,
419,2,True,Location,Positive,
419,3,True,Room,Positive,
419,3,True,Staff,Positive,
419,3,True,Location,Positive,
419,3,True,Room,Positive,
419,3,True,Staff,Positive,
419,3,True,Location,Positive,
420,1,True,Location,Negative,
420,1,True,Location,Negative,
420,2,True,Location,Negative,
420,2,True,Location,Negative,
420,3,True,Location,Negative,
420,3,True,Location,Negative,
421,1,True,Staff,Positive,
421,1,True,Location,Positive,
421,1,True,Staff,Positive,
421,1,True,Location,Positive,
421,2,True,Staff,Positive,
421,2,True,Location,Positive,
421,2,True,Staff,Positive,
421,2,True,Location,Positive,
421,3,True,Staff,Positive,
421,3,True,Location,Positive,
421,3,True,Staff,Positive,
421,3,True,Location,Positive,
422,1,True,Room,Positive,
422,1,True,Staff,Positive,
422,1,True,Location,Positive,
422,1,True,Food,Negative,
422,1,True,Room,Positive,
422,1,True,Staff,Positive,
422,1,True,Location,Positive,
422,1,True,Food,Negative,
422,2,True,Room,Positive,
422,2,True,Staff,Positive,
422,2,True,Location,Positive,
422,2,True,Food,Negative,
422,2,True,Room,Positive,
422,2,True,Staff,Positive,
422,2,True,Location,Positive,
422,2,True,Food,Negative,
422,3,True,Room,Positive,
422,3,True,Staff,Positive,
422,3,True,Location,Positive,
422,3,True,Food,Negative,
422,3,True,Room,Positive,
422,3,True,Staff,Positive,
422,3,True,Location,Positive,
422,3,True,Food,Negative,
423,1,True,Room,Positive,
423,1,True,Staff,Positive,
423,1,True,Location,Positive,
423,1,True,Food,Negative,
423,1,True,Price,Negative,
423,1,True,Room,Positive,
423,1,True,Staff,Positive,
423,1,True,Location,Positive,
423,1,True,Food,Negative,
423,1,True,Price,Negative,
423,2,True,Room,Positive,
423,2,True,Staff,Positive,
423,2,True,Location,Positive,
423,2,True,Food,Negative,
423,2,True,Price,Negative,
423,2,True,Room,Positive,
423,2,True,Staff,Positive,
423,2,True,Location,Positive,
423,2,True,Food,Negative,
423,2,True,Price,Negative,
423,3,True,Room,Positive,
423,3,True,Staff,Positive,
423,3,True,Location,Positive,
423,3,True,Food,Negative,
423,3,True,Price,Negative,
423,3,True,Room,Positive,
423,3,True,Staff,Positive,
423,3,True,Location,Positive,
423,3,True,Food,Negative,
423,3,True,Price,Negative,
424,1,True,Room,Positive,
424,1,True,Staff,Positive,
424,1,True,Location,Positive,
424,1,True,Food,Positive,
424,1,True,Room,Positive,
424,1,True,Staff,Positive,
424,1,True,Location,Positive,
424,1,True,Food,Positive,
424,2,True,Room,Positive,
424,2,True,Staff,Positive,
424,2,True,Location,Positive,
424,2,True,Food,Positive,
424,2,True,Room,Positive,
424,2,True,Staff,Positive,
424,2,True,Location,Positive,
424,2,True,Food,Positive,
424,3,True,Room,Positive,
424,3,True,Staff,Positive,
424,3,True,Location,Positive,
424,3,True,Food,Positive,
424,3,True,Room,Positive,
424,3,True,Staff,Positive,
424,3,True,Location,Positive,
424,3,True,Food,Positive,
425,1,False,Room,Positive,
425,1,False,Staff,Negative,
425,1,False,Location,null,
425,1,False,Food,Negative,
425,1,False,Price,null,
425,1,False,Facility,null,
425,1,False,Check-in,null,
425,1,False,Check-out,null,
425,1,False,Off,null,
425,1,False,Booking-issue,Negative,
425,1,False,Taxi-issue,null,
425,1,False,Room,Positive,
425,1,False,Staff,Negative,
425,1,False,Location,null,
425,1,False,Food,Negative,
425,1,False,Price,null,
425,1,False,Facility,null,
425,1,False,Check-in,null,
425,1,False,Check-out,null,
425,1,False,Off,null,
425,1,False,Booking-issue,Negative,
425,1,False,Taxi-issue,null,
425,2,False,Room,Positive,
425,2,False,Staff,Negative,
425,2,False,Location,null,
425,2,False,Food,Negative,
425,2,False,Price,null,
425,2,False,Facility,null,
425,2,False,Check-in,null,
425,2,False,Check-out,null,
425,2,False,Off,null,
425,2,False,Booking-issue,Negative,
425,2,False,Taxi-issue,null,
425,2,False,Room,Positive,
425,2,False,Staff,Negative,
425,2,False,Location,null,
425,2,False,Food,Negative,
425,2,False,Price,null,
425,2,False,Facility,null,
425,2,False,Check-in,null,
425,2,False,Check-out,null,
425,2,False,Off,null,
425,2,False,Booking-issue,Negative,
425,2,False,Taxi-issue,null,
425,3,False,Room,Positive,
425,3,False,Staff,Negative,
425,3,False,Location,null,
425,3,False,Food,Negative,
425,3,False,Price,null,
425,3,False,Facility,null,
425,3,False,Check-in,null,
425,3,False,Check-out,null,
425,3,False,Off,null,
425,3,False,Booking-issue,Negative,
425,3,False,Taxi-issue,null,
425,3,False,Room,Positive,
425,3,False,Staff,Negative,
425,3,False,Location,null,
425,3,False,Food,Negative,
425,3,False,Price,null,
425,3,False,Facility,null,
425,3,False,Check-in,null,
425,3,False,Check-out,null,
425,3,False,Off,null,
425,3,False,Booking-issue,Negative,
425,3,False,Taxi-issue,null,
426,1,False,Room,Positive,
426,1,False,Staff,null,
426,1,False,Location,null,
426,1,False,Food,null,
426,1,False,Price,Negative,
426,1,False,Facility,null,
426,1,False,Check-in,null,
426,1,False,Check-out,null,
426,1,False,Off,null,
426,1,False,Booking-issue,null,
426,1,False,Taxi-issue,null,
426,1,False,Room,Positive,
426,1,False,Staff,null,
426,1,False,Location,null,
426,1,False,Food,null,
426,1,False,Price,null,
426,1,False,Facility,null,
426,1,False,Check-in,null,
426,1,False,Check-out,null,
426,1,False,Off,Negative,
426,1,False,Booking-issue,Negative,
426,1,False,Taxi-issue,Negative,
426,2,False,Room,Positive,
426,2,False,Staff,null,
426,2,False,Location,null,
426,2,False,Food,null,
426,2,False,Price,null,
426,2,False,Facility,null,
426,2,False,Check-in,null,
426,2,False,Check-out,null,
426,2,False,Off,Negative,
426,2,False,Booking-issue,Negative,
426,2,False,Taxi-issue,Negative,
426,2,False,Room,Positive,
426,2,False,Staff,null,
426,2,False,Location,null,
426,2,False,Food,null,
426,2,False,Price,null,
426,2,False,Facility,null,
426,2,False,Check-in,null,
426,2,False,Check-out,null,
426,2,False,Off,Negative,
426,2,False,Booking-issue,Negative,
426,2,False,Taxi-issue,Negative,
426,3,False,Room,Positive,
426,3,False,Staff,null,
426,3,False,Location,null,
426,3,False,Food,null,
426,3,False,Price,null,
426,3,False,Facility,null,
426,3,False,Check-in,null,
426,3,False,Check-out,null,
426,3,False,Off,Negative,
426,3,False,Booking-issue,Negative,
426,3,False,Taxi-issue,Negative,
426,3,False,Room,Positive,
426,3,False,Staff,null,
426,3,False,Location,null,
426,3,False,Food,null,
426,3,False,Price,null,
426,3,False,Facility,null,
426,3,False,Check-in,null,
426,3,False,Check-out,null,
426,3,False,Off,Negative,
426,3,False,Booking-issue,Negative,
426,3,False,Taxi-issue,Negative,
427,1,True,Staff,Positive,
427,1,True,Location,Negative,
427,1,True,Staff,Positive,
427,1,True,Location,Negative,
427,2,True,Staff,Positive,
427,2,True,Location,Negative,
427,2,True,Staff,Positive,
427,2,True,Location,Negative,
427,3,True,Staff,Positive,
427,3,True,Location,Negative,
427,3,True,Staff,Positive,
427,3,True,Location,Negative,
428,1,True,Staff,Negative,
428,1,True,Staff,Negative,
428,2,True,Staff,Negative,
428,2,True,Staff,Negative,
428,3,True,Staff,Negative,
428,3,True,Staff,Negative,
429,1,True,Location,Negative,
429,1,True,Location,Negative,
429,2,True,Location,Negative,
429,2,True,Location,Negative,
429,3,True,Location,Negative,
429,3,True,Location,Negative,
430,1,False,Room,Negative,
430,1,False,Staff,null,
430,1,False,Location,null,
430,1,False,Food,null,
430,1,False,Price,null,
430,1,False,Facility,null,
430,1,False,Check-in,null,
430,1,False,Check-out,null,
430,1,False,Off,null,
430,1,False,Booking-issue,null,
430,1,False,Taxi-issue,null,
430,1,False,Room,Negative,
430,1,False,Staff,null,
430,1,False,Location,null,
430,1,False,Food,null,
430,1,False,Price,null,
430,1,False,Facility,null,
430,1,False,Check-in,null,
430,1,False,Check-out,null,
430,1,False,Off,null,
430,1,False,Booking-issue,null,
430,1,False,Taxi-issue,null,
430,2,False,Room,Negative,
430,2,False,Staff,null,
430,2,False,Location,null,
430,2,False,Food,null,
430,2,False,Price,null,
430,2,False,Facility,null,
430,2,False,Check-in,null,
430,2,False,Check-out,null,
430,2,False,Off,null,
430,2,False,Booking-issue,null,
430,2,False,Taxi-issue,null,
430,2,False,Room,Negative,
430,2,False,Staff,null,
430,2,False,Location,null,
430,2,False,Food,null,
430,2,False,Price,null,
430,2,False,Facility,null,
430,2,False,Check-in,null,
430,2,False,Check-out,null,
430,2,False,Off,null,
430,2,False,Booking-issue,null,
430,2,False,Taxi-issue,null,
430,3,False,Room,Negative,
430,3,False,Staff,null,
430,3,False,Location,null,
430,3,False,Food,null,
430,3,False,Price,null,
430,3,False,Facility,null,
430,3,False,Check-in,null,
430,3,False,Check-out,null,
430,3,False,Off,null,
430,3,False,Booking-issue,null,
430,3,False,Taxi-issue,null,
430,3,False,Room,Negative,
430,3,False,Staff,null,
430,3,False,Location,null,
430,3,False,Food,null,
430,3,False,Price,null,
430,3,False,Facility,null,
430,3,False,Check-in,null,
430,3,False,Check-out,null,
430,3,False,Off,null,
430,3,False,Booking-issue,null,
430,3,False,Taxi-issue,null,
431,1,True,Room,Positive,
431,1,True,Location,Negative,
431,1,True,Room,Positive,
431,1,True,Location,Negative,
431,2,True,Room,Positive,
431,2,True,Location,Negative,
431,2,True,Room,Positive,
431,2,True,Location,Negative,
431,3,True,Room,Positive,
431,3,True,Location,Negative,
431,3,True,Room,Positive,
431,3,True,Location,Negative,
432,1,True,Location,Positive,
432,1,True,Location,Positive,
432,2,True,Location,Positive,
432,2,True,Location,Positive,
432,3,True,Location,Positive,
432,3,True,Location,Positive,
433,1,True,Room,Negative,
433,1,True,Staff,Positive,
433,1,True,Price,Negative,
433,1,True,Check-out,Negative,
433,1,True,Room,Negative,
433,1,True,Staff,Positive,
433,1,True,Price,Negative,
433,1,True,Check-out,Negative,
433,2,True,Room,Negative,
433,2,True,Staff,Positive,
433,2,True,Price,Negative,
433,2,True,Check-out,Negative,
433,2,True,Room,Negative,
433,2,True,Staff,Positive,
433,2,True,Price,Negative,
433,2,True,Check-out,Negative,
433,3,True,Room,Negative,
433,3,True,Staff,Positive,
433,3,True,Price,Negative,
433,3,True,Check-out,Negative,
433,3,True,Room,Negative,
433,3,True,Staff,Positive,
433,3,True,Price,Negative,
433,3,True,Check-out,Negative,
434,1,True,Location,Positive,
434,1,True,Location,Positive,
434,2,True,Location,Positive,
434,2,True,Location,Positive,
434,3,True,Location,Positive,
434,3,True,Location,Positive,
435,1,True,Location,Positive,
435,1,True,Price,Negative,
435,1,True,Location,Positive,
435,1,True,Price,Negative,
435,2,True,Location,Positive,
435,2,True,Price,Negative,
435,2,True,Location,Positive,
435,2,True,Price,Negative,
435,3,True,Location,Positive,
435,3,True,Price,Negative,
435,3,True,Location,Positive,
435,3,True,Price,Negative,
436,1,True,Room,Negative,
436,1,True,Staff,Positive,
436,1,True,Location,Positive,
436,1,True,Price,Negative,
436,1,True,Room,Negative,
436,1,True,Staff,Positive,
436,1,True,Location,Positive,
436,1,True,Price,Negative,
436,2,True,Room,Negative,
436,2,True,Staff,Positive,
436,2,True,Location,Positive,
436,2,True,Price,Negative,
436,2,True,Room,Negative,
436,2,True,Staff,Positive,
436,2,True,Location,Positive,
436,2,True,Price,Negative,
436,3,True,Room,Negative,
436,3,True,Staff,Positive,
436,3,True,Location,Positive,
436,3,True,Price,Negative,
436,3,True,Room,Negative,
436,3,True,Staff,Positive,
436,3,True,Location,Positive,
436,3,True,Price,Negative,
437,1,False,Room,Negative,
437,1,False,Staff,null,
437,1,False,Location,null,
437,1,False,Food,Negative,
437,1,False,Price,Negative,
437,1,False,Facility,null,
437,1,False,Check-in,null,
437,1,False,Check-out,null,
437,1,False,Off,null,
437,1,False,Booking-issue,null,
437,1,False,Taxi-issue,null,
437,1,False,Room,Negative,
437,1,False,Staff,null,
437,1,False,Location,null,
437,1,False,Food,Negative,
437,1,False,Price,Negative,
437,1,False,Facility,null,
437,1,False,Check-in,null,
437,1,False,Check-out,null,
437,1,False,Off,null,
437,1,False,Booking-issue,null,
437,1,False,Taxi-issue,null,
437,2,False,Room,Negative,
437,2,False,Staff,null,
437,2,False,Location,null,
437,2,False,Food,Negative,
437,2,False,Price,Negative,
437,2,False,Facility,null,
437,2,False,Check-in,null,
437,2,False,Check-out,null,
437,2,False,Off,null,
437,2,False,Booking-issue,null,
437,2,False,Taxi-issue,null,
437,2,False,Room,Negative,
437,2,False,Staff,null,
437,2,False,Location,null,
437,2,False,Food,Negative,
437,2,False,Price,Negative,
437,2,False,Facility,null,
437,2,False,Check-in,null,
437,2,False,Check-out,null,
437,2,False,Off,null,
437,2,False,Booking-issue,null,
437,2,False,Taxi-issue,null,
437,3,False,Room,Negative,
437,3,False,Staff,null,
437,3,False,Location,null,
437,3,False,Food,Negative,
437,3,False,Price,Negative,
437,3,False,Facility,null,
437,3,False,Check-in,null,
437,3,False,Check-out,null,
437,3,False,Off,null,
437,3,False,Booking-issue,null,
437,3,False,Taxi-issue,null,
437,3,False,Room,Negative,
437,3,False,Staff,null,
437,3,False,Location,null,
437,3,False,Food,Negative,
437,3,False,Price,Negative,
437,3,False,Facility,null,
437,3,False,Check-in,null,
437,3,False,Check-out,null,
437,3,False,Off,null,
437,3,False,Booking-issue,null,
437,3,False,Taxi-issue,null,
438,1,True,Room,Negative,
438,1,True,Staff,Positive,
438,1,True,Location,Positive,
438,1,True,Room,Negative,
438,1,True,Staff,Positive,
438,1,True,Location,Positive,
438,2,True,Room,Negative,
438,2,True,Staff,Positive,
438,2,True,Location,Positive,
438,2,True,Room,Negative,
438,2,True,Staff,Positive,
438,2,True,Location,Positive,
438,3,True,Room,Negative,
438,3,True,Staff,Positive,
438,3,True,Location,Positive,
438,3,True,Room,Negative,
438,3,True,Staff,Positive,
438,3,True,Location,Positive,
439,1,False,Room,Negative,
439,1,False,Staff,null,
439,1,False,Location,Positive,
439,1,False,Food,Negative,
439,1,False,Room,Negative,
439,1,False,Staff,null,
439,1,False,Location,Positive,
439,1,False,Food,Negative,
439,2,False,Room,Negative,
439,2,False,Staff,null,
439,2,False,Location,Positive,
439,2,False,Food,Negative,
439,2,False,Room,Negative,
439,2,False,Staff,null,
439,2,False,Location,Positive,
439,2,False,Food,Negative,
439,3,False,Room,Negative,
439,3,False,Staff,null,
439,3,False,Location,Positive,
439,3,False,Food,Negative,
439,3,False,Room,Negative,
439,3,False,Staff,null,
439,3,False,Location,Positive,
439,3,False,Food,Negative,
440,1,True,Room,Negative,
440,1,True,Staff,Positive,
440,1,True,Room,Negative,
440,1,True,Staff,Positive,
440,2,True,Room,Negative,
440,2,True,Staff,Positive,
440,2,True,Room,Negative,
440,2,True,Staff,Positive,
440,3,True,Room,Negative,
440,3,True,Staff,Positive,
440,3,True,Room,Negative,
440,3,True,Staff,Positive,
441,1,True,Room,Positive,
441,1,True,Location,Negative,
441,1,True,Food,Positive,
441,1,True,Price,Negative,
441,1,True,Room,Positive,
441,1,True,Location,Negative,
441,1,True,Food,Positive,
441,1,True,Price,Negative,
441,2,True,Room,Positive,
441,2,True,Location,Negative,
441,2,True,Food,Positive,
441,2,True,Price,Negative,
441,2,True,Room,Positive,
441,2,True,Location,Negative,
441,2,True,Food,Positive,
441,2,True,Price,Negative,
441,3,True,Room,Positive,
441,3,True,Location,Negative,
441,3,True,Food,Positive,
441,3,True,Price,Negative,
441,3,True,Room,Positive,
441,3,True,Location,Negative,
441,3,True,Food,Positive,
441,3,True,Price,Negative,
442,1,True,Room,Negative,
442,1,True,Food,Positive,
442,1,True,Room,Negative,
442,1,True,Food,Positive,
442,2,True,Room,Negative,
442,2,True,Food,Positive,
442,2,True,Room,Negative,
442,2,True,Food,Positive,
442,3,True,Room,Negative,
442,3,True,Food,Positive,
442,3,True,Room,Negative,
442,3,True,Food,Positive,
443,1,True,Room,Positive,
443,1,True,Staff,Positive,
443,1,True,Location,Negative,
443,1,True,Price,Negative,
443,1,True,Off,Negative,
443,1,True,Room,Positive,
443,1,True,Staff,Positive,
443,1,True,Location,Negative,
443,1,True,Price,Negative,
443,1,True,Off,Negative,
443,2,True,Room,Positive,
443,2,True,Staff,Positive,
443,2,True,Location,Negative,
443,2,True,Price,Negative,
443,2,True,Off,Negative,
443,2,True,Room,Positive,
443,2,True,Staff,Positive,
443,2,True,Location,Negative,
443,2,True,Price,Negative,
443,2,True,Off,Negative,
443,3,True,Room,Positive,
443,3,True,Staff,Positive,
443,3,True,Location,Negative,
443,3,True,Price,Negative,
443,3,True,Off,Negative,
443,3,True,Room,Positive,
443,3,True,Staff,Positive,
443,3,True,Location,Negative,
443,3,True,Price,Negative,
443,3,True,Off,Negative,
444,1,False,Room,Negative,
444,1,False,Staff,Positive,
444,1,False,Off,null,
444,1,False,Room,Negative,
444,1,False,Staff,Positive,
444,1,False,Off,null,
444,2,False,Room,Negative,
444,2,False,Staff,Positive,
444,2,False,Off,null,
444,2,False,Room,Negative,
444,2,False,Staff,Positive,
444,2,False,Off,null,
444,3,False,Room,Negative,
444,3,False,Staff,Positive,
444,3,False,Off,null,
444,3,False,Room,Negative,
444,3,False,Staff,Positive,
444,3,False,Off,null,
445,1,True,Room,Positive,
445,1,True,Location,Positive,
445,1,True,Food,Negative,
445,1,True,Room,Positive,
445,1,True,Location,Positive,
445,1,True,Food,Negative,
445,2,True,Room,Positive,
445,2,True,Location,Positive,
445,2,True,Food,Negative,
445,2,True,Room,Positive,
445,2,True,Location,Positive,
445,2,True,Food,Negative,
445,3,True,Room,Positive,
445,3,True,Location,Positive,
445,3,True,Food,Negative,
445,3,True,Room,Positive,
445,3,True,Location,Positive,
445,3,True,Food,Negative,
446,1,True,Location,Negative,
446,1,True,Food,Negative,
446,1,True,Location,Negative,
446,1,True,Food,Negative,
446,2,True,Location,Negative,
446,2,True,Food,Negative,
446,2,True,Location,Negative,
446,2,True,Food,Negative,
446,3,True,Location,Negative,
446,3,True,Food,Negative,
446,3,True,Location,Negative,
446,3,True,Food,Negative,
447,1,False,Staff,Positive,
447,1,False,Bed,Negative,
447,1,False,Telly,Negative,
447,1,False,Staff,Positive,
447,1,False,Bed,Negative,
447,1,False,Telly,Negative,
447,2,False,Staff,Positive,
447,2,False,Bed,Negative,
447,2,False,Telly,Negative,
447,2,False,Staff,Positive,
447,2,False,Bed,Negative,
447,2,False,Telly,Negative,
447,3,False,Staff,Positive,
447,3,False,Bed,Negative,
447,3,False,Telly,Negative,
447,3,False,Staff,Positive,
447,3,False,Bed,Negative,
447,3,False,Telly,Negative,
448,1,True,Room,Positive,
448,1,True,Staff,Negative,
448,1,True,Location,Positive,
448,1,True,Price,Negative,
448,1,True,Room,Positive,
448,1,True,Staff,Negative,
448,1,True,Location,Positive,
448,2,True,Room,Positive,
448,2,True,Staff,Negative,
448,2,True,Location,Positive,
448,2,True,Room,Positive,
448,2,True,Staff,Negative,
448,2,True,Location,Positive,
448,3,True,Room,Positive,
448,3,True,Staff,Negative,
448,3,True,Location,Positive,
448,3,True,Room,Positive,
448,3,True,Staff,Negative,
448,3,True,Location,Positive,
449,1,True,Off,Negative,
449,1,True,Booking-issue,Negative,
449,1,True,Taxi-issue,Negative,
449,1,True,Off,Negative,
449,1,True,Booking-issue,Negative,
449,1,True,Taxi-issue,Negative,
449,2,True,Off,Negative,
449,2,True,Booking-issue,Negative,
449,2,True,Taxi-issue,Negative,
449,2,True,Off,Negative,
449,2,True,Booking-issue,Negative,
449,2,True,Taxi-issue,Negative,
449,3,True,Off,Negative,
449,3,True,Booking-issue,Negative,
449,3,True,Taxi-issue,Negative,
449,3,True,Off,Negative,
449,3,True,Booking-issue,Negative,
449,3,True,Taxi-issue,Negative,
450,1,True,Room,Negative,
450,1,True,Staff,Positive,
450,1,True,Room,Negative,
450,1,True,Staff,Positive,
450,2,True,Room,Negative,
450,2,True,Staff,Positive,
450,2,True,Room,Negative,
450,2,True,Staff,Positive,
450,3,True,Room,Negative,
450,3,True,Staff,Positive,
450,3,True,Room,Negative,
450,3,True,Staff,Positive,
451,1,False,Room,Negative,
451,1,False,Staff,null,
451,1,False,Location,Positive,
451,1,False,Facility,Negative,
451,1,False,Room,Negative,
451,1,False,Staff,null,
451,1,False,Location,Positive,
451,1,False,Facility,Negative,
451,2,False,Room,Negative,
451,2,False,Staff,null,
451,2,False,Location,Positive,
451,2,False,Facility,Negative,
451,2,False,Room,Negative,
451,2,False,Staff,null,
451,2,False,Location,Positive,
451,2,False,Facility,Negative,
451,3,False,Room,Negative,
451,3,False,Staff,null,
451,3,False,Location,Positive,
451,3,False,Facility,Negative,
451,3,False,Room,Negative,
451,3,False,Staff,null,
451,3,False,Location,Positive,
451,3,False,Facility,Negative,
452,1,True,Staff,Positive,
452,1,True,Location,Positive,
452,1,True,Check-in,Positive,
452,1,True,Staff,Positive,
452,1,True,Location,Positive,
452,1,True,Check-in,Positive,
452,2,True,Staff,Positive,
452,2,True,Location,Positive,
452,2,True,Check-in,Positive,
452,2,True,Staff,Positive,
452,2,True,Location,Positive,
452,2,True,Check-in,Positive,
452,3,True,Staff,Positive,
452,3,True,Location,Positive,
452,3,True,Check-in,Positive,
452,3,True,Staff,Positive,
452,3,True,Location,Positive,
452,3,True,Check-in,Positive,
453,1,True,Room,Negative,
453,1,True,Staff,Negative,
453,1,True,Location,Positive,
453,1,True,Check-in,Negative,
453,1,True,Check-out,Negative,
453,1,True,Room,Negative,
453,1,True,Staff,Negative,
453,1,True,Location,Positive,
453,1,True,Check-in,Negative,
453,1,True,Check-out,Negative,
453,2,True,Room,Negative,
453,2,True,Staff,Negative,
453,2,True,Location,Positive,
453,2,True,Check-in,Negative,
453,2,True,Check-out,Negative,
453,2,True,Room,Negative,
453,2,True,Staff,Negative,
453,2,True,Location,Positive,
453,2,True,Check-in,Negative,
453,2,True,Check-out,Negative,
453,3,True,Room,Negative,
453,3,True,Staff,Negative,
453,3,True,Location,Positive,
453,3,True,Check-in,Negative,
453,3,True,Check-out,Negative,
453,3,True,Room,Negative,
453,3,True,Staff,Negative,
453,3,True,Location,Positive,
453,3,True,Check-in,Negative,
453,3,True,Check-out,Negative,
454,1,True,Location,Negative,
454,1,True,Location,Negative,
454,2,True,Location,Negative,
454,2,True,Location,Negative,
454,3,True,Location,Negative,
454,3,True,Location,Negative,
455,1,True,Room,Negative,
455,1,True,Staff,Positive,
455,1,True,Location,Negative,
455,1,True,Staff,Negative,
455,1,True,Location,Negative,
455,2,True,Staff,Negative,
455,2,True,Location,Negative,
455,2,True,Staff,Negative,
455,2,True,Location,Negative,
455,3,True,Staff,Negative,
455,3,True,Location,Negative,
455,3,True,Staff,Negative,
455,3,True,Location,Negative,
456,1,False,Location,Positive,
456,1,False,Staff,Negative,
456,1,False,Food,Positive,
456,1,False,Price,Negative,
456,1,False,Booking-issue,Negative,
456,1,False,Location,Positive,
456,1,False,Staff,Negative,
456,1,False,Food,Positive,
456,1,False,Price,Negative,
456,1,False,Booking-issue,Negative,
456,2,False,Location,Positive,
456,2,False,Staff,Negative,
456,2,False,Food,Positive,
456,2,False,Price,Negative,
456,2,False,Booking-issue,Negative,
456,2,False,Location,Positive,
456,2,False,Staff,Negative,
456,2,False,Food,Positive,
456,2,False,Price,Negative,
456,2,False,Booking-issue,Negative,
456,3,False,Location,Positive,
456,3,False,Staff,Negative,
456,3,False,Food,Positive,
456,3,False,Price,Negative,
456,3,False,Booking-issue,Negative,
456,3,False,Location,Positive,
456,3,False,Staff,Negative,
456,3,False,Food,Positive,
456,3,False,Price,Negative,
456,3,False,Booking-issue,Negative,
457,1,False,Room,Negative,
457,1,False,Location,null,
457,1,False,Room,Negative,
457,1,False,Location,null,
457,2,False,Room,Negative,
457,2,False,Location,null,
457,2,False,Room,Negative,
457,2,False,Location,null,
457,3,False,Room,Negative,
457,3,False,Location,null,
457,3,False,Room,Negative,
457,3,False,Location,null,
458,1,True,Food,Negative,
458,1,True,Facility,Negative,
458,1,True,Food,Negative,
458,1,True,Facility,Negative,
458,2,True,Food,Negative,
458,2,True,Facility,Negative,
458,2,True,Food,Negative,
458,2,True,Facility,Negative,
458,3,True,Food,Negative,
458,3,True,Facility,Negative,
458,3,True,Food,Negative,
458,3,True,Facility,Negative,
459,1,True,Room,Positive,
459,1,False,Room,Negative,
459,1,False,Staff,null,
459,1,False,Location,null,
459,1,False,Price,Negative,
459,2,False,Room,Negative,
459,2,False,Staff,null,
459,2,False,Location,null,
459,2,False,Price,Negative,
459,2,False,Room,Negative,
459,2,False,Staff,null,
459,2,False,Location,null,
459,2,False,Price,Negative,
459,3,False,Room,Negative,
459,3,False,Staff,null,
459,3,False,Location,null,
459,3,False,Price,Negative,
459,3,False,Room,Negative,
459,3,False,Staff,null,
459,3,False,Location,null,
459,3,False,Price,Negative,
460,1,True,Location,Positive,
460,1,True,Staff,Negative,
460,1,True,Room,Negative,
460,1,True,Price,Negative,
460,1,True,Location,Positive,
460,1,True,Staff,Negative,
460,1,True,Room,Negative,
460,1,True,Price,Negative,
460,2,True,Location,Positive,
460,2,True,Staff,Negative,
460,2,True,Room,Negative,
460,2,True,Price,Negative,
460,2,True,Location,Positive,
460,2,True,Staff,Negative,
460,2,True,Room,Negative,
460,2,True,Price,Negative,
460,3,True,Location,Positive,
460,3,True,Staff,Negative,
460,3,True,Room,Negative,
460,3,True,Price,Negative,
460,3,True,Location,Positive,
460,3,True,Staff,Negative,
460,3,True,Room,Negative,
460,3,True,Price,Negative,
461,1,True,Staff,Positive,
461,1,True,Staff,Positive,
461,2,True,Staff,Positive,
461,2,True,Staff,Positive,
461,3,True,Staff,Positive,
461,3,True,Staff,Positive,
462,1,True,Location,Positive,
462,1,True,Location,Positive,
462,2,True,Location,Positive,
462,2,True,Location,Positive,
462,3,True,Location,Positive,
462,3,True,Location,Positive,
463,1,False,Room,null,
463,1,False,Staff,Negative,
463,1,False,Location,null,
463,1,False,Price,Negative,
463,1,False,Facility,null,
463,1,False,Check-in,null,
463,1,False,Check-out,null,
463,1,False,Off,null,
463,1,False,Room,null,
463,1,False,Staff,Negative,
463,1,False,Location,null,
463,1,False,Price,Negative,
463,1,False,Facility,null,
463,1,False,Check-in,null,
463,1,False,Check-out,null,
463,1,False,Off,null,
463,2,False,Room,null,
463,2,False,Staff,Negative,
463,2,False,Location,null,
463,2,False,Price,Negative,
463,2,False,Facility,null,
463,2,False,Check-in,null,
463,2,False,Check-out,null,
463,2,False,Off,null,
463,2,False,Room,null,
463,2,False,Staff,Negative,
463,2,False,Location,null,
463,2,False,Price,Negative,
463,2,False,Facility,null,
463,2,False,Check-in,null,
463,2,False,Check-out,null,
463,2,False,Off,null,
463,3,False,Room,null,
463,3,False,Staff,Negative,
463,3,False,Location,null,
463,3,False,Price,Negative,
463,3,False,Facility,null,
463,3,False,Check-in,null,
463,3,False,Check-out,null,
463,3,False,Off,null,
463,3,False,Room,null,
463,3,False,Staff,Negative,
463,3,False,Location,null,
463,3,False,Price,Negative,
463,3,False,Facility,null,
463,3,False,Check-in,null,
463,3,False,Check-out,null,
463,3,False,Off,null,
464,1,True,Room,Positive,
464,1,True,Price,Negative,
464,1,True,Room,Positive,
464,1,True,Price,Negative,
464,2,True,Room,Positive,
464,2,True,Price,Negative,
464,2,True,Room,Positive,
464,2,True,Price,Negative,
464,3,True,Room,Positive,
464,3,True,Price,Negative,
464,3,True,Room,Positive,
464,3,True,Price,Negative,
465,1,True,Room,Positive,
465,1,True,Location,Positive,
465,1,True,Room,Positive,
465,1,True,Location,Positive,
465,2,True,Room,Positive,
465,2,True,Location,Positive,
465,2,True,Room,Positive,
465,2,True,Location,Positive,
465,3,True,Room,Positive,
465,3,True,Location,Positive,
465,3,True,Room,Positive,
465,3,True,Location,Positive,
466,1,True,Staff,Negative,
466,1,True,Location,Positive,
466,1,True,Staff,Negative,
466,1,True,Location,Positive,
466,2,True,Staff,Negative,
466,2,True,Location,Positive,
466,2,True,Staff,Negative,
466,2,True,Location,Positive,
466,3,True,Staff,Negative,
466,3,True,Location,Positive,
466,3,True,Staff,Negative,
466,3,True,Location,Positive,
467,1,True,Staff,Positive,
467,1,True,Location,Positive,
467,1,True,Staff,Positive,
467,1,True,Location,Positive,
467,2,True,Staff,Positive,
467,2,True,Location,Positive,
467,2,True,Staff,Positive,
467,2,True,Location,Positive,
467,3,True,Staff,Positive,
467,3,True,Location,Positive,
467,3,True,Staff,Positive,
467,3,True,Location,Positive,
468,1,False,Room,Positive,
468,1,False,Staff,Positive,
468,1,False,Location,null,
468,1,False,Food,null,
468,1,False,Price,null,
468,1,False,Facility,null,
468,1,False,Check-in,null,
468,1,False,Check-out,null,
468,1,False,Off,null,
468,1,False,Booking-issue,null,
468,1,False,Taxi-issue,null,
468,1,True,Room,Negative,
468,1,True,Staff,Positive,
468,2,True,Room,Negative,
468,2,True,Staff,Positive,
468,2,True,Room,Negative,
468,2,True,Staff,Positive,
468,3,True,Room,Negative,
468,3,True,Staff,Positive,
468,3,True,Room,Negative,
468,3,True,Staff,Positive,
469,1,False,Room,null,
469,1,False,Staff,Positive,
469,1,False,Location,null,
469,1,False,Price,Negative,
469,1,False,Room,null,
469,1,False,Staff,Negative,
469,1,False,Location,null,
469,1,False,Price,Negative,
469,2,False,Room,null,
469,2,False,Staff,Negative,
469,2,False,Location,null,
469,2,False,Price,Negative,
469,2,False,Room,null,
469,2,False,Staff,Negative,
469,2,False,Location,null,
469,2,False,Price,Negative,
469,3,False,Room,null,
469,3,False,Staff,Negative,
469,3,False,Location,null,
469,3,False,Price,Negative,
469,3,False,Room,null,
469,3,False,Staff,Negative,
469,3,False,Location,null,
469,3,False,Price,Negative,
470,1,False,Room,Positive,
470,1,False,Staff,Negative,
470,1,False,Location,null,
470,1,False,Room,Positive,
470,1,False,Staff,Negative,
470,1,False,Location,null,
470,2,False,Room,Positive,
470,2,False,Staff,Negative,
470,2,False,Location,null,
470,2,False,Room,Positive,
470,2,False,Staff,Negative,
470,2,False,Location,null,
470,3,False,Room,Positive,
470,3,False,Staff,Negative,
470,3,False,Location,null,
470,3,False,Room,Positive,
470,3,False,Staff,Negative,
470,3,False,Location,null,
471,1,True,Room,Positive,
471,1,True,Staff,Positive,
471,1,True,Location,Negative,
471,1,True,Price,Negative,
471,1,False,Room,Positive,
471,1,False,Staff,Positive,
471,1,False,Location,Off,
471,1,False,Price,Negative,
471,1,False,Off,null,
471,2,False,Room,Positive,
471,2,False,Staff,Positive,
471,2,False,Location,Off,
471,2,False,Price,Negative,
471,2,False,Off,null,
471,2,False,Room,Positive,
471,2,False,Staff,Positive,
471,2,False,Location,Off,
471,2,False,Price,Negative,
471,2,False,Off,null,
471,3,False,Room,Positive,
471,3,False,Staff,Positive,
471,3,False,Location,Off,
471,3,False,Price,Negative,
471,3,False,Off,null,
471,3,False,Room,Positive,
471,3,False,Staff,Positive,
471,3,False,Location,Off,
471,3,False,Price,Negative,
471,3,False,Off,null,
472,1,True,Staff,Positive,
472,1,True,Food,Negative,
472,1,True,Staff,Positive,
472,1,True,Food,Positive,
472,2,True,Staff,Positive,
472,2,True,Food,Positive,
472,2,True,Staff,Positive,
472,2,True,Food,Positive,
472,3,True,Staff,Positive,
472,3,True,Food,Positive,
472,3,True,Staff,Positive,
472,3,True,Food,Positive,
473,1,True,Room,Positive,
473,1,True,Staff,Positive,
473,1,True,Room,Positive,
473,1,True,Staff,Positive,
473,2,True,Room,Positive,
473,2,True,Staff,Positive,
473,2,True,Room,Positive,
473,2,True,Staff,Positive,
473,3,True,Room,Positive,
473,3,True,Staff,Positive,
473,3,True,Room,Positive,
473,3,True,Staff,Positive,
474,1,True,Staff,Negative,
474,1,True,Location,Negative,
474,1,True,Food,Negative,
474,1,True,Price,Negative,
474,1,True,Facility,Negative,
474,1,True,Staff,Negative,
474,1,True,Location,Negative,
474,1,True,Food,Negative,
474,1,True,Price,Negative,
474,1,True,Facility,Negative,
474,2,True,Staff,Negative,
474,2,True,Location,Negative,
474,2,True,Food,Negative,
474,2,True,Price,Negative,
474,2,True,Facility,Negative,
474,2,True,Staff,Negative,
474,2,True,Location,Negative,
474,2,True,Food,Negative,
474,2,True,Price,Negative,
474,2,True,Facility,Negative,
474,3,True,Staff,Negative,
474,3,True,Location,Negative,
474,3,True,Food,Negative,
474,3,True,Price,Negative,
474,3,True,Facility,Negative,
474,3,True,Staff,Negative,
474,3,True,Location,Negative,
474,3,True,Food,Negative,
474,3,True,Price,Negative,
474,3,True,Facility,Negative,
475,1,False,Room,Negative,
475,1,False,Staff,null,
475,1,False,Location,null,
475,1,False,Food,null,
475,1,False,Price,null,
475,1,False,Facility,null,
475,1,False,Check-in,null,
475,1,False,Check-out,null,
475,1,False,Off,null,
475,1,False,Booking-issue,null,
475,1,False,Taxi-issue,null,
475,1,False,Room,Negative,
475,1,False,Staff,null,
475,1,False,Location,null,
475,1,False,Food,null,
475,1,False,Price,null,
475,1,False,Facility,null,
475,1,False,Check-in,null,
475,1,False,Check-out,null,
475,1,False,Off,null,
475,1,False,Booking-issue,null,
475,1,False,Taxi-issue,null,
475,2,False,Room,Negative,
475,2,False,Staff,null,
475,2,False,Location,null,
475,2,False,Food,null,
475,2,False,Price,null,
475,2,False,Facility,null,
475,2,False,Check-in,null,
475,2,False,Check-out,null,
475,2,False,Off,null,
475,2,False,Booking-issue,null,
475,2,False,Taxi-issue,null,
475,2,False,Room,Negative,
475,2,False,Staff,null,
475,2,False,Location,null,
475,2,False,Food,null,
475,2,False,Price,null,
475,2,False,Facility,null,
475,2,False,Check-in,null,
475,2,False,Check-out,null,
475,2,False,Off,null,
475,2,False,Booking-issue,null,
475,2,False,Taxi-issue,null,
475,3,False,Room,Negative,
475,3,False,Staff,null,
475,3,False,Location,null,
475,3,False,Food,null,
475,3,False,Price,null,
475,3,False,Facility,null,
475,3,False,Check-in,null,
475,3,False,Check-out,null,
475,3,False,Off,null,
475,3,False,Booking-issue,null,
475,3,False,Taxi-issue,null,
475,3,False,Room,Negative,
475,3,False,Staff,null,
475,3,False,Location,null,
475,3,False,Food,null,
475,3,False,Price,null,
475,3,False,Facility,null,
475,3,False,Check-in,null,
475,3,False,Check-out,null,
475,3,False,Off,null,
475,3,False,Booking-issue,null,
475,3,False,Taxi-issue,null,
476,1,True,Room,Positive,
476,1,True,Staff,Negative,
476,1,True,Location,Positive,
476,1,True,Room,Positive,
476,1,True,Staff,Negative,
476,1,True,Location,Positive,
476,2,True,Room,Positive,
476,2,True,Staff,Negative,
476,2,True,Location,Positive,
476,2,True,Room,Positive,
476,2,True,Staff,Negative,
476,2,True,Location,Positive,
476,3,True,Room,Positive,
476,3,True,Staff,Negative,
476,3,True,Location,Positive,
476,3,True,Room,Positive,
476,3,True,Staff,Negative,
476,3,True,Location,Positive,
477,1,True,Staff,Positive,
477,1,True,Food,Negative,
477,1,True,Staff,Positive,
477,1,True,Food,Negative,
477,2,True,Staff,Positive,
477,2,True,Food,Negative,
477,2,True,Staff,Positive,
477,2,True,Food,Negative,
477,3,True,Staff,Positive,
477,3,True,Food,Negative,
477,3,True,Staff,Positive,
477,3,True,Food,Negative,
478,1,True,Room,Positive,
478,1,True,Staff,Positive,
478,1,True,Location,Positive,
478,1,True,Room,Positive,
478,1,True,Staff,Positive,
478,1,True,Location,Positive,
478,2,True,Room,Positive,
478,2,True,Staff,Positive,
478,2,True,Location,Positive,
478,2,True,Room,Positive,
478,2,True,Staff,Positive,
478,2,True,Location,Positive,
478,3,True,Room,Positive,
478,3,True,Staff,Positive,
478,3,True,Location,Positive,
478,3,True,Room,Positive,
478,3,True,Staff,Positive,
478,3,True,Location,Positive,
479,1,True,Room,Positive,
479,1,True,Staff,Positive,
479,1,True,Location,Positive,
479,1,True,Food,Negative,
479,1,True,Room,Positive,
479,1,True,Staff,Positive,
479,1,True,Location,Positive,
479,1,True,Food,Negative,
479,2,True,Room,Positive,
479,2,True,Staff,Positive,
479,2,True,Location,Positive,
479,2,True,Food,Negative,
479,2,True,Room,Positive,
479,2,True,Staff,Positive,
479,2,True,Location,Positive,
479,2,True,Food,Negative,
479,3,True,Room,Positive,
479,3,True,Staff,Positive,
479,3,True,Location,Positive,
479,3,True,Food,Negative,
479,3,True,Room,Positive,
479,3,True,Staff,Positive,
479,3,True,Location,Positive,
479,3,True,Food,Negative,
480,1,True,Staff,Positive,
480,1,True,Staff,Positive,
480,2,True,Staff,Positive,
480,2,True,Staff,Positive,
480,3,True,Staff,Positive,
480,3,True,Staff,Positive,
481,1,True,Room,Positive,
481,1,True,Staff,Negative,
481,1,True,Room,Positive,
481,1,True,Staff,Negative,
481,2,True,Room,Positive,
481,2,True,Staff,Negative,
481,2,True,Room,Positive,
481,2,True,Staff,Negative,
481,3,True,Room,Positive,
481,3,True,Staff,Negative,
481,3,True,Room,Positive,
481,3,True,Staff,Negative,
482,1,False,Room,Negative,
482,1,False,Staff,Positive,
482,1,False,Location,null,
482,1,False,Food,null,
482,1,False,Price,null,
482,1,False,Facility,null,
482,1,False,Check-in,null,
482,1,False,Check-out,null,
482,1,False,Off,null,
482,1,False,Booking-issue,null,
482,1,False,Taxi-issue,null,
482,1,True,Room,Negative,
482,1,True,Staff,Positive,
482,2,True,Room,Negative,
482,2,True,Staff,Positive,
482,2,True,Room,Negative,
482,2,True,Staff,Positive,
482,3,True,Room,Negative,
482,3,True,Staff,Positive,
482,3,True,Room,Negative,
482,3,True,Staff,Positive,
483,1,True,Staff,Positive,
483,1,True,Location,Negative,
483,1,True,Staff,Positive,
483,1,True,Location,Negative,
483,2,True,Staff,Positive,
483,2,True,Location,Negative,
483,2,True,Staff,Positive,
483,2,True,Location,Negative,
483,3,True,Staff,Positive,
483,3,True,Location,Negative,
483,3,True,Staff,Positive,
483,3,True,Location,Negative,
484,1,True,Room,Positive,
484,1,True,Staff,Positive,
484,1,True,Location,Negative,
484,1,True,Food,Positive,
484,1,True,Room,Positive,
484,1,True,Staff,Positive,
484,1,True,Location,Negative,
484,1,True,Food,Positive,
484,2,True,Room,Positive,
484,2,True,Staff,Positive,
484,2,True,Location,Negative,
484,2,True,Food,Positive,
484,2,True,Room,Positive,
484,2,True,Staff,Positive,
484,2,True,Location,Negative,
484,2,True,Food,Positive,
484,3,True,Room,Positive,
484,3,True,Staff,Positive,
484,3,True,Location,Negative,
484,3,True,Food,Positive,
484,3,True,Room,Positive,
484,3,True,Staff,Positive,
484,3,True,Location,Negative,
484,3,True,Food,Positive,
485,1,True,Staff,Positive,
485,1,True,Staff,Positive,
485,2,True,Staff,Positive,
485,2,True,Staff,Positive,
485,3,True,Staff,Positive,
485,3,True,Staff,Positive,
486,1,True,Room,Positive,
486,1,True,Staff,Negative,
486,1,True,Price,Negative,
486,1,True,Room,Positive,
486,1,True,Staff,Negative,
486,1,True,Price,Negative,
486,2,True,Room,Positive,
486,2,True,Staff,Negative,
486,2,True,Price,Negative,
486,2,True,Room,Positive,
486,2,True,Staff,Negative,
486,2,True,Price,Negative,
486,3,True,Room,Positive,
486,3,True,Staff,Negative,
486,3,True,Price,Negative,
486,3,True,Room,Positive,
486,3,True,Staff,Negative,
486,3,True,Price,Negative,
487,1,True,Staff,Negative,
487,1,True,Staff,Negative,
487,2,True,Staff,Negative,
487,2,True,Staff,Negative,
487,3,True,Staff,Negative,
487,3,True,Staff,Negative,
488,1,False,Room,null,
488,1,False,Staff,Negative,
488,1,False,Location,null,
488,1,False,Food,null,
488,1,False,Price,Negative,
488,1,False,Facility,null,
488,1,False,Check-in,null,
488,1,False,Check-out,null,
488,1,False,Off,null,
488,1,False,Booking-issue,null,
488,1,False,Taxi-issue,null,
488,1,False,Room,null,
488,1,False,Staff,Negative,
488,1,False,Location,null,
488,1,False,Food,null,
488,1,False,Price,Negative,
488,1,False,Facility,null,
488,1,False,Check-in,null,
488,1,False,Check-out,null,
488,1,False,Off,null,
488,1,False,Booking-issue,null,
488,1,False,Taxi-issue,null,
488,2,False,Room,null,
488,2,False,Staff,Negative,
488,2,False,Location,null,
488,2,False,Food,null,
488,2,False,Price,Negative,
488,2,False,Facility,null,
488,2,False,Check-in,null,
488,2,False,Check-out,null,
488,2,False,Off,null,
488,2,False,Booking-issue,null,
488,2,False,Taxi-issue,null,
488,2,False,Room,null,
488,2,False,Staff,Negative,
488,2,False,Location,null,
488,2,False,Food,null,
488,2,False,Price,Negative,
488,2,False,Facility,null,
488,2,False,Check-in,null,
488,2,False,Check-out,null,
488,2,False,Off,null,
488,2,False,Booking-issue,null,
488,2,False,Taxi-issue,null,
488,3,False,Room,null,
488,3,False,Staff,Negative,
488,3,False,Location,null,
488,3,False,Food,null,
488,3,False,Price,Negative,
488,3,False,Facility,null,
488,3,False,Check-in,null,
488,3,False,Check-out,null,
488,3,False,Off,null,
488,3,False,Booking-issue,null,
488,3,False,Taxi-issue,null,
488,3,False,Room,null,
488,3,False,Staff,Negative,
488,3,False,Location,null,
488,3,False,Food,null,
488,3,False,Price,Negative,
488,3,False,Facility,null,
488,3,False,Check-in,null,
488,3,False,Check-out,null,
488,3,False,Off,null,
488,3,False,Booking-issue,null,
488,3,False,Taxi-issue,null,
489,1,True,Room,Positive,
489,1,True,Staff,Positive,
489,1,True,Location,Positive,
489,1,True,Room,Positive,
489,1,True,Staff,Positive,
489,1,True,Location,Positive,
489,2,True,Room,Positive,
489,2,True,Staff,Positive,
489,2,True,Location,Positive,
489,2,True,Room,Positive,
489,2,True,Staff,Positive,
489,2,True,Location,Positive,
489,3,True,Room,Positive,
489,3,True,Staff,Positive,
489,3,True,Location,Positive,
489,3,True,Room,Positive,
489,3,True,Staff,Positive,
489,3,True,Location,Positive,
490,1,True,Location,Positive,
490,1,True,Food,Negative,
490,1,True,Location,Positive,
490,1,True,Food,Negative,
490,2,True,Location,Positive,
490,2,True,Food,Negative,
490,2,True,Location,Positive,
490,2,True,Food,Negative,
490,3,True,Location,Positive,
490,3,True,Food,Negative,
490,3,True,Location,Positive,
490,3,True,Food,Negative,
491,1,True,Room,Negative,
491,1,True,Staff,Positive,
491,1,True,Location,Positive,
491,1,True,Room,Negative,
491,1,True,Staff,Positive,
491,1,True,Location,Positive,
491,2,True,Room,Negative,
491,2,True,Staff,Positive,
491,2,True,Location,Positive,
491,2,True,Room,Negative,
491,2,True,Staff,Positive,
491,2,True,Location,Positive,
491,3,True,Room,Negative,
491,3,True,Staff,Positive,
491,3,True,Location,Positive,
491,3,True,Room,Negative,
491,3,True,Staff,Positive,
491,3,True,Location,Positive,
492,1,False,Room,Negative,
492,1,False,Staff,null,
492,1,False,Location,Positive,
492,1,False,Price,Negative,
492,1,True,Room,Negative,
492,1,True,Location,Positive,
492,1,True,Price,Negative,
492,2,True,Room,Negative,
492,2,True,Location,Positive,
492,2,True,Price,Negative,
492,2,True,Room,Negative,
492,2,True,Location,Positive,
492,2,True,Price,Negative,
492,3,True,Room,Negative,
492,3,True,Location,Positive,
492,3,True,Price,Negative,
492,3,True,Room,Negative,
492,3,True,Location,Positive,
492,3,True,Price,Negative,
493,1,False,Room,null,
493,1,False,Staff,Negative,
493,1,False,Location,null,
493,1,False,Food,null,
493,1,False,Price,null,
493,1,False,Facility,null,
493,1,False,Check-in,null,
493,1,False,Check-out,null,
493,1,False,Off,null,
493,1,False,Booking-issue,null,
493,1,False,Taxi-issue,null,
493,1,False,Room,null,
493,1,False,Staff,Negative,
493,1,False,Location,null,
493,1,False,Food,null,
493,1,False,Price,null,
493,1,False,Facility,null,
493,1,False,Check-in,null,
493,1,False,Check-out,null,
493,1,False,Off,null,
493,1,False,Booking-issue,null,
493,1,False,Taxi-issue,null,
493,2,False,Room,null,
493,2,False,Staff,Negative,
493,2,False,Location,null,
493,2,False,Food,null,
493,2,False,Price,null,
493,2,False,Facility,null,
493,2,False,Check-in,null,
493,2,False,Check-out,null,
493,2,False,Off,null,
493,2,False,Booking-issue,null,
493,2,False,Taxi-issue,null,
493,2,False,Room,null,
493,2,False,Staff,Negative,
493,2,False,Location,null,
493,2,False,Food,null,
493,2,False,Price,null,
493,2,False,Facility,null,
493,2,False,Check-in,null,
493,2,False,Check-out,null,
493,2,False,Off,null,
493,2,False,Booking-issue,null,
493,2,False,Taxi-issue,null,
493,3,False,Room,null,
493,3,False,Staff,Negative,
493,3,False,Location,null,
493,3,False,Food,null,
493,3,False,Price,null,
493,3,False,Facility,null,
493,3,False,Check-in,null,
493,3,False,Check-out,null,
493,3,False,Off,null,
493,3,False,Booking-issue,null,
493,3,False,Taxi-issue,null,
493,3,False,Room,null,
493,3,False,Staff,Negative,
493,3,False,Location,null,
493,3,False,Food,null,
493,3,False,Price,null,
493,3,False,Facility,null,
493,3,False,Check-in,null,
493,3,False,Check-out,null,
493,3,False,Off,null,
493,3,False,Booking-issue,null,
493,3,False,Taxi-issue,null,
494,1,False,Room,null,
494,1,False,Staff,Positive,
494,1,False,Location,Positive,
494,1,False,Room,null,
494,1,False,Staff,Positive,
494,1,False,Location,Positive,
494,2,False,Room,null,
494,2,False,Staff,Positive,
494,2,False,Location,Positive,
494,2,False,Room,null,
494,2,False,Staff,Positive,
494,2,False,Location,Positive,
494,3,False,Room,null,
494,3,False,Staff,Positive,
494,3,False,Location,Positive,
494,3,False,Room,null,
494,3,False,Staff,Positive,
494,3,False,Location,Positive,
495,1,False,Room,Negative,
495,1,False,Staff,null,
495,1,False,Location,Positive,
495,1,False,Room,Negative,
495,1,False,Staff,null,
495,1,False,Location,Positive,
495,2,False,Room,Negative,
495,2,False,Staff,null,
495,2,False,Location,Positive,
495,2,False,Room,Negative,
495,2,False,Staff,null,
495,2,False,Location,Positive,
495,3,False,Room,Negative,
495,3,False,Staff,null,
495,3,False,Location,Positive,
495,3,False,Room,Negative,
495,3,False,Staff,null,
495,3,False,Location,Positive,
496,1,True,Staff,Positive,
496,1,True,Location,Positive,
496,1,True,Food,Positive,
496,1,True,Staff,Positive,
496,1,True,Location,Positive,
496,1,True,Food,Positive,
496,2,True,Staff,Positive,
496,2,True,Location,Positive,
496,2,True,Food,Positive,
496,2,True,Staff,Positive,
496,2,True,Location,Positive,
496,2,True,Food,Positive,
496,3,True,Staff,Positive,
496,3,True,Location,Positive,
496,3,True,Food,Positive,
496,3,True,Staff,Positive,
496,3,True,Location,Positive,
496,3,True,Food,Positive,
497,1,True,Room,Positive,
497,1,True,Staff,Positive,
497,1,True,Location,Positive,
497,1,True,Food,Positive,
497,1,True,Room,Positive,
497,1,True,Staff,Positive,
497,1,True,Location,Positive,
497,1,True,Food,Positive,
497,2,True,Room,Positive,
497,2,True,Staff,Positive,
497,2,True,Location,Positive,
497,2,True,Food,Positive,
497,2,True,Room,Positive,
497,2,True,Staff,Positive,
497,2,True,Location,Positive,
497,2,True,Food,Positive,
497,3,True,Room,Positive,
497,3,True,Staff,Positive,
497,3,True,Location,Positive,
497,3,True,Food,Positive,
497,3,True,Room,Positive,
497,3,True,Staff,Positive,
497,3,True,Location,Positive,
497,3,True,Food,Positive,
498,1,True,Staff,Positive,
498,1,True,Location,Negative,
498,1,True,Staff,Positive,
498,1,True,Location,Negative,
498,2,True,Staff,Positive,
498,2,True,Location,Negative,
498,2,True,Staff,Positive,
498,2,True,Location,Negative,
498,3,True,Staff,Positive,
498,3,True,Location,Negative,
498,3,True,Staff,Positive,
498,3,True,Location,Negative,
499,1,True,Room,Positive,
499,1,True,Staff,Positive,
499,1,True,Location,Positive,
499,1,True,Room,Positive,
499,1,True,Staff,Positive,
499,1,True,Location,Positive,
499,2,True,Room,Positive,
499,2,True,Staff,Positive,
499,2,True,Location,Positive,
499,2,True,Room,Positive,
499,2,True,Staff,Positive,
499,2,True,Location,Positive,
499,3,True,Room,Positive,
499,3,True,Staff,Positive,
499,3,True,Location,Positive,
499,3,True,Room,Positive,
499,3,True,Staff,Positive,
499,3,True,Location,Positive,
500,1,True,Location,Negative,
500,1,True,Location,Negative,
500,2,True,Location,Negative,
500,2,True,Location,Negative,
500,3,True,Location,Negative,
500,3,True,Location,Negative,
501,1,False,Room,Positive,
501,1,False,Staff,null,
501,1,False,Location,Positive,
501,1,False,Food,Negative,
501,1,False,Room,Positive,
501,1,False,Staff,null,
501,1,False,Location,Positive,
501,1,False,Food,Negative,
501,2,False,Room,Positive,
501,2,False,Staff,null,
501,2,False,Location,Positive,
501,2,False,Food,Negative,
501,2,False,Room,Positive,
501,2,False,Staff,null,
501,2,False,Location,Positive,
501,2,False,Food,Negative,
501,3,False,Room,Positive,
501,3,False,Staff,null,
501,3,False,Location,Positive,
501,3,False,Food,Negative,
501,3,False,Room,Positive,
501,3,False,Staff,null,
501,3,False,Location,Positive,
501,3,False,Food,Negative,
502,1,True,Staff,Positive,
502,1,True,Staff,Positive,
502,2,True,Staff,Positive,
502,2,True,Staff,Positive,
502,3,True,Staff,Positive,
502,3,True,Staff,Positive,
503,1,True,Room,Positive,
503,1,True,Staff,Positive,
503,1,True,Location,Negative,
503,1,True,Room,Positive,
503,1,True,Staff,Positive,
503,1,True,Location,Negative,
503,2,True,Room,Positive,
503,2,True,Staff,Positive,
503,2,True,Location,Negative,
503,2,True,Room,Positive,
503,2,True,Staff,Positive,
503,2,True,Location,Negative,
503,3,True,Room,Positive,
503,3,True,Staff,Positive,
503,3,True,Location,Negative,
503,3,True,Room,Positive,
503,3,True,Staff,Positive,
503,3,True,Location,Negative,
504,1,True,Staff,Positive,
504,1,True,Staff,Positive,
504,2,True,Staff,Positive,
504,2,True,Staff,Positive,
504,3,True,Staff,Positive,
504,3,True,Staff,Positive,
505,1,True,Room,Positive,
505,1,True,Staff,Positive,
505,1,True,Location,Positive,
505,1,True,Price,Negative,
505,1,True,Room,Positive,
505,1,True,Staff,Positive,
505,1,True,Location,Positive,
505,1,True,Price,Negative,
505,2,True,Room,Positive,
505,2,True,Staff,Positive,
505,2,True,Location,Positive,
505,2,True,Price,Negative,
505,2,True,Room,Positive,
505,2,True,Staff,Positive,
505,2,True,Location,Positive,
505,2,True,Price,Negative,
505,3,True,Room,Positive,
505,3,True,Staff,Positive,
505,3,True,Location,Positive,
505,3,True,Price,Negative,
505,3,True,Room,Positive,
505,3,True,Staff,Positive,
505,3,True,Location,Positive,
505,3,True,Price,Negative,
506,1,True,Location,Positive,
506,1,True,Location,Positive,
506,2,True,Location,Positive,
506,2,True,Location,Positive,
506,3,True,Location,Positive,
506,3,True,Location,Positive,
507,1,True,Room,Positive,
507,1,True,Staff,Positive,
507,1,True,Room,Positive,
507,1,True,Staff,Positive,
507,2,True,Room,Positive,
507,2,True,Staff,Positive,
507,2,True,Room,Positive,
507,2,True,Staff,Positive,
507,3,True,Room,Positive,
507,3,True,Staff,Positive,
507,3,True,Room,Positive,
507,3,True,Staff,Positive,
508,1,False,Room,null,
508,1,False,Staff,Negative,
508,1,False,Location,null,
508,1,False,Food,null,
508,1,False,Price,Negative,
508,1,False,Facility,null,
508,1,False,Check-in,null,
508,1,False,Check-out,null,
508,1,False,Off,null,
508,1,False,Booking-issue,null,
508,1,False,Taxi-issue,null,
508,1,False,Room,null,
508,1,False,Staff,Negative,
508,1,False,Location,null,
508,1,False,Food,null,
508,1,False,Price,Negative,
508,1,False,Facility,null,
508,1,False,Check-in,null,
508,1,False,Check-out,null,
508,1,False,Off,null,
508,1,False,Booking-issue,null,
508,1,False,Taxi-issue,null,
508,2,False,Room,null,
508,2,False,Staff,Negative,
508,2,False,Location,null,
508,2,False,Food,null,
508,2,False,Price,Negative,
508,2,False,Facility,null,
508,2,False,Check-in,null,
508,2,False,Check-out,null,
508,2,False,Off,null,
508,2,False,Booking-issue,null,
508,2,False,Taxi-issue,null,
508,2,False,Room,null,
508,2,False,Staff,Negative,
508,2,False,Location,null,
508,2,False,Food,null,
508,2,False,Price,Negative,
508,2,False,Facility,null,
508,2,False,Check-in,null,
508,2,False,Check-out,null,
508,2,False,Off,null,
508,2,False,Booking-issue,null,
508,2,False,Taxi-issue,null,
508,3,False,Room,null,
508,3,False,Staff,Negative,
508,3,False,Location,null,
508,3,False,Food,null,
508,3,False,Price,Negative,
508,3,False,Facility,null,
508,3,False,Check-in,null,
508,3,False,Check-out,null,
508,3,False,Off,null,
508,3,False,Booking-issue,null,
508,3,False,Taxi-issue,null,
508,3,False,Room,null,
508,3,False,Staff,Negative,
508,3,False,Location,null,
508,3,False,Food,null,
508,3,False,Price,Negative,
508,3,False,Facility,null,
508,3,False,Check-in,null,
508,3,False,Check-out,null,
508,3,False,Off,null,
508,3,False,Booking-issue,null,
508,3,False,Taxi-issue,null,
509,1,True,Staff,Positive,
509,1,True,Facility,Positive,
509,1,True,Staff,Positive,
509,1,True,Facility,Positive,
509,2,True,Staff,Positive,
509,2,True,Facility,Positive,
509,2,True,Staff,Positive,
509,2,True,Facility,Positive,
509,3,True,Staff,Positive,
509,3,True,Facility,Positive,
509,3,True,Staff,Positive,
509,3,True,Facility,Positive,
510,1,False,Room,Negative,
510,1,False,Staff,null,
510,1,False,Location,Positive,
510,1,False,Price,Negative,
510,1,False,Room,Negative,
510,1,False,Staff,null,
510,1,False,Location,Positive,
510,1,False,Price,Negative,
510,2,False,Room,Negative,
510,2,False,Staff,null,
510,2,False,Location,Positive,
510,2,False,Price,Negative,
510,2,False,Room,Negative,
510,2,False,Staff,null,
510,2,False,Location,Positive,
510,2,False,Price,Negative,
510,3,False,Room,Negative,
510,3,False,Staff,null,
510,3,False,Location,Positive,
510,3,False,Price,Negative,
510,3,False,Room,Negative,
510,3,False,Staff,null,
510,3,False,Location,Positive,
510,3,False,Price,Negative,
511,1,True,Staff,Negative,
511,1,True,Staff,Negative,
511,2,True,Staff,Negative,
511,2,True,Staff,Negative,
511,3,True,Staff,Negative,
511,3,True,Staff,Negative,
512,1,False,Room,Positive,
512,1,False,Staff,Negative,
512,1,False,Location,null,
512,1,False,Room,Positive,
512,1,False,Staff,Negative,
512,1,False,Location,null,
512,2,False,Room,Positive,
512,2,False,Staff,Negative,
512,2,False,Location,null,
512,2,False,Room,Positive,
512,2,False,Staff,Negative,
512,2,False,Location,null,
512,3,False,Room,Positive,
512,3,False,Staff,Negative,
512,3,False,Location,null,
512,3,False,Room,Positive,
512,3,False,Staff,Negative,
512,3,False,Location,null,
513,1,True,Room,Negative,
513,1,True,Staff,Positive,
513,1,True,Location,Positive,
513,1,True,Room,Negative,
513,1,True,Staff,Positive,
513,1,True,Location,Positive,
513,2,True,Room,Negative,
513,2,True,Staff,Positive,
513,2,True,Location,Positive,
513,2,True,Room,Negative,
513,2,True,Staff,Positive,
513,2,True,Location,Positive,
513,3,True,Room,Negative,
513,3,True,Staff,Positive,
513,3,True,Location,Positive,
513,3,True,Room,Negative,
513,3,True,Staff,Positive,
513,3,True,Location,Positive,
514,1,True,Staff,Negative,
514,1,True,Staff,Negative,
514,2,True,Staff,Negative,
514,2,True,Staff,Negative,
514,3,True,Staff,Negative,
514,3,True,Staff,Negative,
515,1,True,Location,Positive,
515,1,True,Staff,Positive,
515,1,True,Location,Positive,
515,1,True,Staff,Positive,
515,2,True,Location,Positive,
515,2,True,Staff,Positive,
515,2,True,Location,Positive,
515,2,True,Staff,Positive,
515,3,True,Location,Positive,
515,3,True,Staff,Positive,
515,3,True,Location,Positive,
515,3,True,Staff,Positive,
516,1,True,Staff,Negative,
516,1,True,Staff,Negative,
516,2,True,Staff,Negative,
516,2,True,Staff,Negative,
516,3,True,Staff,Negative,
516,3,True,Staff,Negative,
517,1,True,Staff,Negative,
517,1,True,Staff,Positive,
517,2,True,Staff,Positive,
517,2,True,Staff,Positive,
517,3,True,Staff,Positive,
517,3,True,Staff,Positive,
518,1,False,Off,null,
518,1,False,Off,null,
518,2,False,Off,null,
518,2,False,Off,null,
518,3,False,Off,null,
518,3,False,Off,null,
519,1,True,Staff,Positive,
519,1,True,Location,Positive,
519,1,True,Staff,Positive,
519,1,True,Location,Positive,
519,1,True,Food,Positive,
519,2,True,Staff,Positive,
519,2,True,Location,Positive,
519,2,True,Food,Positive,
519,2,True,Staff,Positive,
519,2,True,Location,Positive,
519,2,True,Food,Positive,
519,3,True,Staff,Positive,
519,3,True,Location,Positive,
519,3,True,Food,Positive,
519,3,True,Staff,Positive,
519,3,True,Location,Positive,
519,3,True,Food,Positive,
521,1,True,Room,Positive,
521,1,True,Staff,Positive,
521,1,True,Room,Positive,
521,1,True,Staff,Positive,
521,2,True,Room,Positive,
521,2,True,Staff,Positive,
521,2,True,Room,Positive,
521,2,True,Staff,Positive,
521,3,True,Room,Positive,
521,3,True,Staff,Positive,
521,3,True,Room,Positive,
521,3,True,Staff,Positive,
522,1,True,Staff,Negative,
522,1,True,Staff,Positive,
522,2,True,Staff,Positive,
522,2,True,Staff,Positive,
522,3,True,Staff,Positive,
522,3,True,Staff,Positive,
523,1,True,Staff,Positive,
523,1,True,Staff,Positive,
523,2,True,Staff,Positive,
523,2,True,Staff,Positive,
523,3,True,Staff,Positive,
523,3,True,Staff,Positive,
524,1,True,Staff,Positive,
524,1,True,Location,Positive,
524,1,True,Food,Negative,
524,1,True,Price,Negative,
524,1,True,Staff,Positive,
524,1,True,Location,Positive,
524,1,True,Food,Negative,
524,1,True,Price,Negative,
524,2,True,Staff,Positive,
524,2,True,Location,Positive,
524,2,True,Food,Negative,
524,2,True,Price,Negative,
524,2,True,Staff,Positive,
524,2,True,Location,Positive,
524,2,True,Food,Negative,
524,2,True,Price,Negative,
524,3,True,Staff,Positive,
524,3,True,Location,Positive,
524,3,True,Food,Negative,
524,3,True,Price,Negative,
524,3,True,Staff,Positive,
524,3,True,Location,Positive,
524,3,True,Food,Negative,
524,3,True,Price,Negative,
525,1,False,Room,null,
525,1,False,Staff,Negative,
525,1,False,Location,null,
525,1,False,Price,Negative,
525,1,False,Room,null,
525,1,False,Staff,Negative,
525,1,False,Location,null,
525,1,False,Price,Negative,
525,2,False,Room,null,
525,2,False,Staff,Negative,
525,2,False,Location,null,
525,2,False,Price,Negative,
525,2,False,Room,null,
525,2,False,Staff,Negative,
525,2,False,Location,null,
525,2,False,Price,Negative,
525,3,False,Room,null,
525,3,False,Staff,Negative,
525,3,False,Location,null,
525,3,False,Price,Negative,
525,3,False,Room,null,
525,3,False,Staff,Negative,
525,3,False,Location,null,
525,3,False,Price,Negative,
526,1,True,Staff,Positive,
526,1,True,Location,Positive,
526,1,True,Staff,Positive,
526,1,True,Location,Positive,
526,2,True,Staff,Positive,
526,2,True,Location,Positive,
526,2,True,Staff,Positive,
526,2,True,Location,Positive,
526,3,True,Staff,Positive,
526,3,True,Location,Positive,
526,3,True,Staff,Positive,
526,3,True,Location,Positive,
527,1,True,Staff,Positive,
527,1,True,Location,Positive,
527,1,True,Price,Negative,
527,1,True,Staff,Positive,
527,1,True,Location,Positive,
527,1,True,Price,Negative,
527,2,True,Staff,Positive,
527,2,True,Location,Positive,
527,2,True,Price,Negative,
527,2,True,Staff,Positive,
527,2,True,Location,Positive,
527,2,True,Price,Negative,
527,3,True,Staff,Positive,
527,3,True,Location,Positive,
527,3,True,Price,Negative,
527,3,True,Staff,Positive,
527,3,True,Location,Positive,
527,3,True,Price,Negative,
528,1,True,Room,Positive,
528,1,True,Staff,Negative,
528,1,True,Location,Positive,
528,1,True,Room,Positive,
528,1,True,Staff,Negative,
528,1,True,Location,Positive,
528,2,True,Room,Positive,
528,2,True,Staff,Negative,
528,2,True,Location,Positive,
528,2,True,Room,Positive,
528,2,True,Staff,Negative,
528,2,True,Location,Positive,
528,3,True,Room,Positive,
528,3,True,Staff,Negative,
528,3,True,Location,Positive,
528,3,True,Room,Positive,
528,3,True,Staff,Negative,
528,3,True,Location,Positive,
529,1,False,Cleanliness/Towels,Positive,
529,1,False,Design/Furniture,Positive,
529,1,False,Staff,Negative,
529,1,False,Soundproofing,Negative,
529,1,False,Balcony furniture set,Negative,
529,1,False,Set of shampoo etc. for the bathroom,Negative,
529,1,False,Cleanliness/Towels,Positive,
529,1,False,Design/Furniture,Positive,
529,1,False,Staff,Negative,
529,1,False,Soundproofing,Negative,
529,1,False,Balcony furniture set,Negative,
529,1,False,Set of shampoo etc. for the bathroom,Negative,
529,2,False,Cleanliness/Towels,Positive,
529,2,False,Design/Furniture,Positive,
529,2,False,Staff,Negative,
529,2,False,Soundproofing,Negative,
529,2,False,Balcony furniture set,Negative,
529,2,False,Set of shampoo etc. for the bathroom,Negative,
529,2,False,Cleanliness/Towels,Positive,
529,2,False,Design/Furniture,Positive,
529,2,False,Staff,Negative,
529,2,False,Soundproofing,Negative,
529,2,False,Balcony furniture set,Negative,
529,2,False,Set of shampoo etc. for the bathroom,Negative,
529,3,False,Cleanliness/Towels,Positive,
529,3,False,Design/Furniture,Positive,
529,3,False,Staff,Negative,
529,3,False,Soundproofing,Negative,
529,3,False,Balcony furniture set,Negative,
529,3,False,Set of shampoo etc. for the bathroom,Negative,
529,3,False,Cleanliness/Towels,Positive,
529,3,False,Design/Furniture,Positive,
529,3,False,Staff,Negative,
529,3,False,Soundproofing,Negative,
529,3,False,Balcony furniture set,Negative,
529,3,False,Set of shampoo etc. for the bathroom,Negative,
530,1,True,Room,Positive,
530,1,True,Staff,Positive,
530,1,True,Location,Positive,
530,1,True,Room,Positive,
530,1,True,Staff,Positive,
530,1,True,Location,Positive,
530,2,True,Room,Positive,
530,2,True,Staff,Positive,
530,2,True,Location,Positive,
530,2,True,Room,Positive,
530,2,True,Staff,Positive,
530,2,True,Location,Positive,
530,3,True,Room,Positive,
530,3,True,Staff,Positive,
530,3,True,Location,Positive,
530,3,True,Room,Positive,
530,3,True,Staff,Positive,
530,3,True,Location,Positive,
531,1,True,Room,Positive,
531,1,True,Staff,Positive,
531,1,True,Location,Positive,
531,1,True,Room,Positive,
531,1,True,Staff,Positive,
531,1,True,Location,Positive,
531,2,True,Room,Positive,
531,2,True,Staff,Positive,
531,2,True,Location,Positive,
531,2,True,Room,Positive,
531,2,True,Staff,Positive,
531,2,True,Location,Positive,
531,3,True,Room,Positive,
531,3,True,Staff,Positive,
531,3,True,Location,Positive,
531,3,True,Room,Positive,
531,3,True,Staff,Positive,
531,3,True,Location,Positive,
532,1,False,Room,Positive,
532,1,False,Staff,null,
532,1,False,Location,Positive,
532,1,False,Room,Positive,
532,1,False,Staff,null,
532,1,False,Location,Positive,
532,2,False,Room,Positive,
532,2,False,Staff,null,
532,2,False,Location,Positive,
532,2,False,Room,Positive,
532,2,False,Staff,null,
532,2,False,Location,Positive,
532,3,False,Room,Positive,
532,3,False,Staff,null,
532,3,False,Location,Positive,
532,3,False,Room,Positive,
532,3,False,Staff,null,
532,3,False,Location,Positive,
533,1,True,Staff,Positive,
533,1,True,Food,Positive,
533,1,True,Staff,Positive,
533,1,True,Food,Positive,
533,2,True,Staff,Positive,
533,2,True,Food,Positive,
533,2,True,Staff,Positive,
533,2,True,Food,Positive,
533,3,True,Staff,Positive,
533,3,True,Food,Positive,
533,3,True,Staff,Positive,
533,3,True,Food,Positive,
534,1,True,Staff,Negative,
534,1,True,Food,Positive,
534,1,True,Staff,Negative,
534,1,True,Food,Positive,
534,2,True,Staff,Negative,
534,2,True,Food,Positive,
534,2,True,Staff,Negative,
534,2,True,Food,Positive,
534,3,True,Staff,Negative,
534,3,True,Food,Positive,
534,3,True,Staff,Negative,
534,3,True,Food,Positive,
535,1,True,Room,Positive,
535,1,True,Staff,Positive,
535,1,True,Location,Negative,
535,1,True,Room,Positive,
535,1,True,Staff,Positive,
535,1,True,Location,Negative,
535,2,True,Room,Positive,
535,2,True,Staff,Positive,
535,2,True,Location,Negative,
535,2,True,Room,Positive,
535,2,True,Staff,Positive,
535,2,True,Location,Negative,
535,3,True,Room,Positive,
535,3,True,Staff,Positive,
535,3,True,Location,Negative,
535,3,True,Room,Positive,
535,3,True,Staff,Positive,
535,3,True,Location,Negative,
536,1,True,Staff,Positive,
536,1,True,Location,Positive,
536,1,True,Food,Negative,
536,1,True,Staff,Positive,
536,1,True,Location,Positive,
536,1,True,Food,Negative,
536,2,True,Staff,Positive,
536,2,True,Location,Positive,
536,2,True,Food,Negative,
536,2,True,Staff,Positive,
536,2,True,Location,Positive,
536,2,True,Food,Negative,
536,3,True,Staff,Positive,
536,3,True,Location,Positive,
536,3,True,Food,Negative,
536,3,True,Staff,Positive,
536,3,True,Location,Positive,
536,3,True,Food,Negative,
537,1,False,Off,null,
537,1,False,Off,null,
537,2,False,Off,null,
537,2,False,Off,null,
537,3,False,Off,null,
537,3,False,Off,null,
538,1,True,Room,Positive,
538,1,True,Location,Positive,
538,1,True,Price,Negative,
538,1,True,Check-in,Positive,
538,1,True,Room,Positive,
538,1,True,Location,Positive,
538,1,True,Price,Negative,
538,1,True,Check-in,Positive,
538,2,True,Room,Positive,
538,2,True,Location,Positive,
538,2,True,Price,Negative,
538,2,True,Check-in,Positive,
538,2,True,Room,Positive,
538,2,True,Location,Positive,
538,2,True,Price,Negative,
538,2,True,Check-in,Positive,
538,3,True,Room,Positive,
538,3,True,Location,Positive,
538,3,True,Price,Negative,
538,3,True,Check-in,Positive,
538,3,True,Room,Positive,
538,3,True,Location,Positive,
538,3,True,Price,Negative,
538,3,True,Check-in,Positive,
539,1,True,Staff,Positive,
539,1,True,Staff,Positive,
539,2,True,Staff,Positive,
539,2,True,Staff,Positive,
539,3,True,Staff,Positive,
539,3,True,Staff,Positive,
540,1,False,Location,Positive,
540,1,False,Staff,Positive,
540,1,False,Room,Negative,
540,1,False,Location,Positive,
540,1,False,Staff,Positive,
540,1,False,Room,Negative,
540,2,False,Location,Positive,
540,2,False,Staff,Positive,
540,2,False,Room,Negative,
540,2,False,Location,Positive,
540,2,False,Staff,Positive,
540,2,False,Room,Negative,
540,3,False,Location,Positive,
540,3,False,Staff,Positive,
540,3,False,Room,Negative,
540,3,False,Location,Positive,
540,3,False,Staff,Positive,
540,3,False,Room,Negative,
541,1,True,Staff,Positive,
541,1,True,Location,Positive,
541,1,True,Staff,Positive,
541,1,True,Location,Positive,
541,2,True,Staff,Positive,
541,2,True,Location,Positive,
541,2,True,Staff,Positive,
541,2,True,Location,Positive,
541,3,True,Staff,Positive,
541,3,True,Location,Positive,
541,3,True,Staff,Positive,
541,3,True,Location,Positive,
542,1,True,Staff,Positive,
542,1,True,Location,Positive,
542,1,True,Staff,Positive,
542,1,True,Location,Positive,
542,2,True,Staff,Positive,
542,2,True,Location,Positive,
542,2,True,Staff,Positive,
542,2,True,Location,Positive,
542,3,True,Staff,Positive,
542,3,True,Location,Positive,
542,3,True,Staff,Positive,
542,3,True,Location,Positive,
543,1,False,Room,Negative,
543,1,False,Staff,null,
543,1,False,Location,null,
543,1,False,Room,Negative,
543,1,False,Staff,null,
543,1,False,Location,Negative,
543,2,False,Room,Negative,
543,2,False,Staff,null,
543,2,False,Location,Negative,
543,2,False,Room,Negative,
543,2,False,Staff,null,
543,2,False,Location,Negative,
543,3,False,Room,Negative,
543,3,False,Staff,null,
543,3,False,Location,Negative,
543,3,False,Room,Negative,
543,3,False,Staff,null,
543,3,False,Location,Negative,
544,1,True,Staff,Negative,
544,1,True,Staff,Negative,
544,2,True,Staff,Negative,
544,2,True,Staff,Negative,
544,3,True,Staff,Negative,
544,3,True,Staff,Negative,
545,1,True,Food,Negative,
545,1,True,Food,Negative,
545,2,True,Food,Negative,
545,2,True,Food,Negative,
545,3,True,Food,Negative,
545,3,True,Food,Negative,
546,1,True,Location,Positive,
546,1,True,Check-in,Positive,
546,1,True,Location,Positive,
546,1,True,Check-in,Positive,
546,2,True,Location,Positive,
546,2,True,Check-in,Positive,
546,2,True,Location,Positive,
546,2,True,Check-in,Positive,
546,3,True,Location,Positive,
546,3,True,Check-in,Positive,
546,3,True,Location,Positive,
546,3,True,Check-in,Positive,
547,1,True,Room,Positive,
547,1,True,Location,Positive,
547,1,True,Taxi-issue,Negative,
547,1,True,Room,Positive,
547,1,True,Location,Positive,
547,1,True,Taxi-issue,Negative,
547,2,True,Room,Positive,
547,2,True,Location,Positive,
547,2,True,Taxi-issue,Negative,
547,2,True,Room,Positive,
547,2,True,Location,Positive,
547,2,True,Taxi-issue,Negative,
547,3,True,Room,Positive,
547,3,True,Location,Positive,
547,3,True,Taxi-issue,Negative,
547,3,True,Room,Positive,
547,3,True,Location,Positive,
547,3,True,Taxi-issue,Negative,
548,1,True,Food,Negative,
548,1,True,Food,Negative,
548,2,True,Food,Negative,
548,2,True,Food,Negative,
548,3,True,Food,Negative,
548,3,True,Food,Negative,
549,1,True,Staff,Positive,
549,1,True,Location,Positive,
549,1,True,Staff,Positive,
549,1,True,Location,Positive,
549,2,True,Staff,Positive,
549,2,True,Location,Positive,
549,2,True,Staff,Positive,
549,2,True,Location,Positive,
549,3,True,Staff,Positive,
549,3,True,Location,Positive,
549,3,True,Staff,Positive,
549,3,True,Location,Positive,
550,1,True,Room,Positive,
550,1,True,Staff,Positive,
550,1,True,Price,Negative,
550,1,True,Room,Positive,
550,1,True,Staff,Negative,
550,2,True,Room,Positive,
550,2,True,Staff,Negative,
550,2,True,Room,Positive,
550,2,True,Staff,Negative,
550,3,True,Room,Positive,
550,3,True,Staff,Negative,
550,3,True,Room,Positive,
550,3,True,Staff,Negative,
551,1,True,Staff,Positive,
551,1,True,Location,Positive,
551,1,True,Staff,Positive,
551,1,True,Location,Positive,
551,2,True,Staff,Positive,
551,2,True,Location,Positive,
551,2,True,Staff,Positive,
551,2,True,Location,Positive,
551,3,True,Staff,Positive,
551,3,True,Location,Positive,
551,3,True,Staff,Positive,
551,3,True,Location,Positive,
552,1,True,Room,Positive,
552,1,True,Staff,Negative,
552,1,True,Location,Positive,
552,1,True,Room,Positive,
552,1,True,Staff,Negative,
552,1,True,Location,Positive,
552,2,True,Room,Positive,
552,2,True,Staff,Negative,
552,2,True,Location,Positive,
552,2,True,Room,Positive,
552,2,True,Staff,Negative,
552,2,True,Location,Positive,
552,3,True,Room,Positive,
552,3,True,Staff,Negative,
552,3,True,Location,Positive,
552,3,True,Room,Positive,
552,3,True,Staff,Negative,
552,3,True,Location,Positive,
553,1,True,Room,Positive,
553,1,True,Staff,Positive,
553,1,True,Room,Positive,
553,1,True,Staff,Positive,
553,2,True,Room,Positive,
553,2,True,Staff,Positive,
553,2,True,Room,Positive,
553,2,True,Staff,Positive,
553,3,True,Room,Positive,
553,3,True,Staff,Positive,
553,3,True,Room,Positive,
553,3,True,Staff,Positive,
554,1,True,Room,Positive,
554,1,True,Staff,Negative,
554,1,True,Location,Positive,
554,1,True,Room,Positive,
554,1,True,Staff,Negative,
554,1,True,Location,Positive,
554,2,True,Room,Positive,
554,2,True,Staff,Negative,
554,2,True,Location,Positive,
554,2,True,Room,Positive,
554,2,True,Staff,Negative,
554,2,True,Location,Positive,
554,3,True,Room,Positive,
554,3,True,Staff,Negative,
554,3,True,Location,Positive,
554,3,True,Room,Positive,
554,3,True,Staff,Negative,
554,3,True,Location,Positive,
555,1,True,Room,Positive,
555,1,True,Staff,Positive,
555,1,True,Location,Positive,
555,1,True,Room,Positive,
555,1,True,Staff,Positive,
555,1,True,Location,Positive,
555,2,True,Room,Positive,
555,2,True,Staff,Positive,
555,2,True,Location,Positive,
555,2,True,Room,Positive,
555,2,True,Staff,Positive,
555,2,True,Location,Positive,
555,3,True,Room,Positive,
555,3,True,Staff,Positive,
555,3,True,Location,Positive,
555,3,True,Room,Positive,
555,3,True,Staff,Positive,
555,3,True,Location,Positive,
556,1,False,Room,Positive,
556,1,False,Staff,null,
556,1,False,Location,Positive,
556,1,False,Price,Negative,
556,1,False,Room,Positive,
556,1,False,Staff,null,
556,1,False,Location,Positive,
556,1,False,Price,Negative,
556,2,False,Room,Positive,
556,2,False,Staff,null,
556,2,False,Location,Positive,
556,2,False,Price,Negative,
556,2,False,Room,Positive,
556,2,False,Staff,null,
556,2,False,Location,Positive,
556,2,False,Price,Negative,
556,3,False,Room,Positive,
556,3,False,Staff,null,
556,3,False,Location,Positive,
556,3,False,Price,Negative,
556,3,False,Room,Positive,
556,3,False,Staff,null,
556,3,False,Location,Positive,
556,3,False,Price,Negative,
557,1,True,Staff,Negative,
557,1,True,Food,Negative,
557,1,True,Price,Negative,
557,1,True,Staff,Negative,
557,1,True,Food,Negative,
557,1,True,Price,Negative,
557,2,True,Staff,Negative,
557,2,True,Food,Negative,
557,2,True,Price,Negative,
557,2,True,Staff,Negative,
557,2,True,Food,Negative,
557,2,True,Price,Negative,
557,3,True,Staff,Negative,
557,3,True,Food,Negative,
557,3,True,Price,Negative,
557,3,True,Staff,Negative,
557,3,True,Food,Negative,
557,3,True,Price,Negative,
558,1,True,Staff,Negative,
558,1,True,Staff,Negative,
558,2,True,Staff,Negative,
558,2,True,Staff,Negative,
558,3,True,Staff,Negative,
558,3,True,Staff,Negative,
559,1,True,Staff,Negative,
559,1,True,Staff,Negative,
559,2,True,Staff,Negative,
559,2,True,Staff,Negative,
559,3,True,Staff,Negative,
559,3,True,Staff,Negative,
560,1,True,Location,Positive,
560,1,True,Location,Positive,
560,2,True,Location,Positive,
560,2,True,Location,Positive,
560,3,True,Location,Positive,
560,3,True,Location,Positive,
561,1,True,Staff,Negative,
561,1,True,Staff,Negative,
561,2,True,Staff,Negative,
561,2,True,Staff,Negative,
561,3,True,Staff,Negative,
561,3,True,Staff,Negative,
562,1,True,Room,Positive,
562,1,True,Location,Positive,
562,1,True,Food,Negative,
562,1,True,Room,Positive,
562,1,True,Location,Positive,
562,2,True,Room,Positive,
562,2,True,Location,Positive,
562,2,True,Room,Positive,
562,2,True,Location,Positive,
562,3,True,Room,Positive,
562,3,True,Location,Positive,
562,3,True,Room,Positive,
562,3,True,Location,Positive,
564,1,True,Room,Positive,
564,1,True,Staff,Positive,
564,1,True,Room,Positive,
564,1,True,Staff,Positive,
564,2,True,Room,Positive,
564,2,True,Staff,Positive,
564,2,True,Room,Positive,
564,2,True,Staff,Positive,
564,3,True,Room,Positive,
564,3,True,Staff,Positive,
564,3,True,Room,Positive,
564,3,True,Staff,Positive,
565,1,False,Location,Positive,
565,1,False,Staff,Positive,
565,1,False,Food,Positive,
565,1,False,Location,Positive,
565,1,False,Staff,Positive,
565,1,False,Food,Positive,
565,2,False,Location,Positive,
565,2,False,Staff,Positive,
565,2,False,Food,Positive,
565,2,False,Location,Positive,
565,2,False,Staff,Positive,
565,2,False,Food,Positive,
565,3,False,Location,Positive,
565,3,False,Staff,Positive,
565,3,False,Food,Positive,
565,3,False,Location,Positive,
565,3,False,Staff,Positive,
565,3,False,Food,Positive,
566,1,True,Staff,Positive,
566,1,True,Location,Positive,
566,1,True,Staff,Positive,
566,1,True,Location,Positive,
566,2,True,Staff,Positive,
566,2,True,Location,Positive,
566,2,True,Staff,Positive,
566,2,True,Location,Positive,
566,3,True,Staff,Positive,
566,3,True,Location,Positive,
566,3,True,Staff,Positive,
566,3,True,Location,Positive,
567,1,True,Staff,Positive,
567,1,True,Staff,Positive,
567,2,True,Staff,Positive,
567,2,True,Staff,Positive,
567,3,True,Staff,Positive,
567,3,True,Staff,Positive,
568,1,True,Staff,Positive,
568,1,True,Location,Positive,
568,1,True,Price,Negative,
568,1,True,Off,Negative,
568,1,True,Taxi-issue,Negative,
568,1,True,Staff,Positive,
568,1,True,Location,Positive,
568,1,True,Price,Negative,
568,1,True,Off,Negative,
568,1,True,Taxi-issue,Negative,
568,2,True,Staff,Positive,
568,2,True,Location,Positive,
568,2,True,Price,Negative,
568,2,True,Off,Negative,
568,2,True,Taxi-issue,Negative,
568,2,True,Staff,Positive,
568,2,True,Location,Positive,
568,2,True,Price,Negative,
568,2,True,Off,Negative,
568,2,True,Taxi-issue,Negative,
568,3,True,Staff,Positive,
568,3,True,Location,Positive,
568,3,True,Price,Negative,
568,3,True,Off,Negative,
568,3,True,Taxi-issue,Negative,
568,3,True,Staff,Positive,
568,3,True,Location,Positive,
568,3,True,Price,Negative,
568,3,True,Off,Negative,
568,3,True,Taxi-issue,Negative,
569,1,True,Staff,Positive,
569,1,True,Location,Positive,
569,1,True,Staff,Positive,
569,1,True,Location,Positive,
569,2,True,Staff,Positive,
569,2,True,Location,Positive,
569,2,True,Staff,Positive,
569,2,True,Location,Positive,
569,3,True,Staff,Positive,
569,3,True,Location,Positive,
569,3,True,Staff,Positive,
569,3,True,Location,Positive,
570,1,True,Staff,Negative,
570,1,True,Staff,Negative,
570,2,True,Staff,Negative,
570,2,True,Staff,Negative,
570,3,True,Staff,Negative,
570,3,True,Staff,Negative,
571,1,False,Room,Positive,
571,1,False,Staff,null,
571,1,False,Location,Positive,
571,1,False,Food,Positive,
571,1,False,Price,null,
571,1,False,Facility,null,
571,1,False,Check-in,null,
571,1,False,Check-out,null,
571,1,False,Off,null,
571,1,False,Booking-issue,null,
571,1,False,Taxi-issue,null,
571,1,False,Room,Positive,
571,1,False,Staff,null,
571,1,False,Location,Positive,
571,1,False,Food,Positive,
571,1,False,Price,null,
571,1,False,Facility,null,
571,1,False,Check-in,null,
571,1,False,Check-out,null,
571,1,False,Off,null,
571,1,False,Booking-issue,null,
571,1,False,Taxi-issue,null,
571,2,False,Room,Positive,
571,2,False,Staff,null,
571,2,False,Location,Positive,
571,2,False,Food,Positive,
571,2,False,Price,null,
571,2,False,Facility,null,
571,2,False,Check-in,null,
571,2,False,Check-out,null,
571,2,False,Off,null,
571,2,False,Booking-issue,null,
571,2,False,Taxi-issue,null,
571,2,False,Room,Positive,
571,2,False,Staff,null,
571,2,False,Location,Positive,
571,2,False,Food,Positive,
571,2,False,Price,null,
571,2,False,Facility,null,
571,2,False,Check-in,null,
571,2,False,Check-out,null,
571,2,False,Off,null,
571,2,False,Booking-issue,null,
571,2,False,Taxi-issue,null,
571,3,False,Room,Positive,
571,3,False,Staff,null,
571,3,False,Location,Positive,
571,3,False,Food,Positive,
571,3,False,Price,null,
571,3,False,Facility,null,
571,3,False,Check-in,null,
571,3,False,Check-out,null,
571,3,False,Off,null,
571,3,False,Booking-issue,null,
571,3,False,Taxi-issue,null,
571,3,False,Room,Positive,
571,3,False,Staff,null,
571,3,False,Location,Positive,
571,3,False,Food,Positive,
571,3,False,Price,null,
571,3,False,Facility,null,
571,3,False,Check-in,null,
571,3,False,Check-out,null,
571,3,False,Off,null,
571,3,False,Booking-issue,null,
571,3,False,Taxi-issue,null,
572,1,False,Room,null,
572,1,False,Staff,Positive,
572,1,False,Location,null,
572,1,False,Food,null,
572,1,False,Price,null,
572,1,False,Facility,null,
572,1,False,Check-in,null,
572,1,False,Check-out,null,
572,1,False,Off,null,
572,1,False,Booking-issue,null,
572,1,False,Taxi-issue,Negative,
572,1,False,Room,null,
572,1,False,Staff,Positive,
572,1,False,Location,null,
572,1,False,Food,null,
572,1,False,Price,null,
572,1,False,Facility,null,
572,1,False,Check-in,null,
572,1,False,Check-out,null,
572,1,False,Off,null,
572,1,False,Booking-issue,null,
572,1,False,Taxi-issue,Negative,
572,2,False,Room,null,
572,2,False,Staff,Positive,
572,2,False,Location,null,
572,2,False,Food,null,
572,2,False,Price,null,
572,2,False,Facility,null,
572,2,False,Check-in,null,
572,2,False,Check-out,null,
572,2,False,Off,null,
572,2,False,Booking-issue,null,
572,2,False,Taxi-issue,Negative,
572,2,False,Room,null,
572,2,False,Staff,Positive,
572,2,False,Location,null,
572,2,False,Food,null,
572,2,False,Price,null,
572,2,False,Facility,null,
572,2,False,Check-in,null,
572,2,False,Check-out,null,
572,2,False,Off,null,
572,2,False,Booking-issue,null,
572,2,False,Taxi-issue,Negative,
572,3,False,Room,null,
572,3,False,Staff,Positive,
572,3,False,Location,null,
572,3,False,Food,null,
572,3,False,Price,null,
572,3,False,Facility,null,
572,3,False,Check-in,null,
572,3,False,Check-out,null,
572,3,False,Off,null,
572,3,False,Booking-issue,null,
572,3,False,Taxi-issue,Negative,
572,3,False,Room,null,
572,3,False,Staff,Positive,
572,3,False,Location,null,
572,3,False,Food,null,
572,3,False,Price,null,
572,3,False,Facility,null,
572,3,False,Check-in,null,
572,3,False,Check-out,null,
572,3,False,Off,null,
572,3,False,Booking-issue,null,
572,3,False,Taxi-issue,Negative,
573,1,True,Room,Negative,
573,1,True,Room,Positive,
573,1,True,Off,Negative,
573,2,True,Room,Positive,
573,2,True,Off,Negative,
573,2,True,Room,Positive,
573,2,True,Off,Negative,
573,3,True,Room,Positive,
573,3,True,Off,Negative,
573,3,True,Room,Positive,
573,3,True,Off,Negative,
574,1,True,Staff,Negative,
574,1,True,Staff,Negative,
574,2,True,Staff,Negative,
574,2,True,Staff,Negative,
574,3,True,Staff,Negative,
574,3,True,Staff,Negative,
575,1,True,Staff,Positive,
575,1,True,Staff,Positive,
575,2,True,Staff,Positive,
575,2,True,Staff,Positive,
575,3,True,Staff,Positive,
575,3,True,Staff,Positive,
576,1,True,Staff,Positive,
576,1,True,Food,Positive,
576,1,True,Price,Negative,
576,1,True,Staff,Positive,
576,1,True,Food,Positive,
576,1,True,Price,Negative,
576,2,True,Staff,Positive,
576,2,True,Food,Positive,
576,2,True,Price,Negative,
576,2,True,Staff,Positive,
576,2,True,Food,Positive,
576,2,True,Price,Negative,
576,3,True,Staff,Positive,
576,3,True,Food,Positive,
576,3,True,Price,Negative,
576,3,True,Staff,Positive,
576,3,True,Food,Positive,
576,3,True,Price,Negative,
577,1,False,Room,null,
577,1,False,Staff,null,
577,1,False,Location,null,
577,1,False,Food,null,
577,1,False,Price,null,
577,1,False,Facility,null,
577,1,False,Check-in,null,
577,1,False,Check-out,null,
577,1,False,Off,null,
577,1,False,Booking-issue,null,
577,1,False,Taxi-issue,null,
577,1,False,Room,null,
577,1,False,Staff,null,
577,1,False,Location,null,
577,1,False,Food,null,
577,1,False,Price,null,
577,1,False,Facility,null,
577,1,False,Check-in,null,
577,1,False,Check-out,null,
577,1,False,Off,null,
577,1,False,Booking-issue,null,
577,1,False,Taxi-issue,null,
577,2,False,Room,null,
577,2,False,Staff,null,
577,2,False,Location,null,
577,2,False,Food,null,
577,2,False,Price,null,
577,2,False,Facility,null,
577,2,False,Check-in,null,
577,2,False,Check-out,null,
577,2,False,Off,null,
577,2,False,Booking-issue,null,
577,2,False,Taxi-issue,null,
577,2,False,Room,null,
577,2,False,Staff,null,
577,2,False,Location,null,
577,2,False,Food,null,
577,2,False,Price,null,
577,2,False,Facility,null,
577,2,False,Check-in,null,
577,2,False,Check-out,null,
577,2,False,Off,null,
577,2,False,Booking-issue,null,
577,2,False,Taxi-issue,null,
577,3,False,Room,null,
577,3,False,Staff,null,
577,3,False,Location,null,
577,3,False,Food,null,
577,3,False,Price,null,
577,3,False,Facility,null,
577,3,False,Check-in,null,
577,3,False,Check-out,null,
577,3,False,Off,null,
577,3,False,Booking-issue,null,
577,3,False,Taxi-issue,null,
577,3,False,Room,null,
577,3,False,Staff,null,
577,3,False,Location,null,
577,3,False,Food,null,
577,3,False,Price,null,
577,3,False,Facility,null,
577,3,False,Check-in,null,
577,3,False,Check-out,null,
577,3,False,Off,null,
577,3,False,Booking-issue,null,
577,3,False,Taxi-issue,null,
578,1,True,Room,Positive,
578,1,True,Staff,Positive,
578,1,True,Food,Negative,
578,1,True,Price,Negative,
578,1,True,Check-in,Positive,
578,1,True,Room,Positive,
578,1,True,Staff,Positive,
578,1,True,Food,Negative,
578,1,True,Price,Negative,
578,1,True,Check-in,Positive,
578,2,True,Room,Positive,
578,2,True,Staff,Positive,
578,2,True,Food,Negative,
578,2,True,Price,Negative,
578,2,True,Check-in,Positive,
578,2,True,Room,Positive,
578,2,True,Staff,Positive,
578,2,True,Food,Negative,
578,2,True,Price,Negative,
578,2,True,Check-in,Positive,
578,3,True,Room,Positive,
578,3,True,Staff,Positive,
578,3,True,Food,Negative,
578,3,True,Price,Negative,
578,3,True,Check-in,Positive,
578,3,True,Room,Positive,
578,3,True,Staff,Positive,
578,3,True,Food,Negative,
578,3,True,Price,Negative,
578,3,True,Check-in,Positive,
579,1,True,Location,Positive,
579,1,True,Location,Positive,
579,2,True,Location,Positive,
579,2,True,Location,Positive,
579,3,True,Location,Positive,
579,3,True,Location,Positive,
580,1,True,Staff,Positive,
580,1,True,Price,Negative,
580,1,True,Staff,Positive,
580,1,True,Price,Negative,
580,2,True,Staff,Positive,
580,2,True,Price,Negative,
580,2,True,Staff,Positive,
580,2,True,Price,Negative,
580,3,True,Staff,Positive,
580,3,True,Price,Negative,
580,3,True,Staff,Positive,
580,3,True,Price,Negative,
581,1,True,Staff,Positive,
581,1,True,Location,Positive,
581,1,True,Price,Negative,
581,1,True,Staff,Positive,
581,1,True,Location,Positive,
581,1,True,Price,Negative,
581,2,True,Staff,Positive,
581,2,True,Location,Positive,
581,2,True,Price,Negative,
581,2,True,Staff,Positive,
581,2,True,Location,Positive,
581,2,True,Price,Negative,
581,3,True,Staff,Positive,
581,3,True,Location,Positive,
581,3,True,Price,Negative,
581,3,True,Staff,Positive,
581,3,True,Location,Positive,
581,3,True,Price,Negative,
582,1,True,Room,Positive,
582,1,True,Staff,Negative,
582,1,True,Room,Positive,
582,1,True,Staff,Negative,
582,2,True,Room,Positive,
582,2,True,Staff,Negative,
582,2,True,Room,Positive,
582,2,True,Staff,Negative,
582,3,True,Room,Positive,
582,3,True,Staff,Negative,
582,3,True,Room,Positive,
582,3,True,Staff,Negative,
583,1,False,Room,Negative,
583,1,False,Staff,null,
583,1,False,Location,null,
583,1,False,Price,null,
583,1,False,Facility,null,
583,1,False,Check-in,null,
583,1,False,Check-out,null,
583,1,False,Off,null,
583,1,False,Booking-issue,null,
583,1,False,Taxi-issue,null,
583,1,False,Room,Negative,
583,1,False,Staff,null,
583,1,False,Location,null,
583,1,False,Price,null,
583,1,False,Facility,null,
583,1,False,Check-in,null,
583,1,False,Check-out,null,
583,1,False,Off,null,
583,1,False,Booking-issue,null,
583,1,False,Taxi-issue,null,
583,2,False,Room,Negative,
583,2,False,Staff,null,
583,2,False,Location,null,
583,2,False,Price,null,
583,2,False,Facility,null,
583,2,False,Check-in,null,
583,2,False,Check-out,null,
583,2,False,Off,null,
583,2,False,Booking-issue,null,
583,2,False,Taxi-issue,null,
583,2,False,Room,Negative,
583,2,False,Staff,null,
583,2,False,Location,null,
583,2,False,Price,null,
583,2,False,Facility,null,
583,2,False,Check-in,null,
583,2,False,Check-out,null,
583,2,False,Off,null,
583,2,False,Booking-issue,null,
583,2,False,Taxi-issue,null,
583,3,False,Room,Negative,
583,3,False,Staff,null,
583,3,False,Location,null,
583,3,False,Price,null,
583,3,False,Facility,null,
583,3,False,Check-in,null,
583,3,False,Check-out,null,
583,3,False,Off,null,
583,3,False,Booking-issue,null,
583,3,False,Taxi-issue,null,
583,3,False,Room,Negative,
583,3,False,Staff,null,
583,3,False,Location,null,
583,3,False,Price,null,
583,3,False,Facility,null,
583,3,False,Check-in,null,
583,3,False,Check-out,null,
583,3,False,Off,null,
583,3,False,Booking-issue,null,
583,3,False,Taxi-issue,null,
584,1,True,Staff,Positive,
584,1,True,Staff,Positive,
584,2,True,Staff,Positive,
584,2,True,Staff,Positive,
584,3,True,Staff,Positive,
584,3,True,Staff,Positive,
585,1,True,Staff,Positive,
585,1,True,Staff,Positive,
585,2,True,Staff,Positive,
585,2,True,Staff,Positive,
585,3,True,Staff,Positive,
585,3,True,Staff,Positive,
586,1,False,Room,null,
586,1,False,Staff,Positive,
586,1,False,Location,Positive,
586,1,False,Room,null,
586,1,False,Staff,Positive,
586,1,False,Location,Positive,
586,2,False,Room,null,
586,2,False,Staff,Positive,
586,2,False,Location,Positive,
586,2,False,Room,null,
586,2,False,Staff,Positive,
586,2,False,Location,Positive,
586,3,False,Room,null,
586,3,False,Staff,Positive,
586,3,False,Location,Positive,
586,3,False,Room,null,
586,3,False,Staff,Positive,
586,3,False,Location,Positive,
587,1,True,Staff,Positive,
587,1,True,Location,Positive,
587,1,True,Staff,Positive,
587,1,True,Location,Positive,
587,2,True,Staff,Positive,
587,2,True,Location,Positive,
587,2,True,Staff,Positive,
587,2,True,Location,Positive,
587,3,True,Staff,Positive,
587,3,True,Location,Positive,
587,3,True,Staff,Positive,
587,3,True,Location,Positive,
588,1,True,Location,Positive,
588,1,True,Location,Positive,
588,2,True,Location,Positive,
588,2,True,Location,Positive,
588,3,True,Location,Positive,
588,3,True,Location,Positive,
589,1,True,Room,Positive,
589,1,True,Staff,Positive,
589,1,True,Location,Negative,
589,1,False,Room,Positive,
589,1,False,Staff,Positive,
589,1,False,Location,null,
589,2,False,Room,Positive,
589,2,False,Staff,Positive,
589,2,False,Location,null,
589,2,False,Room,Positive,
589,2,False,Staff,Positive,
589,2,False,Location,null,
589,3,False,Room,Positive,
589,3,False,Staff,Positive,
589,3,False,Location,null,
589,3,False,Room,Positive,
589,3,False,Staff,Positive,
589,3,False,Location,null,
590,1,False,Room,Positive,
590,1,False,Staff,Positive,
590,1,False,Location,null,
590,1,False,Price,Negative,
590,1,True,Room,Positive,
590,1,True,Staff,Positive,
590,1,True,Location,Positive,
590,1,True,Price,Negative,
590,2,True,Room,Positive,
590,2,True,Staff,Positive,
590,2,True,Location,Positive,
590,2,True,Price,Negative,
590,2,True,Room,Positive,
590,2,True,Staff,Positive,
590,2,True,Location,Positive,
590,2,True,Price,Negative,
590,3,True,Room,Positive,
590,3,True,Staff,Positive,
590,3,True,Location,Positive,
590,3,True,Price,Negative,
590,3,True,Room,Positive,
590,3,True,Staff,Positive,
590,3,True,Location,Positive,
590,3,True,Price,Negative,
591,1,True,Food,Negative,
591,1,True,Food,Negative,
591,2,True,Food,Negative,
591,2,True,Food,Negative,
591,3,True,Food,Negative,
591,3,True,Food,Negative,
592,1,True,Staff,Negative,
592,1,True,Staff,Negative,
592,2,True,Staff,Negative,
592,2,True,Staff,Negative,
592,3,True,Staff,Negative,
592,3,True,Staff,Negative,
593,1,True,Staff,Positive,
593,1,True,Food,Positive,
593,1,True,Staff,Positive,
593,1,True,Food,Positive,
593,2,True,Staff,Positive,
593,2,True,Food,Positive,
593,2,True,Staff,Positive,
593,2,True,Food,Positive,
593,3,True,Staff,Positive,
593,3,True,Food,Positive,
593,3,True,Staff,Positive,
593,3,True,Food,Positive,
594,1,False,Room,Negative,
594,1,False,Staff,Positive,
594,1,False,Location,null,
594,1,False,Food,Positive,
594,1,False,Price,null,
594,1,False,Facility,null,
594,1,False,Check-in,null,
594,1,False,Check-out,null,
594,1,False,Off,null,
594,1,False,Booking-issue,null,
594,1,False,Taxi-issue,null,
594,1,False,Room,Negative,
594,1,False,Staff,Positive,
594,1,False,Location,null,
594,1,False,Food,Positive,
594,1,False,Price,null,
594,1,False,Facility,null,
594,1,False,Check-in,null,
594,1,False,Check-out,null,
594,1,False,Off,null,
594,1,False,Booking-issue,null,
594,1,False,Taxi-issue,null,
594,2,False,Room,Negative,
594,2,False,Staff,Positive,
594,2,False,Location,null,
594,2,False,Food,Positive,
594,2,False,Price,null,
594,2,False,Facility,null,
594,2,False,Check-in,null,
594,2,False,Check-out,null,
594,2,False,Off,null,
594,2,False,Booking-issue,null,
594,2,False,Taxi-issue,null,
594,2,False,Room,Negative,
594,2,False,Staff,Positive,
594,2,False,Location,null,
594,2,False,Food,Positive,
594,2,False,Price,null,
594,2,False,Facility,null,
594,2,False,Check-in,null,
594,2,False,Check-out,null,
594,2,False,Off,null,
594,2,False,Booking-issue,null,
594,2,False,Taxi-issue,null,
594,3,False,Room,Negative,
594,3,False,Staff,Positive,
594,3,False,Location,null,
594,3,False,Food,Positive,
594,3,False,Price,null,
594,3,False,Facility,null,
594,3,False,Check-in,null,
594,3,False,Check-out,null,
594,3,False,Off,null,
594,3,False,Booking-issue,null,
594,3,False,Taxi-issue,null,
594,3,False,Room,Negative,
594,3,False,Staff,Positive,
594,3,False,Location,null,
594,3,False,Food,Positive,
594,3,False,Price,null,
594,3,False,Facility,null,
594,3,False,Check-in,null,
594,3,False,Check-out,null,
594,3,False,Off,null,
594,3,False,Booking-issue,null,
594,3,False,Taxi-issue,null,
595,1,True,Food,Negative,
595,1,True,Price,Negative,
595,1,True,Food,Negative,
595,1,True,Price,Negative,
595,2,True,Food,Negative,
595,2,True,Price,Negative,
595,2,True,Food,Negative,
595,2,True,Price,Negative,
595,3,True,Food,Negative,
595,3,True,Price,Negative,
595,3,True,Food,Negative,
595,3,True,Price,Negative,
596,1,True,Room,Negative,
596,1,True,Price,Negative,
596,1,True,Room,Negative,
596,1,True,Price,Negative,
596,2,True,Room,Negative,
596,2,True,Price,Negative,
596,2,True,Room,Negative,
596,2,True,Price,Negative,
596,3,True,Room,Negative,
596,3,True,Price,Negative,
596,3,True,Room,Negative,
596,3,True,Price,Negative,
597,1,False,Room,Positive,
597,1,False,Staff,null,
597,1,False,Location,Positive,
597,1,False,Food,Positive,
597,1,False,Room,Positive,
597,1,False,Staff,null,
597,1,False,Location,Positive,
597,1,False,Food,Positive,
597,2,False,Room,Positive,
597,2,False,Staff,null,
597,2,False,Location,Positive,
597,2,False,Food,Positive,
597,2,False,Room,Positive,
597,2,False,Staff,null,
597,2,False,Location,Positive,
597,2,False,Food,Positive,
597,3,False,Room,Positive,
597,3,False,Staff,null,
597,3,False,Location,Positive,
597,3,False,Food,Positive,
597,3,False,Room,Positive,
597,3,False,Staff,null,
597,3,False,Location,Positive,
597,3,False,Food,Positive,
598,1,True,Staff,Positive,
598,1,True,Staff,Positive,
598,2,True,Staff,Positive,
598,2,True,Staff,Positive,
598,3,True,Staff,Positive,
598,3,True,Staff,Positive,
599,1,True,Room,Positive,
599,1,True,Staff,Positive,
599,1,True,Location,Positive,
599,1,True,Food,Positive,
599,1,True,Room,Positive,
599,1,True,Staff,Positive,
599,1,True,Location,Positive,
599,1,True,Food,Positive,
599,2,True,Room,Positive,
599,2,True,Staff,Positive,
599,2,True,Location,Positive,
599,2,True,Food,Positive,
599,2,True,Room,Positive,
599,2,True,Staff,Positive,
599,2,True,Location,Positive,
599,2,True,Food,Positive,
599,3,True,Room,Positive,
599,3,True,Staff,Positive,
599,3,True,Location,Positive,
599,3,True,Food,Positive,
599,3,True,Room,Positive,
599,3,True,Staff,Positive,
599,3,True,Location,Positive,
599,3,True,Food,Positive,
600,1,False,Room,Positive,
600,1,False,Staff,null,
600,1,False,Location,null,
600,1,False,Price,Negative,
600,1,False,Room,Positive,
600,1,False,Staff,null,
600,1,False,Location,null,
600,1,False,Price,Negative,
600,2,False,Room,Positive,
600,2,False,Staff,null,
600,2,False,Location,null,
600,2,False,Price,Negative,
600,2,False,Room,Positive,
600,2,False,Staff,null,
600,2,False,Location,null,
600,2,False,Price,Negative,
600,3,False,Room,Positive,
600,3,False,Staff,null,
600,3,False,Location,null,
600,3,False,Price,Negative,
600,3,False,Room,Positive,
600,3,False,Staff,null,
600,3,False,Location,null,
600,3,False,Price,Negative,
601,1,False,Room,null,
601,1,False,Staff,Negative,
601,1,False,Location,null,
601,1,False,Food,null,
601,1,False,Price,Negative,
601,1,False,Facility,null,
601,1,False,Check-in,null,
601,1,False,Check-out,null,
601,1,False,Off,null,
601,1,False,Booking-issue,null,
601,1,False,Taxi-issue,null,
601,1,False,Room,null,
601,1,False,Staff,Negative,
601,1,False,Location,null,
601,1,False,Food,null,
601,1,False,Price,Negative,
601,1,False,Facility,null,
601,1,False,Check-in,null,
601,1,False,Check-out,null,
601,1,False,Off,null,
601,1,False,Booking-issue,null,
601,1,False,Taxi-issue,null,
601,2,False,Room,null,
601,2,False,Staff,Negative,
601,2,False,Location,null,
601,2,False,Food,null,
601,2,False,Price,Negative,
601,2,False,Facility,null,
601,2,False,Check-in,null,
601,2,False,Check-out,null,
601,2,False,Off,null,
601,2,False,Booking-issue,null,
601,2,False,Taxi-issue,null,
601,2,False,Room,null,
601,2,False,Staff,Negative,
601,2,False,Location,null,
601,2,False,Food,null,
601,2,False,Price,Negative,
601,2,False,Facility,null,
601,2,False,Check-in,null,
601,2,False,Check-out,null,
601,2,False,Off,null,
601,2,False,Booking-issue,null,
601,2,False,Taxi-issue,null,
601,3,False,Room,null,
601,3,False,Staff,Negative,
601,3,False,Location,null,
601,3,False,Food,null,
601,3,False,Price,Negative,
601,3,False,Facility,null,
601,3,False,Check-in,null,
601,3,False,Check-out,null,
601,3,False,Off,null,
601,3,False,Booking-issue,null,
601,3,False,Taxi-issue,null,
601,3,False,Room,null,
601,3,False,Staff,Negative,
601,3,False,Location,null,
601,3,False,Food,null,
601,3,False,Price,Negative,
601,3,False,Facility,null,
601,3,False,Check-in,null,
601,3,False,Check-out,null,
601,3,False,Off,null,
601,3,False,Booking-issue,null,
601,3,False,Taxi-issue,null,
602,1,True,Staff,Positive,
602,1,True,Location,Positive,
602,1,True,Staff,Positive,
602,1,True,Location,Positive,
602,2,True,Staff,Positive,
602,2,True,Location,Positive,
602,2,True,Staff,Positive,
602,2,True,Location,Positive,
602,3,True,Staff,Positive,
602,3,True,Location,Positive,
602,3,True,Staff,Positive,
602,3,True,Location,Positive,
603,1,True,Room,Positive,
603,1,True,Staff,Positive,
603,1,True,Room,Positive,
603,1,True,Staff,Positive,
603,2,True,Room,Positive,
603,2,True,Staff,Positive,
603,2,True,Room,Positive,
603,2,True,Staff,Positive,
603,3,True,Room,Positive,
603,3,True,Staff,Positive,
603,3,True,Room,Positive,
603,3,True,Staff,Positive,
604,1,False,Room,null,
604,1,False,Staff,Negative,
604,1,False,Location,null,
604,1,False,Food,null,
604,1,False,Price,Negative,
604,1,False,Facility,null,
604,1,False,Check-in,null,
604,1,False,Check-out,null,
604,1,False,Off,null,
604,1,False,Booking-issue,null,
604,1,False,Taxi-issue,null,
604,1,False,Room,null,
604,1,False,Staff,Negative,
604,1,False,Location,null,
604,1,False,Food,null,
604,1,False,Price,Negative,
604,1,False,Facility,null,
604,1,False,Check-in,null,
604,1,False,Check-out,null,
604,1,False,Off,null,
604,1,False,Booking-issue,null,
604,1,False,Taxi-issue,null,
604,2,False,Room,null,
604,2,False,Staff,Negative,
604,2,False,Location,null,
604,2,False,Food,null,
604,2,False,Price,Negative,
604,2,False,Facility,null,
604,2,False,Check-in,null,
604,2,False,Check-out,null,
604,2,False,Off,null,
604,2,False,Booking-issue,null,
604,2,False,Taxi-issue,null,
604,2,False,Room,null,
604,2,False,Staff,Negative,
604,2,False,Location,null,
604,2,False,Food,null,
604,2,False,Price,Negative,
604,2,False,Facility,null,
604,2,False,Check-in,null,
604,2,False,Check-out,null,
604,2,False,Off,null,
604,2,False,Booking-issue,null,
604,2,False,Taxi-issue,null,
604,3,False,Room,null,
604,3,False,Staff,Negative,
604,3,False,Location,null,
604,3,False,Food,null,
604,3,False,Price,Negative,
604,3,False,Facility,null,
604,3,False,Check-in,null,
604,3,False,Check-out,null,
604,3,False,Off,null,
604,3,False,Booking-issue,null,
604,3,False,Taxi-issue,null,
604,3,False,Room,null,
604,3,False,Staff,Negative,
604,3,False,Location,null,
604,3,False,Food,null,
604,3,False,Price,Negative,
604,3,False,Facility,null,
604,3,False,Check-in,null,
604,3,False,Check-out,null,
604,3,False,Off,null,
604,3,False,Booking-issue,null,
604,3,False,Taxi-issue,null,
605,1,True,Staff,Positive,
605,1,True,Staff,Positive,
605,2,True,Staff,Positive,
605,2,True,Staff,Positive,
605,3,True,Staff,Positive,
605,3,True,Staff,Positive,
606,1,True,Staff,Positive,
606,1,True,Staff,Positive,
606,2,True,Staff,Positive,
606,2,True,Staff,Positive,
606,3,True,Staff,Positive,
606,3,True,Staff,Positive,
607,1,True,Room,Negative,
607,1,True,Staff,Positive,
607,1,True,Location,Positive,
607,1,True,Room,Negative,
607,1,True,Staff,Positive,
607,1,True,Location,Positive,
607,2,True,Room,Negative,
607,2,True,Staff,Positive,
607,2,True,Location,Positive,
607,2,True,Room,Negative,
607,2,True,Staff,Positive,
607,2,True,Location,Positive,
607,3,True,Room,Negative,
607,3,True,Staff,Positive,
607,3,True,Location,Positive,
607,3,True,Room,Negative,
607,3,True,Staff,Positive,
607,3,True,Location,Positive,
608,1,False,Room,Negative,
608,1,False,Staff,null,
608,1,False,Location,null,
608,1,False,Room,Negative,
608,1,False,Staff,null,
608,1,False,Location,null,
608,2,False,Room,Negative,
608,2,False,Staff,null,
608,2,False,Location,null,
608,2,False,Room,Negative,
608,2,False,Staff,null,
608,2,False,Location,null,
608,3,False,Room,Negative,
608,3,False,Staff,null,
608,3,False,Location,null,
608,3,False,Room,Negative,
608,3,False,Staff,null,
608,3,False,Location,null,
609,1,False,Room,Negative,
609,1,False,Staff,null,
609,1,False,Location,null,
609,1,False,Price,Negative,
609,1,False,Room,Negative,
609,1,False,Staff,null,
609,1,False,Location,null,
609,1,False,Price,Negative,
609,2,False,Room,Negative,
609,2,False,Staff,null,
609,2,False,Location,null,
609,2,False,Price,Negative,
609,2,False,Room,Negative,
609,2,False,Staff,null,
609,2,False,Location,null,
609,2,False,Price,Negative,
609,3,False,Room,Negative,
609,3,False,Staff,null,
609,3,False,Location,null,
609,3,False,Price,Negative,
609,3,False,Room,Negative,
609,3,False,Staff,null,
609,3,False,Location,null,
609,3,False,Price,Negative,
610,1,True,Staff,Positive,
610,1,True,Location,Positive,
610,1,True,Food,Positive,
610,1,True,Staff,Positive,
610,1,True,Location,Positive,
610,1,True,Food,Positive,
610,2,True,Staff,Positive,
610,2,True,Location,Positive,
610,2,True,Food,Positive,
610,2,True,Staff,Positive,
610,2,True,Location,Positive,
610,2,True,Food,Positive,
610,3,True,Staff,Positive,
610,3,True,Location,Positive,
610,3,True,Food,Positive,
610,3,True,Staff,Positive,
610,3,True,Location,Positive,
610,3,True,Food,Positive,
611,1,True,Room,Positive,
611,1,True,Staff,Negative,
611,1,True,Location,Positive,
611,1,True,Price,Negative,
611,1,True,Room,Positive,
611,1,True,Staff,Negative,
611,1,True,Location,Positive,
611,1,True,Price,Negative,
611,2,True,Room,Positive,
611,2,True,Staff,Negative,
611,2,True,Location,Positive,
611,2,True,Price,Negative,
611,2,True,Room,Positive,
611,2,True,Staff,Negative,
611,2,True,Location,Positive,
611,2,True,Price,Negative,
611,3,True,Room,Positive,
611,3,True,Staff,Negative,
611,3,True,Location,Positive,
611,3,True,Price,Negative,
611,3,True,Room,Positive,
611,3,True,Staff,Negative,
611,3,True,Location,Positive,
611,3,True,Price,Negative,
612,1,True,Room,Positive,
612,1,True,Staff,Positive,
612,1,True,Location,Positive,
612,1,True,Room,Positive,
612,1,True,Staff,Positive,
612,1,True,Location,Positive,
612,2,True,Room,Positive,
612,2,True,Staff,Positive,
612,2,True,Location,Positive,
612,2,True,Room,Positive,
612,2,True,Staff,Positive,
612,2,True,Location,Positive,
612,3,True,Room,Positive,
612,3,True,Staff,Positive,
612,3,True,Location,Positive,
612,3,True,Room,Positive,
612,3,True,Staff,Positive,
612,3,True,Location,Positive,
613,1,True,Room,Negative,
613,1,True,Staff,Positive,
613,1,True,Food,Positive,
613,1,True,Room,Negative,
613,1,True,Staff,Positive,
613,1,True,Food,Positive,
613,2,True,Room,Negative,
613,2,True,Staff,Positive,
613,2,True,Food,Positive,
613,2,True,Room,Negative,
613,2,True,Staff,Positive,
613,2,True,Food,Positive,
613,3,True,Room,Negative,
613,3,True,Staff,Positive,
613,3,True,Food,Positive,
613,3,True,Room,Negative,
613,3,True,Staff,Positive,
613,3,True,Food,Positive,
614,1,True,Room,Positive,
614,1,True,Staff,Positive,
614,1,True,Location,Positive,
614,1,True,Room,Positive,
614,1,True,Staff,Positive,
614,1,True,Location,Positive,
614,2,True,Room,Positive,
614,2,True,Staff,Positive,
614,2,True,Location,Positive,
614,2,True,Room,Positive,
614,2,True,Staff,Positive,
614,2,True,Location,Positive,
614,3,True,Room,Positive,
614,3,True,Staff,Positive,
614,3,True,Location,Positive,
614,3,True,Room,Positive,
614,3,True,Staff,Positive,
614,3,True,Location,Positive,
615,1,True,Staff,Positive,
615,1,True,Taxi-issue,Negative,
615,1,False,Room,null,
615,1,False,Staff,Positive,
615,1,False,Location,Positive,
615,1,False,Food,Negative,
615,1,False,Price,Negative,
615,1,False,Facility,null,
615,1,False,Check-in,null,
615,1,False,Check-out,null,
615,1,False,Off,null,
615,1,False,Booking-issue,null,
615,1,False,Taxi-issue,Negative,
615,2,False,Room,null,
615,2,False,Staff,Positive,
615,2,False,Location,Positive,
615,2,False,Food,Negative,
615,2,False,Price,Negative,
615,2,False,Facility,null,
615,2,False,Check-in,null,
615,2,False,Check-out,null,
615,2,False,Off,null,
615,2,False,Booking-issue,null,
615,2,False,Taxi-issue,Negative,
615,2,False,Room,null,
615,2,False,Staff,Positive,
615,2,False,Location,Positive,
615,2,False,Food,Negative,
615,2,False,Price,Negative,
615,2,False,Facility,null,
615,2,False,Check-in,null,
615,2,False,Check-out,null,
615,2,False,Off,null,
615,2,False,Booking-issue,null,
615,2,False,Taxi-issue,Negative,
615,3,False,Room,null,
615,3,False,Staff,Positive,
615,3,False,Location,Positive,
615,3,False,Food,Negative,
615,3,False,Price,Negative,
615,3,False,Facility,null,
615,3,False,Check-in,null,
615,3,False,Check-out,null,
615,3,False,Off,null,
615,3,False,Booking-issue,null,
615,3,False,Taxi-issue,Negative,
615,3,False,Room,null,
615,3,False,Staff,Positive,
615,3,False,Location,Positive,
615,3,False,Food,Negative,
615,3,False,Price,Negative,
615,3,False,Facility,null,
615,3,False,Check-in,null,
615,3,False,Check-out,null,
615,3,False,Off,null,
615,3,False,Booking-issue,null,
615,3,False,Taxi-issue,Negative,
616,1,True,Staff,Positive,
616,1,True,Location,Positive,
616,1,True,Staff,Positive,
616,1,True,Location,Positive,
616,2,True,Staff,Positive,
616,2,True,Location,Positive,
616,2,True,Staff,Positive,
616,2,True,Location,Positive,
616,3,True,Staff,Positive,
616,3,True,Location,Positive,
616,3,True,Staff,Positive,
616,3,True,Location,Positive,
617,1,True,Staff,Positive,
617,1,True,Location,Positive,
617,1,True,Staff,Positive,
617,1,True,Location,Positive,
617,2,True,Staff,Positive,
617,2,True,Location,Positive,
617,2,True,Staff,Positive,
617,2,True,Location,Positive,
617,3,True,Staff,Positive,
617,3,True,Location,Positive,
617,3,True,Staff,Positive,
617,3,True,Location,Positive,
618,1,False,Room,Negative,
618,1,False,Staff,null,
618,1,False,Location,Negative,
618,1,False,Food,null,
618,1,False,Price,null,
618,1,False,Facility,null,
618,1,False,Check-in,null,
618,1,False,Check-out,null,
618,1,False,Off,null,
618,1,False,Booking-issue,null,
618,1,False,Taxi-issue,null,
618,1,False,Room,Negative,
618,1,False,Staff,null,
618,1,False,Location,Negative,
618,1,False,Food,null,
618,1,False,Price,null,
618,1,False,Facility,null,
618,1,False,Check-in,null,
618,1,False,Check-out,null,
618,1,False,Off,null,
618,1,False,Booking-issue,null,
618,1,False,Taxi-issue,null,
618,2,False,Room,Negative,
618,2,False,Staff,null,
618,2,False,Location,Negative,
618,2,False,Food,null,
618,2,False,Price,null,
618,2,False,Facility,null,
618,2,False,Check-in,null,
618,2,False,Check-out,null,
618,2,False,Off,null,
618,2,False,Booking-issue,null,
618,2,False,Taxi-issue,null,
618,2,False,Room,Negative,
618,2,False,Staff,null,
618,2,False,Location,Negative,
618,2,False,Food,null,
618,2,False,Price,null,
618,2,False,Facility,null,
618,2,False,Check-in,null,
618,2,False,Check-out,null,
618,2,False,Off,null,
618,2,False,Booking-issue,null,
618,2,False,Taxi-issue,null,
618,3,False,Room,Negative,
618,3,False,Staff,null,
618,3,False,Location,Negative,
618,3,False,Food,null,
618,3,False,Price,null,
618,3,False,Facility,null,
618,3,False,Check-in,null,
618,3,False,Check-out,null,
618,3,False,Off,null,
618,3,False,Booking-issue,null,
618,3,False,Taxi-issue,null,
618,3,False,Room,Negative,
618,3,False,Staff,null,
618,3,False,Location,Negative,
618,3,False,Food,null,
618,3,False,Price,null,
618,3,False,Facility,null,
618,3,False,Check-in,null,
618,3,False,Check-out,null,
618,3,False,Off,null,
618,3,False,Booking-issue,null,
618,3,False,Taxi-issue,null,
619,1,True,Staff,Positive,
619,1,True,Location,Positive,
619,1,True,Food,Negative,
619,1,True,Staff,Positive,
619,1,True,Location,Positive,
619,1,True,Food,Negative,
619,2,True,Staff,Positive,
619,2,True,Location,Positive,
619,2,True,Food,Negative,
619,2,True,Staff,Positive,
619,2,True,Location,Positive,
619,2,True,Food,Negative,
619,3,True,Staff,Positive,
619,3,True,Location,Positive,
619,3,True,Food,Negative,
619,3,True,Staff,Positive,
619,3,True,Location,Positive,
619,3,True,Food,Negative,
620,1,True,Room,Negative,
620,1,True,Staff,Positive,
620,1,True,Location,Positive,
620,1,True,Room,Negative,
620,1,True,Staff,Positive,
620,1,True,Location,Positive,
620,2,True,Room,Negative,
620,2,True,Staff,Positive,
620,2,True,Location,Positive,
620,2,True,Room,Negative,
620,2,True,Staff,Positive,
620,2,True,Location,Positive,
620,3,True,Room,Negative,
620,3,True,Staff,Positive,
620,3,True,Location,Positive,
620,3,True,Room,Negative,
620,3,True,Staff,Positive,
620,3,True,Location,Positive,
621,1,True,Staff,Positive,
621,1,True,Food,Negative,
621,1,True,Staff,Positive,
621,1,True,Food,Negative,
621,2,True,Staff,Positive,
621,2,True,Food,Negative,
621,2,True,Staff,Positive,
621,2,True,Food,Negative,
621,3,True,Staff,Positive,
621,3,True,Food,Negative,
621,3,True,Staff,Positive,
621,3,True,Food,Negative,
622,1,True,Staff,Positive,
622,1,True,Room,Positive,
622,1,True,Staff,Positive,
622,1,True,Room,Negative,
622,2,True,Staff,Positive,
622,2,True,Room,Negative,
622,2,True,Staff,Positive,
622,2,True,Room,Negative,
622,3,True,Staff,Positive,
622,3,True,Room,Negative,
622,3,True,Staff,Positive,
622,3,True,Room,Negative,
623,1,True,Location,Positive,
623,1,True,Location,Positive,
623,2,True,Location,Positive,
623,2,True,Location,Positive,
623,3,True,Location,Positive,
623,3,True,Location,Positive,
624,1,True,Room,Positive,
624,1,True,Staff,Positive,
624,1,True,Room,Positive,
624,1,True,Staff,Positive,
624,2,True,Room,Positive,
624,2,True,Staff,Positive,
624,2,True,Room,Positive,
624,2,True,Staff,Positive,
624,3,True,Room,Positive,
624,3,True,Staff,Positive,
624,3,True,Room,Positive,
624,3,True,Staff,Positive,
625,1,True,Location,Positive,
625,1,True,Location,Positive,
625,2,True,Location,Positive,
625,2,True,Location,Positive,
625,3,True,Location,Positive,
625,3,True,Location,Positive,
626,1,True,Room,Positive,
626,1,True,Staff,Positive,
626,1,True,Food,Positive,
626,1,True,Room,Positive,
626,1,True,Staff,Positive,
626,1,True,Food,Positive,
626,2,True,Room,Positive,
626,2,True,Staff,Positive,
626,2,True,Food,Positive,
626,2,True,Room,Positive,
626,2,True,Staff,Positive,
626,2,True,Food,Positive,
626,3,True,Room,Positive,
626,3,True,Staff,Positive,
626,3,True,Food,Positive,
626,3,True,Room,Positive,
626,3,True,Staff,Positive,
626,3,True,Food,Positive,
627,1,True,Staff,Positive,
627,1,True,Location,Negative,
627,1,True,Staff,Positive,
627,1,True,Location,Negative,
627,2,True,Staff,Positive,
627,2,True,Location,Negative,
627,2,True,Staff,Positive,
627,2,True,Location,Negative,
627,3,True,Staff,Positive,
627,3,True,Location,Negative,
627,3,True,Staff,Positive,
627,3,True,Location,Negative,
628,1,True,Room,Positive,
628,1,True,Staff,Positive,
628,1,True,Location,Positive,
628,1,True,Room,Positive,
628,1,True,Staff,Positive,
628,1,True,Location,Positive,
628,2,True,Room,Positive,
628,2,True,Staff,Positive,
628,2,True,Location,Positive,
628,2,True,Room,Positive,
628,2,True,Staff,Positive,
628,2,True,Location,Positive,
628,3,True,Room,Positive,
628,3,True,Staff,Positive,
628,3,True,Location,Positive,
628,3,True,Room,Positive,
628,3,True,Staff,Positive,
628,3,True,Location,Positive,
629,1,True,Staff,Positive,
629,1,True,Taxi-issue,Negative,
629,1,True,Staff,Positive,
629,1,True,Taxi-issue,Negative,
629,2,True,Staff,Positive,
629,2,True,Taxi-issue,Negative,
629,2,True,Staff,Positive,
629,2,True,Taxi-issue,Negative,
629,3,True,Staff,Positive,
629,3,True,Taxi-issue,Negative,
629,3,True,Staff,Positive,
629,3,True,Taxi-issue,Negative,
630,1,True,Staff,Positive,
630,1,True,Staff,Positive,
630,2,True,Staff,Positive,
630,2,True,Staff,Positive,
630,3,True,Staff,Positive,
630,3,True,Staff,Positive,
631,1,False,Room,Positive,
631,1,False,Staff,null,
631,1,False,Location,null,
631,1,False,Price,Negative,
631,1,False,Off,null,
631,1,False,Room,Positive,
631,1,False,Staff,null,
631,1,False,Location,null,
631,1,False,Price,Negative,
631,1,False,Off,null,
631,2,False,Room,Positive,
631,2,False,Staff,null,
631,2,False,Location,null,
631,2,False,Price,Negative,
631,2,False,Off,null,
631,2,False,Room,Positive,
631,2,False,Staff,null,
631,2,False,Location,null,
631,2,False,Price,Negative,
631,2,False,Off,null,
631,3,False,Room,Positive,
631,3,False,Staff,null,
631,3,False,Location,null,
631,3,False,Price,Negative,
631,3,False,Off,null,
631,3,False,Room,Positive,
631,3,False,Staff,null,
631,3,False,Location,null,
631,3,False,Price,Negative,
631,3,False,Off,null,
632,1,True,Room,Positive,
632,1,True,Staff,Negative,
632,1,True,Location,Positive,
632,1,True,Room,Positive,
632,1,True,Staff,Negative,
632,1,True,Location,Positive,
632,2,True,Room,Positive,
632,2,True,Staff,Negative,
632,2,True,Location,Positive,
632,2,True,Room,Positive,
632,2,True,Staff,Negative,
632,2,True,Location,Positive,
632,3,True,Room,Positive,
632,3,True,Staff,Negative,
632,3,True,Location,Positive,
632,3,True,Room,Positive,
632,3,True,Staff,Negative,
632,3,True,Location,Positive,
633,1,True,Staff,Positive,
633,1,True,Location,Positive,
633,1,True,Staff,Positive,
633,1,True,Location,Positive,
633,2,True,Staff,Positive,
633,2,True,Location,Positive,
633,2,True,Staff,Positive,
633,2,True,Location,Positive,
633,3,True,Staff,Positive,
633,3,True,Location,Positive,
633,3,True,Staff,Positive,
633,3,True,Location,Positive,
634,1,True,Staff,Negative,
634,1,True,Staff,Negative,
634,2,True,Staff,Negative,
634,2,True,Staff,Negative,
634,3,True,Staff,Negative,
634,3,True,Staff,Negative,
635,1,True,Staff,Positive,
635,1,True,Location,Positive,
635,1,True,Staff,Positive,
635,1,True,Location,Positive,
635,2,True,Staff,Positive,
635,2,True,Location,Positive,
635,2,True,Staff,Positive,
635,2,True,Location,Positive,
635,3,True,Staff,Positive,
635,3,True,Location,Positive,
635,3,True,Staff,Positive,
635,3,True,Location,Positive,
636,1,True,Staff,Positive,
636,1,True,Food,Positive,
636,1,True,Staff,Positive,
636,1,True,Food,Positive,
636,2,True,Staff,Positive,
636,2,True,Food,Positive,
636,2,True,Staff,Positive,
636,2,True,Food,Positive,
636,3,True,Staff,Positive,
636,3,True,Food,Positive,
636,3,True,Staff,Positive,
636,3,True,Food,Positive,
637,1,True,Staff,Positive,
637,1,True,Location,Positive,
637,1,True,Staff,Positive,
637,1,True,Location,Positive,
637,2,True,Staff,Positive,
637,2,True,Location,Positive,
637,2,True,Staff,Positive,
637,2,True,Location,Positive,
637,3,True,Staff,Positive,
637,3,True,Location,Positive,
637,3,True,Staff,Positive,
637,3,True,Location,Positive,
638,1,True,Location,Negative,
638,1,True,Room,Positive,
638,1,True,Staff,Positive,
638,1,False,Location,null,
638,1,False,Room,Negative,
638,1,False,Staff,Negative,
638,2,False,Location,null,
638,2,False,Room,Negative,
638,2,False,Staff,Negative,
638,2,False,Location,null,
638,2,False,Room,Negative,
638,2,False,Staff,Negative,
638,3,False,Location,null,
638,3,False,Room,Negative,
638,3,False,Staff,Negative,
638,3,False,Location,null,
638,3,False,Room,Negative,
638,3,False,Staff,Negative,
639,1,False,Room,Positive,
639,1,False,Staff,Positive,
639,1,False,Location,null,
639,1,False,Check-in,Positive,
639,1,False,Check-out,Positive,
639,1,False,Room,Positive,
639,1,False,Staff,Positive,
639,1,False,Location,null,
639,1,False,Check-in,Positive,
639,1,False,Check-out,Positive,
639,2,False,Room,Positive,
639,2,False,Staff,Positive,
639,2,False,Location,null,
639,2,False,Check-in,Positive,
639,2,False,Check-out,Positive,
639,2,False,Room,Positive,
639,2,False,Staff,Positive,
639,2,False,Location,null,
639,2,False,Check-in,Positive,
639,2,False,Check-out,Positive,
639,3,False,Room,Positive,
639,3,False,Staff,Positive,
639,3,False,Location,null,
639,3,False,Check-in,Positive,
639,3,False,Check-out,Positive,
639,3,False,Room,Positive,
639,3,False,Staff,Positive,
639,3,False,Location,null,
639,3,False,Check-in,Positive,
639,3,False,Check-out,Positive,
640,1,True,Staff,Positive,
640,1,True,Room,Positive,
640,1,True,Staff,Positive,
640,2,True,Room,Positive,
640,2,True,Staff,Positive,
640,2,True,Room,Positive,
640,2,True,Staff,Positive,
640,3,True,Room,Positive,
640,3,True,Staff,Positive,
640,3,True,Room,Positive,
640,3,True,Staff,Positive,
641,1,True,Room,Positive,
641,1,True,Staff,Positive,
641,1,True,Location,Positive,
641,1,True,Room,Positive,
641,1,True,Staff,Positive,
641,1,True,Location,Positive,
641,2,True,Room,Positive,
641,2,True,Staff,Positive,
641,2,True,Location,Positive,
641,2,True,Room,Positive,
641,2,True,Staff,Positive,
641,2,True,Location,Positive,
641,3,True,Room,Positive,
641,3,True,Staff,Positive,
641,3,True,Location,Positive,
641,3,True,Room,Positive,
641,3,True,Staff,Positive,
641,3,True,Location,Positive,
642,1,True,Staff,Positive,
642,1,True,Location,Positive,
642,1,True,Food,Positive,
642,1,True,Staff,Positive,
642,1,True,Location,Positive,
642,1,True,Food,Positive,
642,2,True,Staff,Positive,
642,2,True,Location,Positive,
642,2,True,Food,Positive,
642,2,True,Staff,Positive,
642,2,True,Location,Positive,
642,2,True,Food,Positive,
642,3,True,Staff,Positive,
642,3,True,Location,Positive,
642,3,True,Food,Positive,
642,3,True,Staff,Positive,
642,3,True,Location,Positive,
642,3,True,Food,Positive,
643,1,True,Staff,Positive,
643,1,True,Food,Negative,
643,1,True,Price,Negative,
643,1,True,Staff,Positive,
643,1,True,Food,Negative,
643,1,True,Price,Negative,
643,2,True,Staff,Positive,
643,2,True,Food,Negative,
643,2,True,Price,Negative,
643,2,True,Staff,Positive,
643,2,True,Food,Negative,
643,2,True,Price,Negative,
643,3,True,Staff,Positive,
643,3,True,Food,Negative,
643,3,True,Price,Negative,
643,3,True,Staff,Positive,
643,3,True,Food,Negative,
643,3,True,Price,Negative,
644,1,True,Room,Positive,
644,1,True,Staff,Positive,
644,1,True,Location,Positive,
644,1,True,Room,Positive,
644,1,True,Staff,Positive,
644,1,True,Location,Positive,
644,2,True,Room,Positive,
644,2,True,Staff,Positive,
644,2,True,Location,Positive,
644,2,True,Room,Positive,
644,2,True,Staff,Positive,
644,2,True,Location,Positive,
644,3,True,Room,Positive,
644,3,True,Staff,Positive,
644,3,True,Location,Positive,
644,3,True,Room,Positive,
644,3,True,Staff,Positive,
644,3,True,Location,Positive,
645,1,True,Staff,Negative,
645,1,True,Staff,Negative,
645,2,True,Staff,Negative,
645,2,True,Staff,Negative,
645,3,True,Staff,Negative,
645,3,True,Staff,Negative,
646,1,True,Room,Positive,
646,1,True,Staff,Positive,
646,1,True,Location,Positive,
646,1,True,Room,Positive,
646,1,True,Staff,Positive,
646,1,True,Location,Positive,
646,2,True,Room,Positive,
646,2,True,Staff,Positive,
646,2,True,Location,Positive,
646,2,True,Room,Positive,
646,2,True,Staff,Positive,
646,2,True,Location,Positive,
646,3,True,Room,Positive,
646,3,True,Staff,Positive,
646,3,True,Location,Positive,
646,3,True,Room,Positive,
646,3,True,Staff,Positive,
646,3,True,Location,Positive,
647,1,True,Staff,Negative,
647,1,True,Staff,Negative,
647,2,True,Staff,Negative,
647,2,True,Staff,Negative,
647,3,True,Staff,Negative,
647,3,True,Staff,Negative,
648,1,True,Staff,Positive,
648,1,True,Staff,Positive,
648,2,True,Staff,Positive,
648,2,True,Staff,Positive,
648,3,True,Staff,Positive,
648,3,True,Staff,Positive,
649,1,False,Room,Negative,
649,1,False,Staff,Positive,
649,1,False,Location,Positive,
649,1,False,Off,null,
649,1,True,Room,Positive,
649,1,True,Staff,Positive,
649,1,True,Location,Positive,
649,2,True,Room,Positive,
649,2,True,Staff,Positive,
649,2,True,Location,Positive,
649,2,True,Room,Positive,
649,2,True,Staff,Positive,
649,2,True,Location,Positive,
649,3,True,Room,Positive,
649,3,True,Staff,Positive,
649,3,True,Location,Positive,
649,3,True,Room,Positive,
649,3,True,Staff,Positive,
649,3,True,Location,Positive,
650,1,True,Room,Positive,
650,1,True,Staff,Positive,
650,1,True,Location,Positive,
650,1,True,Food,Negative,
650,1,True,Room,Positive,
650,1,True,Staff,Positive,
650,1,True,Location,Positive,
650,1,True,Food,Negative,
650,2,True,Room,Positive,
650,2,True,Staff,Positive,
650,2,True,Location,Positive,
650,2,True,Food,Negative,
650,2,True,Room,Positive,
650,2,True,Staff,Positive,
650,2,True,Location,Positive,
650,2,True,Food,Negative,
650,3,True,Room,Positive,
650,3,True,Staff,Positive,
650,3,True,Location,Positive,
650,3,True,Food,Negative,
650,3,True,Room,Positive,
650,3,True,Staff,Positive,
650,3,True,Location,Positive,
650,3,True,Food,Negative,
651,1,True,Staff,Positive,
651,1,True,Staff,Positive,
651,2,True,Staff,Positive,
651,2,True,Staff,Positive,
651,3,True,Staff,Positive,
651,3,True,Staff,Positive,
652,1,False,Room,Positive,
652,1,False,Staff,null,
652,1,False,Location,Positive,
652,1,True,Staff,Positive,
652,1,True,Location,Positive,
652,2,True,Staff,Positive,
652,2,True,Location,Positive,
652,2,True,Staff,Positive,
652,2,True,Location,Positive,
652,3,True,Staff,Positive,
652,3,True,Location,Positive,
652,3,True,Staff,Positive,
652,3,True,Location,Positive,
653,1,True,Staff,Positive,
653,1,True,Location,Positive,
653,1,True,Staff,Positive,
653,1,True,Location,Positive,
653,2,True,Staff,Positive,
653,2,True,Location,Positive,
653,2,True,Staff,Positive,
653,2,True,Location,Positive,
653,3,True,Staff,Positive,
653,3,True,Location,Positive,
653,3,True,Staff,Positive,
653,3,True,Location,Positive,
654,1,True,Room,Positive,
654,1,True,Staff,Positive,
654,1,True,Location,Positive,
654,1,True,Room,Positive,
654,1,True,Staff,Positive,
654,1,True,Location,Positive,
654,2,True,Room,Positive,
654,2,True,Staff,Positive,
654,2,True,Location,Positive,
654,2,True,Room,Positive,
654,2,True,Staff,Positive,
654,2,True,Location,Positive,
654,3,True,Room,Positive,
654,3,True,Staff,Positive,
654,3,True,Location,Positive,
654,3,True,Room,Positive,
654,3,True,Staff,Positive,
654,3,True,Location,Positive,
655,1,True,Room,Positive,
655,1,True,Staff,Positive,
655,1,True,Location,Negative,
655,1,True,Room,Positive,
655,1,True,Staff,Positive,
655,1,True,Location,Negative,
655,2,True,Room,Positive,
655,2,True,Staff,Positive,
655,2,True,Location,Negative,
655,2,True,Room,Positive,
655,2,True,Staff,Positive,
655,2,True,Location,Negative,
655,3,True,Room,Positive,
655,3,True,Staff,Positive,
655,3,True,Location,Negative,
655,3,True,Room,Positive,
655,3,True,Staff,Positive,
655,3,True,Location,Negative,
656,1,False,Room,null,
656,1,False,Staff,Negative,
656,1,False,Location,null,
656,1,False,Price,Negative,
656,1,False,Room,null,
656,1,False,Staff,Negative,
656,1,False,Location,null,
656,1,False,Price,null,
656,1,False,Off,null,
656,2,False,Room,null,
656,2,False,Staff,Negative,
656,2,False,Location,null,
656,2,False,Price,null,
656,2,False,Off,null,
656,2,False,Room,null,
656,2,False,Staff,Negative,
656,2,False,Location,null,
656,2,False,Price,null,
656,2,False,Off,null,
656,3,False,Room,null,
656,3,False,Staff,Negative,
656,3,False,Location,null,
656,3,False,Price,null,
656,3,False,Off,null,
656,3,False,Room,null,
656,3,False,Staff,Negative,
656,3,False,Location,null,
656,3,False,Price,null,
656,3,False,Off,null,
657,1,True,Room,Positive,
657,1,True,Staff,Negative,
657,1,True,Room,Positive,
657,1,True,Staff,Negative,
657,2,True,Room,Positive,
657,2,True,Staff,Negative,
657,2,True,Room,Positive,
657,2,True,Staff,Negative,
657,3,True,Room,Positive,
657,3,True,Staff,Negative,
657,3,True,Room,Positive,
657,3,True,Staff,Negative,
658,1,True,Staff,Positive,
658,1,True,Food,Negative,
658,1,True,Staff,Positive,
658,1,True,Food,Negative,
658,2,True,Staff,Positive,
658,2,True,Food,Negative,
658,2,True,Staff,Positive,
658,2,True,Food,Negative,
658,3,True,Staff,Positive,
658,3,True,Food,Negative,
658,3,True,Staff,Positive,
658,3,True,Food,Negative,
659,1,True,Room,Positive,
659,1,True,Staff,Negative,
659,1,True,Room,Positive,
659,1,True,Staff,Negative,
659,2,True,Room,Positive,
659,2,True,Staff,Negative,
659,2,True,Room,Positive,
659,2,True,Staff,Negative,
659,3,True,Room,Positive,
659,3,True,Staff,Negative,
659,3,True,Room,Positive,
659,3,True,Staff,Negative,
660,1,False,Room,Positive,
660,1,False,Staff,Positive,
660,1,False,Location,null,
660,1,False,Food,Positive,
660,1,False,Price,null,
660,1,False,Facility,null,
660,1,False,Check-in,Positive,
660,1,False,Check-out,Positive,
660,1,False,Room,Positive,
660,1,False,Staff,Positive,
660,1,False,Location,null,
660,1,False,Food,Positive,
660,1,False,Price,null,
660,1,False,Facility,null,
660,1,False,Check-in,Positive,
660,1,False,Check-out,Positive,
660,2,False,Room,Positive,
660,2,False,Staff,Positive,
660,2,False,Location,null,
660,2,False,Food,Positive,
660,2,False,Price,null,
660,2,False,Facility,null,
660,2,False,Check-in,Positive,
660,2,False,Check-out,Positive,
660,2,False,Room,Positive,
660,2,False,Staff,Positive,
660,2,False,Location,null,
660,2,False,Food,Positive,
660,2,False,Price,null,
660,2,False,Facility,null,
660,2,False,Check-in,Positive,
660,2,False,Check-out,Positive,
660,3,False,Room,Positive,
660,3,False,Staff,Positive,
660,3,False,Location,null,
660,3,False,Food,Positive,
660,3,False,Price,null,
660,3,False,Facility,null,
660,3,False,Check-in,Positive,
660,3,False,Check-out,Positive,
660,3,False,Room,Positive,
660,3,False,Staff,Positive,
660,3,False,Location,null,
660,3,False,Food,Positive,
660,3,False,Price,null,
660,3,False,Facility,null,
660,3,False,Check-in,Positive,
660,3,False,Check-out,Positive,
661,1,False,Room,Negative,
661,1,False,Staff,null,
661,1,False,Location,Positive,
661,1,True,Room,Negative,
661,1,True,Location,Positive,
661,1,True,Price,Negative,
661,2,True,Room,Negative,
661,2,True,Location,Positive,
661,2,True,Price,Negative,
661,2,True,Room,Negative,
661,2,True,Location,Positive,
661,2,True,Price,Negative,
661,3,True,Room,Negative,
661,3,True,Location,Positive,
661,3,True,Price,Negative,
661,3,True,Room,Negative,
661,3,True,Location,Positive,
661,3,True,Price,Negative,
662,1,True,Room,Positive,
662,1,True,Staff,Positive,
662,1,True,Location,Negative,
662,1,True,Room,Positive,
662,1,True,Staff,Positive,
662,1,True,Location,Negative,
662,2,True,Room,Positive,
662,2,True,Staff,Positive,
662,2,True,Location,Negative,
662,2,True,Room,Positive,
662,2,True,Staff,Positive,
662,2,True,Location,Negative,
662,3,True,Room,Positive,
662,3,True,Staff,Positive,
662,3,True,Location,Negative,
662,3,True,Room,Positive,
662,3,True,Staff,Positive,
662,3,True,Location,Negative,
663,1,False,Food,Positive,
663,1,False,Food,Positive,
663,2,False,Food,Positive,
663,2,False,Food,Positive,
663,3,False,Food,Positive,
663,3,False,Food,Positive,
664,1,True,Room,Negative,
664,1,True,Staff,Negative,
664,1,True,Room,Negative,
664,1,True,Staff,Negative,
664,2,True,Room,Negative,
664,2,True,Staff,Negative,
664,2,True,Room,Negative,
664,2,True,Staff,Negative,
664,3,True,Room,Negative,
664,3,True,Staff,Negative,
664,3,True,Room,Negative,
664,3,True,Staff,Negative,
665,1,False,Location,Positive,
665,1,False,Staff,Negative,
665,1,False,Food,Negative,
665,1,False,Location,Positive,
665,1,False,Staff,Negative,
665,1,False,Food,Negative,
665,2,False,Location,Positive,
665,2,False,Staff,Negative,
665,2,False,Food,Negative,
665,2,False,Location,Positive,
665,2,False,Staff,Negative,
665,2,False,Food,Negative,
665,3,False,Location,Positive,
665,3,False,Staff,Negative,
665,3,False,Food,Negative,
665,3,False,Location,Positive,
665,3,False,Staff,Negative,
665,3,False,Food,Negative,
666,1,True,Room,Negative,
666,1,True,Staff,Positive,
666,1,True,Location,Positive,
666,1,True,Room,Negative,
666,1,True,Staff,Positive,
666,1,True,Location,Positive,
666,2,True,Room,Negative,
666,2,True,Staff,Positive,
666,2,True,Location,Positive,
666,2,True,Room,Negative,
666,2,True,Staff,Positive,
666,2,True,Location,Positive,
666,3,True,Room,Negative,
666,3,True,Staff,Positive,
666,3,True,Location,Positive,
666,3,True,Room,Negative,
666,3,True,Staff,Positive,
666,3,True,Location,Positive,
667,1,True,Room,Positive,
667,1,True,Staff,Positive,
667,1,True,Location,Positive,
667,1,True,Room,Positive,
667,1,True,Staff,Positive,
667,1,True,Location,Negative,
667,2,True,Room,Positive,
667,2,True,Staff,Positive,
667,2,True,Location,Negative,
667,2,True,Room,Positive,
667,2,True,Staff,Positive,
667,2,True,Location,Negative,
667,3,True,Room,Positive,
667,3,True,Staff,Positive,
667,3,True,Location,Negative,
667,3,True,Room,Positive,
667,3,True,Staff,Positive,
667,3,True,Location,Negative,
668,1,False,Location,Negative,
668,1,False,Staff,null,
668,1,False,Location,Negative,
668,1,False,Staff,null,
668,2,False,Location,Negative,
668,2,False,Staff,null,
668,2,False,Location,Negative,
668,2,False,Staff,null,
668,3,False,Location,Negative,
668,3,False,Staff,null,
668,3,False,Location,Negative,
668,3,False,Staff,null,
669,1,False,Room,Positive,
669,1,False,Staff,null,
669,1,False,Location,null,
669,1,False,Food,Negative,
669,1,False,Price,Negative,
669,1,False,Facility,null,
669,1,False,Check-in,null,
669,1,False,Check-out,null,
669,1,False,Off,null,
669,1,False,Booking-issue,null,
669,1,False,Taxi-issue,null,
669,1,False,Room,Positive,
669,1,False,Staff,null,
669,1,False,Location,null,
669,1,False,Food,Negative,
669,1,False,Price,Negative,
669,1,False,Facility,null,
669,1,False,Check-in,null,
669,1,False,Check-out,null,
669,1,False,Off,null,
669,1,False,Booking-issue,null,
669,1,False,Taxi-issue,null,
669,2,False,Room,Positive,
669,2,False,Staff,null,
669,2,False,Location,null,
669,2,False,Food,Negative,
669,2,False,Price,Negative,
669,2,False,Facility,null,
669,2,False,Check-in,null,
669,2,False,Check-out,null,
669,2,False,Off,null,
669,2,False,Booking-issue,null,
669,2,False,Taxi-issue,null,
669,2,False,Room,Positive,
669,2,False,Staff,null,
669,2,False,Location,null,
669,2,False,Food,Negative,
669,2,False,Price,Negative,
669,2,False,Facility,null,
669,2,False,Check-in,null,
669,2,False,Check-out,null,
669,2,False,Off,null,
669,2,False,Booking-issue,null,
669,2,False,Taxi-issue,null,
669,3,False,Room,Positive,
669,3,False,Staff,null,
669,3,False,Location,null,
669,3,False,Food,Negative,
669,3,False,Price,Negative,
669,3,False,Facility,null,
669,3,False,Check-in,null,
669,3,False,Check-out,null,
669,3,False,Off,null,
669,3,False,Booking-issue,null,
669,3,False,Taxi-issue,null,
669,3,False,Room,Positive,
669,3,False,Staff,null,
669,3,False,Location,null,
669,3,False,Food,Negative,
669,3,False,Price,Negative,
669,3,False,Facility,null,
669,3,False,Check-in,null,
669,3,False,Check-out,null,
669,3,False,Off,null,
669,3,False,Booking-issue,null,
669,3,False,Taxi-issue,null,
670,1,True,Room,Negative,
670,1,True,Staff,Positive,
670,1,True,Location,Positive,
670,1,True,Room,Negative,
670,1,True,Staff,Positive,
670,1,True,Location,Positive,
670,2,True,Room,Negative,
670,2,True,Staff,Positive,
670,2,True,Location,Positive,
670,2,True,Room,Negative,
670,2,True,Staff,Positive,
670,2,True,Location,Positive,
670,3,True,Room,Negative,
670,3,True,Staff,Positive,
670,3,True,Location,Positive,
670,3,True,Room,Negative,
670,3,True,Staff,Positive,
670,3,True,Location,Positive,
671,1,False,Off,null,
671,1,True,Off,Positive,
671,2,True,Off,Positive,
671,2,True,Off,Positive,
671,3,True,Off,Positive,
671,3,True,Off,Positive,
672,1,True,Staff,Negative,
672,1,True,Food,Negative,
672,1,True,Staff,Negative,
672,1,True,Food,Negative,
672,2,True,Staff,Negative,
672,2,True,Food,Negative,
672,2,True,Staff,Negative,
672,2,True,Food,Negative,
672,3,True,Staff,Negative,
672,3,True,Food,Negative,
672,3,True,Staff,Negative,
672,3,True,Food,Negative,
673,1,True,Staff,Positive,
673,1,True,Location,Positive,
673,1,True,Food,Negative,
673,1,True,Staff,Positive,
673,1,True,Location,Positive,
673,1,True,Food,Negative,
673,2,True,Staff,Positive,
673,2,True,Location,Positive,
673,2,True,Food,Negative,
673,2,True,Staff,Positive,
673,2,True,Location,Positive,
673,2,True,Food,Negative,
673,3,True,Staff,Positive,
673,3,True,Location,Positive,
673,3,True,Food,Negative,
673,3,True,Staff,Positive,
673,3,True,Location,Positive,
673,3,True,Food,Negative,
674,1,True,Staff,Positive,
674,1,True,Staff,Positive,
674,2,True,Staff,Positive,
674,2,True,Staff,Positive,
674,3,True,Staff,Positive,
674,3,True,Staff,Positive,
675,1,False,Room,Positive,
675,1,False,Staff,Positive,
675,1,False,Location,null,
675,1,False,Room,Positive,
675,1,False,Staff,Positive,
675,1,False,Location,null,
675,2,False,Room,Positive,
675,2,False,Staff,Positive,
675,2,False,Location,null,
675,2,False,Room,Positive,
675,2,False,Staff,Positive,
675,2,False,Location,null,
675,3,False,Room,Positive,
675,3,False,Staff,Positive,
675,3,False,Location,null,
675,3,False,Room,Positive,
675,3,False,Staff,Positive,
675,3,False,Location,null,
676,1,True,Room,Positive,
676,1,True,Staff,Negative,
676,1,True,Location,Positive,
676,1,True,Room,Positive,
676,1,True,Staff,Negative,
676,1,True,Location,Positive,
676,2,True,Room,Positive,
676,2,True,Staff,Negative,
676,2,True,Location,Positive,
676,2,True,Room,Positive,
676,2,True,Staff,Negative,
676,2,True,Location,Positive,
676,3,True,Room,Positive,
676,3,True,Staff,Negative,
676,3,True,Location,Positive,
676,3,True,Room,Positive,
676,3,True,Staff,Negative,
676,3,True,Location,Positive,
677,1,True,Staff,Negative,
677,1,True,Location,Positive,
677,1,True,Staff,Negative,
677,1,True,Location,Positive,
677,2,True,Staff,Negative,
677,2,True,Location,Positive,
677,2,True,Staff,Negative,
677,2,True,Location,Positive,
677,3,True,Staff,Negative,
677,3,True,Location,Positive,
677,3,True,Staff,Negative,
677,3,True,Location,Positive,
678,1,True,Location,Positive,
678,1,True,Location,Positive,
678,2,True,Location,Positive,
678,2,True,Location,Positive,
678,3,True,Location,Positive,
678,3,True,Location,Positive,
679,1,True,Room,Positive,
679,1,True,Staff,Positive,
679,1,True,Room,Positive,
679,1,True,Staff,Positive,
679,2,True,Room,Positive,
679,2,True,Staff,Positive,
679,2,True,Room,Positive,
679,2,True,Staff,Positive,
679,3,True,Room,Positive,
679,3,True,Staff,Positive,
679,3,True,Room,Positive,
679,3,True,Staff,Positive,
680,1,True,Staff,Positive,
680,1,True,Location,Negative,
680,1,True,Staff,Positive,
680,1,True,Location,Negative,
680,2,True,Staff,Positive,
680,2,True,Location,Negative,
680,2,True,Staff,Positive,
680,2,True,Location,Negative,
680,3,True,Staff,Positive,
680,3,True,Location,Negative,
680,3,True,Staff,Positive,
680,3,True,Location,Negative,
681,1,True,Staff,Positive,
681,1,True,Location,Positive,
681,1,True,Staff,Positive,
681,1,True,Location,Positive,
681,2,True,Staff,Positive,
681,2,True,Location,Positive,
681,2,True,Staff,Positive,
681,2,True,Location,Positive,
681,3,True,Staff,Positive,
681,3,True,Location,Positive,
681,3,True,Staff,Positive,
681,3,True,Location,Positive,
682,1,True,Location,Positive,
682,1,True,Location,Positive,
682,2,True,Location,Positive,
682,2,True,Location,Positive,
682,3,True,Location,Positive,
682,3,True,Location,Positive,
683,1,True,Staff,Positive,
683,1,True,Staff,Positive,
683,2,True,Staff,Positive,
683,2,True,Staff,Positive,
683,3,True,Staff,Positive,
683,3,True,Staff,Positive,
684,1,True,Staff,Negative,
684,1,True,Staff,Negative,
684,2,True,Staff,Negative,
684,2,True,Staff,Negative,
684,3,True,Staff,Negative,
684,3,True,Staff,Negative,
685,1,True,Staff,Positive,
685,1,True,Location,Positive,
685,1,True,Food,Negative,
685,1,True,Staff,Negative,
685,1,True,Location,Positive,
685,1,True,Food,Negative,
685,1,True,Price,Negative,
685,2,True,Staff,Negative,
685,2,True,Location,Positive,
685,2,True,Food,Negative,
685,2,True,Price,Negative,
685,2,True,Staff,Negative,
685,2,True,Location,Positive,
685,2,True,Food,Negative,
685,2,True,Price,Negative,
685,3,True,Staff,Negative,
685,3,True,Location,Positive,
685,3,True,Food,Negative,
685,3,True,Price,Negative,
685,3,True,Staff,Negative,
685,3,True,Location,Positive,
685,3,True,Food,Negative,
685,3,True,Price,Negative,
686,1,True,Room,Positive,
686,1,True,Staff,Negative,
686,1,True,Room,Positive,
686,1,True,Staff,Negative,
686,2,True,Room,Positive,
686,2,True,Staff,Negative,
686,2,True,Room,Positive,
686,2,True,Staff,Negative,
686,3,True,Room,Positive,
686,3,True,Staff,Negative,
686,3,True,Room,Positive,
686,3,True,Staff,Negative,
687,1,True,Staff,Positive,
687,1,True,Location,Positive,
687,1,True,Food,Negative,
687,1,True,Staff,Positive,
687,1,True,Location,Positive,
687,1,True,Food,Negative,
687,2,True,Staff,Positive,
687,2,True,Location,Positive,
687,2,True,Food,Negative,
687,2,True,Staff,Positive,
687,2,True,Location,Positive,
687,2,True,Food,Negative,
687,3,True,Staff,Positive,
687,3,True,Location,Positive,
687,3,True,Food,Negative,
687,3,True,Staff,Positive,
687,3,True,Location,Positive,
687,3,True,Food,Negative,
688,1,True,Staff,Positive,
688,1,True,Location,Positive,
688,1,True,Staff,Positive,
688,1,True,Location,Positive,
688,2,True,Staff,Positive,
688,2,True,Location,Positive,
688,2,True,Staff,Positive,
688,2,True,Location,Positive,
688,3,True,Staff,Positive,
688,3,True,Location,Positive,
688,3,True,Staff,Positive,
688,3,True,Location,Positive,
689,1,True,Off,Positive,
689,1,True,Taxi-issue,Negative,
689,1,True,Off,Positive,
689,1,True,Taxi-issue,Negative,
689,2,True,Off,Positive,
689,2,True,Taxi-issue,Negative,
689,2,True,Off,Positive,
689,2,True,Taxi-issue,Negative,
689,3,True,Off,Positive,
689,3,True,Taxi-issue,Negative,
689,3,True,Off,Positive,
689,3,True,Taxi-issue,Negative,
690,1,True,Location,Positive,
690,1,True,Location,Positive,
690,2,True,Location,Positive,
690,2,True,Location,Positive,
690,3,True,Location,Positive,
690,3,True,Location,Positive,
691,1,True,Staff,Positive,
691,1,True,Location,Positive,
691,1,True,Staff,Positive,
691,1,True,Location,Positive,
691,2,True,Staff,Positive,
691,2,True,Location,Positive,
691,2,True,Staff,Positive,
691,2,True,Location,Positive,
691,3,True,Staff,Positive,
691,3,True,Location,Positive,
691,3,True,Staff,Positive,
691,3,True,Location,Positive,
692,1,True,Staff,Positive,
692,1,False,Staff,Positive,
692,2,False,Staff,Positive,
692,2,False,Staff,Positive,
692,3,False,Staff,Positive,
692,3,False,Staff,Positive,
693,1,True,Staff,Positive,
693,1,True,Location,Positive,
693,1,True,Food,Positive,
693,1,True,Price,Negative,
693,1,True,Facility,Positive,
693,1,True,Check-in,Positive,
693,1,True,Check-out,Positive,
693,1,True,Staff,Positive,
693,1,True,Location,Positive,
693,1,True,Food,Positive,
693,1,True,Price,Negative,
693,1,True,Facility,Positive,
693,1,True,Check-in,Positive,
693,1,True,Check-out,Positive,
693,2,True,Staff,Positive,
693,2,True,Location,Positive,
693,2,True,Food,Positive,
693,2,True,Price,Negative,
693,2,True,Facility,Positive,
693,2,True,Check-in,Positive,
693,2,True,Check-out,Positive,
693,2,True,Staff,Positive,
693,2,True,Location,Positive,
693,2,True,Food,Positive,
693,2,True,Price,Negative,
693,2,True,Facility,Positive,
693,2,True,Check-in,Positive,
693,2,True,Check-out,Positive,
693,3,True,Staff,Positive,
693,3,True,Location,Positive,
693,3,True,Food,Positive,
693,3,True,Price,Negative,
693,3,True,Facility,Positive,
693,3,True,Check-in,Positive,
693,3,True,Check-out,Positive,
693,3,True,Staff,Positive,
693,3,True,Location,Positive,
693,3,True,Food,Positive,
693,3,True,Price,Negative,
693,3,True,Facility,Positive,
693,3,True,Check-in,Positive,
693,3,True,Check-out,Positive,
694,1,False,Room,Negative,
694,1,False,Staff,Positive,
694,1,False,Location,null,
694,1,False,Food,Negative,
694,1,False,Price,Negative,
694,1,True,Room,Negative,
694,1,True,Staff,Positive,
694,1,True,Location,Positive,
694,1,True,Food,Negative,
694,1,True,Price,Negative,
694,2,True,Room,Negative,
694,2,True,Staff,Positive,
694,2,True,Location,Positive,
694,2,True,Food,Negative,
694,2,True,Price,Negative,
694,2,True,Room,Negative,
694,2,True,Staff,Positive,
694,2,True,Location,Positive,
694,2,True,Food,Negative,
694,2,True,Price,Negative,
694,3,True,Room,Negative,
694,3,True,Staff,Positive,
694,3,True,Location,Positive,
694,3,True,Food,Negative,
694,3,True,Price,Negative,
694,3,True,Room,Negative,
694,3,True,Staff,Positive,
694,3,True,Location,Positive,
694,3,True,Food,Negative,
694,3,True,Price,Negative,
695,1,True,Room,Positive,
695,1,True,Staff,Positive,
695,1,True,Room,Positive,
695,1,True,Staff,Positive,
695,2,True,Room,Positive,
695,2,True,Staff,Positive,
695,2,True,Room,Positive,
695,2,True,Staff,Positive,
695,3,True,Room,Positive,
695,3,True,Staff,Positive,
695,3,True,Room,Positive,
695,3,True,Staff,Positive,
696,1,True,Location,Positive,
696,1,True,Food,Positive,
696,1,True,Location,Positive,
696,1,True,Food,Positive,
696,2,True,Location,Positive,
696,2,True,Food,Positive,
696,2,True,Location,Positive,
696,2,True,Food,Positive,
696,3,True,Location,Positive,
696,3,True,Food,Positive,
696,3,True,Location,Positive,
696,3,True,Food,Positive,
697,1,True,Staff,Positive,
697,1,True,Staff,Positive,
697,2,True,Staff,Positive,
697,2,True,Staff,Positive,
697,3,True,Staff,Positive,
697,3,True,Staff,Positive,
698,1,True,Staff,Positive,
698,1,True,Location,Positive,
698,1,True,Food,Negative,
698,1,True,Staff,Positive,
698,1,True,Location,Positive,
698,1,True,Food,Negative,
698,2,True,Staff,Positive,
698,2,True,Location,Positive,
698,2,True,Food,Negative,
698,2,True,Staff,Positive,
698,2,True,Location,Positive,
698,2,True,Food,Negative,
698,3,True,Staff,Positive,
698,3,True,Location,Positive,
698,3,True,Food,Negative,
698,3,True,Staff,Positive,
698,3,True,Location,Positive,
698,3,True,Food,Negative,
699,1,True,Staff,Negative,
699,1,True,Staff,Negative,
699,2,True,Staff,Negative,
699,2,True,Staff,Negative,
699,3,True,Staff,Negative,
699,3,True,Staff,Negative,
700,1,True,Room,Negative,
700,1,True,Staff,Positive,
700,1,True,Location,Positive,
700,1,True,Room,Negative,
700,1,True,Staff,Positive,
700,1,True,Location,Positive,
700,2,True,Room,Negative,
700,2,True,Staff,Positive,
700,2,True,Location,Positive,
700,2,True,Room,Negative,
700,2,True,Staff,Positive,
700,2,True,Location,Positive,
700,3,True,Room,Negative,
700,3,True,Staff,Positive,
700,3,True,Location,Positive,
700,3,True,Room,Negative,
700,3,True,Staff,Positive,
700,3,True,Location,Positive,
701,1,True,Staff,Positive,
701,1,True,Location,Positive,
701,1,True,Staff,Positive,
701,1,True,Location,Positive,
701,2,True,Staff,Positive,
701,2,True,Location,Positive,
701,2,True,Staff,Positive,
701,2,True,Location,Positive,
701,3,True,Staff,Positive,
701,3,True,Location,Positive,
701,3,True,Staff,Positive,
701,3,True,Location,Positive,
702,1,False,Room,Negative,
702,1,False,Staff,Positive,
702,1,False,Location,null,
702,1,False,Food,Negative,
702,1,False,Price,null,
702,1,False,Facility,null,
702,1,False,Check-in,null,
702,1,False,Check-out,null,
702,1,False,Off,null,
702,1,False,Booking-issue,null,
702,1,False,Taxi-issue,null,
702,1,True,Room,Negative,
702,1,True,Staff,Positive,
702,2,True,Room,Negative,
702,2,True,Staff,Positive,
702,2,True,Room,Negative,
702,2,True,Staff,Positive,
702,3,True,Room,Negative,
702,3,True,Staff,Positive,
702,3,True,Room,Negative,
702,3,True,Staff,Positive,
703,1,True,Room,Positive,
703,1,True,Staff,Positive,
703,1,True,Room,Positive,
703,1,True,Staff,Positive,
703,2,True,Room,Positive,
703,2,True,Staff,Positive,
703,2,True,Room,Positive,
703,2,True,Staff,Positive,
703,3,True,Room,Positive,
703,3,True,Staff,Positive,
703,3,True,Room,Positive,
703,3,True,Staff,Positive,
704,1,True,Staff,Positive,
704,1,True,Location,Positive,
704,1,True,Staff,Positive,
704,1,True,Location,Positive,
704,2,True,Staff,Positive,
704,2,True,Location,Positive,
704,2,True,Staff,Positive,
704,2,True,Location,Positive,
704,3,True,Staff,Positive,
704,3,True,Location,Positive,
704,3,True,Staff,Positive,
704,3,True,Location,Positive,
705,1,True,Staff,Positive,
705,1,True,Food,Negative,
705,1,True,Staff,Positive,
705,1,True,Food,Negative,
705,2,True,Staff,Positive,
705,2,True,Food,Negative,
705,2,True,Staff,Positive,
705,2,True,Food,Negative,
705,3,True,Staff,Positive,
705,3,True,Food,Negative,
705,3,True,Staff,Positive,
705,3,True,Food,Negative,
706,1,False,Room,Positive,
706,1,False,Staff,null,
706,1,False,Location,Positive,
706,1,False,Room,Positive,
706,1,False,Staff,null,
706,1,False,Location,Positive,
706,2,False,Room,Positive,
706,2,False,Staff,null,
706,2,False,Location,Positive,
706,2,False,Room,Positive,
706,2,False,Staff,null,
706,2,False,Location,Positive,
706,3,False,Room,Positive,
706,3,False,Staff,null,
706,3,False,Location,Positive,
706,3,False,Room,Positive,
706,3,False,Staff,null,
706,3,False,Location,Positive,
707,1,True,Room,Negative,
707,1,True,Room,Negative,
707,2,True,Room,Negative,
707,2,True,Room,Negative,
707,3,True,Room,Negative,
707,3,True,Room,Negative,
708,1,True,Staff,Positive,
708,1,True,Location,Positive,
708,1,True,Staff,Positive,
708,1,True,Location,Positive,
708,2,True,Staff,Positive,
708,2,True,Location,Positive,
708,2,True,Staff,Positive,
708,2,True,Location,Positive,
708,3,True,Staff,Positive,
708,3,True,Location,Positive,
708,3,True,Staff,Positive,
708,3,True,Location,Positive,
709,1,True,Room,Positive,
709,1,True,Staff,Positive,
709,1,True,Room,Positive,
709,1,True,Staff,Positive,
709,2,True,Room,Positive,
709,2,True,Staff,Positive,
709,2,True,Room,Positive,
709,2,True,Staff,Positive,
709,3,True,Room,Positive,
709,3,True,Staff,Positive,
709,3,True,Room,Positive,
709,3,True,Staff,Positive,
710,1,True,Staff,Positive,
710,1,True,Food,Positive,
710,1,True,Staff,Positive,
710,1,True,Food,Positive,
710,2,True,Staff,Positive,
710,2,True,Food,Positive,
710,2,True,Staff,Positive,
710,2,True,Food,Positive,
710,3,True,Staff,Positive,
710,3,True,Food,Positive,
710,3,True,Staff,Positive,
710,3,True,Food,Positive,
711,1,True,Room,Negative,
711,1,True,Staff,Positive,
711,1,True,Room,Negative,
711,1,True,Staff,Positive,
711,2,True,Room,Negative,
711,2,True,Staff,Positive,
711,2,True,Room,Negative,
711,2,True,Staff,Positive,
711,3,True,Room,Negative,
711,3,True,Staff,Positive,
711,3,True,Room,Negative,
711,3,True,Staff,Positive,
712,1,False,Room,Negative,
712,1,False,Staff,null,
712,1,False,Location,null,
712,1,False,Price,Negative,
712,1,False,Room,Negative,
712,1,False,Staff,null,
712,1,False,Location,null,
712,1,False,Price,Negative,
712,2,False,Room,Negative,
712,2,False,Staff,null,
712,2,False,Location,null,
712,2,False,Price,Negative,
712,2,False,Room,Negative,
712,2,False,Staff,null,
712,2,False,Location,null,
712,2,False,Price,Negative,
712,3,False,Room,Negative,
712,3,False,Staff,null,
712,3,False,Location,null,
712,3,False,Price,Negative,
712,3,False,Room,Negative,
712,3,False,Staff,null,
712,3,False,Location,null,
712,3,False,Price,Negative,
713,1,True,Staff,Negative,
713,1,True,Location,Positive,
713,1,True,Staff,Negative,
713,1,True,Location,Positive,
713,2,True,Staff,Negative,
713,2,True,Location,Positive,
713,2,True,Staff,Negative,
713,2,True,Location,Positive,
713,3,True,Staff,Negative,
713,3,True,Location,Positive,
713,3,True,Staff,Negative,
713,3,True,Location,Positive,
714,1,True,Staff,Positive,
714,1,True,Staff,Positive,
714,2,True,Staff,Positive,
714,2,True,Staff,Positive,
714,3,True,Staff,Positive,
714,3,True,Staff,Positive,
715,1,True,Staff,Positive,
715,1,True,Price,Negative,
715,1,True,Staff,Positive,
715,1,True,Price,Negative,
715,2,True,Staff,Positive,
715,2,True,Price,Negative,
715,2,True,Staff,Positive,
715,2,True,Price,Negative,
715,3,True,Staff,Positive,
715,3,True,Price,Negative,
715,3,True,Staff,Positive,
715,3,True,Price,Negative,
716,1,True,Room,Negative,
716,1,True,Staff,Positive,
716,1,True,Room,Negative,
716,1,True,Staff,Positive,
716,2,True,Room,Negative,
716,2,True,Staff,Positive,
716,2,True,Room,Negative,
716,2,True,Staff,Positive,
716,3,True,Room,Negative,
716,3,True,Staff,Positive,
716,3,True,Room,Negative,
716,3,True,Staff,Positive,
717,1,True,Staff,Positive,
717,1,True,Staff,Positive,
717,2,True,Staff,Positive,
717,2,True,Staff,Positive,
717,3,True,Staff,Positive,
717,3,True,Staff,Positive,
718,1,True,Staff,Positive,
718,1,True,Location,Positive,
718,1,True,Room,Negative,
718,1,True,Staff,Positive,
718,1,True,Location,Positive,
718,2,True,Room,Negative,
718,2,True,Staff,Positive,
718,2,True,Location,Positive,
718,2,True,Room,Negative,
718,2,True,Staff,Positive,
718,2,True,Location,Positive,
718,3,True,Room,Negative,
718,3,True,Staff,Positive,
718,3,True,Location,Positive,
718,3,True,Room,Negative,
718,3,True,Staff,Positive,
718,3,True,Location,Positive,
719,1,True,Room,Positive,
719,1,True,Location,Negative,
719,1,True,Room,Positive,
719,1,True,Location,Negative,
719,2,True,Room,Positive,
719,2,True,Location,Negative,
719,2,True,Room,Positive,
719,2,True,Location,Negative,
719,3,True,Room,Positive,
719,3,True,Location,Negative,
719,3,True,Room,Positive,
719,3,True,Location,Negative,
720,1,False,Room,Positive,
720,1,False,Staff,null,
720,1,False,Location,null,
720,1,False,Room,Positive,
720,1,False,Staff,null,
720,1,False,Location,null,
720,2,False,Room,Positive,
720,2,False,Staff,null,
720,2,False,Location,null,
720,2,False,Room,Positive,
720,2,False,Staff,null,
720,2,False,Location,null,
720,3,False,Room,Positive,
720,3,False,Staff,null,
720,3,False,Location,null,
720,3,False,Room,Positive,
720,3,False,Staff,null,
720,3,False,Location,null,
721,1,True,Staff,Negative,
721,1,True,Staff,Negative,
721,2,True,Staff,Negative,
721,2,True,Staff,Negative,
721,3,True,Staff,Negative,
721,3,True,Staff,Negative,
722,1,True,Room,Positive,
722,1,True,Staff,Positive,
722,1,True,Location,Positive,
722,1,True,Food,Positive,
722,1,True,Room,Positive,
722,1,True,Staff,Positive,
722,1,True,Location,Positive,
722,1,True,Food,Positive,
722,2,True,Room,Positive,
722,2,True,Staff,Positive,
722,2,True,Location,Positive,
722,2,True,Food,Positive,
722,2,True,Room,Positive,
722,2,True,Staff,Positive,
722,2,True,Location,Positive,
722,2,True,Food,Positive,
722,3,True,Room,Positive,
722,3,True,Staff,Positive,
722,3,True,Location,Positive,
722,3,True,Food,Positive,
722,3,True,Room,Positive,
722,3,True,Staff,Positive,
722,3,True,Location,Positive,
722,3,True,Food,Positive,
723,1,False,Off,null,
723,1,False,Off,null,
723,2,False,Off,null,
723,2,False,Off,null,
723,3,False,Off,null,
723,3,False,Off,null,
724,1,True,Staff,Negative,
724,1,True,Staff,Negative,
724,2,True,Staff,Negative,
724,2,True,Staff,Negative,
724,3,True,Staff,Negative,
724,3,True,Staff,Negative,
725,1,True,Staff,Positive,
725,1,True,Staff,Positive,
725,2,True,Staff,Positive,
725,2,True,Staff,Positive,
725,3,True,Staff,Positive,
725,3,True,Staff,Positive,
726,1,True,Room,Positive,
726,1,True,Staff,Positive,
726,1,True,Location,Positive,
726,1,True,Room,Positive,
726,1,True,Staff,Positive,
726,1,True,Location,Positive,
726,2,True,Room,Positive,
726,2,True,Staff,Positive,
726,2,True,Location,Positive,
726,2,True,Room,Positive,
726,2,True,Staff,Positive,
726,2,True,Location,Positive,
726,3,True,Room,Positive,
726,3,True,Staff,Positive,
726,3,True,Location,Positive,
726,3,True,Room,Positive,
726,3,True,Staff,Positive,
726,3,True,Location,Positive,
727,1,True,Staff,Positive,
727,1,True,Location,Negative,
727,1,True,Staff,Positive,
727,1,True,Location,Negative,
727,2,True,Staff,Positive,
727,2,True,Location,Negative,
727,2,True,Staff,Positive,
727,2,True,Location,Negative,
727,3,True,Staff,Positive,
727,3,True,Location,Negative,
727,3,True,Staff,Positive,
727,3,True,Location,Negative,
728,1,True,Staff,Negative,
728,1,True,Staff,Positive,
728,2,True,Staff,Positive,
728,2,True,Staff,Positive,
728,3,True,Staff,Positive,
728,3,True,Staff,Positive,
729,1,True,Staff,Positive,
729,1,True,Staff,Positive,
729,2,True,Staff,Positive,
729,2,True,Staff,Positive,
729,3,True,Staff,Positive,
729,3,True,Staff,Positive,
730,1,False,Location,Negative,
730,1,True,Location,Negative,
730,2,True,Location,Negative,
730,2,True,Location,Negative,
730,3,True,Location,Negative,
730,3,True,Location,Negative,
731,1,True,Room,Negative,
731,1,True,Staff,Negative,
731,1,True,Room,Negative,
731,1,True,Staff,Negative,
731,2,True,Room,Negative,
731,2,True,Staff,Negative,
731,2,True,Room,Negative,
731,2,True,Staff,Negative,
731,3,True,Room,Negative,
731,3,True,Staff,Negative,
731,3,True,Room,Negative,
731,3,True,Staff,Negative,
732,1,True,Staff,Positive,
732,1,True,Location,Positive,
732,1,True,Staff,Positive,
732,1,True,Location,Positive,
732,2,True,Staff,Positive,
732,2,True,Location,Positive,
732,2,True,Staff,Positive,
732,2,True,Location,Positive,
732,3,True,Staff,Positive,
732,3,True,Location,Positive,
732,3,True,Staff,Positive,
732,3,True,Location,Positive,
733,1,True,Staff,Positive,
733,1,True,Location,Positive,
733,1,True,Staff,Positive,
733,1,True,Location,Positive,
733,2,True,Staff,Positive,
733,2,True,Location,Positive,
733,2,True,Staff,Positive,
733,2,True,Location,Positive,
733,3,True,Staff,Positive,
733,3,True,Location,Positive,
733,3,True,Staff,Positive,
733,3,True,Location,Positive,
734,1,False,Room,Negative,
734,1,False,Staff,Positive,
734,1,False,Location,null,
734,1,False,Price,Negative,
734,1,False,Room,Negative,
734,1,False,Staff,Positive,
734,1,False,Location,null,
734,1,False,Price,Negative,
734,2,False,Room,Negative,
734,2,False,Staff,Positive,
734,2,False,Location,null,
734,2,False,Price,Negative,
734,2,False,Room,Negative,
734,2,False,Staff,Positive,
734,2,False,Location,null,
734,2,False,Price,Negative,
734,3,False,Room,Negative,
734,3,False,Staff,Positive,
734,3,False,Location,null,
734,3,False,Price,Negative,
734,3,False,Room,Negative,
734,3,False,Staff,Positive,
734,3,False,Location,null,
734,3,False,Price,Negative,
735,1,False,Location,Positive,
735,1,False,Staff,Negative,
735,1,False,Facility,Positive,
735,1,False,Location,Positive,
735,1,False,Staff,Negative,
735,1,False,Facility,Positive,
735,2,False,Location,Positive,
735,2,False,Staff,Negative,
735,2,False,Facility,Positive,
735,2,False,Location,Positive,
735,2,False,Staff,Negative,
735,2,False,Facility,Positive,
735,3,False,Location,Positive,
735,3,False,Staff,Negative,
735,3,False,Facility,Positive,
735,3,False,Location,Positive,
735,3,False,Staff,Negative,
735,3,False,Facility,Positive,
736,1,True,Staff,Negative,
736,1,True,Staff,Positive,
736,2,True,Staff,Positive,
736,2,True,Staff,Positive,
736,3,True,Staff,Positive,
736,3,True,Staff,Positive,
737,1,True,Staff,Negative,
737,1,True,Location,Positive,
737,1,True,Food,Positive,
737,1,True,Price,Negative,
737,1,True,Staff,Negative,
737,1,True,Location,Positive,
737,1,True,Food,Positive,
737,1,True,Price,Negative,
737,2,True,Staff,Negative,
737,2,True,Location,Positive,
737,2,True,Food,Positive,
737,2,True,Price,Negative,
737,2,True,Staff,Negative,
737,2,True,Location,Positive,
737,2,True,Food,Positive,
737,2,True,Price,Negative,
737,3,True,Staff,Negative,
737,3,True,Location,Positive,
737,3,True,Food,Positive,
737,3,True,Price,Negative,
737,3,True,Staff,Negative,
737,3,True,Location,Positive,
737,3,True,Food,Positive,
737,3,True,Price,Negative,
738,1,True,Room,Positive,
738,1,True,Staff,Positive,
738,1,True,Food,Positive,
738,1,True,Room,Positive,
738,1,True,Staff,Positive,
738,1,True,Food,Positive,
738,2,True,Room,Positive,
738,2,True,Staff,Positive,
738,2,True,Food,Positive,
738,2,True,Room,Positive,
738,2,True,Staff,Positive,
738,2,True,Food,Positive,
738,3,True,Room,Positive,
738,3,True,Staff,Positive,
738,3,True,Food,Positive,
738,3,True,Room,Positive,
738,3,True,Staff,Positive,
738,3,True,Food,Positive,
739,1,True,Room,Positive,
739,1,True,Staff,Negative,
739,1,True,Location,Positive,
739,1,True,Price,Negative,
739,1,True,Room,Positive,
739,1,True,Staff,Negative,
739,1,True,Location,Positive,
739,1,True,Price,Negative,
739,2,True,Room,Positive,
739,2,True,Staff,Negative,
739,2,True,Location,Positive,
739,2,True,Price,Negative,
739,2,True,Room,Positive,
739,2,True,Staff,Negative,
739,2,True,Location,Positive,
739,2,True,Price,Negative,
739,3,True,Room,Positive,
739,3,True,Staff,Negative,
739,3,True,Location,Positive,
739,3,True,Price,Negative,
739,3,True,Room,Positive,
739,3,True,Staff,Negative,
739,3,True,Location,Positive,
739,3,True,Price,Negative,
740,1,True,Staff,Negative,
740,1,True,Staff,Negative,
740,2,True,Staff,Negative,
740,2,True,Staff,Negative,
740,3,True,Staff,Negative,
740,3,True,Staff,Negative,
741,1,True,Off,Negative,
741,1,True,Off,Negative,
741,2,True,Off,Negative,
741,2,True,Off,Negative,
741,3,True,Off,Negative,
741,3,True,Off,Negative,
742,1,False,Room,Negative,
742,1,False,Staff,null,
742,1,False,Location,null,
742,1,False,Price,Negative,
742,1,False,Room,Negative,
742,1,False,Staff,null,
742,1,False,Location,null,
742,1,False,Price,Negative,
742,2,False,Room,Negative,
742,2,False,Staff,null,
742,2,False,Location,null,
742,2,False,Price,Negative,
742,2,False,Room,Negative,
742,2,False,Staff,null,
742,2,False,Location,null,
742,2,False,Price,Negative,
742,3,False,Room,Negative,
742,3,False,Staff,null,
742,3,False,Location,null,
742,3,False,Price,Negative,
742,3,False,Room,Negative,
742,3,False,Staff,null,
742,3,False,Location,null,
742,3,False,Price,Negative,
743,1,True,Room,Negative,
743,1,True,Location,Negative,
743,1,True,Room,Negative,
743,1,True,Location,Negative,
743,2,True,Room,Negative,
743,2,True,Location,Negative,
743,2,True,Room,Negative,
743,2,True,Location,Negative,
743,3,True,Room,Negative,
743,3,True,Location,Negative,
743,3,True,Room,Negative,
743,3,True,Location,Negative,
744,1,False,Room,Negative,
744,1,False,Staff,null,
744,1,False,Location,null,
744,1,False,Room,Negative,
744,1,False,Staff,null,
744,1,False,Location,null,
744,2,False,Room,Negative,
744,2,False,Staff,null,
744,2,False,Location,null,
744,2,False,Room,Negative,
744,2,False,Staff,null,
744,2,False,Location,null,
744,3,False,Room,Negative,
744,3,False,Staff,null,
744,3,False,Location,null,
744,3,False,Room,Negative,
744,3,False,Staff,null,
744,3,False,Location,null,
745,1,False,Room,null,
745,1,False,Staff,Negative,
745,1,False,Location,null,
745,1,False,Food,Negative,
745,1,False,Price,null,
745,1,False,Facility,null,
745,1,False,Check-in,null,
745,1,False,Check-out,null,
745,1,False,Off,null,
745,1,False,Booking-issue,null,
745,1,False,Taxi-issue,null,
745,1,False,Room,null,
745,1,False,Staff,Negative,
745,1,False,Location,null,
745,1,False,Food,Negative,
745,1,False,Price,null,
745,1,False,Facility,null,
745,1,False,Check-in,null,
745,1,False,Check-out,null,
745,1,False,Off,null,
745,1,False,Booking-issue,null,
745,1,False,Taxi-issue,null,
745,2,False,Room,null,
745,2,False,Staff,Negative,
745,2,False,Location,null,
745,2,False,Food,Negative,
745,2,False,Price,null,
745,2,False,Facility,null,
745,2,False,Check-in,null,
745,2,False,Check-out,null,
745,2,False,Off,null,
745,2,False,Booking-issue,null,
745,2,False,Taxi-issue,null,
745,2,False,Room,null,
745,2,False,Staff,Negative,
745,2,False,Location,null,
745,2,False,Food,Negative,
745,2,False,Price,null,
745,2,False,Facility,null,
745,2,False,Check-in,null,
745,2,False,Check-out,null,
745,2,False,Off,null,
745,2,False,Booking-issue,null,
745,2,False,Taxi-issue,null,
745,3,False,Room,null,
745,3,False,Staff,Negative,
745,3,False,Location,null,
745,3,False,Food,Negative,
745,3,False,Price,null,
745,3,False,Facility,null,
745,3,False,Check-in,null,
745,3,False,Check-out,null,
745,3,False,Off,null,
745,3,False,Booking-issue,null,
745,3,False,Taxi-issue,null,
745,3,False,Room,null,
745,3,False,Staff,Negative,
745,3,False,Location,null,
745,3,False,Food,Negative,
745,3,False,Price,null,
745,3,False,Facility,null,
745,3,False,Check-in,null,
745,3,False,Check-out,null,
745,3,False,Off,null,
745,3,False,Booking-issue,null,
745,3,False,Taxi-issue,null,
746,1,True,Room,Negative,
746,1,True,Staff,Positive,
746,1,True,Price,Negative,
746,1,True,Room,Negative,
746,1,True,Staff,Positive,
746,1,True,Price,Negative,
746,2,True,Room,Negative,
746,2,True,Staff,Positive,
746,2,True,Price,Negative,
746,2,True,Room,Negative,
746,2,True,Staff,Positive,
746,2,True,Price,Negative,
746,3,True,Room,Negative,
746,3,True,Staff,Positive,
746,3,True,Price,Negative,
746,3,True,Room,Negative,
746,3,True,Staff,Positive,
746,3,True,Price,Negative,
747,1,False,Room,Negative,
747,1,False,Staff,null,
747,1,False,Location,null,
747,1,False,Room,Negative,
747,1,False,Staff,null,
747,1,False,Location,null,
747,2,False,Room,Negative,
747,2,False,Staff,null,
747,2,False,Location,null,
747,2,False,Room,Negative,
747,2,False,Staff,null,
747,2,False,Location,null,
747,3,False,Room,Negative,
747,3,False,Staff,null,
747,3,False,Location,null,
747,3,False,Room,Negative,
747,3,False,Staff,null,
747,3,False,Location,null,
748,1,True,Location,Positive,
748,1,True,Food,Negative,
748,1,True,Location,Positive,
748,1,True,Food,Negative,
748,2,True,Location,Positive,
748,2,True,Food,Negative,
748,2,True,Location,Positive,
748,2,True,Food,Negative,
748,3,True,Location,Positive,
748,3,True,Food,Negative,
748,3,True,Location,Positive,
748,3,True,Food,Negative,
749,1,True,Location,Negative,
749,1,True,Room,Positive,
749,1,True,Location,Negative,
749,1,True,Room,Positive,
749,2,True,Location,Negative,
749,2,True,Room,Positive,
749,2,True,Location,Negative,
749,2,True,Room,Positive,
749,3,True,Location,Negative,
749,3,True,Room,Positive,
749,3,True,Location,Negative,
749,3,True,Room,Positive,
750,1,True,Staff,Negative,
750,1,True,Location,Positive,
750,1,True,Staff,Negative,
750,1,True,Location,Positive,
750,2,True,Staff,Negative,
750,2,True,Location,Positive,
750,2,True,Staff,Negative,
750,2,True,Location,Positive,
750,3,True,Staff,Negative,
750,3,True,Location,Positive,
750,3,True,Staff,Negative,
750,3,True,Location,Positive,
751,1,True,Room,Negative,
751,1,True,Room,Negative,
751,2,True,Room,Negative,
751,2,True,Room,Negative,
751,3,True,Room,Negative,
751,3,True,Room,Negative,
752,1,False,Room,Negative,
752,1,False,Staff,null,
752,1,False,Location,null,
752,1,False,Price,Negative,
752,1,False,Room,Negative,
752,1,False,Staff,null,
752,1,False,Location,null,
752,1,False,Price,Negative,
752,2,False,Room,Negative,
752,2,False,Staff,null,
752,2,False,Location,null,
752,2,False,Price,Negative,
752,2,False,Room,Negative,
752,2,False,Staff,null,
752,2,False,Location,null,
752,2,False,Price,Negative,
752,3,False,Room,Negative,
752,3,False,Staff,null,
752,3,False,Location,null,
752,3,False,Price,Negative,
752,3,False,Room,Negative,
752,3,False,Staff,null,
752,3,False,Location,null,
752,3,False,Price,Negative,
753,1,False,Room,Positive,
753,1,False,Staff,Negative,
753,1,False,Location,null,
753,1,False,Room,Positive,
753,1,False,Staff,Negative,
753,1,False,Location,null,
753,2,False,Room,Positive,
753,2,False,Staff,Negative,
753,2,False,Location,null,
753,2,False,Room,Positive,
753,2,False,Staff,Negative,
753,2,False,Location,null,
753,3,False,Room,Positive,
753,3,False,Staff,Negative,
753,3,False,Location,null,
753,3,False,Room,Positive,
753,3,False,Staff,Negative,
753,3,False,Location,null,
754,1,True,Price,Negative,
754,1,True,Price,Negative,
754,2,True,Price,Negative,
754,2,True,Price,Negative,
754,3,True,Price,Negative,
754,3,True,Price,Negative,
755,1,True,Staff,Negative,
755,1,True,Staff,Negative,
755,2,True,Staff,Negative,
755,2,True,Staff,Negative,
755,3,True,Staff,Negative,
755,3,True,Staff,Negative,
756,1,True,Location,Positive,
756,1,True,Food,Negative,
756,1,True,Location,Positive,
756,1,True,Food,Negative,
756,2,True,Location,Positive,
756,2,True,Food,Negative,
756,2,True,Location,Positive,
756,2,True,Food,Negative,
756,3,True,Location,Positive,
756,3,True,Food,Negative,
756,3,True,Location,Positive,
756,3,True,Food,Negative,
757,1,True,Food,Negative,
757,1,True,Food,Negative,
757,2,True,Food,Negative,
757,2,True,Food,Negative,
757,3,True,Food,Negative,
757,3,True,Food,Negative,
758,1,True,Room,Negative,
758,1,True,Staff,Negative,
758,1,True,Room,Negative,
758,1,True,Staff,Negative,
758,2,True,Room,Negative,
758,2,True,Staff,Negative,
758,2,True,Room,Negative,
758,2,True,Staff,Negative,
758,3,True,Room,Negative,
758,3,True,Staff,Negative,
758,3,True,Room,Negative,
758,3,True,Staff,Negative,
759,1,True,Room,Negative,
759,1,True,Room,Negative,
759,2,True,Room,Negative,
759,2,True,Room,Negative,
759,3,True,Room,Negative,
759,3,True,Room,Negative,
760,1,False,Location,Positive,
760,1,False,Staff,Negative,
760,1,False,Location,Positive,
760,1,False,Staff,Negative,
760,2,False,Location,Positive,
760,2,False,Staff,Negative,
760,2,False,Location,Positive,
760,2,False,Staff,Negative,
760,3,False,Location,Positive,
760,3,False,Staff,Negative,
760,3,False,Location,Positive,
760,3,False,Staff,Negative,
761,1,False,Room,Negative,
761,1,False,Staff,null,
761,1,False,Location,null,
761,1,False,Room,Negative,
761,1,False,Staff,null,
761,1,False,Location,null,
761,2,False,Room,Negative,
761,2,False,Staff,null,
761,2,False,Location,null,
761,2,False,Room,Negative,
761,2,False,Staff,null,
761,2,False,Location,null,
761,3,False,Room,Negative,
761,3,False,Staff,null,
761,3,False,Location,null,
761,3,False,Room,Negative,
761,3,False,Staff,null,
761,3,False,Location,null,
762,1,True,Location,Positive,
762,1,True,Staff,Negative,
762,1,True,Room,Negative,
762,1,True,Price,Negative,
762,1,True,Location,Positive,
762,1,True,Staff,Negative,
762,1,True,Room,Negative,
762,1,True,Price,Negative,
762,2,True,Location,Positive,
762,2,True,Staff,Negative,
762,2,True,Room,Negative,
762,2,True,Price,Negative,
762,2,True,Location,Positive,
762,2,True,Staff,Negative,
762,2,True,Room,Negative,
762,2,True,Price,Negative,
762,3,True,Location,Positive,
762,3,True,Staff,Negative,
762,3,True,Room,Negative,
762,3,True,Price,Negative,
762,3,True,Location,Positive,
762,3,True,Staff,Negative,
762,3,True,Room,Negative,
762,3,True,Price,Negative,
763,1,False,Room,Negative,
763,1,False,Off,null,
763,1,False,Room,Negative,
763,1,False,Off,null,
763,2,False,Room,Negative,
763,2,False,Off,null,
763,2,False,Room,Negative,
763,2,False,Off,null,
763,3,False,Room,Negative,
763,3,False,Off,null,
763,3,False,Room,Negative,
763,3,False,Off,null,
764,1,True,Room,Negative,
764,1,True,Staff,Positive,
764,1,True,Room,Negative,
764,1,True,Staff,Positive,
764,2,True,Room,Negative,
764,2,True,Staff,Positive,
764,2,True,Room,Negative,
764,2,True,Staff,Positive,
764,3,True,Room,Negative,
764,3,True,Staff,Positive,
764,3,True,Room,Negative,
764,3,True,Staff,Positive,
765,1,False,Room,Negative,
765,1,False,Staff,Positive,
765,1,False,Location,null,
765,1,False,Price,Negative,
765,1,False,Room,Negative,
765,1,False,Staff,Positive,
765,1,False,Location,null,
765,1,False,Price,Negative,
765,1,False,Facility,null,
765,1,False,Check-in,null,
765,1,False,Check-out,null,
765,1,False,Off,null,
765,1,False,Booking-issue,null,
765,1,False,Taxi-issue,null,
765,2,False,Room,Negative,
765,2,False,Staff,Positive,
765,2,False,Location,null,
765,2,False,Price,Negative,
765,2,False,Facility,null,
765,2,False,Check-in,null,
765,2,False,Check-out,null,
765,2,False,Off,null,
765,2,False,Booking-issue,null,
765,2,False,Taxi-issue,null,
765,2,False,Room,Negative,
765,2,False,Staff,Positive,
765,2,False,Location,null,
765,2,False,Price,Negative,
765,2,False,Facility,null,
765,2,False,Check-in,null,
765,2,False,Check-out,null,
765,2,False,Off,null,
765,2,False,Booking-issue,null,
765,2,False,Taxi-issue,null,
765,3,False,Room,Negative,
765,3,False,Staff,Positive,
765,3,False,Location,null,
765,3,False,Price,Negative,
765,3,False,Facility,null,
765,3,False,Check-in,null,
765,3,False,Check-out,null,
765,3,False,Off,null,
765,3,False,Booking-issue,null,
765,3,False,Taxi-issue,null,
765,3,False,Room,Negative,
765,3,False,Staff,Positive,
765,3,False,Location,null,
765,3,False,Price,Negative,
765,3,False,Facility,null,
765,3,False,Check-in,null,
765,3,False,Check-out,null,
765,3,False,Off,null,
765,3,False,Booking-issue,null,
765,3,False,Taxi-issue,null,
766,1,True,Room,Negative,
766,1,True,Room,Negative,
766,2,True,Room,Negative,
766,2,True,Room,Negative,
766,3,True,Room,Negative,
766,3,True,Room,Negative,
767,1,False,Room,Negative,
767,1,False,Staff,null,
767,1,False,Location,Negative,
767,1,False,Price,Negative,
767,1,False,Room,Negative,
767,1,False,Staff,null,
767,1,False,Location,Negative,
767,1,False,Price,Negative,
767,2,False,Room,Negative,
767,2,False,Staff,null,
767,2,False,Location,Negative,
767,2,False,Price,Negative,
767,2,False,Room,Negative,
767,2,False,Staff,null,
767,2,False,Location,Negative,
767,2,False,Price,Negative,
767,3,False,Room,Negative,
767,3,False,Staff,null,
767,3,False,Location,Negative,
767,3,False,Price,Negative,
767,3,False,Room,Negative,
767,3,False,Staff,null,
767,3,False,Location,Negative,
767,3,False,Price,Negative,
768,1,True,Room,Positive,
768,1,True,Food,Negative,
768,1,True,Room,Positive,
768,1,True,Food,Negative,
768,2,True,Room,Positive,
768,2,True,Food,Negative,
768,2,True,Room,Positive,
768,2,True,Food,Negative,
768,3,True,Room,Positive,
768,3,True,Food,Negative,
768,3,True,Room,Positive,
768,3,True,Food,Negative,
769,1,True,Staff,Negative,
769,1,True,Location,Positive,
769,1,True,Staff,Negative,
769,1,True,Location,Positive,
769,2,True,Staff,Negative,
769,2,True,Location,Positive,
769,2,True,Staff,Negative,
769,2,True,Location,Positive,
769,3,True,Staff,Negative,
769,3,True,Location,Positive,
769,3,True,Staff,Negative,
769,3,True,Location,Positive,
770,1,False,Room,null,
770,1,False,Staff,Positive,
770,1,False,Location,Negative,
770,1,False,Food,null,
770,1,False,Price,Negative,
770,1,False,Facility,null,
770,1,False,Check-in,null,
770,1,False,Check-out,null,
770,1,False,Off,null,
770,1,False,Booking-issue,null,
770,1,False,Taxi-issue,null,
770,1,False,Room,null,
770,1,False,Staff,Positive,
770,1,False,Location,Negative,
770,1,False,Food,null,
770,1,False,Price,Negative,
770,1,False,Facility,null,
770,1,False,Check-in,null,
770,1,False,Check-out,null,
770,1,False,Off,null,
770,1,False,Booking-issue,null,
770,1,False,Taxi-issue,null,
770,2,False,Room,null,
770,2,False,Staff,Positive,
770,2,False,Location,Negative,
770,2,False,Food,null,
770,2,False,Price,Negative,
770,2,False,Facility,null,
770,2,False,Check-in,null,
770,2,False,Check-out,null,
770,2,False,Off,null,
770,2,False,Booking-issue,null,
770,2,False,Taxi-issue,null,
770,2,False,Room,null,
770,2,False,Staff,Positive,
770,2,False,Location,Negative,
770,2,False,Food,null,
770,2,False,Price,Negative,
770,2,False,Facility,null,
770,2,False,Check-in,null,
770,2,False,Check-out,null,
770,2,False,Off,null,
770,2,False,Booking-issue,null,
770,2,False,Taxi-issue,null,
770,3,False,Room,null,
770,3,False,Staff,Positive,
770,3,False,Location,Negative,
770,3,False,Food,null,
770,3,False,Price,Negative,
770,3,False,Facility,null,
770,3,False,Check-in,null,
770,3,False,Check-out,null,
770,3,False,Off,null,
770,3,False,Booking-issue,null,
770,3,False,Taxi-issue,null,
770,3,False,Room,null,
770,3,False,Staff,Positive,
770,3,False,Location,Negative,
770,3,False,Food,null,
770,3,False,Price,Negative,
770,3,False,Facility,null,
770,3,False,Check-in,null,
770,3,False,Check-out,null,
770,3,False,Off,null,
770,3,False,Booking-issue,null,
770,3,False,Taxi-issue,null,
771,1,True,Room,Negative,
771,1,True,Staff,Positive,
771,1,True,Location,Positive,
771,1,True,Food,Negative,
771,1,False,Room,Negative,
771,1,False,Staff,Positive,
771,1,False,Location,Positive,
771,1,False,Food,Negative,
771,1,False,Price,null,
771,1,False,Facility,null,
771,1,False,Check-in,null,
771,1,False,Check-out,null,
771,1,False,Off,null,
771,1,False,Booking-issue,null,
771,1,False,Taxi-issue,null,
771,2,False,Room,Negative,
771,2,False,Staff,Positive,
771,2,False,Location,Positive,
771,2,False,Food,Negative,
771,2,False,Price,null,
771,2,False,Facility,null,
771,2,False,Check-in,null,
771,2,False,Check-out,null,
771,2,False,Off,null,
771,2,False,Booking-issue,null,
771,2,False,Taxi-issue,null,
771,2,False,Room,Negative,
771,2,False,Staff,Positive,
771,2,False,Location,Positive,
771,2,False,Food,Negative,
771,2,False,Price,null,
771,2,False,Facility,null,
771,2,False,Check-in,null,
771,2,False,Check-out,null,
771,2,False,Off,null,
771,2,False,Booking-issue,null,
771,2,False,Taxi-issue,null,
771,3,False,Room,Negative,
771,3,False,Staff,Positive,
771,3,False,Location,Positive,
771,3,False,Food,Negative,
771,3,False,Price,null,
771,3,False,Facility,null,
771,3,False,Check-in,null,
771,3,False,Check-out,null,
771,3,False,Off,null,
771,3,False,Booking-issue,null,
771,3,False,Taxi-issue,null,
771,3,False,Room,Negative,
771,3,False,Staff,Positive,
771,3,False,Location,Positive,
771,3,False,Food,Negative,
771,3,False,Price,null,
771,3,False,Facility,null,
771,3,False,Check-in,null,
771,3,False,Check-out,null,
771,3,False,Off,null,
771,3,False,Booking-issue,null,
771,3,False,Taxi-issue,null,
772,1,True,Staff,Negative,
772,1,True,Staff,Negative,
772,2,True,Staff,Negative,
772,2,True,Staff,Negative,
772,3,True,Staff,Negative,
772,3,True,Staff,Negative,
773,1,True,Room,Positive,
773,1,True,Location,Negative,
773,1,True,Room,Positive,
773,1,True,Location,Negative,
773,2,True,Room,Positive,
773,2,True,Location,Negative,
773,2,True,Room,Positive,
773,2,True,Location,Negative,
773,3,True,Room,Positive,
773,3,True,Location,Negative,
773,3,True,Room,Positive,
773,3,True,Location,Negative,
774,1,True,Room,Positive,
774,1,True,Staff,Positive,
774,1,True,Location,Positive,
774,1,True,Room,Positive,
774,1,True,Staff,Positive,
774,1,True,Location,Positive,
774,2,True,Room,Positive,
774,2,True,Staff,Positive,
774,2,True,Location,Positive,
774,2,True,Room,Positive,
774,2,True,Staff,Positive,
774,2,True,Location,Positive,
774,3,True,Room,Positive,
774,3,True,Staff,Positive,
774,3,True,Location,Positive,
774,3,True,Room,Positive,
774,3,True,Staff,Positive,
774,3,True,Location,Positive,
775,1,True,Staff,Negative,
775,1,True,Price,Negative,
775,1,True,Staff,Negative,
775,1,True,Price,Negative,
775,2,True,Staff,Negative,
775,2,True,Price,Negative,
775,2,True,Staff,Negative,
775,2,True,Price,Negative,
775,3,True,Staff,Negative,
775,3,True,Price,Negative,
775,3,True,Staff,Negative,
775,3,True,Price,Negative,
776,1,True,Location,Positive,
776,1,True,Location,Positive,
776,2,True,Location,Positive,
776,2,True,Location,Positive,
776,3,True,Location,Positive,
776,3,True,Location,Positive,
777,1,True,Room,Positive,
777,1,True,Staff,Positive,
777,1,True,Food,Positive,
777,1,True,Room,Positive,
777,1,True,Staff,Positive,
777,1,True,Food,Positive,
777,2,True,Room,Positive,
777,2,True,Staff,Positive,
777,2,True,Food,Positive,
777,2,True,Room,Positive,
777,2,True,Staff,Positive,
777,2,True,Food,Positive,
777,3,True,Room,Positive,
777,3,True,Staff,Positive,
777,3,True,Food,Positive,
777,3,True,Room,Positive,
777,3,True,Staff,Positive,
777,3,True,Food,Positive,
778,1,True,Staff,Positive,
778,1,True,Location,Positive,
778,1,True,Price,Negative,
778,1,True,Staff,Positive,
778,1,True,Location,Positive,
778,1,True,Price,Negative,
778,2,True,Staff,Positive,
778,2,True,Location,Positive,
778,2,True,Price,Negative,
778,2,True,Staff,Positive,
778,2,True,Location,Positive,
778,2,True,Price,Negative,
778,3,True,Staff,Positive,
778,3,True,Location,Positive,
778,3,True,Price,Negative,
778,3,True,Staff,Positive,
778,3,True,Location,Positive,
778,3,True,Price,Negative,
779,1,False,Location,Positive,
779,1,False,Staff,Positive,
779,1,False,Food,Negative,
779,1,False,Price,Negative,
779,1,False,Location,Positive,
779,1,False,Staff,Positive,
779,1,False,Food,Negative,
779,1,False,Price,Negative,
779,2,False,Location,Positive,
779,2,False,Staff,Positive,
779,2,False,Food,Negative,
779,2,False,Price,Negative,
779,2,False,Location,Positive,
779,2,False,Staff,Positive,
779,2,False,Food,Negative,
779,2,False,Price,Negative,
779,3,False,Location,Positive,
779,3,False,Staff,Positive,
779,3,False,Food,Negative,
779,3,False,Price,Negative,
779,3,False,Location,Positive,
779,3,False,Staff,Positive,
779,3,False,Food,Negative,
779,3,False,Price,Negative,
780,1,True,Room,Positive,
780,1,True,Location,Positive,
780,1,True,Room,Positive,
780,1,True,Location,Positive,
780,2,True,Room,Positive,
780,2,True,Location,Positive,
780,2,True,Room,Positive,
780,2,True,Location,Positive,
780,3,True,Room,Positive,
780,3,True,Location,Positive,
780,3,True,Room,Positive,
780,3,True,Location,Positive,
781,1,True,Room,Negative,
781,1,True,Staff,Positive,
781,1,True,Room,Negative,
781,1,True,Staff,Positive,
781,2,True,Room,Negative,
781,2,True,Staff,Positive,
781,2,True,Room,Negative,
781,2,True,Staff,Positive,
781,3,True,Room,Negative,
781,3,True,Staff,Positive,
781,3,True,Room,Negative,
781,3,True,Staff,Positive,
782,1,False,Room,Positive,
782,1,False,Staff,null,
782,1,False,Location,null,
782,1,False,Food,Positive,
782,1,False,Price,null,
782,1,False,Facility,null,
782,1,False,Check-in,null,
782,1,False,Check-out,null,
782,1,False,Off,null,
782,1,False,Booking-issue,null,
782,1,False,Taxi-issue,null,
782,1,False,Room,Positive,
782,1,False,Staff,null,
782,1,False,Location,null,
782,1,False,Food,Positive,
782,1,False,Price,null,
782,1,False,Facility,null,
782,1,False,Check-in,null,
782,1,False,Check-out,null,
782,1,False,Off,null,
782,1,False,Booking-issue,null,
782,1,False,Taxi-issue,null,
782,2,False,Room,Positive,
782,2,False,Staff,null,
782,2,False,Location,null,
782,2,False,Food,Positive,
782,2,False,Price,null,
782,2,False,Facility,null,
782,2,False,Check-in,null,
782,2,False,Check-out,null,
782,2,False,Off,null,
782,2,False,Booking-issue,null,
782,2,False,Taxi-issue,null,
782,2,False,Room,Positive,
782,2,False,Staff,null,
782,2,False,Location,null,
782,2,False,Food,Positive,
782,2,False,Price,null,
782,2,False,Facility,null,
782,2,False,Check-in,null,
782,2,False,Check-out,null,
782,2,False,Off,null,
782,2,False,Booking-issue,null,
782,2,False,Taxi-issue,null,
782,3,False,Room,Positive,
782,3,False,Staff,null,
782,3,False,Location,null,
782,3,False,Food,Positive,
782,3,False,Price,null,
782,3,False,Facility,null,
782,3,False,Check-in,null,
782,3,False,Check-out,null,
782,3,False,Off,null,
782,3,False,Booking-issue,null,
782,3,False,Taxi-issue,null,
782,3,False,Room,Positive,
782,3,False,Staff,null,
782,3,False,Location,null,
782,3,False,Food,Positive,
782,3,False,Price,null,
782,3,False,Facility,null,
782,3,False,Check-in,null,
782,3,False,Check-out,null,
782,3,False,Off,null,
782,3,False,Booking-issue,null,
782,3,False,Taxi-issue,null,
783,1,True,Staff,Positive,
783,1,True,Staff,Positive,
783,2,True,Staff,Positive,
783,2,True,Staff,Positive,
783,3,True,Staff,Positive,
783,3,True,Staff,Positive,
784,1,True,Room,Positive,
784,1,True,Staff,Positive,
784,1,True,Location,Positive,
784,1,True,Room,Positive,
784,1,True,Staff,Positive,
784,1,True,Location,Positive,
784,2,True,Room,Positive,
784,2,True,Staff,Positive,
784,2,True,Location,Positive,
784,2,True,Room,Positive,
784,2,True,Staff,Positive,
784,2,True,Location,Positive,
784,3,True,Room,Positive,
784,3,True,Staff,Positive,
784,3,True,Location,Positive,
784,3,True,Room,Positive,
784,3,True,Staff,Positive,
784,3,True,Location,Positive,
785,1,True,Staff,Positive,
785,1,True,Location,Negative,
785,1,True,Staff,Positive,
785,1,True,Location,Negative,
785,2,True,Staff,Positive,
785,2,True,Location,Negative,
785,2,True,Staff,Positive,
785,2,True,Location,Negative,
785,3,True,Staff,Positive,
785,3,True,Location,Negative,
785,3,True,Staff,Positive,
785,3,True,Location,Negative,
2484,1,False,Room,Negative,
2484,1,False,Staff,Positive,
2484,1,False,Location,null,
2484,1,False,Price,Negative,
2484,1,False,Room,Negative,
2484,1,False,Staff,Positive,
2484,1,False,Location,null,
2484,1,False,Price,Negative,
2484,2,False,Room,Negative,
2484,2,False,Staff,Positive,
2484,2,False,Location,null,
2484,2,False,Price,Negative,
2484,2,False,Room,Negative,
2484,2,False,Staff,Positive,
2484,2,False,Location,null,
2484,2,False,Price,Negative,
2484,3,False,Room,Negative,
2484,3,False,Staff,Positive,
2484,3,False,Location,null,
2484,3,False,Price,Negative,
2484,3,False,Room,Negative,
2484,3,False,Staff,Positive,
2484,3,False,Location,null,
2484,3,False,Price,Negative,
