Review ID,Run,Source,Topic,Sentiment,Head,Selected Content,Literal,Literal Type,Valid,Errors
1,,gt,Facility,Positive,good_facility,"New, comfortable apartments",new_facility,body,True,
1,,gt,Facility,Positive,good_facility,"New, comfortable apartments",comfortable_facility,body,True,
1,,gt,Facility,Positive,good_facility,"New, comfortable apartments",no_evident_not_new_facility,cont,True,
1,,gt,Facility,Positive,good_facility,"New, comfortable apartments",no_evident_not_comfortable_facility,cont,True,
1,,gt,Location,Positive,good_location,"close to the airport, to very clean beach.",(no literals),,False,json_parse_error: Expecting value: line 1 column 1 (char 0)
1,,gt,Staff,Positive,good_staff,Staff is extremely helpful and easy to communicate with,(no literals),,False,json_parse_error: Expecting value: line 1 column 1 (char 0)
1,,gt,Food,Positive,good_food,"Tasty food on the first floor, comfortable restaurant for both cozy evenings and calm work to escape the heat in the midday",tasty_food,body,True,
1,,gt,Food,Positive,good_food,"Tasty food on the first floor, comfortable restaurant for both cozy evenings and calm work to escape the heat in the midday",no_evident_not_tasty_food,cont,True,
2,,gt,Staff,Positive,good_staff,The staff was very nice and helpful!,nice_staff,body,True,
2,,gt,Staff,Positive,good_staff,The staff was very nice and helpful!,helpful_staff,body,True,
2,,gt,Staff,Positive,good_staff,The staff was very nice and helpful!,no_evident_not_nice_staff,cont,True,
2,,gt,Staff,Positive,good_staff,The staff was very nice and helpful!,no_evident_not_helpful_staff,cont,True,
2,,gt,Room,Positive,good_room,"The room was very clean, well decorated and modern, although not big.",clean_room,body,True,
2,,gt,Room,Positive,good_room,"The room was very clean, well decorated and modern, although not big.",well_decorated_room,body,True,
2,,gt,Room,Positive,good_room,"The room was very clean, well decorated and modern, although not big.",modern_room,body,True,
2,,gt,Room,Positive,good_room,"The room was very clean, well decorated and modern, although not big.",not_big_room,body,True,
2,,gt,Room,Positive,good_room,"The room was very clean, well decorated and modern, although not big.",no_evident_not_clean_room,cont,True,
2,,gt,Room,Positive,good_room,"The room was very clean, well decorated and modern, although not big.",no_evident_not_well_decorated_room,cont,True,
2,,gt,Room,Positive,good_room,"The room was very clean, well decorated and modern, although not big.",no_evident_not_modern_room,cont,True,
2,,gt,Room,Positive,good_room,"The room was very clean, well decorated and modern, although not big.",no_evident_not_not_big_room,cont,True,
2,,gt,Room,Negative,bad_room,"The room was very clean, well decorated and modern, although not big.",(no literals),,False,json_parse_error: Expecting value: line 1 column 1 (char 0)
2,,gt,Food,Positive,good_food,"Also, the breakfast was amazing, fresh and handmade! Especially vegetarian version with humus. The cook is great, and all staff was very kind and helpful.",(no literals),,False,json_parse_error: Expecting value: line 1 column 1 (char 0)
2,,gt,Facility,Negative,bad_facility,"We had a really pleasant stay!, although not big,",pleasant_facility,body,True,
2,,gt,Facility,Negative,bad_facility,"We had a really pleasant stay!, although not big,",not_big_facility,body,True,
2,,gt,Facility,Negative,bad_facility,"We had a really pleasant stay!, although not big,",have_evident_pleasant_facility,cont,True,
2,,gt,Facility,Negative,bad_facility,"We had a really pleasant stay!, although not big,",have_evident_not_big_facility,cont,True,
2,,gt,Facility,Positive,good_facility,"I like hotels with a family atmosphere, cozy and not big,",(no literals),,False,json_parse_error: Expecting value: line 1 column 1 (char 0)
3,,gt,Location,Positive,good_location,the location is great and near the airport. bus stop is very close.,(no literals),,False,json_parse_error: Expecting value: line 1 column 1 (char 0)
4,,gt,Staff,Positive,good_staff,Great stuff,great_staff,body,True,
4,,gt,Staff,Positive,good_staff,Great stuff,no_evident_not_great_staff,cont,True,
4,,gt,Price,Positive,good_price,Great Quality/price,great_price,body,True,
4,,gt,Price,Positive,good_price,Great Quality/price,no_evident_not_great_price,cont,True,
4,,gt,Room,Positive,good_room,Clean,clean_room,body,True,
4,,gt,Room,Positive,good_room,Clean,no_evident_not_clean_room,cont,True,
5,,gt,Room,Positive,good_room,Clean and modern with very comfortable beds,(no literals),,False,json_parse_error: Expecting value: line 1 column 1 (char 0)
5,,gt,Location,Positive,good_location,in a very convenient location.  An easy stroll to numerous nice restaurants and a great beach.,(no literals),,False,json_parse_error: Expecting value: line 1 column 1 (char 0)
6,,gt,Room,Positive,good_room,The room was exceptionally clean with a really comfortable bed,(no literals),,False,json_parse_error: Expecting value: line 1 column 1 (char 0)
8,,gt,Location,Positive,good_location,nice location,nice_location,body,True,
8,,gt,Location,Positive,good_location,nice location,no_evident_not_nice_location,cont,True,
8,,gt,Staff,Positive,good_staff,lovely personal,lovely_staff,body,True,
8,,gt,Staff,Positive,good_staff,lovely personal,personal_staff,body,True,
8,,gt,Staff,Positive,good_staff,lovely personal,no_evident_not_lovely_staff,cont,True,
8,,gt,Staff,Positive,good_staff,lovely personal,no_evident_not_personal_staff,cont,True,
9,,gt,Staff,Positive,good_staff,very helpful host showed us how nearby bus takes to town-cntre (and airport by the way,helpful_staff,body,True,
9,,gt,Staff,Positive,good_staff,very helpful host showed us how nearby bus takes to town-cntre (and airport by the way,no_evident_not_helpful_staff,cont,True,
10,,gt,Room,Positive,good_room,Great modern room comfortable bed,great_room,body,True,
10,,gt,Room,Positive,good_room,Great modern room comfortable bed,modern_room,body,True,
10,,gt,Room,Positive,good_room,Great modern room comfortable bed,comfortable_room,body,True,
10,,gt,Room,Positive,good_room,Great modern room comfortable bed,no_evident_not_great_room,cont,True,
10,,gt,Room,Positive,good_room,Great modern room comfortable bed,no_evident_not_modern_room,cont,True,
10,,gt,Room,Positive,good_room,Great modern room comfortable bed,no_evident_not_comfortable_room,cont,True,
10,,gt,Location,Positive,good_location,quiet location,quiet_location,body,True,
10,,gt,Location,Positive,good_location,quiet location,no_evident_not_quiet_location,cont,True,
11,,gt,Staff,Positive,good_staff,"The staff here are amazing beyond expectations..*****
  Maria at reception is just great she really took time to explain where to go how to get there and so helpful ... 🙏
  Richard the chef this guy is like the friendliest guy ever, such a nice guy with a permanent. Even the cleaning lady is so friendly and so nice to talk to. The owners are also great",(no literals),,False,json_parse_error: Expecting value: line 1 column 1 (char 0)
11,,gt,Food,Positive,good_food,Oh yeah the food is great to and very reasonable prices ..,(no literals),,False,json_parse_error: Expecting value: line 1 column 1 (char 0)
11,,gt,Room,Positive,good_room,The rooms are spacious and clean great to stay .. I even got an upgrade,(no literals),,False,json_parse_error: Expecting value: line 1 column 1 (char 0)
11,,gt,Location,Positive,good_location,The bus stop which goes to and from the airport as well as the town center is a minutes walk away and just 2 euros,(no literals),,False,json_parse_error: Expecting value: line 1 column 1 (char 0)
12,,gt,Staff,Positive,good_staff,The staff were exceptional. So helpful and friendly. Went out of their way for us.,(no literals),,False,json_parse_error: Expecting value: line 1 column 1 (char 0)
12,,gt,Food,Positive,good_food,The breakfast was lovely with room service too.,(no literals),,False,json_parse_error: Expecting value: line 1 column 1 (char 0)
12,,gt,Room,Positive,good_room,Very clean and comfortable.,(no literals),,False,json_parse_error: Expecting value: line 1 column 1 (char 0)
13,,gt,Room,Positive,good_room,"The rooms are lovely and new, very clean and comfortable. The mattress was to my taste.",(no literals),,False,json_parse_error: Expecting value: line 1 column 1 (char 0)
13,,gt,Location,Positive,good_location,"Short drive to the airport and very well located, just a short walk from the promenade, coffee shops restaurants.",(no literals),,False,json_parse_error: Expecting value: line 1 column 1 (char 0)
13,,gt,Staff,Positive,good_staff,"The staff are so welcoming, we felt like staying with family.",(no literals),,False,json_parse_error: Expecting value: line 1 column 1 (char 0)
14,,gt,Location,Positive,good_location,We wanted a hotel for a night that is close to the airport and this hotel did that purpose more than fair. There are some restaurants and bars next to the beach just 10min of walking distance from the hotel.,(no literals),,False,json_parse_error: Expecting value: line 1 column 1 (char 0)
14,,gt,Staff,Negative,bad_staff,The receptionist didn't speak English properly,(no literals),,False,json_parse_error: Expecting value: line 1 column 1 (char 0)
14,,gt,Room,Negative,bad_room,You can hear the airplanes coming and leaving from the airport all the time,noisy_room,body,True,
14,,gt,Room,Negative,bad_room,You can hear the airplanes coming and leaving from the airport all the time,have_evident_noisy_room,cont,True,
15,,gt,Location,Positive,good_location,"Chose really because it was reasonably close to the Airport for an early morning flight, yet could have a stroll along the nearby beach.",(no literals),,False,json_parse_error: Expecting value: line 1 column 1 (char 0)
15,,gt,Staff,Positive,good_staff,The staff make it,(no literals),,False,json_parse_error: Expecting value: line 1 column 1 (char 0)
15,,gt,Location,Negative,bad_location,it is a bit on the edge of Larnaca - with frequent busses to the centre.,on_the_edge_of_Larnaca,body,True,
15,,gt,Location,Negative,bad_location,it is a bit on the edge of Larnaca - with frequent busses to the centre.,frequent_busses_to_the_centre,body,True,
15,,gt,Location,Negative,bad_location,it is a bit on the edge of Larnaca - with frequent busses to the centre.,have_evident_on_the_edge_of_Larnaca,cont,True,
15,,gt,Location,Negative,bad_location,it is a bit on the edge of Larnaca - with frequent busses to the centre.,have_evident_frequent_busses_to_the_centre,cont,True,
16,,gt,Room,Positive,good_room,"I liked the rooms- they are spacious, clean, the window view is nice too.",(no literals),,False,json_parse_error: Expecting value: line 1 column 1 (char 0)
16,,gt,Food,Positive,good_food,"The restaurant downstairs is amazing- the food there is very very tasty and made with a lot of care- they care a lot about the details: olive oil galore, herbs- absolutely delicious!",(no literals),,False,json_parse_error: Expecting value: line 1 column 1 (char 0)
17,,gt,Staff,Positive,good_staff,The owner and staff were exceptionally friendly and supportive and helped with all our wishes.,friendly_staff,body,True,
17,,gt,Staff,Positive,good_staff,The owner and staff were exceptionally friendly and supportive and helped with all our wishes.,supportive_staff,body,True,
17,,gt,Staff,Positive,good_staff,The owner and staff were exceptionally friendly and supportive and helped with all our wishes.,no_evident_not_friendly_staff,cont,True,
17,,gt,Staff,Positive,good_staff,The owner and staff were exceptionally friendly and supportive and helped with all our wishes.,no_evident_not_supportive_staff,cont,True,
17,,gt,Room,Positive,good_room,Our room had a balcony with great view of the sea and surrounding area.,(no literals),,False,json_parse_error: Expecting value: line 1 column 1 (char 0)
18,,gt,Staff,Positive,good_staff,"with extremely friendly reception and dining staff,",(no literals),,False,json_parse_error: Expecting value: line 1 column 1 (char 0)
18,,gt,Food,Positive,good_food,Meals well prepared and good value.,(no literals),,False,json_parse_error: Expecting value: line 1 column 1 (char 0)
18,,gt,Location,Positive,good_location,Bus every 20 minutes to the centre of Larnaka.,(no literals),,False,json_parse_error: Expecting value: line 1 column 1 (char 0)
19,,gt,Location,Positive,good_location,Close to airport,close_to_airport,body,True,
19,,gt,Location,Positive,good_location,Close to airport,no_evident_not_close_to_airport,cont,True,
20,,gt,Room,Positive,good_room,clean,clean_room,body,True,
20,,gt,Room,Positive,good_room,clean,no_evident_not_clean_room,cont,True,
20,,gt,Staff,Positive,good_staff,friendly stuff,friendly_staff,body,True,
20,,gt,Staff,Positive,good_staff,friendly stuff,no_evident_not_friendly_staff,cont,True,
21,,gt,Room,Positive,good_room,The hotel is impressive how clean nice and comfortable it is,clean_room,body,True,
21,,gt,Room,Positive,good_room,The hotel is impressive how clean nice and comfortable it is,nice_room,body,True,
21,,gt,Room,Positive,good_room,The hotel is impressive how clean nice and comfortable it is,comfortable_room,body,True,
21,,gt,Room,Positive,good_room,The hotel is impressive how clean nice and comfortable it is,no_evident_not_clean_room,cont,True,
21,,gt,Room,Positive,good_room,The hotel is impressive how clean nice and comfortable it is,no_evident_not_nice_room,cont,True,
21,,gt,Room,Positive,good_room,The hotel is impressive how clean nice and comfortable it is,no_evident_not_comfortable_room,cont,True,
21,,gt,Staff,Positive,good_staff,however what will bring me back is the staff and the owners. Richard (the chef) is personally buying super fresh food for the restaurant. The owners have been super kind to me :),(no literals),,False,json_parse_error: Expecting value: line 1 column 1 (char 0)
21,,gt,Food,Positive,good_food,Everything from breakfast to dinner is absolutely delicious.,(no literals),,False,json_parse_error: Expecting value: line 1 column 1 (char 0)
22,,gt,Room,Positive,good_room,"Room was perfect, looked new, clean shiny tiled floors and bathroom tiles, just every inch perfect and clean. Bed was really comfortable, lots of room for me to put my things",(no literals),,False,json_parse_error: Expecting value: line 1 column 1 (char 0)
22,,gt,Room,Negative,bad_room,"although might have needed another set of drawers if there were two of us. Fridge could have been put on beforehand, the shower took a while to get hot,",(no literals),,False,json_parse_error: Expecting value: line 1 column 1 (char 0)
22,,gt,Food,Negative,bad_food,"Ordered pizza one night and was not great, too stodgy",not_great_pizza,body,True,
22,,gt,Food,Negative,bad_food,"Ordered pizza one night and was not great, too stodgy",too_stodgy_pizza,body,True,
22,,gt,Food,Negative,bad_food,"Ordered pizza one night and was not great, too stodgy",have_evident_not_great_pizza,cont,True,
22,,gt,Food,Negative,bad_food,"Ordered pizza one night and was not great, too stodgy",have_evident_too_stodgy_pizza,cont,True,
22,,gt,Food,Positive,good_food,The restaurant area is nice,(no literals),,False,json_parse_error: Expecting value: line 1 column 1 (char 0)
22,,gt,Staff,Positive,good_staff,the staff very accomodating.,accommodating_staff,body,True,
22,,gt,Staff,Positive,good_staff,the staff very accomodating.,no_evident_not_accommodating_staff,cont,True,
23,,gt,Room,Positive,good_room,the beds were very comfortable,(no literals),,False,json_parse_error: Expecting value: line 1 column 1 (char 0)
24,,gt,Room,Positive,good_room,I loved the mattress!!!,(no literals),,False,json_parse_error: Expecting value: line 1 column 1 (char 0)
25,,gt,Room,Positive,good_room,Clean and quiet,clean_room,body,True,
25,,gt,Room,Positive,good_room,Clean and quiet,quiet_room,body,True,
25,,gt,Room,Positive,good_room,Clean and quiet,no_evident_not_clean_room,cont,True,
25,,gt,Room,Positive,good_room,Clean and quiet,no_evident_not_quiet_room,cont,True,
26,,gt,Location,Positive,good_location,The hotel is 5 minutes from the beach and the location is also near the lake.,(no literals),,False,json_parse_error: Expecting value: line 1 column 1 (char 0)
26,,gt,Room,Positive,good_room,"The rooms are a good size and are laid out very well with a good size bathroom
  The room also has a great sized balcony to take a tea/coffee and 
  chill",(no literals),,False,json_parse_error: Expecting value: line 1 column 1 (char 0)
26,,gt,Food,Positive,good_food,There is a great restaurant inside where the food is good and not to pricey.,(no literals),,False,json_parse_error: Expecting value: line 1 column 1 (char 0)
26,,gt,Staff,Positive,good_staff,The staff are super wonderful really friendly all of them the receptionist Maria is so nice she's amazing,(no literals),,False,json_parse_error: Expecting value: line 1 column 1 (char 0)
27,,gt,Room,Positive,good_room,"so comfortable, clean",comfortable_room,body,True,
27,,gt,Room,Positive,good_room,"so comfortable, clean",clean_room,body,True,
27,,gt,Room,Positive,good_room,"so comfortable, clean",no_evident_not_comfortable_room,cont,True,
27,,gt,Room,Positive,good_room,"so comfortable, clean",no_evident_not_clean_room,cont,True,
27,,gt,Staff,Positive,good_staff,friendly staff,friendly_staff,body,True,
27,,gt,Staff,Positive,good_staff,friendly staff,no_evident_not_friendly_staff,cont,True,
27,,gt,Location,Positive,good_location,perfect for overnight stay before flying from Larnaca Airport.,(no literals),,False,json_parse_error: Expecting value: line 1 column 1 (char 0)
28,,gt,Staff,Positive,good_staff,Staff is very polite and caring.,(no literals),,False,json_parse_error: Expecting value: line 1 column 1 (char 0)
28,,gt,Location,Negative,bad_location,Surrounding buildings are under construction and poorly lit.,(no literals),,False,json_parse_error: Expecting value: line 1 column 1 (char 0)
29,,gt,Room,Positive,good_room,very clean functional rooms,very_clean_room,body,True,
29,,gt,Room,Positive,good_room,very clean functional rooms,functional_room,body,True,
29,,gt,Room,Positive,good_room,very clean functional rooms,no_evident_not_very_clean_room,cont,True,
29,,gt,Room,Positive,good_room,very clean functional rooms,no_evident_not_functional_room,cont,True,
29,,gt,Staff,Positive,good_staff,lovely and very helpful staff.,lovely_staff,body,True,
29,,gt,Staff,Positive,good_staff,lovely and very helpful staff.,helpful_staff,body,True,
29,,gt,Staff,Positive,good_staff,lovely and very helpful staff.,no_evident_not_lovely_staff,cont,True,
29,,gt,Staff,Positive,good_staff,lovely and very helpful staff.,no_evident_not_helpful_staff,cont,True,
30,,gt,Staff,Positive,good_staff,Staff were lovely. Service was great.,lovely_staff,body,True,
30,,gt,Staff,Positive,good_staff,Staff were lovely. Service was great.,no_evident_not_lovely_staff,cont,True,
30,,gt,Room,Positive,good_room,The room was spotless.,spotless_room,body,True,
30,,gt,Room,Positive,good_room,The room was spotless.,no_evident_not_spotless_room,cont,True,
30,,gt,Location,Positive,good_location,Great location for restaurants. Great location for a short drive to the airport.,great_for_restaurants,body,True,
30,,gt,Location,Positive,good_location,Great location for restaurants. Great location for a short drive to the airport.,great_for_a_short_drive_to_the_airport,body,True,
30,,gt,Location,Positive,good_location,Great location for restaurants. Great location for a short drive to the airport.,no_evident_not_great_for_restaurants,cont,True,
30,,gt,Location,Positive,good_location,Great location for restaurants. Great location for a short drive to the airport.,no_evident_not_great_for_a_short_drive_to_the_airport,cont,True,
31,,gt,Room,Positive,good_room,"Clean, comfortable,",clean_room,body,True,
31,,gt,Room,Positive,good_room,"Clean, comfortable,",comfortable_room,body,True,
31,,gt,Room,Positive,good_room,"Clean, comfortable,",no_evident_not_clean_room,cont,True,
31,,gt,Room,Positive,good_room,"Clean, comfortable,",no_evident_not_comfortable_room,cont,True,
31,,gt,Staff,Positive,good_staff,friendly staff.,friendly_staff,body,True,
31,,gt,Staff,Positive,good_staff,friendly staff.,no_evident_not_friendly_staff,cont,True,
31,,gt,Food,Positive,good_food,Great restaurant beneath the hotel - food excellent & reasonably priced.,(no literals),,False,json_parse_error: Expecting value: line 1 column 1 (char 0)
31,,gt,Location,Positive,good_location,Very close to Mackenzy beach & Larnaca airport.,(no literals),,False,json_parse_error: Expecting value: line 1 column 1 (char 0)
32,,gt,Room,Positive,good_room,The bed was great. Rooms clean.,clean_room,body,True,
32,,gt,Room,Positive,good_room,The bed was great. Rooms clean.,great_bed,body,True,
32,,gt,Room,Positive,good_room,The bed was great. Rooms clean.,no_evident_not_clean_room,cont,True,
32,,gt,Room,Positive,good_room,The bed was great. Rooms clean.,no_evident_not_great_bed,cont,True,
32,,gt,Staff,Positive,good_staff,Staff were so kind.,(no literals),,False,json_parse_error: Expecting value: line 1 column 1 (char 0)
33,,gt,Staff,Positive,good_staff,Very helpful staff,helpful_staff,body,True,
33,,gt,Staff,Positive,good_staff,Very helpful staff,no_evident_not_helpful_staff,cont,True,
33,,gt,Room,Positive,good_room,super clean room with modern furniture all together make your stay max comfortable,(no literals),,False,json_parse_error: Expecting value: line 1 column 1 (char 0)
33,,gt,Food,Positive,good_food,Option to have a good breakfast within the hotel save your time.,good_breakfast,body,True,
33,,gt,Food,Positive,good_food,Option to have a good breakfast within the hotel save your time.,within_hotel_breakfast,body,True,
33,,gt,Food,Positive,good_food,Option to have a good breakfast within the hotel save your time.,no_evident_not_good_breakfast,cont,True,
33,,gt,Food,Positive,good_food,Option to have a good breakfast within the hotel save your time.,no_evident_not_within_hotel_breakfast,cont,True,
33,,gt,Room,Negative,bad_room,Little bit noisy during evening time from the street side.,noisy_room,body,True,
33,,gt,Room,Negative,bad_room,Little bit noisy during evening time from the street side.,have_evident_noisy_room,cont,True,
34,,gt,Staff,Positive,good_staff,welcoming,welcoming_staff,body,True,
34,,gt,Staff,Positive,good_staff,welcoming,no_evident_not_welcoming_staff,cont,True,
34,,gt,Price,Positive,good_price,value for money,value_for_money,body,True,
34,,gt,Price,Positive,good_price,value for money,no_evident_not_value_for_money,cont,True,
34,,gt,Room,Negative,bad_room,more hooks on walls for towels etc.,(no literals),,False,json_parse_error: Expecting value: line 1 column 1 (char 0)
35,,gt,Room,Negative,bad_room,"There was a problem with heating water at that time and we can understand, but eventually we couldn't manage to have a proper shower with hot water.",(no literals),,False,json_parse_error: Expecting value: line 1 column 1 (char 0)
36,,gt,Location,Negative,bad_location,"we were surprised at the location in a small side street,",small,body,True,
36,,gt,Location,Negative,bad_location,"we were surprised at the location in a small side street,",side_street,body,True,
36,,gt,Location,Negative,bad_location,"we were surprised at the location in a small side street,",have_evident_small,cont,True,
36,,gt,Location,Negative,bad_location,"we were surprised at the location in a small side street,",have_evident_side_street,cont,True,
36,,gt,Location,Positive,good_location,but it was only a 10-minute walk to the sea front.,(no literals),,False,json_parse_error: Expecting value: line 1 column 1 (char 0)
36,,gt,Staff,Positive,good_staff,The receptionist on check in was very good and explained the information very clearly to us.,(no literals),,False,json_parse_error: Expecting value: line 1 column 1 (char 0)
36,,gt,Room,Negative,bad_room,The room was smaller than I expected but as we were only there a few days it was acceptable. I am very fussy about beds and pillows,(no literals),,False,json_parse_error: Expecting value: line 1 column 1 (char 0)
36,,gt,Room,Positive,good_room,"I had no problem as they were very clean, and the bed was really comfortable.",(no literals),,False,json_parse_error: Expecting value: line 1 column 1 (char 0)
36,,gt,Food,Positive,good_food,"The chef was very polite, and his food was excellent, he had passion and it showed in his presentation.",(no literals),,False,json_parse_error: Expecting value: line 1 column 1 (char 0)
36,,gt,Food,Negative,bad_food,We may have missed it but there was no opening and closing times of the bar on display.,(no literals),,False,json_parse_error: Expecting value: line 1 column 1 (char 0)
37,,gt,Room,Positive,good_room,Really clean,clean_room,body,True,
37,,gt,Room,Positive,good_room,Really clean,no_evident_not_clean_room,cont,True,
37,,gt,Staff,Positive,good_staff,lovely caring staff.,(no literals),,False,json_parse_error: Expecting value: line 1 column 1 (char 0)
37,,gt,Location,Positive,good_location,The bus to the airport is close by and runs every 15 minutes.,(no literals),,False,json_parse_error: Expecting value: line 1 column 1 (char 0)
38,,gt,Room,Positive,good_room,great rooms - nice and cool,(no literals),,False,json_parse_error: Expecting value: line 1 column 1 (char 0)
39,,gt,Room,Positive,good_room,It was really clean and spacious,(no literals),,False,json_parse_error: Expecting value: line 1 column 1 (char 0)
40,,gt,Location,Positive,good_location,"Nice location, not far from Airport and Mackenzie beach.",(no literals),,False,json_parse_error: Expecting value: line 1 column 1 (char 0)
40,,gt,Room,Negative,bad_room,"My only real observation was that there was no net curtain or blind so one needed to ensure that the curtain was closed,",no_net_curtain_room,body,True,
40,,gt,Room,Negative,bad_room,"My only real observation was that there was no net curtain or blind so one needed to ensure that the curtain was closed,",no_blind_room,body,True,
40,,gt,Room,Negative,bad_room,"My only real observation was that there was no net curtain or blind so one needed to ensure that the curtain was closed,",have_evident_no_net_curtain_room,cont,True,
40,,gt,Room,Negative,bad_room,"My only real observation was that there was no net curtain or blind so one needed to ensure that the curtain was closed,",have_evident_no_blind_room,cont,True,
41,,gt,Staff,Positive,good_staff,Super friendly and helpful staff.,(no literals),,False,json_parse_error: Expecting value: line 1 column 1 (char 0)
41,,gt,Location,Positive,good_location,"A good location 5 lins away from the airport by car, 5 mins walk to the beach.",(no literals),,False,json_parse_error: Expecting value: line 1 column 1 (char 0)
41,,gt,Location,Negative,bad_location,"It is typical of all restaurants in the area - the kitchen shuts at 22:30 or so, and there is no food to be had afterwards.",typical_area,body,True,
41,,gt,Location,Negative,bad_location,"It is typical of all restaurants in the area - the kitchen shuts at 22:30 or so, and there is no food to be had afterwards.",have_evident_typical_area,cont,True,
41,,gt,Room,Positive,good_room,"Clean modern rooms,",clean_room,body,True,
41,,gt,Room,Positive,good_room,"Clean modern rooms,",modern_room,body,True,
41,,gt,Room,Positive,good_room,"Clean modern rooms,",no_evident_not_clean_room,cont,True,
41,,gt,Room,Positive,good_room,"Clean modern rooms,",no_evident_not_modern_room,cont,True,
41,,gt,Food,Positive,good_food,very nice breakfast.,(no literals),,False,json_parse_error: Expecting value: line 1 column 1 (char 0)
42,,gt,Room,Positive,good_room,clean,clean_room,body,True,
42,,gt,Room,Positive,good_room,clean,no_evident_not_clean_room,cont,True,
42,,gt,Staff,Positive,good_staff,"hospitality,",(no literals),,False,json_parse_error: Expecting value: line 1 column 1 (char 0)
43,,gt,Room,Positive,good_room,clean spacious practical,clean_room,body,True,
43,,gt,Room,Positive,good_room,clean spacious practical,spacious_room,body,True,
43,,gt,Room,Positive,good_room,clean spacious practical,practical_room,body,True,
43,,gt,Room,Positive,good_room,clean spacious practical,no_evident_not_clean_room,cont,True,
43,,gt,Room,Positive,good_room,clean spacious practical,no_evident_not_spacious_room,cont,True,
43,,gt,Room,Positive,good_room,clean spacious practical,no_evident_not_practical_room,cont,True,
44,,gt,Price,Positive,good_price,"The facilities were really good, particularly for the tariff charged.",good_tariff,body,True,
44,,gt,Price,Positive,good_price,"The facilities were really good, particularly for the tariff charged.",no_evident_not_good_tariff,cont,True,
44,,gt,Staff,Positive,good_staff,Was met with a warm welcome at reception and then again by the dining staff.,warm_staff,body,True,
44,,gt,Staff,Positive,good_staff,Was met with a warm welcome at reception and then again by the dining staff.,welcoming_staff,body,True,
44,,gt,Staff,Positive,good_staff,Was met with a warm welcome at reception and then again by the dining staff.,no_evident_not_warm_staff,cont,True,
44,,gt,Staff,Positive,good_staff,Was met with a warm welcome at reception and then again by the dining staff.,no_evident_not_welcoming_staff,cont,True,
44,,gt,Location,Negative,bad_location,"Outside was a but noisy later in the evening,",noisy_location,body,True,
44,,gt,Location,Negative,bad_location,"Outside was a but noisy later in the evening,",have_evident_noisy_location,cont,True,
45,,gt,Room,Positive,good_room,"Recently updated, everything was me and clean.",recently_updated_room,body,True,
45,,gt,Room,Positive,good_room,"Recently updated, everything was me and clean.",clean_room,body,True,
45,,gt,Room,Positive,good_room,"Recently updated, everything was me and clean.",no_evident_not_recently_updated_room,cont,True,
45,,gt,Room,Positive,good_room,"Recently updated, everything was me and clean.",no_evident_not_clean_room,cont,True,
45,,gt,Food,Positive,good_food,"Restaurant was a surprise hit: good food, very reasonably priced, so an easy choice to eat at the hotel when we wouldn't usually.",good_food,body,True,
45,,gt,Food,Positive,good_food,"Restaurant was a surprise hit: good food, very reasonably priced, so an easy choice to eat at the hotel when we wouldn't usually.",reasonably_priced_food,body,True,
45,,gt,Food,Positive,good_food,"Restaurant was a surprise hit: good food, very reasonably priced, so an easy choice to eat at the hotel when we wouldn't usually.",no_evident_not_good_food,cont,True,
45,,gt,Food,Positive,good_food,"Restaurant was a surprise hit: good food, very reasonably priced, so an easy choice to eat at the hotel when we wouldn't usually.",no_evident_not_reasonably_priced_food,cont,True,
45,,gt,Location,Positive,good_location,The beach is about 5 minutes walk away.,(no literals),,False,json_parse_error: Expecting value: line 1 column 1 (char 0)
45,,gt,Location,Negative,bad_location,There is a bit of plane noise in the afternoon and evening because it is right near the takeoff end of the runway,near_takeoff_end_of_runway,body,True,
45,,gt,Location,Negative,bad_location,There is a bit of plane noise in the afternoon and evening because it is right near the takeoff end of the runway,plane_noise,body,True,
45,,gt,Location,Negative,bad_location,There is a bit of plane noise in the afternoon and evening because it is right near the takeoff end of the runway,have_evident_near_takeoff_end_of_runway,cont,True,
45,,gt,Location,Negative,bad_location,There is a bit of plane noise in the afternoon and evening because it is right near the takeoff end of the runway,have_evident_plane_noise,cont,True,
46,,gt,Price,Positive,good_price,Great value for money,(no literals),,False,json_parse_error: Expecting value: line 1 column 1 (char 0)
47,,gt,Staff,Positive,good_staff,very helpful staff who organised a taxi to collect us in the morning.,helpful_staff,body,True,
47,,gt,Staff,Positive,good_staff,very helpful staff who organised a taxi to collect us in the morning.,no_evident_not_helpful_staff,cont,True,
47,,gt,Price,Positive,good_price,Good value for money.,good_value_for_money,body,True,
47,,gt,Price,Positive,good_price,Good value for money.,no_evident_not_good_value_for_money,cont,True,
48,,gt,Room,Positive,good_room,Clean and comfortable rooms,clean_room,body,True,
48,,gt,Room,Positive,good_room,Clean and comfortable rooms,comfortable_room,body,True,
48,,gt,Room,Positive,good_room,Clean and comfortable rooms,no_evident_not_clean_room,cont,True,
48,,gt,Room,Positive,good_room,Clean and comfortable rooms,no_evident_not_comfortable_room,cont,True,
48,,gt,Staff,Positive,good_staff,lovely owner,(no literals),,False,json_parse_error: Expecting value: line 1 column 1 (char 0)
49,,gt,Location,Positive,good_location,Great location close to the airport and a short walk to the sea.,close_to_airport,body,True,
49,,gt,Location,Positive,good_location,Great location close to the airport and a short walk to the sea.,short_walk_to_sea,body,True,
49,,gt,Location,Positive,good_location,Great location close to the airport and a short walk to the sea.,no_evident_not_close_to_airport,cont,True,
49,,gt,Location,Positive,good_location,Great location close to the airport and a short walk to the sea.,no_evident_not_short_walk_to_sea,cont,True,
49,,gt,Price,Positive,good_price,Great value for money.,(no literals),,False,json_parse_error: Expecting value: line 1 column 1 (char 0)
49,,gt,Room,Positive,good_room,The 2 rooms were big enough for a family of 5.,big_room,body,True,
49,,gt,Room,Positive,good_room,The 2 rooms were big enough for a family of 5.,no_evident_not_big_room,cont,True,
50,,gt,Location,Positive,good_location,Great little hotel close to airport,(no literals),,False,json_parse_error: Expecting value: line 1 column 1 (char 0)
50,,gt,Room,Negative,bad_room,Not very Soundproof,(no literals),,False,json_parse_error: Expecting value: line 1 column 1 (char 0)
51,,gt,Location,Positive,good_location,"Near airport,",near_airport,body,True,
51,,gt,Location,Positive,good_location,"Near airport,",no_evident_not_near_airport,cont,True,
51,,gt,Room,Positive,good_room,"nice clean room, very well kept",(no literals),,False,json_parse_error: Expecting value: line 1 column 1 (char 0)
51,,gt,Staff,Positive,good_staff,staff very helpful and friendly.,helpful_staff,body,True,
51,,gt,Staff,Positive,good_staff,staff very helpful and friendly.,friendly_staff,body,True,
51,,gt,Staff,Positive,good_staff,staff very helpful and friendly.,no_evident_not_helpful_staff,cont,True,
51,,gt,Staff,Positive,good_staff,staff very helpful and friendly.,no_evident_not_friendly_staff,cont,True,
53,,gt,Facility,Positive,good_facility,"nice, renovated hotel",nice_hotel,body,True,
53,,gt,Facility,Positive,good_facility,"nice, renovated hotel",renovated_hotel,body,True,
53,,gt,Facility,Positive,good_facility,"nice, renovated hotel",no_evident_not_nice_hotel,cont,True,
53,,gt,Facility,Positive,good_facility,"nice, renovated hotel",no_evident_not_renovated_hotel,cont,True,
53,,gt,Room,Positive,good_room,comfortable bed,comfortable_room,body,True,
53,,gt,Room,Positive,good_room,comfortable bed,no_evident_not_comfortable_room,cont,True,
53,,gt,Location,Positive,good_location,"close to the airport and Mackenzie Beach,",close_to_airport,body,True,
53,,gt,Location,Positive,good_location,"close to the airport and Mackenzie Beach,",close_to_Mackenzie_Beach,body,True,
53,,gt,Location,Positive,good_location,"close to the airport and Mackenzie Beach,",no_evident_not_close_to_airport,cont,True,
53,,gt,Location,Positive,good_location,"close to the airport and Mackenzie Beach,",no_evident_not_close_to_Mackenzie_Beach,cont,True,
53,,gt,Food,Positive,good_food,"delicious breakfasts in the hotel restaurant,",delicious_breakfasts,body,True,
53,,gt,Food,Positive,good_food,"delicious breakfasts in the hotel restaurant,",no_evident_not_delicious_breakfasts,cont,True,
54,,gt,Room,Positive,good_room,Very nice and clean room.,nice_room,body,True,
54,,gt,Room,Positive,good_room,Very nice and clean room.,clean_room,body,True,
54,,gt,Room,Positive,good_room,Very nice and clean room.,no_evident_not_nice_room,cont,True,
54,,gt,Room,Positive,good_room,Very nice and clean room.,no_evident_not_clean_room,cont,True,
55,,gt,Location,Positive,good_location,Good for airport transfers,(no literals),,False,json_parse_error: Expecting value: line 1 column 1 (char 0)
55,,gt,Room,Negative,bad_room,A lot of mosquitos,(no literals),,False,json_parse_error: Expecting value: line 1 column 1 (char 0)
56,,gt,Location,Positive,good_location,"Perfect place to stay for early morning / late night flights as it’s situated within 5 minutes from the airport. given that a lot of guests book here for its prime location near the airport,",prime_location,body,True,
56,,gt,Location,Positive,good_location,"Perfect place to stay for early morning / late night flights as it’s situated within 5 minutes from the airport. given that a lot of guests book here for its prime location near the airport,",near_airport,body,True,
56,,gt,Location,Positive,good_location,"Perfect place to stay for early morning / late night flights as it’s situated within 5 minutes from the airport. given that a lot of guests book here for its prime location near the airport,",within_5_minutes_from_airport,body,True,
56,,gt,Location,Positive,good_location,"Perfect place to stay for early morning / late night flights as it’s situated within 5 minutes from the airport. given that a lot of guests book here for its prime location near the airport,",no_evident_not_prime_location,cont,True,
56,,gt,Location,Positive,good_location,"Perfect place to stay for early morning / late night flights as it’s situated within 5 minutes from the airport. given that a lot of guests book here for its prime location near the airport,",no_evident_not_near_airport,cont,True,
56,,gt,Location,Positive,good_location,"Perfect place to stay for early morning / late night flights as it’s situated within 5 minutes from the airport. given that a lot of guests book here for its prime location near the airport,",no_evident_not_within_5_minutes_from_airport,cont,True,
56,,gt,Room,Positive,good_room,beds are extremely comfortable,(no literals),,False,json_parse_error: Expecting value: line 1 column 1 (char 0)
56,,gt,Staff,Positive,good_staff,amazing hospitality from the staff.,(no literals),,False,json_parse_error: Expecting value: line 1 column 1 (char 0)
56,,gt,Food,Negative,bad_food,it would’ve been great if breakfast started at 7 rather than 8.,(no literals),,False,json_parse_error: Expecting value: line 1 column 1 (char 0)
57,,gt,Room,Positive,good_room,"Very clean, very comfortable room.",clean_room,body,True,
57,,gt,Room,Positive,good_room,"Very clean, very comfortable room.",comfortable_room,body,True,
57,,gt,Room,Positive,good_room,"Very clean, very comfortable room.",no_evident_not_clean_room,cont,True,
57,,gt,Room,Positive,good_room,"Very clean, very comfortable room.",no_evident_not_comfortable_room,cont,True,
57,,gt,Staff,Positive,good_staff,Staff was extremely helpful. They ordered a taxi for us to get to the airport very early in the morning.,(no literals),,False,json_parse_error: Expecting value: line 1 column 1 (char 0)
57,,gt,Location,Positive,good_location,"We were able to enjoy a very nice, short walk to the beach where there were many restaurants available to choose from.",(no literals),,False,json_parse_error: Expecting value: line 1 column 1 (char 0)
58,,gt,Location,Positive,good_location,"Close to the airport,",(no literals),,False,json_parse_error: Expecting value: line 1 column 1 (char 0)
58,,gt,Staff,Positive,good_staff,the staff were nice and helpful.,nice_staff,body,True,
58,,gt,Staff,Positive,good_staff,the staff were nice and helpful.,helpful_staff,body,True,
58,,gt,Staff,Positive,good_staff,the staff were nice and helpful.,no_evident_not_nice_staff,cont,True,
58,,gt,Staff,Positive,good_staff,the staff were nice and helpful.,no_evident_not_helpful_staff,cont,True,
58,,gt,Room,Negative,bad_room,The room wasn't soundproof so you can hear the planes.,not_soundproof_room,body,True,
58,,gt,Room,Negative,bad_room,The room wasn't soundproof so you can hear the planes.,you_can_hear_the_planes_room,body,True,
58,,gt,Room,Negative,bad_room,The room wasn't soundproof so you can hear the planes.,have_evident_not_soundproof_room,cont,True,
58,,gt,Room,Negative,bad_room,The room wasn't soundproof so you can hear the planes.,have_evident_you_can_hear_the_planes_room,cont,True,
58,,gt,Location,Negative,bad_location,The room wasn't soundproof so you can hear the planes.,(no literals),,False,json_parse_error: Expecting value: line 1 column 1 (char 0)
59,,gt,Location,Positive,good_location,Close to airport so very convenient for overnight stay.,(no literals),,False,json_parse_error: Expecting value: line 1 column 1 (char 0)
59,,gt,Check-in,Positive,good_check_in,Also very easy to check-in if you arrive late at night,easy_check-in,body,True,
59,,gt,Check-in,Positive,good_check_in,Also very easy to check-in if you arrive late at night,no_evident_not_easy_check-in,cont,True,
60,,gt,Check-in,Positive,good_check_in,clear instructions left access to our room made easy,clear_instructions,body,True,
60,,gt,Check-in,Positive,good_check_in,clear instructions left access to our room made easy,easy_access,body,True,
60,,gt,Check-in,Positive,good_check_in,clear instructions left access to our room made easy,no_evident_not_clear_instructions,cont,True,
60,,gt,Check-in,Positive,good_check_in,clear instructions left access to our room made easy,no_evident_not_easy_access,cont,True,
61,,gt,Food,Positive,good_food,Excellent range of food offered,(no literals),,False,json_parse_error: Expecting value: line 1 column 1 (char 0)
61,,gt,Staff,Positive,good_staff,good service.,(no literals),,False,json_parse_error: Expecting value: line 1 column 1 (char 0)
62,,gt,Location,Positive,good_location,"Comfortable location near the airport, and near the beach.",(no literals),,False,json_parse_error: Expecting value: line 1 column 1 (char 0)
62,,gt,Staff,Positive,good_staff,Caring and helpful host.,(no literals),,False,json_parse_error: Expecting value: line 1 column 1 (char 0)
62,,gt,Food,Positive,good_food,Restaurant on site,(no literals),,False,json_parse_error: Expecting value: line 1 column 1 (char 0)
62,,gt,Room,Positive,good_room,"Comfortable beds, the best linen and duvets I had
  in my entire 10 day trip.
  In room mini bar+ tea/ coffee. Clean modern bathroom.
  Good AC.",(no literals),,False,json_parse_error: Expecting value: line 1 column 1 (char 0)
62,,gt,Room,Negative,bad_room,"Our son had a folding bed which could have been better, especially considering how comfortable the regular beds were.",(no literals),,False,json_parse_error: Expecting value: line 1 column 1 (char 0)
63,,gt,Facility,Positive,good_facility,"It’s been renovated to a exceptionally high standard , it really is well up to 4* standard.",(no literals),,False,json_parse_error: Expecting value: line 1 column 1 (char 0)
63,,gt,Price,Positive,good_price,Exceptional value .,exceptional_value,body,True,
63,,gt,Price,Positive,good_price,Exceptional value .,no_evident_not_exceptional_value,cont,True,
64,,gt,Location,Positive,good_location,"We were looking for the hotel close to the airport, and it was a perfect match. The hotel is located in a close proximity to the airport (5 min by car or 10 min by bus).",close_to_airport,body,True,
64,,gt,Location,Positive,good_location,"We were looking for the hotel close to the airport, and it was a perfect match. The hotel is located in a close proximity to the airport (5 min by car or 10 min by bus).",close_proximity_to_airport,body,True,
64,,gt,Location,Positive,good_location,"We were looking for the hotel close to the airport, and it was a perfect match. The hotel is located in a close proximity to the airport (5 min by car or 10 min by bus).",no_evident_not_close_to_airport,cont,True,
64,,gt,Location,Positive,good_location,"We were looking for the hotel close to the airport, and it was a perfect match. The hotel is located in a close proximity to the airport (5 min by car or 10 min by bus).",no_evident_not_close_proximity_to_airport,cont,True,
64,,gt,Food,Positive,good_food,"Even though the kitchen was closing, they made us a pizza which was really nice.",nice_food,body,True,
64,,gt,Food,Positive,good_food,"Even though the kitchen was closing, they made us a pizza which was really nice.",no_evident_not_nice_food,cont,True,
64,,gt,Room,Positive,good_room,"The room was new and clean,",new_room,body,True,
64,,gt,Room,Positive,good_room,"The room was new and clean,",clean_room,body,True,
64,,gt,Room,Positive,good_room,"The room was new and clean,",no_evident_not_new_room,cont,True,
64,,gt,Room,Positive,good_room,"The room was new and clean,",no_evident_not_clean_room,cont,True,
64,,gt,Staff,Positive,good_staff,the staff reached out in advance and provided us with the detailed instructions of how to get to the room when reception closes.,proactive_staff,body,True,
64,,gt,Staff,Positive,good_staff,the staff reached out in advance and provided us with the detailed instructions of how to get to the room when reception closes.,helpful_staff,body,True,
64,,gt,Staff,Positive,good_staff,the staff reached out in advance and provided us with the detailed instructions of how to get to the room when reception closes.,communicative_staff,body,True,
64,,gt,Staff,Positive,good_staff,the staff reached out in advance and provided us with the detailed instructions of how to get to the room when reception closes.,no_evident_not_proactive_staff,cont,True,
64,,gt,Staff,Positive,good_staff,the staff reached out in advance and provided us with the detailed instructions of how to get to the room when reception closes.,no_evident_not_helpful_staff,cont,True,
64,,gt,Staff,Positive,good_staff,the staff reached out in advance and provided us with the detailed instructions of how to get to the room when reception closes.,no_evident_not_communicative_staff,cont,True,
64,,gt,Location,Negative,bad_location,"you can hear all the noise from the planes. If you are looking for a quiet stay, you should be aware that the hotel is really close to the airport,",(no literals),,False,json_parse_error: Expecting value: line 1 column 1 (char 0)
65,,gt,Room,Positive,good_room,"The property was clean, bed was comfortable",clean_room,body,True,
65,,gt,Room,Positive,good_room,"The property was clean, bed was comfortable",comfortable_bed,body,True,
65,,gt,Room,Positive,good_room,"The property was clean, bed was comfortable",no_evident_not_clean_room,cont,True,
65,,gt,Room,Positive,good_room,"The property was clean, bed was comfortable",no_evident_not_comfortable_bed,cont,True,
65,,gt,Location,Positive,good_location,Location was great and easy to get to and from.,(no literals),,False,json_parse_error: Expecting value: line 1 column 1 (char 0)
66,,gt,Location,Positive,good_location,"The location was perfect for the airport as we were flying out to uk, The fish and steak restaurant around the corner was also great value and friendly.",perfect_for_airport,body,True,
66,,gt,Location,Positive,good_location,"The location was perfect for the airport as we were flying out to uk, The fish and steak restaurant around the corner was also great value and friendly.",no_evident_not_perfect_for_airport,cont,True,
66,,gt,Facility,Positive,good_facility,The entrance to the hotel is welcoming,(no literals),,False,json_parse_error: Expecting value: line 1 column 1 (char 0)
66,,gt,Food,Positive,good_food,the bar and coffee shop chic,(no literals),,False,json_parse_error: Expecting value: line 1 column 1 (char 0)
66,,gt,Staff,Positive,good_staff,The gentleman in reception was very friendly and had a lovely smile.,friendly_staff,body,True,
66,,gt,Staff,Positive,good_staff,The gentleman in reception was very friendly and had a lovely smile.,lovely_smile,body,True,
66,,gt,Staff,Positive,good_staff,The gentleman in reception was very friendly and had a lovely smile.,no_evident_not_friendly_staff,cont,True,
66,,gt,Staff,Positive,good_staff,The gentleman in reception was very friendly and had a lovely smile.,no_evident_not_lovely_smile,cont,True,
66,,gt,Room,Positive,good_room,The place was spotless and very comfortable.,spotless_room,body,True,
66,,gt,Room,Positive,good_room,The place was spotless and very comfortable.,comfortable_room,body,True,
66,,gt,Room,Positive,good_room,The place was spotless and very comfortable.,no_evident_not_spotless_room,cont,True,
66,,gt,Room,Positive,good_room,The place was spotless and very comfortable.,no_evident_not_comfortable_room,cont,True,
67,,gt,Staff,Positive,good_staff,friendly staff,friendly_staff,body,True,
67,,gt,Staff,Positive,good_staff,friendly staff,no_evident_not_friendly_staff,cont,True,
68,,gt,Staff,Positive,good_staff,Friendly,friendly_staff,body,True,
68,,gt,Staff,Positive,good_staff,Friendly,no_evident_not_friendly_staff,cont,True,
68,,gt,Price,Positive,good_price,"good value,",good_value,body,True,
68,,gt,Price,Positive,good_price,"good value,",no_evident_not_good_value,cont,True,
68,,gt,Room,Positive,good_room,clean,clean_room,body,True,
68,,gt,Room,Positive,good_room,clean,no_evident_not_clean_room,cont,True,
69,,gt,Facility,Positive,good_facility,The place and the people are lovely,(no literals),,False,json_parse_error: Expecting value: line 1 column 1 (char 0)
69,,gt,Staff,Positive,good_staff,The place and the people are lovely,(no literals),,False,json_parse_error: Expecting value: line 1 column 1 (char 0)
70,,gt,Facility,Positive,good_facility,Peaceful and clean,peaceful_facility,body,True,
70,,gt,Facility,Positive,good_facility,Peaceful and clean,clean_facility,body,True,
70,,gt,Facility,Positive,good_facility,Peaceful and clean,no_evident_not_peaceful_facility,cont,True,
70,,gt,Facility,Positive,good_facility,Peaceful and clean,no_evident_not_clean_facility,cont,True,
70,,gt,Room,Positive,good_room,Peaceful and clean,peaceful_room,body,True,
70,,gt,Room,Positive,good_room,Peaceful and clean,clean_room,body,True,
70,,gt,Room,Positive,good_room,Peaceful and clean,no_evident_not_peaceful_room,cont,True,
70,,gt,Room,Positive,good_room,Peaceful and clean,no_evident_not_clean_room,cont,True,
70,,gt,Staff,Positive,good_staff,friendly helpful staff,friendly_staff,body,True,
70,,gt,Staff,Positive,good_staff,friendly helpful staff,helpful_staff,body,True,
70,,gt,Staff,Positive,good_staff,friendly helpful staff,no_evident_not_friendly_staff,cont,True,
70,,gt,Staff,Positive,good_staff,friendly helpful staff,no_evident_not_helpful_staff,cont,True,
71,,gt,Check-in,Positive,good_check_in,Got very clear instructions how to get access to our room.,clear_instructions,body,True,
71,,gt,Check-in,Positive,good_check_in,Got very clear instructions how to get access to our room.,no_evident_not_clear_instructions,cont,True,
71,,gt,Staff,Positive,good_staff,The staff of the hotel is extremely friendly and nice.,(no literals),,False,json_parse_error: Expecting value: line 1 column 1 (char 0)
71,,gt,Location,Positive,good_location,"The bus stop with direct access to the airport is a few steps from the accommodation. the airport can be reached in a few minutes. at the same time, Mackenzie beach is also easily accessible on foot.",close_to_bus_stop,body,True,
71,,gt,Location,Positive,good_location,"The bus stop with direct access to the airport is a few steps from the accommodation. the airport can be reached in a few minutes. at the same time, Mackenzie beach is also easily accessible on foot.",few_minutes_to_airport,body,True,
71,,gt,Location,Positive,good_location,"The bus stop with direct access to the airport is a few steps from the accommodation. the airport can be reached in a few minutes. at the same time, Mackenzie beach is also easily accessible on foot.",easily_accessible_to_mackenzie_beach,body,True,
71,,gt,Location,Positive,good_location,"The bus stop with direct access to the airport is a few steps from the accommodation. the airport can be reached in a few minutes. at the same time, Mackenzie beach is also easily accessible on foot.",no_evident_not_close_to_bus_stop,cont,True,
71,,gt,Location,Positive,good_location,"The bus stop with direct access to the airport is a few steps from the accommodation. the airport can be reached in a few minutes. at the same time, Mackenzie beach is also easily accessible on foot.",no_evident_not_few_minutes_to_airport,cont,True,
71,,gt,Location,Positive,good_location,"The bus stop with direct access to the airport is a few steps from the accommodation. the airport can be reached in a few minutes. at the same time, Mackenzie beach is also easily accessible on foot.",no_evident_not_easily_accessible_to_mackenzie_beach,cont,True,
71,,gt,Location,Negative,bad_location,"there is no shop or pharmacy in the area,",(no literals),,False,json_parse_error: Expecting value: line 1 column 1 (char 0)
72,,gt,Check-in,Positive,good_check_in,I received very clear instructions how to enter the hotel and access my room.,clear_instructions,body,True,
72,,gt,Check-in,Positive,good_check_in,I received very clear instructions how to enter the hotel and access my room.,no_evident_not_clear_instructions,cont,True,
73,,gt,Staff,Positive,good_staff,Lovely staff doing best to assist always.,(no literals),,False,json_parse_error: Expecting value: line 1 column 1 (char 0)
73,,gt,Room,Positive,good_room,wonderful room.,wonderful_room,body,True,
73,,gt,Room,Positive,good_room,wonderful room.,no_evident_not_wonderful_room,cont,True,
74,,gt,Location,Positive,good_location,"The hotel is based on a quiet place near to the airport, beach and the Salt Lake in the city. The location is excellent, as there are lots of parking places around, as well.",(no literals),,False,json_parse_error: Expecting value: line 1 column 1 (char 0)
74,,gt,Room,Positive,good_room,"Regarding the rooms - very clean and cozy ones, with comfortable beds.",clean_room,body,True,
74,,gt,Room,Positive,good_room,"Regarding the rooms - very clean and cozy ones, with comfortable beds.",cozy_room,body,True,
74,,gt,Room,Positive,good_room,"Regarding the rooms - very clean and cozy ones, with comfortable beds.",comfortable_beds,body,True,
74,,gt,Room,Positive,good_room,"Regarding the rooms - very clean and cozy ones, with comfortable beds.",no_evident_not_clean_room,cont,True,
74,,gt,Room,Positive,good_room,"Regarding the rooms - very clean and cozy ones, with comfortable beds.",no_evident_not_cozy_room,cont,True,
74,,gt,Room,Positive,good_room,"Regarding the rooms - very clean and cozy ones, with comfortable beds.",no_evident_not_comfortable_beds,cont,True,
74,,gt,Food,Positive,good_food,"Furthermore, there is a restaurant in the hotel with delicious food.",delicious_food,body,True,
74,,gt,Food,Positive,good_food,"Furthermore, there is a restaurant in the hotel with delicious food.",no_evident_not_delicious_food,cont,True,
74,,gt,Staff,Positive,good_staff,The staff of the hotel is extremely friendly and nice.,(no literals),,False,json_parse_error: Expecting value: line 1 column 1 (char 0)
75,,gt,Room,Negative,bad_room,Disappointed we didn't have a balcony,(no literals),,False,json_parse_error: Expecting value: line 1 column 1 (char 0)
76,,gt,Facility,Positive,good_facility,Feels new and clean,new_facility,body,True,
76,,gt,Facility,Positive,good_facility,Feels new and clean,clean_facility,body,True,
76,,gt,Facility,Positive,good_facility,Feels new and clean,no_evident_not_new_facility,cont,True,
76,,gt,Facility,Positive,good_facility,Feels new and clean,no_evident_not_clean_facility,cont,True,
76,,gt,Room,Positive,good_room,Feels new and clean,(no literals),,False,json_parse_error: Expecting value: line 1 column 1 (char 0)
76,,gt,Location,Positive,good_location,perfect location nearby the beach,perfect_location,body,True,
76,,gt,Location,Positive,good_location,perfect location nearby the beach,nearby_the_beach,body,True,
76,,gt,Location,Positive,good_location,perfect location nearby the beach,no_evident_not_perfect_location,cont,True,
76,,gt,Location,Positive,good_location,perfect location nearby the beach,no_evident_not_nearby_the_beach,cont,True,
77,,gt,Staff,Positive,good_staff,The staff is very VERY helpful and eager to assist,(no literals),,False,json_parse_error: Expecting value: line 1 column 1 (char 0)
78,,gt,Staff,Positive,good_staff,Nice friendly staff.,(no literals),,False,json_parse_error: Expecting value: line 1 column 1 (char 0)
78,,gt,Room,Positive,good_room,"clean, nice room, big bathroom",clean_room,body,True,
78,,gt,Room,Positive,good_room,"clean, nice room, big bathroom",nice_room,body,True,
78,,gt,Room,Positive,good_room,"clean, nice room, big bathroom",big_bathroom,body,True,
78,,gt,Room,Positive,good_room,"clean, nice room, big bathroom",no_evident_not_clean_room,cont,True,
78,,gt,Room,Positive,good_room,"clean, nice room, big bathroom",no_evident_not_nice_room,cont,True,
78,,gt,Room,Positive,good_room,"clean, nice room, big bathroom",no_evident_not_big_bathroom,cont,True,
79,,gt,Room,Positive,good_room,New clean setup,new_room,body,True,
79,,gt,Room,Positive,good_room,New clean setup,clean_room,body,True,
79,,gt,Room,Positive,good_room,New clean setup,no_evident_not_new_room,cont,True,
79,,gt,Room,Positive,good_room,New clean setup,no_evident_not_clean_room,cont,True,
79,,gt,Staff,Positive,good_staff,friendly helpful staff,friendly_staff,body,True,
79,,gt,Staff,Positive,good_staff,friendly helpful staff,helpful_staff,body,True,
79,,gt,Staff,Positive,good_staff,friendly helpful staff,no_evident_not_friendly_staff,cont,True,
79,,gt,Staff,Positive,good_staff,friendly helpful staff,no_evident_not_helpful_staff,cont,True,
80,,gt,Facility,Positive,good_facility,It is a new hotel. Everything was clean.,new_facility,body,True,
80,,gt,Facility,Positive,good_facility,It is a new hotel. Everything was clean.,clean_facility,body,True,
80,,gt,Facility,Positive,good_facility,It is a new hotel. Everything was clean.,no_evident_not_new_facility,cont,True,
80,,gt,Facility,Positive,good_facility,It is a new hotel. Everything was clean.,no_evident_not_clean_facility,cont,True,
80,,gt,Food,Positive,good_food,We had dinner. It was delicious and inexpensive.,delicious_dinner,body,True,
80,,gt,Food,Positive,good_food,We had dinner. It was delicious and inexpensive.,inexpensive_dinner,body,True,
80,,gt,Food,Positive,good_food,We had dinner. It was delicious and inexpensive.,no_evident_not_delicious_dinner,cont,True,
80,,gt,Food,Positive,good_food,We had dinner. It was delicious and inexpensive.,no_evident_not_inexpensive_dinner,cont,True,
80,,gt,Location,Positive,good_location,Mc Kenzie Beach within walking distance.,(no literals),,False,json_parse_error: Expecting value: line 1 column 1 (char 0)
81,,gt,Location,Positive,good_location,Close to the airport,close_to_airport,body,True,
81,,gt,Location,Positive,good_location,Close to the airport,no_evident_not_close_to_airport,cont,True,
81,,gt,Room,Positive,good_room,clean spacious rooms.,clean_room,body,True,
81,,gt,Room,Positive,good_room,clean spacious rooms.,spacious_room,body,True,
81,,gt,Room,Positive,good_room,clean spacious rooms.,no_evident_not_clean_room,cont,True,
81,,gt,Room,Positive,good_room,clean spacious rooms.,no_evident_not_spacious_room,cont,True,
81,,gt,Facility,Negative,bad_facility,No 24 hour reception so not easy to access entry at odd hours.,(no literals),,False,json_parse_error: Expecting value: line 1 column 1 (char 0)
82,,gt,Staff,Positive,good_staff,Amazing staff,amazing_staff,body,True,
82,,gt,Staff,Positive,good_staff,Amazing staff,no_evident_not_amazing_staff,cont,True,
82,,gt,Room,Positive,good_room,"super clean 
  modern",super_clean_room,body,True,
82,,gt,Room,Positive,good_room,"super clean 
  modern",modern_room,body,True,
82,,gt,Room,Positive,good_room,"super clean 
  modern",no_evident_not_super_clean_room,cont,True,
82,,gt,Room,Positive,good_room,"super clean 
  modern",no_evident_not_modern_room,cont,True,
82,,gt,Location,Positive,good_location,great location,(no literals),,False,json_parse_error: Expecting value: line 1 column 1 (char 0)
83,,gt,Staff,Positive,good_staff,Staff was very nice and friendly.,(no literals),,False,json_parse_error: Expecting value: line 1 column 1 (char 0)
83,,gt,Room,Positive,good_room,Room was clean and comfortable.,clean_room,body,True,
83,,gt,Room,Positive,good_room,Room was clean and comfortable.,comfortable_room,body,True,
83,,gt,Room,Positive,good_room,Room was clean and comfortable.,no_evident_not_clean_room,cont,True,
83,,gt,Room,Positive,good_room,Room was clean and comfortable.,no_evident_not_comfortable_room,cont,True,
83,,gt,Location,Negative,bad_location,The location was a little bit far from the centre.,far_from_centre,body,True,
83,,gt,Location,Negative,bad_location,The location was a little bit far from the centre.,have_evident_far_from_centre,cont,True,
84,,gt,Food,Positive,good_food,The breakfast was very good plenty of selection. Every thing was spotless clean in the breakfast room,(no literals),,False,json_parse_error: Expecting value: line 1 column 1 (char 0)
84,,gt,Staff,Positive,good_staff,"and very good staff serving you as a values customer and so very polite and caring at all times. Could not seem to do enough for their guests,",(no literals),,False,json_parse_error: Expecting value: line 1 column 1 (char 0)
84,,gt,Facility,Positive,good_facility,Every thing was spotless clean everywhere too. had plenty of chairs to sit on outside in the garden which also was spotlessly clean everywhere too.,spotless_clean_facility,body,True,
84,,gt,Facility,Positive,good_facility,Every thing was spotless clean everywhere too. had plenty of chairs to sit on outside in the garden which also was spotlessly clean everywhere too.,plenty_of_chairs_facility,body,True,
84,,gt,Facility,Positive,good_facility,Every thing was spotless clean everywhere too. had plenty of chairs to sit on outside in the garden which also was spotlessly clean everywhere too.,no_evident_not_spotless_clean_facility,cont,True,
84,,gt,Facility,Positive,good_facility,Every thing was spotless clean everywhere too. had plenty of chairs to sit on outside in the garden which also was spotlessly clean everywhere too.,no_evident_not_plenty_of_chairs_facility,cont,True,
84,,gt,Facility,Negative,bad_facility,"The only thing was they did not a have pool,",no_pool,body,True,
84,,gt,Facility,Negative,bad_facility,"The only thing was they did not a have pool,",have_evident_no_pool,cont,True,
85,,gt,Staff,Positive,good_staff,friendly personnel.,friendly_staff,body,True,
85,,gt,Staff,Positive,good_staff,friendly personnel.,no_evident_not_friendly_staff,cont,True,
85,,gt,Staff,Negative,bad_staff,So they finished the cleaning after our complaint,responsive_staff,body,True,
85,,gt,Staff,Negative,bad_staff,So they finished the cleaning after our complaint,have_evident_responsive_staff,cont,True,
85,,gt,Room,Negative,bad_room,The room wasn't clean when we checked in.,not_clean_room,body,True,
85,,gt,Room,Negative,bad_room,The room wasn't clean when we checked in.,have_evident_not_clean_room,cont,True,
86,,gt,Facility,Positive,good_facility,Lovely little hotel with very friendly staff.,(no literals),,False,json_parse_error: Expecting value: line 1 column 1 (char 0)
86,,gt,Staff,Positive,good_staff,Lovely little hotel with very friendly staff.,friendly_staff,body,True,
86,,gt,Staff,Positive,good_staff,Lovely little hotel with very friendly staff.,no_evident_not_friendly_staff,cont,True,
86,,gt,Food,Positive,good_food,Breakfast was excellent.,excellent_breakfast,body,True,
86,,gt,Food,Positive,good_food,Breakfast was excellent.,no_evident_not_excellent_breakfast,cont,True,
87,,gt,Staff,Positive,good_staff,Super friendly staff,friendly_staff,body,True,
87,,gt,Staff,Positive,good_staff,Super friendly staff,no_evident_not_friendly_staff,cont,True,
87,,gt,Food,Positive,good_food,nice restaurant.,(no literals),,False,json_parse_error: Expecting value: line 1 column 1 (char 0)
88,,gt,Facility,Positive,good_facility,Clean comfortable little hotel.,clean_facility,body,True,
88,,gt,Facility,Positive,good_facility,Clean comfortable little hotel.,comfortable_facility,body,True,
88,,gt,Facility,Positive,good_facility,Clean comfortable little hotel.,little_facility,body,True,
88,,gt,Facility,Positive,good_facility,Clean comfortable little hotel.,no_evident_not_clean_facility,cont,True,
88,,gt,Facility,Positive,good_facility,Clean comfortable little hotel.,no_evident_not_comfortable_facility,cont,True,
88,,gt,Facility,Positive,good_facility,Clean comfortable little hotel.,no_evident_not_little_facility,cont,True,
88,,gt,Staff,Positive,good_staff,Lovely friendly staff.,lovely_staff,body,True,
88,,gt,Staff,Positive,good_staff,Lovely friendly staff.,friendly_staff,body,True,
88,,gt,Staff,Positive,good_staff,Lovely friendly staff.,no_evident_not_lovely_staff,cont,True,
88,,gt,Staff,Positive,good_staff,Lovely friendly staff.,no_evident_not_friendly_staff,cont,True,
88,,gt,Location,Positive,good_location,Good location and easily reached from the airport.,(no literals),,False,json_parse_error: Expecting value: line 1 column 1 (char 0)
89,,gt,Check-in,Positive,good_check_in,instructions for access were sent in advance and absolutely perfect.,(no literals),,False,json_parse_error: Expecting value: line 1 column 1 (char 0)
89,,gt,Room,Positive,good_room,"In a clean, comfortable bed within minutes of arrival.",clean_room,body,True,
89,,gt,Room,Positive,good_room,"In a clean, comfortable bed within minutes of arrival.",comfortable_room,body,True,
89,,gt,Room,Positive,good_room,"In a clean, comfortable bed within minutes of arrival.",no_evident_not_clean_room,cont,True,
89,,gt,Room,Positive,good_room,"In a clean, comfortable bed within minutes of arrival.",no_evident_not_comfortable_room,cont,True,
90,,gt,Room,Positive,good_room,very clean,clean_room,body,True,
90,,gt,Room,Positive,good_room,very clean,no_evident_not_clean_room,cont,True,
90,,gt,Facility,Negative,bad_facility,parking not always easy,(no literals),,False,json_parse_error: Expecting value: line 1 column 1 (char 0)
91,,gt,Location,Positive,good_location,Close to Larnaca airport.,(no literals),,False,json_parse_error: Expecting value: line 1 column 1 (char 0)
91,,gt,Room,Positive,good_room,Very nice rooms that were very clean.,(no literals),,False,json_parse_error: Expecting value: line 1 column 1 (char 0)
91,,gt,Staff,Positive,good_staff,"helpful, friendly staff.",helpful_staff,body,True,
91,,gt,Staff,Positive,good_staff,"helpful, friendly staff.",friendly_staff,body,True,
91,,gt,Staff,Positive,good_staff,"helpful, friendly staff.",no_evident_not_helpful_staff,cont,True,
91,,gt,Staff,Positive,good_staff,"helpful, friendly staff.",no_evident_not_friendly_staff,cont,True,
92,,gt,Check-in,Positive,good_check_in,"we did late night check in, that was super easy and comfortable",late_night_check_in,body,True,
92,,gt,Check-in,Positive,good_check_in,"we did late night check in, that was super easy and comfortable",easy_check_in,body,True,
92,,gt,Check-in,Positive,good_check_in,"we did late night check in, that was super easy and comfortable",comfortable_check_in,body,True,
92,,gt,Check-in,Positive,good_check_in,"we did late night check in, that was super easy and comfortable",no_evident_not_late_night_check_in,cont,True,
92,,gt,Check-in,Positive,good_check_in,"we did late night check in, that was super easy and comfortable",no_evident_not_easy_check_in,cont,True,
92,,gt,Check-in,Positive,good_check_in,"we did late night check in, that was super easy and comfortable",no_evident_not_comfortable_check_in,cont,True,
92,,gt,Room,Negative,bad_room,it was a bit badly soundproofed,(no literals),,False,json_parse_error: Expecting value: line 1 column 1 (char 0)
93,,gt,Room,Positive,good_room,"New room, very comfortable.",new_room,body,True,
93,,gt,Room,Positive,good_room,"New room, very comfortable.",comfortable_room,body,True,
93,,gt,Room,Positive,good_room,"New room, very comfortable.",no_evident_not_new_room,cont,True,
93,,gt,Room,Positive,good_room,"New room, very comfortable.",no_evident_not_comfortable_room,cont,True,
93,,gt,Food,Positive,good_food,Nice restaurant in the same building very welcoming with nice offer.,nice_restaurant,body,True,
93,,gt,Food,Positive,good_food,Nice restaurant in the same building very welcoming with nice offer.,welcoming_restaurant,body,True,
93,,gt,Food,Positive,good_food,Nice restaurant in the same building very welcoming with nice offer.,nice_offer,body,True,
93,,gt,Food,Positive,good_food,Nice restaurant in the same building very welcoming with nice offer.,no_evident_not_nice_restaurant,cont,True,
93,,gt,Food,Positive,good_food,Nice restaurant in the same building very welcoming with nice offer.,no_evident_not_welcoming_restaurant,cont,True,
93,,gt,Food,Positive,good_food,Nice restaurant in the same building very welcoming with nice offer.,no_evident_not_nice_offer,cont,True,
93,,gt,Location,Positive,good_location,Bus stop for the airport walkable.,(no literals),,False,json_parse_error: Expecting value: line 1 column 1 (char 0)
94,,gt,Staff,Positive,good_staff,"Amazing staff,",amazing_staff,body,True,
94,,gt,Staff,Positive,good_staff,"Amazing staff,",no_evident_not_amazing_staff,cont,True,
94,,gt,Facility,Positive,good_facility,modern facility,modern_facility,body,True,
94,,gt,Facility,Positive,good_facility,modern facility,no_evident_not_modern_facility,cont,True,
94,,gt,Food,Positive,good_food,very tasty food with a super service at the restaurant by the hotel.,tasty_food,body,True,
94,,gt,Food,Positive,good_food,very tasty food with a super service at the restaurant by the hotel.,no_evident_not_tasty_food,cont,True,
95,,gt,Room,Positive,good_room,clean and quiet,clean_room,body,True,
95,,gt,Room,Positive,good_room,clean and quiet,quiet_room,body,True,
95,,gt,Room,Positive,good_room,clean and quiet,no_evident_not_clean_room,cont,True,
95,,gt,Room,Positive,good_room,clean and quiet,no_evident_not_quiet_room,cont,True,
95,,gt,Location,Positive,good_location,perfect location for the airport,perfect_location,body,True,
95,,gt,Location,Positive,good_location,perfect location for the airport,no_evident_not_perfect_location,cont,True,
96,,gt,Staff,Positive,good_staff,"the staff is very nice,",nice_staff,body,True,
96,,gt,Staff,Positive,good_staff,"the staff is very nice,",no_evident_not_nice_staff,cont,True,
96,,gt,Room,Positive,good_room,the room is very comfortable.,comfortable_room,body,True,
96,,gt,Room,Positive,good_room,the room is very comfortable.,no_evident_not_comfortable_room,cont,True,
96,,gt,Room,Negative,bad_room,some of the towels were dirty,dirty_towels,body,True,
96,,gt,Room,Negative,bad_room,some of the towels were dirty,have_evident_dirty_towels,cont,True,
97,,gt,Food,Positive,good_food,The food we had was excellent,excellent_food,body,True,
97,,gt,Food,Positive,good_food,The food we had was excellent,no_evident_not_excellent_food,cont,True,
97,,gt,Staff,Positive,good_staff,service was excellent,(no literals),,False,json_parse_error: Expecting value: line 1 column 1 (char 0)
98,,gt,Location,Positive,good_location,"because it is close to the airport. but i must admit the location offers some nice places for at least a two-nights stay for sure. The nearby beach (mackenzie) is nice, long, with some cool and fancy bars. there is also the salt lake",(no literals),,False,json_parse_error: Expecting value: line 1 column 1 (char 0)
98,,gt,Facility,Positive,good_facility,"The Hotel itself was very nice, spacious, clean and modern.",(no literals),,False,json_parse_error: Expecting value: line 1 column 1 (char 0)
98,,gt,Room,Negative,bad_room,Only thing I didn't like were the blankets - too thick for this incredible hot hot hot weather.,(no literals),,False,json_parse_error: Expecting value: line 1 column 1 (char 0)
99,,gt,Room,Positive,good_room,very clean,clean_room,body,True,
99,,gt,Room,Positive,good_room,very clean,no_evident_not_clean_room,cont,True,
99,,gt,Staff,Positive,good_staff,the staff was wonderful,wonderful_staff,body,True,
99,,gt,Staff,Positive,good_staff,the staff was wonderful,no_evident_not_wonderful_staff,cont,True,
100,,gt,Room,Positive,good_room,"really clean,",really_clean_room,body,True,
100,,gt,Room,Positive,good_room,"really clean,",no_evident_not_really_clean_room,cont,True,
100,,gt,Staff,Positive,good_staff,"exceptional staff, incredibly polite",exceptional_staff,body,True,
100,,gt,Staff,Positive,good_staff,"exceptional staff, incredibly polite",incredibly_polite_staff,body,True,
100,,gt,Staff,Positive,good_staff,"exceptional staff, incredibly polite",no_evident_not_exceptional_staff,cont,True,
100,,gt,Staff,Positive,good_staff,"exceptional staff, incredibly polite",no_evident_not_incredibly_polite_staff,cont,True,
101,,gt,Staff,Positive,good_staff,The staff were very hospitable and very helpful.,(no literals),,False,json_parse_error: Expecting value: line 1 column 1 (char 0)
101,,gt,Room,Negative,bad_room,The cupboards/wardrobes need doors and they should be drawers in the room to keep the rooms tidy.,(no literals),,False,json_parse_error: Expecting value: line 1 column 1 (char 0)
102,,gt,Room,Positive,good_room,Nice modern and clean rooms.,(no literals),,False,json_parse_error: Expecting value: line 1 column 1 (char 0)
102,,gt,Location,Positive,good_location,"The location is excellent close to Airport, Makenzie beach and touristic area, and bus stop going from Airport to town is few meters away.",(no literals),,False,json_parse_error: Expecting value: line 1 column 1 (char 0)
102,,gt,Staff,Positive,good_staff,Very friendly staff.,friendly_staff,body,True,
102,,gt,Staff,Positive,good_staff,Very friendly staff.,no_evident_not_friendly_staff,cont,True,
103,,gt,Room,Positive,good_room,The room was recently refurbished and very spatious. Nice view of the salt lake by the terrace. Sinks and toilette separated by a door inside the bathroom.,(no literals),,False,json_parse_error: Expecting value: line 1 column 1 (char 0)
103,,gt,Room,Negative,bad_room,No soap or shampoo in the shower. There was hand soap instead.,(no literals),,False,json_parse_error: Expecting value: line 1 column 1 (char 0)
104,,gt,Location,Positive,good_location,"Quiet place,",(no literals),,False,json_parse_error: Expecting value: line 1 column 1 (char 0)
105,,gt,Staff,Positive,good_staff,The staff was super nice,super_nice_staff,body,True,
105,,gt,Staff,Positive,good_staff,The staff was super nice,no_evident_not_super_nice_staff,cont,True,
105,,gt,Room,Positive,good_room,the rooms were very clean and the bathroom was spacious.,clean_room,body,True,
105,,gt,Room,Positive,good_room,the rooms were very clean and the bathroom was spacious.,spacious_bathroom,body,True,
105,,gt,Room,Positive,good_room,the rooms were very clean and the bathroom was spacious.,no_evident_not_clean_room,cont,True,
105,,gt,Room,Positive,good_room,the rooms were very clean and the bathroom was spacious.,no_evident_not_spacious_bathroom,cont,True,
106,,gt,Location,Positive,good_location,The advantage is the proximity to the airport,(no literals),,False,json_parse_error: Expecting value: line 1 column 1 (char 0)
106,,gt,Room,Positive,good_room,very comfortable beds.,(no literals),,False,json_parse_error: Expecting value: line 1 column 1 (char 0)
106,,gt,Staff,Negative,bad_staff,The hotel staff should learn better English,(no literals),,False,json_parse_error: Expecting value: line 1 column 1 (char 0)
107,,gt,Room,Positive,good_room,Rooms large and newly redecorated in a contemporary style. Bed very comfortable,(no literals),,False,json_parse_error: Expecting value: line 1 column 1 (char 0)
107,,gt,Location,Positive,good_location,Very convenient for the airport,(no literals),,False,json_parse_error: Expecting value: line 1 column 1 (char 0)
107,,gt,Food,Positive,good_food,Breakfast was excellent.,excellent_breakfast,body,True,
107,,gt,Food,Positive,good_food,Breakfast was excellent.,no_evident_not_excellent_breakfast,cont,True,
109,,gt,Facility,Positive,good_facility,"Clean hotel,",clean_hotel,body,True,
109,,gt,Facility,Positive,good_facility,"Clean hotel,",no_evident_not_clean_hotel,cont,True,
109,,gt,Room,Positive,good_room,lovely rooms with comfortable beds.,(no literals),,False,json_parse_error: Expecting value: line 1 column 1 (char 0)
109,,gt,Location,Positive,good_location,Great location for overnight stay for late flights.,(no literals),,False,json_parse_error: Expecting value: line 1 column 1 (char 0)
109,,gt,Staff,Positive,good_staff,Very helpful staff,helpful_staff,body,True,
109,,gt,Staff,Positive,good_staff,Very helpful staff,no_evident_not_helpful_staff,cont,True,
110,,gt,Facility,Positive,good_facility,"the building is completely refurbished, it is confortable",(no literals),,False,json_parse_error: Expecting value: line 1 column 1 (char 0)
110,,gt,Check-in,Positive,good_check_in,the self check in was very easy.,self_check,body,True,
110,,gt,Check-in,Positive,good_check_in,the self check in was very easy.,easy_check,body,True,
110,,gt,Check-in,Positive,good_check_in,the self check in was very easy.,no_evident_not_self_check,cont,True,
110,,gt,Check-in,Positive,good_check_in,the self check in was very easy.,no_evident_not_easy_check,cont,True,
111,,gt,Room,Positive,good_room,spotlessly clean.,spotlessly_clean_room,body,True,
111,,gt,Room,Positive,good_room,spotlessly clean.,no_evident_not_spotlessly_clean_room,cont,True,
111,,gt,Location,Positive,good_location,Excellent for airport and Mackenzie beach,(no literals),,False,json_parse_error: Expecting value: line 1 column 1 (char 0)
112,,gt,Facility,Positive,good_facility,recently refurbished,(no literals),,False,json_parse_error: Expecting value: line 1 column 1 (char 0)
112,,gt,Food,Positive,good_food,"very nice restaurant, good food and service",good_food,body,True,
112,,gt,Food,Positive,good_food,"very nice restaurant, good food and service",no_evident_not_good_food,cont,True,
113,,gt,Staff,Positive,good_staff,Staff excellent and accommodating.,excellent_staff,body,True,
113,,gt,Staff,Positive,good_staff,Staff excellent and accommodating.,accommodating_staff,body,True,
113,,gt,Staff,Positive,good_staff,Staff excellent and accommodating.,no_evident_not_excellent_staff,cont,True,
113,,gt,Staff,Positive,good_staff,Staff excellent and accommodating.,no_evident_not_accommodating_staff,cont,True,
113,,gt,Room,Positive,good_room,Very nice clean rooms,nice_room,body,True,
113,,gt,Room,Positive,good_room,Very nice clean rooms,clean_room,body,True,
113,,gt,Room,Positive,good_room,Very nice clean rooms,no_evident_not_nice_room,cont,True,
113,,gt,Room,Positive,good_room,Very nice clean rooms,no_evident_not_clean_room,cont,True,
114,,gt,Facility,Negative,bad_facility,It didn't have a pool,(no literals),,False,json_parse_error: Expecting value: line 1 column 1 (char 0)
114,,gt,Facility,Positive,good_facility,and the hotel was immaculately clean.,(no literals),,False,json_parse_error: Expecting value: line 1 column 1 (char 0)
114,,gt,Location,Positive,good_location,"but it was 10 minutes from the airport by taxi, 15 by shuttle bus. There are also connecting buses from ayia napa to this hotel via Larnaca which we used for our early morning start from Larnaca Airport. McKenzie beach is close by, and the food restaurants off the opposite beach were only a ten minute walk.",(no literals),,False,json_parse_error: Expecting value: line 1 column 1 (char 0)
114,,gt,Room,Positive,good_room,Air con and fridge in rooms with a bottle of water provided.,(no literals),,False,json_parse_error: Expecting value: line 1 column 1 (char 0)
114,,gt,Staff,Positive,good_staff,"I was particularly impressed when the staff emailed me via booking.com and after asking me what time I was arriving (the hotel is not manned 24/7 but arrangements are made to collect your room key in the hotel if you are arriving outside of normal hours), told me which bus routes I needed to take.",helpful_staff,body,True,
114,,gt,Staff,Positive,good_staff,"I was particularly impressed when the staff emailed me via booking.com and after asking me what time I was arriving (the hotel is not manned 24/7 but arrangements are made to collect your room key in the hotel if you are arriving outside of normal hours), told me which bus routes I needed to take.",communicative_staff,body,True,
114,,gt,Staff,Positive,good_staff,"I was particularly impressed when the staff emailed me via booking.com and after asking me what time I was arriving (the hotel is not manned 24/7 but arrangements are made to collect your room key in the hotel if you are arriving outside of normal hours), told me which bus routes I needed to take.",informative_staff,body,True,
114,,gt,Staff,Positive,good_staff,"I was particularly impressed when the staff emailed me via booking.com and after asking me what time I was arriving (the hotel is not manned 24/7 but arrangements are made to collect your room key in the hotel if you are arriving outside of normal hours), told me which bus routes I needed to take.",no_evident_not_helpful_staff,cont,True,
114,,gt,Staff,Positive,good_staff,"I was particularly impressed when the staff emailed me via booking.com and after asking me what time I was arriving (the hotel is not manned 24/7 but arrangements are made to collect your room key in the hotel if you are arriving outside of normal hours), told me which bus routes I needed to take.",no_evident_not_communicative_staff,cont,True,
114,,gt,Staff,Positive,good_staff,"I was particularly impressed when the staff emailed me via booking.com and after asking me what time I was arriving (the hotel is not manned 24/7 but arrangements are made to collect your room key in the hotel if you are arriving outside of normal hours), told me which bus routes I needed to take.",no_evident_not_informative_staff,cont,True,
115,,gt,Staff,Positive,good_staff,"Stuff in the hotel were very helpful and nice,",helpful_staff,body,True,
115,,gt,Staff,Positive,good_staff,"Stuff in the hotel were very helpful and nice,",nice_staff,body,True,
115,,gt,Staff,Positive,good_staff,"Stuff in the hotel were very helpful and nice,",no_evident_not_helpful_staff,cont,True,
115,,gt,Staff,Positive,good_staff,"Stuff in the hotel were very helpful and nice,",no_evident_not_nice_staff,cont,True,
115,,gt,Location,Positive,good_location,"mackenzie beach is few minutes, airport near, best location in larnaca.",few_minutes,body,True,
115,,gt,Location,Positive,good_location,"mackenzie beach is few minutes, airport near, best location in larnaca.",near_airport,body,True,
115,,gt,Location,Positive,good_location,"mackenzie beach is few minutes, airport near, best location in larnaca.",best_location,body,True,
115,,gt,Location,Positive,good_location,"mackenzie beach is few minutes, airport near, best location in larnaca.",no_evident_not_few_minutes,cont,True,
115,,gt,Location,Positive,good_location,"mackenzie beach is few minutes, airport near, best location in larnaca.",no_evident_not_near_airport,cont,True,
115,,gt,Location,Positive,good_location,"mackenzie beach is few minutes, airport near, best location in larnaca.",no_evident_not_best_location,cont,True,
116,,gt,Room,Positive,good_room,"clean, air conditioned, close to the airport",(no literals),,False,json_parse_error: Expecting value: line 1 column 1 (char 0)
116,,gt,Location,Positive,good_location,"clean, air conditioned, close to the airport",(no literals),,False,json_parse_error: Expecting value: line 1 column 1 (char 0)
117,,gt,Location,Positive,good_location,"The location next to the airport is great for flights very early in the morning, because it only takes you 5 minutes to get to the airport. 
  The beach is a 10 minutes walk away",next_to_airport,body,True,
117,,gt,Location,Positive,good_location,"The location next to the airport is great for flights very early in the morning, because it only takes you 5 minutes to get to the airport. 
  The beach is a 10 minutes walk away",close_to_beach,body,True,
117,,gt,Location,Positive,good_location,"The location next to the airport is great for flights very early in the morning, because it only takes you 5 minutes to get to the airport. 
  The beach is a 10 minutes walk away",no_evident_not_next_to_airport,cont,True,
117,,gt,Location,Positive,good_location,"The location next to the airport is great for flights very early in the morning, because it only takes you 5 minutes to get to the airport. 
  The beach is a 10 minutes walk away",no_evident_not_close_to_beach,cont,True,
118,,gt,Location,Positive,good_location,location near the airport and beach 10/10.,(no literals),,False,json_parse_error: Expecting value: line 1 column 1 (char 0)
118,,gt,Staff,Positive,good_staff,front desk are absolutely perfect 10/10,perfect_staff,body,True,
118,,gt,Staff,Positive,good_staff,front desk are absolutely perfect 10/10,no_evident_not_perfect_staff,cont,True,
118,,gt,Food,Positive,good_food,hotel restaurant delicious! 10/10,(no literals),,False,json_parse_error: Expecting value: line 1 column 1 (char 0)
118,,gt,Room,Positive,good_room,the room perfect!,perfect_room,body,True,
118,,gt,Room,Positive,good_room,the room perfect!,no_evident_not_perfect_room,cont,True,
119,,gt,Room,Positive,good_room,"The room was clean and comfortable with everything I needed including a fridge and kettle. The shower was great, the air con worked well.",(no literals),,False,json_parse_error: Expecting value: line 1 column 1 (char 0)
119,,gt,Location,Positive,good_location,It's in a great location for the airport and the beach.,(no literals),,False,json_parse_error: Expecting value: line 1 column 1 (char 0)
119,,gt,Staff,Positive,good_staff,"But what made La Veranda stand out was the fantastic service, they couldn't have been friendlier, kinder or more helpful. they were able to accommodate my specific needs",(no literals),,False,json_parse_error: Expecting value: line 1 column 1 (char 0)
120,,gt,Staff,Positive,good_staff,Helpful staff,helpful_staff,body,True,
120,,gt,Staff,Positive,good_staff,Helpful staff,no_evident_not_helpful_staff,cont,True,
120,,gt,Location,Positive,good_location,close to airport,close_to_airport,body,True,
120,,gt,Location,Positive,good_location,close to airport,no_evident_not_close_to_airport,cont,True,
120,,gt,Room,Negative,bad_room,The room was small but adequate,small_room,body,True,
120,,gt,Room,Negative,bad_room,The room was small but adequate,adequate_room,body,True,
120,,gt,Room,Negative,bad_room,The room was small but adequate,have_evident_small_room,cont,True,
120,,gt,Room,Negative,bad_room,The room was small but adequate,have_evident_adequate_room,cont,True,
122,,gt,Room,Positive,good_room,Very clean,clean_room,body,True,
122,,gt,Room,Positive,good_room,Very clean,no_evident_not_clean_room,cont,True,
122,,gt,Staff,Positive,good_staff,super friendly staff.,super_friendly_staff,body,True,
122,,gt,Staff,Positive,good_staff,super friendly staff.,no_evident_not_super_friendly_staff,cont,True,
123,,gt,Facility,Positive,good_facility,Nice and simple hotel.,(no literals),,False,json_parse_error: Expecting value: line 1 column 1 (char 0)
123,,gt,Location,Positive,good_location,Very convenient location close to the airport.,(no literals),,False,json_parse_error: Expecting value: line 1 column 1 (char 0)
123,,gt,Staff,Positive,good_staff,The front desk was very friendly and helpful.,(no literals),,False,json_parse_error: Expecting value: line 1 column 1 (char 0)
123,,gt,Location,Negative,bad_location,The area was a little noisy when we stayed there.,(no literals),,False,json_parse_error: Expecting value: line 1 column 1 (char 0)
124,,gt,Staff,Positive,good_staff,Very friendly staff,friendly_staff,body,True,
124,,gt,Staff,Positive,good_staff,Very friendly staff,no_evident_not_friendly_staff,cont,True,
125,,gt,Room,Positive,good_room,"Clean as hospital, super comfy,",clean_room,body,True,
125,,gt,Room,Positive,good_room,"Clean as hospital, super comfy,",comfy_room,body,True,
125,,gt,Room,Positive,good_room,"Clean as hospital, super comfy,",no_evident_not_clean_room,cont,True,
125,,gt,Room,Positive,good_room,"Clean as hospital, super comfy,",no_evident_not_comfy_room,cont,True,
125,,gt,Location,Positive,good_location,"close to one of the best beaches of Larnaca region, perfectly connect by public transport with Larnaca city centre,",(no literals),,False,json_parse_error: Expecting value: line 1 column 1 (char 0)
125,,gt,Price,Positive,good_price,all that with quite reasonable price.,(no literals),,False,json_parse_error: Expecting value: line 1 column 1 (char 0)
125,,gt,Taxi-issue,Negative,bad_taxi_issue,"Taxi drivers who cooperate with hotel, both times, from airport and back, charged 2-3 EUR above the price agreed with the hotel (20 EUR). To clarify, it is not about the money, I would certainly give that money as a tip, but feeling that someone is cheating you and stilling money from you is really awkward and ugly, especially when you are alone with small child in the middle of the night and have no alternative way of transport.",(no literals),,False,json_parse_error: Expecting value: line 1 column 1 (char 0)
126,,gt,Food,Positive,good_food,The food was very tasty,tasty_food,body,True,
126,,gt,Food,Positive,good_food,The food was very tasty,no_evident_not_tasty_food,cont,True,
126,,gt,Staff,Positive,good_staff,"staff very helpful and friendly,",helpful_staff,body,True,
126,,gt,Staff,Positive,good_staff,"staff very helpful and friendly,",friendly_staff,body,True,
126,,gt,Staff,Positive,good_staff,"staff very helpful and friendly,",no_evident_not_helpful_staff,cont,True,
126,,gt,Staff,Positive,good_staff,"staff very helpful and friendly,",no_evident_not_friendly_staff,cont,True,
126,,gt,Room,Positive,good_room,"very nice bathroom, and the room was well equipped and also smelled very nice.",(no literals),,False,json_parse_error: Expecting value: line 1 column 1 (char 0)
126,,gt,Location,Negative,bad_location,It was a bit loud outside,(no literals),,False,json_parse_error: Expecting value: line 1 column 1 (char 0)
127,,gt,Room,Positive,good_room,very clean and modern,clean_room,body,True,
127,,gt,Room,Positive,good_room,very clean and modern,modern_room,body,True,
127,,gt,Room,Positive,good_room,very clean and modern,no_evident_not_clean_room,cont,True,
127,,gt,Room,Positive,good_room,very clean and modern,no_evident_not_modern_room,cont,True,
128,,gt,Room,Positive,good_room,"very clean and comfortable,",clean_room,body,True,
128,,gt,Room,Positive,good_room,"very clean and comfortable,",comfortable_room,body,True,
128,,gt,Room,Positive,good_room,"very clean and comfortable,",no_evident_not_clean_room,cont,True,
128,,gt,Room,Positive,good_room,"very clean and comfortable,",no_evident_not_comfortable_room,cont,True,
128,,gt,Location,Positive,good_location,close to the airport,close_to_airport,body,True,
128,,gt,Location,Positive,good_location,close to the airport,no_evident_not_close_to_airport,cont,True,
129,,gt,Staff,Positive,good_staff,The guy at the reception was very kind and helpful!,kind_staff,body,True,
129,,gt,Staff,Positive,good_staff,The guy at the reception was very kind and helpful!,helpful_staff,body,True,
129,,gt,Staff,Positive,good_staff,The guy at the reception was very kind and helpful!,no_evident_not_kind_staff,cont,True,
129,,gt,Staff,Positive,good_staff,The guy at the reception was very kind and helpful!,no_evident_not_helpful_staff,cont,True,
129,,gt,Room,Positive,good_room,The room and bathroom were of very good size and clean! Our bed was so comfortable!,(no literals),,False,json_parse_error: Expecting value: line 1 column 1 (char 0)
129,,gt,Location,Positive,good_location,We wanted something close to Makenzie as we had plans for the night and this place was just perfect!,close_to_Makenzie,body,True,
129,,gt,Location,Positive,good_location,We wanted something close to Makenzie as we had plans for the night and this place was just perfect!,no_evident_not_close_to_Makenzie,cont,True,
130,,gt,Facility,Positive,good_facility,that your hotel allowed to stay with animals,(no literals),,False,json_parse_error: Expecting value: line 1 column 1 (char 0)
131,,gt,Room,Positive,good_room,The room was very clean.,(no literals),,False,json_parse_error: Expecting value: line 1 column 1 (char 0)
131,,gt,Staff,Positive,good_staff,The staff was very nice.,nice_staff,body,True,
131,,gt,Staff,Positive,good_staff,The staff was very nice.,no_evident_not_nice_staff,cont,True,
131,,gt,Location,Negative,bad_location,"The location of the hotel was a bit far from the city centre,",(no literals),,False,json_parse_error: Expecting value: line 1 column 1 (char 0)
132,,gt,Food,Positive,good_food,The breakfast prepared by Richard was delicious and freshly prepared. As well there are many choices from Cyprus to English breakfast.,(no literals),,False,json_parse_error: Expecting value: line 1 column 1 (char 0)
132,,gt,Staff,Positive,good_staff,"Very friendly and the most helpful host. Impeccable service,",(no literals),,False,json_parse_error: Expecting value: line 1 column 1 (char 0)
132,,gt,Room,Positive,good_room,"very comfortable bed,",comfortable_room,body,True,
132,,gt,Room,Positive,good_room,"very comfortable bed,",no_evident_not_comfortable_room,cont,True,
133,,gt,Room,Positive,good_room,the room was clean & the bed were comfortable,clean_room,body,True,
133,,gt,Room,Positive,good_room,the room was clean & the bed were comfortable,comfortable_room,body,True,
133,,gt,Room,Positive,good_room,the room was clean & the bed were comfortable,no_evident_not_clean_room,cont,True,
133,,gt,Room,Positive,good_room,the room was clean & the bed were comfortable,no_evident_not_comfortable_room,cont,True,
133,,gt,Staff,Positive,good_staff,the lady in reception (Maria) was VERY helpful,helpful_staff,body,True,
133,,gt,Staff,Positive,good_staff,the lady in reception (Maria) was VERY helpful,no_evident_not_helpful_staff,cont,True,
133,,gt,Price,Positive,good_price,good value for money,good_value_for_money,body,True,
133,,gt,Price,Positive,good_price,good value for money,no_evident_not_good_value_for_money,cont,True,
133,,gt,Facility,Negative,bad_facility,no swimming pool,(no literals),,False,json_parse_error: Expecting value: line 1 column 1 (char 0)
134,,gt,Facility,Positive,good_facility,"La veranda was lovely and clean,",lovely_facility,body,True,
134,,gt,Facility,Positive,good_facility,"La veranda was lovely and clean,",clean_facility,body,True,
134,,gt,Facility,Positive,good_facility,"La veranda was lovely and clean,",no_evident_not_lovely_facility,cont,True,
134,,gt,Facility,Positive,good_facility,"La veranda was lovely and clean,",no_evident_not_clean_facility,cont,True,
134,,gt,Room,Positive,good_room,"La veranda was lovely and clean,",lovely_room,body,True,
134,,gt,Room,Positive,good_room,"La veranda was lovely and clean,",clean_room,body,True,
134,,gt,Room,Positive,good_room,"La veranda was lovely and clean,",no_evident_not_lovely_room,cont,True,
134,,gt,Room,Positive,good_room,"La veranda was lovely and clean,",no_evident_not_clean_room,cont,True,
134,,gt,Staff,Positive,good_staff,great friendly staff,(no literals),,False,json_parse_error: Expecting value: line 1 column 1 (char 0)
134,,gt,Food,Positive,good_food,great chef.,(no literals),,False,json_parse_error: Expecting value: line 1 column 1 (char 0)
134,,gt,Location,Positive,good_location,Brilliant location for beach and bars.,(no literals),,False,json_parse_error: Expecting value: line 1 column 1 (char 0)
135,,gt,Facility,Positive,good_facility,"Modern, clean accommodation.",modern_facility,body,True,
135,,gt,Facility,Positive,good_facility,"Modern, clean accommodation.",clean_facility,body,True,
135,,gt,Facility,Positive,good_facility,"Modern, clean accommodation.",no_evident_not_modern_facility,cont,True,
135,,gt,Facility,Positive,good_facility,"Modern, clean accommodation.",no_evident_not_clean_facility,cont,True,
135,,gt,Staff,Positive,good_staff,great staff. Richard is a star!,(no literals),,False,json_parse_error: Expecting value: line 1 column 1 (char 0)
136,,gt,Price,Positive,good_price,I did not expect such a beautiful hotel for such a cheap price,(no literals),,False,json_parse_error: Expecting value: line 1 column 1 (char 0)
136,,gt,Facility,Negative,bad_facility,Disgusting on the outside,(no literals),,False,json_parse_error: Expecting value: line 1 column 1 (char 0)
136,,gt,Facility,Positive,good_facility,but clean and beautiful on the inside,(no literals),,False,json_parse_error: Expecting value: line 1 column 1 (char 0)
137,,gt,Room,Positive,good_room,Room was clean and the bed was comfortable,clean_room,body,True,
137,,gt,Room,Positive,good_room,Room was clean and the bed was comfortable,comfortable_room,body,True,
137,,gt,Room,Positive,good_room,Room was clean and the bed was comfortable,no_evident_not_clean_room,cont,True,
137,,gt,Room,Positive,good_room,Room was clean and the bed was comfortable,no_evident_not_comfortable_room,cont,True,
137,,gt,Staff,Positive,good_staff,Friendly staff,friendly_staff,body,True,
137,,gt,Staff,Positive,good_staff,Friendly staff,no_evident_not_friendly_staff,cont,True,
137,,gt,Location,Positive,good_location,great location,(no literals),,False,json_parse_error: Expecting value: line 1 column 1 (char 0)
137,,gt,Room,Negative,bad_room,The smell in the bathroom,(no literals),,False,json_parse_error: Expecting value: line 1 column 1 (char 0)
138,,gt,Staff,Positive,good_staff,"very helpful and kind personel,",(no literals),,False,json_parse_error: Expecting value: line 1 column 1 (char 0)
138,,gt,Room,Positive,good_room,"very clean room and bathroom,",(no literals),,False,json_parse_error: Expecting value: line 1 column 1 (char 0)
139,,gt,Location,Positive,good_location,the proximity to the airport,(no literals),,False,json_parse_error: Expecting value: line 1 column 1 (char 0)
139,,gt,Food,Positive,good_food,nice restaurant at the hotel with a external balcony,(no literals),,True,
139,,gt,Facility,Negative,bad_facility,slow elevators,slow_elevators,body,True,
139,,gt,Facility,Negative,bad_facility,slow elevators,have_evident_slow_elevators,cont,True,
140,,gt,Room,Positive,good_room,"Very clean, comfy bed,",(no literals),,False,json_parse_error: Expecting value: line 1 column 1 (char 0)
140,,gt,Location,Positive,good_location,"close to the airport,",close_to_airport,body,True,
140,,gt,Location,Positive,good_location,"close to the airport,",no_evident_not_close_to_airport,cont,True,
140,,gt,Check-in,Positive,good_check_in,"easy self check-in,",easy_self_check-in,body,True,
140,,gt,Check-in,Positive,good_check_in,"easy self check-in,",no_evident_not_easy_self_check-in,cont,True,
140,,gt,Food,Positive,good_food,great breakfast.,great_breakfast,body,True,
140,,gt,Food,Positive,good_food,great breakfast.,no_evident_not_great_breakfast,cont,True,
141,,gt,Facility,Positive,good_facility,Fantastic hotel,(no literals),,False,json_parse_error: Expecting value: line 1 column 1 (char 0)
141,,gt,Staff,Positive,good_staff,with wonderful staff.,wonderful_staff,body,True,
141,,gt,Staff,Positive,good_staff,with wonderful staff.,no_evident_not_wonderful_staff,cont,True,
142,,gt,Staff,Positive,good_staff,very convenient friendly staff,convenient_staff,body,True,
142,,gt,Staff,Positive,good_staff,very convenient friendly staff,friendly_staff,body,True,
142,,gt,Staff,Positive,good_staff,very convenient friendly staff,no_evident_not_convenient_staff,cont,True,
142,,gt,Staff,Positive,good_staff,very convenient friendly staff,no_evident_not_friendly_staff,cont,True,
142,,gt,Location,Positive,good_location,near mackenzie beach,near_mackenzie_beach,body,True,
142,,gt,Location,Positive,good_location,near mackenzie beach,no_evident_not_near_mackenzie_beach,cont,True,
143,,gt,Location,Positive,good_location,perfect overnight stay close to the airport,close_to_airport,body,True,
143,,gt,Location,Positive,good_location,perfect overnight stay close to the airport,perfect_for_overnight_stay,body,True,
143,,gt,Location,Positive,good_location,perfect overnight stay close to the airport,no_evident_not_close_to_airport,cont,True,
143,,gt,Location,Positive,good_location,perfect overnight stay close to the airport,no_evident_not_perfect_for_overnight_stay,cont,True,
144,,gt,Room,Positive,good_room,nice and clean,(no literals),,False,json_parse_error: Expecting value: line 1 column 1 (char 0)
145,,gt,Location,Positive,good_location,Close to the airport and also a 5 min walk from Makenzie blue flag beach.,(no literals),,False,json_parse_error: Expecting value: line 1 column 1 (char 0)
145,,gt,Room,Positive,good_room,"The room was super clean, everything new and cosy, the bathroom with a spacious cabin shower. The bed and pillows were very comfy. T",(no literals),,False,json_parse_error: Expecting value: line 1 column 1 (char 0)
145,,gt,Staff,Positive,good_staff,The staff was super super friendly and made everything possible for our stay to be perfect.,(no literals),,False,json_parse_error: Expecting value: line 1 column 1 (char 0)
145,,gt,Food,Positive,good_food,Rich breakfast with various local food. Also we ate dinner a couple of times at the terrace and everything was very tasty.,rich_food,body,True,
145,,gt,Food,Positive,good_food,Rich breakfast with various local food. Also we ate dinner a couple of times at the terrace and everything was very tasty.,various_food,body,True,
145,,gt,Food,Positive,good_food,Rich breakfast with various local food. Also we ate dinner a couple of times at the terrace and everything was very tasty.,local_food,body,True,
145,,gt,Food,Positive,good_food,Rich breakfast with various local food. Also we ate dinner a couple of times at the terrace and everything was very tasty.,tasty_food,body,True,
145,,gt,Food,Positive,good_food,Rich breakfast with various local food. Also we ate dinner a couple of times at the terrace and everything was very tasty.,no_evident_not_rich_food,cont,True,
145,,gt,Food,Positive,good_food,Rich breakfast with various local food. Also we ate dinner a couple of times at the terrace and everything was very tasty.,no_evident_not_various_food,cont,True,
145,,gt,Food,Positive,good_food,Rich breakfast with various local food. Also we ate dinner a couple of times at the terrace and everything was very tasty.,no_evident_not_local_food,cont,True,
145,,gt,Food,Positive,good_food,Rich breakfast with various local food. Also we ate dinner a couple of times at the terrace and everything was very tasty.,no_evident_not_tasty_food,cont,True,
146,,gt,Staff,Positive,good_staff,the staff were so incredibly friendly. But it’s the staff who make this hotel:,(no literals),,False,json_parse_error: Expecting value: line 1 column 1 (char 0)
146,,gt,Room,Positive,good_room,"such a nice hotel with good rooms , clean, smart and comfortable.",(no literals),,False,json_parse_error: Expecting value: line 1 column 1 (char 0)
147,,gt,Staff,Positive,good_staff,Amazing staff!,amazing_staff,body,True,
147,,gt,Staff,Positive,good_staff,Amazing staff!,no_evident_not_amazing_staff,cont,True,
148,,gt,Location,Positive,good_location,Very close of the airport.,(no literals),,False,json_parse_error: Expecting value: line 1 column 1 (char 0)
148,,gt,Room,Positive,good_room,Very comfortable bed.,comfortable_room,body,True,
148,,gt,Room,Positive,good_room,Very comfortable bed.,no_evident_not_comfortable_room,cont,True,
149,,gt,Location,Positive,good_location,Great place for a night before a flight. just the quick path down to the beachside cafes is a bit treacherous.,great_place,body,True,
149,,gt,Location,Positive,good_location,Great place for a night before a flight. just the quick path down to the beachside cafes is a bit treacherous.,quick_path,body,True,
149,,gt,Location,Positive,good_location,Great place for a night before a flight. just the quick path down to the beachside cafes is a bit treacherous.,no_evident_not_great_place,cont,True,
149,,gt,Location,Positive,good_location,Great place for a night before a flight. just the quick path down to the beachside cafes is a bit treacherous.,no_evident_not_quick_path,cont,True,
149,,gt,Staff,Positive,good_staff,"Very friendly staff, let us into room as soon as it was ready. Arranged airport taxi for 6am too.",(no literals),,False,json_parse_error: Expecting value: line 1 column 1 (char 0)
149,,gt,Room,Positive,good_room,"verything was super clean, modern and comfortable.",(no literals),,False,json_parse_error: Expecting value: line 1 column 1 (char 0)
149,,gt,Price,Positive,good_price,Great for the price.,great_price,body,True,
149,,gt,Price,Positive,good_price,Great for the price.,no_evident_not_great_price,cont,True,
149,,gt,Facility,Negative,bad_facility,"Nothing to do with the hotel,",(no literals),,False,json_parse_error: Expecting value: line 1 column 1 (char 0)
150,,gt,Facility,Positive,good_facility,"Everything was new, beautiful and clean.",new_facility,body,True,
150,,gt,Facility,Positive,good_facility,"Everything was new, beautiful and clean.",beautiful_facility,body,True,
150,,gt,Facility,Positive,good_facility,"Everything was new, beautiful and clean.",clean_facility,body,True,
150,,gt,Facility,Positive,good_facility,"Everything was new, beautiful and clean.",no_evident_not_new_facility,cont,True,
150,,gt,Facility,Positive,good_facility,"Everything was new, beautiful and clean.",no_evident_not_beautiful_facility,cont,True,
150,,gt,Facility,Positive,good_facility,"Everything was new, beautiful and clean.",no_evident_not_clean_facility,cont,True,
150,,gt,Facility,Negative,bad_facility,That there is no kiosk open 24 hours close to the hotel.,(no literals),,False,json_parse_error: Expecting value: line 1 column 1 (char 0)
152,,gt,Location,Positive,good_location,"Close to the bars near the sea, close to the airport,",(no literals),,False,json_parse_error: Expecting value: line 1 column 1 (char 0)
152,,gt,Room,Positive,good_room,clean rooms.,clean_rooms,body,True,
152,,gt,Room,Positive,good_room,clean rooms.,no_evident_not_clean_rooms,cont,True,
152,,gt,Check-in,Negative,bad_check_in,We had a late check in and there was no one in the hotel to give us keys and the door was locked.,(no literals),,False,json_parse_error: Expecting value: line 1 column 1 (char 0)
153,,gt,Location,Positive,good_location,"very close to the airport after a late flight,",(no literals),,False,json_parse_error: Expecting value: line 1 column 1 (char 0)
153,,gt,Staff,Positive,good_staff,"lovely friendly staff who checked us in quickly, also stored luggage and called a taxi for us.",lovely_staff,body,True,
153,,gt,Staff,Positive,good_staff,"lovely friendly staff who checked us in quickly, also stored luggage and called a taxi for us.",friendly_staff,body,True,
153,,gt,Staff,Positive,good_staff,"lovely friendly staff who checked us in quickly, also stored luggage and called a taxi for us.",no_evident_not_lovely_staff,cont,True,
153,,gt,Staff,Positive,good_staff,"lovely friendly staff who checked us in quickly, also stored luggage and called a taxi for us.",no_evident_not_friendly_staff,cont,True,
153,,gt,Check-in,Positive,good_check_in,"lovely friendly staff who checked us in quickly,",(no literals),,False,json_parse_error: Expecting value: line 1 column 1 (char 0)
153,,gt,Room,Positive,good_room,"and beautiful, spotless room. really comfortable nights sleep in an air conditioned room after a great shower.",(no literals),,False,json_parse_error: Expecting value: line 1 column 1 (char 0)
153,,gt,Food,Positive,good_food,beautiful fresh breakfast which was very reasonably priced.,beautiful_breakfast,body,True,
153,,gt,Food,Positive,good_food,beautiful fresh breakfast which was very reasonably priced.,fresh_breakfast,body,True,
153,,gt,Food,Positive,good_food,beautiful fresh breakfast which was very reasonably priced.,reasonably_priced_breakfast,body,True,
153,,gt,Food,Positive,good_food,beautiful fresh breakfast which was very reasonably priced.,no_evident_not_beautiful_breakfast,cont,True,
153,,gt,Food,Positive,good_food,beautiful fresh breakfast which was very reasonably priced.,no_evident_not_fresh_breakfast,cont,True,
153,,gt,Food,Positive,good_food,beautiful fresh breakfast which was very reasonably priced.,no_evident_not_reasonably_priced_breakfast,cont,True,
154,,gt,Staff,Positive,good_staff,Lovely staff.,(no literals),,False,json_parse_error: Expecting value: line 1 column 1 (char 0)
154,,gt,Room,Negative,bad_room,Would have liked more TV channels like RT Russia Today,(no literals),,False,json_parse_error: Expecting value: line 1 column 1 (char 0)
155,,gt,Facility,Positive,good_facility,"A comfortable, nice and clean hotel, The facilities are wonderful, brand new and full equiped.",(no literals),,False,json_parse_error: Expecting value: line 1 column 1 (char 0)
155,,gt,Location,Positive,good_location,near the airport.,near_airport,body,True,
155,,gt,Location,Positive,good_location,near the airport.,no_evident_not_near_airport,cont,True,
155,,gt,Food,Positive,good_food,We really enjoyed the dinner in the restaurant. Everything was freshmade and prepare by the cheff...,(no literals),,False,json_parse_error: Expecting value: line 1 column 1 (char 0)
155,,gt,Room,Positive,good_room,nice shower and bed.,(no literals),,False,json_parse_error: Expecting value: line 1 column 1 (char 0)
155,,gt,Price,Positive,good_price,Excellent value for money,(no literals),,False,json_parse_error: Expecting value: line 1 column 1 (char 0)
156,,gt,Location,Positive,good_location,I needed a place to stay near the airport for a few hours before catching my plane.,near_airport,body,True,
156,,gt,Location,Positive,good_location,I needed a place to stay near the airport for a few hours before catching my plane.,no_evident_not_near_airport,cont,True,
156,,gt,Room,Positive,good_room,"it was great, comfy, air conditioned and clean.",great_room,body,True,
156,,gt,Room,Positive,good_room,"it was great, comfy, air conditioned and clean.",comfy_room,body,True,
156,,gt,Room,Positive,good_room,"it was great, comfy, air conditioned and clean.",air_conditioned_room,body,True,
156,,gt,Room,Positive,good_room,"it was great, comfy, air conditioned and clean.",clean_room,body,True,
156,,gt,Room,Positive,good_room,"it was great, comfy, air conditioned and clean.",no_evident_not_great_room,cont,True,
156,,gt,Room,Positive,good_room,"it was great, comfy, air conditioned and clean.",no_evident_not_comfy_room,cont,True,
156,,gt,Room,Positive,good_room,"it was great, comfy, air conditioned and clean.",no_evident_not_air_conditioned_room,cont,True,
156,,gt,Room,Positive,good_room,"it was great, comfy, air conditioned and clean.",no_evident_not_clean_room,cont,True,
156,,gt,Price,Positive,good_price,very good value for money,good_value_for_money,body,True,
156,,gt,Price,Positive,good_price,very good value for money,no_evident_not_good_value_for_money,cont,True,
157,,gt,Location,Positive,good_location,"7 minutes walking to the beach,",(no literals),,False,json_parse_error: Expecting value: line 1 column 1 (char 0)
157,,gt,Room,Positive,good_room,"modern new rooms, very clean.",modern_room,body,True,
157,,gt,Room,Positive,good_room,"modern new rooms, very clean.",new_room,body,True,
157,,gt,Room,Positive,good_room,"modern new rooms, very clean.",clean_room,body,True,
157,,gt,Room,Positive,good_room,"modern new rooms, very clean.",no_evident_not_modern_room,cont,True,
157,,gt,Room,Positive,good_room,"modern new rooms, very clean.",no_evident_not_new_room,cont,True,
157,,gt,Room,Positive,good_room,"modern new rooms, very clean.",no_evident_not_clean_room,cont,True,
158,,gt,Location,Positive,good_location,Fantastic location for the airport on the beach.,(no literals),,False,json_parse_error: Expecting value: line 1 column 1 (char 0)
158,,gt,Check-in,Positive,good_check_in,Easy check in at 3am.,easy_check_in,body,True,
158,,gt,Check-in,Positive,good_check_in,Easy check in at 3am.,no_evident_not_easy_check_in,cont,True,
158,,gt,Staff,Positive,good_staff,"Staff are great,",(no literals),,False,json_parse_error: Expecting value: line 1 column 1 (char 0)
158,,gt,Facility,Positive,good_facility,hotel is clean and service fantastic.,(no literals),,False,json_parse_error: Expecting value: line 1 column 1 (char 0)
158,,gt,Food,Positive,good_food,The breakfasts were amazing.,amazing_breakfasts,body,True,
158,,gt,Food,Positive,good_food,The breakfasts were amazing.,no_evident_not_amazing_breakfasts,cont,True,
159,,gt,Room,Positive,good_room,"Clean rooms,",clean_rooms,body,True,
159,,gt,Room,Positive,good_room,"Clean rooms,",no_evident_not_clean_rooms,cont,True,
159,,gt,Staff,Positive,good_staff,very friendly staff,friendly_staff,body,True,
159,,gt,Staff,Positive,good_staff,very friendly staff,no_evident_not_friendly_staff,cont,True,
159,,gt,Location,Positive,good_location,and great location as it is close to the airport.,(no literals),,False,json_parse_error: Expecting value: line 1 column 1 (char 0)
160,,gt,Facility,Positive,good_facility,The perfect hotel.,perfect_hotel,body,True,
160,,gt,Facility,Positive,good_facility,The perfect hotel.,no_evident_not_perfect_hotel,cont,True,
161,,gt,Room,Positive,good_room,"the cleanness,",clean_room,body,True,
161,,gt,Room,Positive,good_room,"the cleanness,",no_evident_not_clean_room,cont,True,
161,,gt,Check-out,Positive,good_check_out,check out time,check_out_time,body,True,
161,,gt,Check-out,Positive,good_check_out,check out time,no_evident_not_check_out_time,cont,True,
162,,gt,Facility,Positive,good_facility,This hotel was amazing.,(no literals),,False,json_parse_error: Expecting value: line 1 column 1 (char 0)
162,,gt,Staff,Positive,good_staff,Exceptional friendly stuff,exceptional_staff,body,True,
162,,gt,Staff,Positive,good_staff,Exceptional friendly stuff,friendly_staff,body,True,
162,,gt,Staff,Positive,good_staff,Exceptional friendly stuff,no_evident_not_exceptional_staff,cont,True,
162,,gt,Staff,Positive,good_staff,Exceptional friendly stuff,no_evident_not_friendly_staff,cont,True,
162,,gt,Food,Positive,good_food,and the breakfast was really delicious.,delicious_breakfast,body,True,
162,,gt,Food,Positive,good_food,and the breakfast was really delicious.,no_evident_not_delicious_breakfast,cont,True,
163,,gt,Check-in,Positive,good_check_in,Easy late night check in,(no literals),,False,json_parse_error: Expecting value: line 1 column 1 (char 0)
164,,gt,Staff,Positive,good_staff,All the staff were so accommodating and friendly.,accommodating_staff,body,True,
164,,gt,Staff,Positive,good_staff,All the staff were so accommodating and friendly.,friendly_staff,body,True,
164,,gt,Staff,Positive,good_staff,All the staff were so accommodating and friendly.,no_evident_not_accommodating_staff,cont,True,
164,,gt,Staff,Positive,good_staff,All the staff were so accommodating and friendly.,no_evident_not_friendly_staff,cont,True,
164,,gt,Facility,Positive,good_facility,"This is a really well run, family establishment",(no literals),,False,json_parse_error: Expecting value: line 1 column 1 (char 0)
165,,gt,Room,Positive,good_room,"Clean, modern,",clean_room,body,True,
165,,gt,Room,Positive,good_room,"Clean, modern,",modern_room,body,True,
165,,gt,Room,Positive,good_room,"Clean, modern,",no_evident_not_clean_room,cont,True,
165,,gt,Room,Positive,good_room,"Clean, modern,",no_evident_not_modern_room,cont,True,
165,,gt,Staff,Positive,good_staff,friendly staff,friendly_staff,body,True,
165,,gt,Staff,Positive,good_staff,friendly staff,no_evident_not_friendly_staff,cont,True,
166,,gt,Room,Positive,good_room,very clean and homely,clean_room,body,True,
166,,gt,Room,Positive,good_room,very clean and homely,homely_room,body,True,
166,,gt,Room,Positive,good_room,very clean and homely,no_evident_not_clean_room,cont,True,
166,,gt,Room,Positive,good_room,very clean and homely,no_evident_not_homely_room,cont,True,
167,,gt,Room,Positive,good_room,"Super clean place ,",super_clean_room,body,True,
167,,gt,Room,Positive,good_room,"Super clean place ,",no_evident_not_super_clean_room,cont,True,
167,,gt,Facility,Positive,good_facility,"Super clean place ,",super_clean_facility,body,True,
167,,gt,Facility,Positive,good_facility,"Super clean place ,",no_evident_not_super_clean_facility,cont,True,
167,,gt,Staff,Positive,good_staff,excellent staff and service,excellent_staff,body,True,
167,,gt,Staff,Positive,good_staff,excellent staff and service,no_evident_not_excellent_staff,cont,True,
167,,gt,Food,Positive,good_food,"And on top of everything is the food , the food is SUPER EXCELLENT",super_excellent_food,body,True,
167,,gt,Food,Positive,good_food,"And on top of everything is the food , the food is SUPER EXCELLENT",no_evident_not_super_excellent_food,cont,True,
168,,gt,Room,Positive,good_room,and room is clean.,clean_room,body,True,
168,,gt,Room,Positive,good_room,and room is clean.,no_evident_not_clean_room,cont,True,
168,,gt,Location,Positive,good_location,"We liked the location, near the airport and at the same time short walking distance to the beach and restaurants,",(no literals),,False,json_parse_error: Expecting value: line 1 column 1 (char 0)
168,,gt,Food,Positive,good_food,"The food at the restaurant is a must try, pretty delicious.",(no literals),,False,json_parse_error: Expecting value: line 1 column 1 (char 0)
169,,gt,Facility,Positive,good_facility,"Great accomodation, clean, quiet,",clean_facility,body,True,
169,,gt,Facility,Positive,good_facility,"Great accomodation, clean, quiet,",quiet_facility,body,True,
169,,gt,Facility,Positive,good_facility,"Great accomodation, clean, quiet,",great_accommodation,body,True,
169,,gt,Facility,Positive,good_facility,"Great accomodation, clean, quiet,",no_evident_not_clean_facility,cont,True,
169,,gt,Facility,Positive,good_facility,"Great accomodation, clean, quiet,",no_evident_not_quiet_facility,cont,True,
169,,gt,Facility,Positive,good_facility,"Great accomodation, clean, quiet,",no_evident_not_great_accommodation,cont,True,
169,,gt,Staff,Positive,good_staff,friendly and helpful.,friendly_staff,body,True,
169,,gt,Staff,Positive,good_staff,friendly and helpful.,helpful_staff,body,True,
169,,gt,Staff,Positive,good_staff,friendly and helpful.,no_evident_not_friendly_staff,cont,True,
169,,gt,Staff,Positive,good_staff,friendly and helpful.,no_evident_not_helpful_staff,cont,True,
169,,gt,Food,Positive,good_food,"We ate 2 meals at the onsite small restaurant, both were delish and the service was great.",delish_food,body,True,
169,,gt,Food,Positive,good_food,"We ate 2 meals at the onsite small restaurant, both were delish and the service was great.",great_service,body,True,
169,,gt,Food,Positive,good_food,"We ate 2 meals at the onsite small restaurant, both were delish and the service was great.",no_evident_not_delish_food,cont,True,
169,,gt,Food,Positive,good_food,"We ate 2 meals at the onsite small restaurant, both were delish and the service was great.",no_evident_not_great_service,cont,True,
169,,gt,Location,Positive,good_location,"Ours was a 1 night stay prior to our departure flight to be close to airport, 5 min drive to airport.",(no literals),,False,json_parse_error: Expecting value: line 1 column 1 (char 0)
170,,gt,Food,Positive,good_food,"The food was excellent. Richard, the chef prepared the fish, which was the best that I ever tasted.",excellent_food,body,True,
170,,gt,Food,Positive,good_food,"The food was excellent. Richard, the chef prepared the fish, which was the best that I ever tasted.",best_food,body,True,
170,,gt,Food,Positive,good_food,"The food was excellent. Richard, the chef prepared the fish, which was the best that I ever tasted.",no_evident_not_excellent_food,cont,True,
170,,gt,Food,Positive,good_food,"The food was excellent. Richard, the chef prepared the fish, which was the best that I ever tasted.",no_evident_not_best_food,cont,True,
171,,gt,Location,Positive,good_location,just few steps from the salt lake and the McKenzie Beach. a lot of cafes and bars nearby,(no literals),,False,json_parse_error: Expecting value: line 1 column 1 (char 0)
171,,gt,Staff,Positive,good_staff,The staff was very welcoming as well.,welcoming_staff,body,True,
171,,gt,Staff,Positive,good_staff,The staff was very welcoming as well.,no_evident_not_welcoming_staff,cont,True,
171,,gt,Room,Positive,good_room,Another plus is the electronic system for saying if you want to clean-up your room or you don't want to be disturbed.,clean_room,body,True,
171,,gt,Room,Positive,good_room,Another plus is the electronic system for saying if you want to clean-up your room or you don't want to be disturbed.,undisturbed_room,body,True,
171,,gt,Room,Positive,good_room,Another plus is the electronic system for saying if you want to clean-up your room or you don't want to be disturbed.,no_evident_not_clean_room,cont,True,
171,,gt,Room,Positive,good_room,Another plus is the electronic system for saying if you want to clean-up your room or you don't want to be disturbed.,no_evident_not_undisturbed_room,cont,True,
171,,gt,Facility,Negative,bad_facility,when I came but the hotel doesn't have it's own parking lot so sometimes it might be difficult to find a parking spot.,(no literals),,False,json_parse_error: Expecting value: line 1 column 1 (char 0)
172,,gt,Staff,Positive,good_staff,Personal was friendly..,friendly_staff,body,True,
172,,gt,Staff,Positive,good_staff,Personal was friendly..,no_evident_not_friendly_staff,cont,True,
172,,gt,Facility,Positive,good_facility,Everything was clean.,clean_facility,body,True,
172,,gt,Facility,Positive,good_facility,Everything was clean.,no_evident_not_clean_facility,cont,True,
173,,gt,Room,Positive,good_room,IMMACULATELY CLEAN!!! The bedding and floors were SOO CLEAN. how clean it was and the bed and linens were soo comfy and everything smelled good,(no literals),,False,json_parse_error: Expecting value: line 1 column 1 (char 0)
173,,gt,Staff,Positive,good_staff,The staff so friendly and kind and helpful!!!,(no literals),,False,json_parse_error: Expecting value: line 1 column 1 (char 0)
176,,gt,Room,Positive,good_room,The room was spacious enough for two people and it was very clean.,spacious_room,body,True,
176,,gt,Room,Positive,good_room,The room was spacious enough for two people and it was very clean.,clean_room,body,True,
176,,gt,Room,Positive,good_room,The room was spacious enough for two people and it was very clean.,no_evident_not_spacious_room,cont,True,
176,,gt,Room,Positive,good_room,The room was spacious enough for two people and it was very clean.,no_evident_not_clean_room,cont,True,
177,,gt,Location,Positive,good_location,It’s close to the beach and the airport.,close_to_beach,body,True,
177,,gt,Location,Positive,good_location,It’s close to the beach and the airport.,close_to_airport,body,True,
177,,gt,Location,Positive,good_location,It’s close to the beach and the airport.,no_evident_not_close_to_beach,cont,True,
177,,gt,Location,Positive,good_location,It’s close to the beach and the airport.,no_evident_not_close_to_airport,cont,True,
177,,gt,Staff,Positive,good_staff,The staff was nice and helpful. Extremely agile to respond.,(no literals),,False,json_parse_error: Expecting value: line 1 column 1 (char 0)
178,,gt,Room,Positive,good_room,Relaxing and comfortable.,relaxing_room,body,True,
178,,gt,Room,Positive,good_room,Relaxing and comfortable.,comfortable_room,body,True,
178,,gt,Room,Positive,good_room,Relaxing and comfortable.,no_evident_not_relaxing_room,cont,True,
178,,gt,Room,Positive,good_room,Relaxing and comfortable.,no_evident_not_comfortable_room,cont,True,
179,,gt,Location,Positive,good_location,"Close to local restaurants and beach.
  Quiet.",(no literals),,False,json_parse_error: Expecting value: line 1 column 1 (char 0)
179,,gt,Room,Positive,good_room,Very clean.,clean_room,body,True,
179,,gt,Room,Positive,good_room,Very clean.,no_evident_not_clean_room,cont,True,
179,,gt,Room,Negative,bad_room,Better TV channel selection would have been good for evening.,(no literals),,False,json_parse_error: Expecting value: line 1 column 1 (char 0)
180,,gt,Room,Positive,good_room,"Sparkling clean, comfy bed,",sparkling_clean_room,body,True,
180,,gt,Room,Positive,good_room,"Sparkling clean, comfy bed,",comfy_bed,body,True,
180,,gt,Room,Positive,good_room,"Sparkling clean, comfy bed,",no_evident_not_sparkling_clean_room,cont,True,
180,,gt,Room,Positive,good_room,"Sparkling clean, comfy bed,",no_evident_not_comfy_bed,cont,True,
180,,gt,Staff,Positive,good_staff,"friendly staff,",friendly_staff,body,True,
180,,gt,Staff,Positive,good_staff,"friendly staff,",no_evident_not_friendly_staff,cont,True,
180,,gt,Food,Positive,good_food,delicious breakfast (great freshly made croissants),delicious_breakfast,body,True,
180,,gt,Food,Positive,good_food,delicious breakfast (great freshly made croissants),great_croissants,body,True,
180,,gt,Food,Positive,good_food,delicious breakfast (great freshly made croissants),freshly_made_croissants,body,True,
180,,gt,Food,Positive,good_food,delicious breakfast (great freshly made croissants),no_evident_not_delicious_breakfast,cont,True,
180,,gt,Food,Positive,good_food,delicious breakfast (great freshly made croissants),no_evident_not_great_croissants,cont,True,
180,,gt,Food,Positive,good_food,delicious breakfast (great freshly made croissants),no_evident_not_freshly_made_croissants,cont,True,
180,,gt,Room,Negative,bad_room,AC was a bit loud and the people in the next hotel were also loud to be heard from our room,loud_ac,body,True,
180,,gt,Room,Negative,bad_room,AC was a bit loud and the people in the next hotel were also loud to be heard from our room,loud_people_from_next_hotel,body,True,
180,,gt,Room,Negative,bad_room,AC was a bit loud and the people in the next hotel were also loud to be heard from our room,have_evident_loud_ac,cont,True,
180,,gt,Room,Negative,bad_room,AC was a bit loud and the people in the next hotel were also loud to be heard from our room,have_evident_loud_people_from_next_hotel,cont,True,
181,,gt,Room,Positive,good_room,big clean rooms,big_room,body,True,
181,,gt,Room,Positive,good_room,big clean rooms,clean_room,body,True,
181,,gt,Room,Positive,good_room,big clean rooms,no_evident_not_big_room,cont,True,
181,,gt,Room,Positive,good_room,big clean rooms,no_evident_not_clean_room,cont,True,
181,,gt,Staff,Positive,good_staff,"warm welcoming, great staff.",(no literals),,False,json_parse_error: Expecting value: line 1 column 1 (char 0)
182,,gt,Location,Positive,good_location,Closure to the Airport,(no literals),,False,json_parse_error: Expecting value: line 1 column 1 (char 0)
182,,gt,Staff,Positive,good_staff,Hospitality,(no literals),,False,json_parse_error: Expecting value: line 1 column 1 (char 0)
183,,gt,Location,Positive,good_location,Very close to the beach,close_to_the_beach,body,True,
183,,gt,Location,Positive,good_location,Very close to the beach,no_evident_not_close_to_the_beach,cont,True,
183,,gt,Facility,Positive,good_facility,"very clean hotel,",clean_facility,body,True,
183,,gt,Facility,Positive,good_facility,"very clean hotel,",no_evident_not_clean_facility,cont,True,
183,,gt,Staff,Positive,good_staff,the Team is very friendly,(no literals),,False,json_parse_error: Expecting value: line 1 column 1 (char 0)
183,,gt,Food,Positive,good_food,and the food is terrific.,terrific_food,body,True,
183,,gt,Food,Positive,good_food,and the food is terrific.,no_evident_not_terrific_food,cont,True,
184,,gt,Food,Positive,good_food,"The chef was very kind and friendly, also the food was delicious, especially the jasmine burger.",delicious_food,body,True,
184,,gt,Food,Positive,good_food,"The chef was very kind and friendly, also the food was delicious, especially the jasmine burger.",jasmine_food,body,True,
184,,gt,Food,Positive,good_food,"The chef was very kind and friendly, also the food was delicious, especially the jasmine burger.",no_evident_not_delicious_food,cont,True,
184,,gt,Food,Positive,good_food,"The chef was very kind and friendly, also the food was delicious, especially the jasmine burger.",no_evident_not_jasmine_food,cont,True,
185,,gt,Staff,Positive,good_staff,The staff accommodated my arrival at 3 a.m. with very clear instructions. The building manager/owner is exceptionally congenial. Also the manager of the kitchen.,clear_instructions,body,True,
185,,gt,Staff,Positive,good_staff,The staff accommodated my arrival at 3 a.m. with very clear instructions. The building manager/owner is exceptionally congenial. Also the manager of the kitchen.,exceptionally_congenial,body,True,
185,,gt,Staff,Positive,good_staff,The staff accommodated my arrival at 3 a.m. with very clear instructions. The building manager/owner is exceptionally congenial. Also the manager of the kitchen.,no_evident_not_clear_instructions,cont,True,
185,,gt,Staff,Positive,good_staff,The staff accommodated my arrival at 3 a.m. with very clear instructions. The building manager/owner is exceptionally congenial. Also the manager of the kitchen.,no_evident_not_exceptionally_congenial,cont,True,
185,,gt,Check-in,Positive,good_check_in,The staff accommodated my arrival at 3 a.m. with very clear instructions.,accommodated_arrival,body,True,
185,,gt,Check-in,Positive,good_check_in,The staff accommodated my arrival at 3 a.m. with very clear instructions.,clear_instructions,body,True,
185,,gt,Check-in,Positive,good_check_in,The staff accommodated my arrival at 3 a.m. with very clear instructions.,no_evident_not_accommodated_arrival,cont,True,
185,,gt,Check-in,Positive,good_check_in,The staff accommodated my arrival at 3 a.m. with very clear instructions.,no_evident_not_clear_instructions,cont,True,
185,,gt,Food,Positive,good_food,And breakfast was served until noon!,served_until_noon,body,True,
185,,gt,Food,Positive,good_food,And breakfast was served until noon!,no_evident_not_served_until_noon,cont,True,
185,,gt,Location,Positive,good_location,"It was located near the airport, which is what I was looking for.",(no literals),,False,json_parse_error: Expecting value: line 1 column 1 (char 0)
185,,gt,Location,Negative,bad_location,You just need access to a car if you are doing to use the hotel as your base.,need_access_to_car,body,True,
185,,gt,Location,Negative,bad_location,You just need access to a car if you are doing to use the hotel as your base.,have_evident_need_access_to_car,cont,True,
186,,gt,Staff,Positive,good_staff,Very friendly staff.,friendly_staff,body,True,
186,,gt,Staff,Positive,good_staff,Very friendly staff.,no_evident_not_friendly_staff,cont,True,
189,,gt,Room,Positive,good_room,"it was clean and modern, ideal for our large family",(no literals),,False,json_parse_error: Expecting value: line 1 column 1 (char 0)
190,,gt,Location,Positive,good_location,Conveniently located.,conveniently_located,body,True,
190,,gt,Location,Positive,good_location,Conveniently located.,no_evident_not_conveniently_located,cont,True,
190,,gt,Facility,Positive,good_facility,A very modern and contemporary hotel.,modern_facility,body,True,
190,,gt,Facility,Positive,good_facility,A very modern and contemporary hotel.,contemporary_facility,body,True,
190,,gt,Facility,Positive,good_facility,A very modern and contemporary hotel.,no_evident_not_modern_facility,cont,True,
190,,gt,Facility,Positive,good_facility,A very modern and contemporary hotel.,no_evident_not_contemporary_facility,cont,True,
190,,gt,Food,Positive,good_food,Excellent breakfast.,(no literals),,False,json_parse_error: Expecting value: line 1 column 1 (char 0)
190,,gt,Check-in,Positive,good_check_in,We had a very late (1am) self check-in self check-in which worked very well.,(no literals),,False,json_parse_error: Expecting value: line 1 column 1 (char 0)
190,,gt,Room,Negative,bad_room,"Our room was rather small and lacked a balcony,",(no literals),,False,json_parse_error: Expecting value: line 1 column 1 (char 0)
191,,gt,Room,Positive,good_room,Very clean,clean_room,body,True,
191,,gt,Room,Positive,good_room,Very clean,no_evident_not_clean_room,cont,True,
191,,gt,Location,Positive,good_location,and beside the airport,beside_airport,body,True,
191,,gt,Location,Positive,good_location,and beside the airport,no_evident_not_beside_airport,cont,True,
192,,gt,Staff,Positive,good_staff,staff was amazing.,amazing_staff,body,True,
192,,gt,Staff,Positive,good_staff,staff was amazing.,no_evident_not_amazing_staff,cont,True,
192,,gt,Room,Positive,good_room,and cleanliness.,clean_room,body,True,
192,,gt,Room,Positive,good_room,and cleanliness.,no_evident_not_clean_room,cont,True,
193,,gt,Room,Positive,good_room,Room clean and spacious.,(no literals),,False,json_parse_error: Expecting value: line 1 column 1 (char 0)
193,,gt,Staff,Positive,good_staff,Staff very helpful.,helpful_staff,body,True,
193,,gt,Staff,Positive,good_staff,Staff very helpful.,no_evident_not_helpful_staff,cont,True,
193,,gt,Location,Positive,good_location,Excellent location for beach and airport transfer.,(no literals),,False,json_parse_error: Expecting value: line 1 column 1 (char 0)
194,,gt,Staff,Positive,good_staff,friendly people,(no literals),,False,json_parse_error: Expecting value: line 1 column 1 (char 0)
194,,gt,Room,Positive,good_room,good a/c,good_a/c,body,True,
194,,gt,Room,Positive,good_room,good a/c,no_evident_not_good_a/c,cont,True,
195,,gt,Room,Positive,good_room,"Clean, spacious, friendly, new and modern",clean_room,body,True,
195,,gt,Room,Positive,good_room,"Clean, spacious, friendly, new and modern",spacious_room,body,True,
195,,gt,Room,Positive,good_room,"Clean, spacious, friendly, new and modern",friendly_room,body,True,
195,,gt,Room,Positive,good_room,"Clean, spacious, friendly, new and modern",new_room,body,True,
195,,gt,Room,Positive,good_room,"Clean, spacious, friendly, new and modern",modern_room,body,True,
195,,gt,Room,Positive,good_room,"Clean, spacious, friendly, new and modern",no_evident_not_clean_room,cont,True,
195,,gt,Room,Positive,good_room,"Clean, spacious, friendly, new and modern",no_evident_not_spacious_room,cont,True,
195,,gt,Room,Positive,good_room,"Clean, spacious, friendly, new and modern",no_evident_not_friendly_room,cont,True,
195,,gt,Room,Positive,good_room,"Clean, spacious, friendly, new and modern",no_evident_not_new_room,cont,True,
195,,gt,Room,Positive,good_room,"Clean, spacious, friendly, new and modern",no_evident_not_modern_room,cont,True,
195,,gt,Staff,Positive,good_staff,friendly,friendly_staff,body,True,
195,,gt,Staff,Positive,good_staff,friendly,no_evident_not_friendly_staff,cont,True,
195,,gt,Location,Negative,bad_location,Not too close to the beach,not_close_to_beach,body,True,
195,,gt,Location,Negative,bad_location,Not too close to the beach,have_evident_not_close_to_beach,cont,True,
195,,gt,Location,Positive,good_location,Perfect for pre or post airport stays,(no literals),,False,json_parse_error: Expecting value: line 1 column 1 (char 0)
196,,gt,Room,Negative,bad_room,The mattresses were hard.,(no literals),,False,json_parse_error: Expecting value: line 1 column 1 (char 0)
196,,gt,Booking-issue,Negative,bad_booking_issue,When we were booking the room there was a promotion from booking.com which didn't apply and we payed 80 euro more. After that I checked a new dates to book and we had similar number and if we do it it will be the same. This is a big fraud.,(no literals),,False,json_parse_error: Expecting value: line 1 column 1 (char 0)
197,,gt,Location,Positive,good_location,"Perfect if you want to stay close to the airport.
  Mackenzy beach with restaurants is not that far away.",(no literals),,False,json_parse_error: Expecting value: line 1 column 1 (char 0)
198,,gt,Room,Positive,good_room,clean and well organized.,clean_room,body,True,
198,,gt,Room,Positive,good_room,clean and well organized.,well_organized_room,body,True,
198,,gt,Room,Positive,good_room,clean and well organized.,no_evident_not_clean_room,cont,True,
198,,gt,Room,Positive,good_room,clean and well organized.,no_evident_not_well_organized_room,cont,True,
198,,gt,Staff,Positive,good_staff,The staff were so friendly that we really felt we are at home with our relatives.,friendly_staff,body,True,
198,,gt,Staff,Positive,good_staff,The staff were so friendly that we really felt we are at home with our relatives.,no_evident_not_friendly_staff,cont,True,
198,,gt,Food,Positive,good_food,"The food at the restaurant was amazing. Richard as the head of Hotel's restaurant, cooks with passion and almost everything from scratch. So fresh and good looking. He makes a simple breakfast amazing and his lunch table, looks like a feast.",(no literals),,False,json_parse_error: Expecting value: line 1 column 1 (char 0)
199,,gt,Room,Positive,good_room,"it is clean, beautiful",(no literals),,False,json_parse_error: Expecting value: line 1 column 1 (char 0)
199,,gt,Location,Positive,good_location,"perfectly located being 5 minute walk from the beach, restaurants and cafés.",close_to_beach,body,True,
199,,gt,Location,Positive,good_location,"perfectly located being 5 minute walk from the beach, restaurants and cafés.",close_to_restaurants,body,True,
199,,gt,Location,Positive,good_location,"perfectly located being 5 minute walk from the beach, restaurants and cafés.",close_to_cafés,body,True,
199,,gt,Location,Positive,good_location,"perfectly located being 5 minute walk from the beach, restaurants and cafés.",no_evident_not_close_to_beach,cont,True,
199,,gt,Location,Positive,good_location,"perfectly located being 5 minute walk from the beach, restaurants and cafés.",no_evident_not_close_to_restaurants,cont,True,
199,,gt,Location,Positive,good_location,"perfectly located being 5 minute walk from the beach, restaurants and cafés.",no_evident_not_close_to_cafés,cont,True,
199,,gt,Staff,Positive,good_staff,kind service with a smile!,(no literals),,False,json_parse_error: Expecting value: line 1 column 1 (char 0)
200,,gt,Room,Positive,good_room,"Very clean and new,",clean_room,body,True,
200,,gt,Room,Positive,good_room,"Very clean and new,",new_room,body,True,
200,,gt,Room,Positive,good_room,"Very clean and new,",no_evident_not_clean_room,cont,True,
200,,gt,Room,Positive,good_room,"Very clean and new,",no_evident_not_new_room,cont,True,
200,,gt,Food,Positive,good_food,food was 5 star! The best club sandwich ever!!,5_star_food,body,True,
200,,gt,Food,Positive,good_food,food was 5 star! The best club sandwich ever!!,best_food,body,True,
200,,gt,Food,Positive,good_food,food was 5 star! The best club sandwich ever!!,best_club_sandwich,body,True,
200,,gt,Food,Positive,good_food,food was 5 star! The best club sandwich ever!!,no_evident_not_5_star_food,cont,True,
200,,gt,Food,Positive,good_food,food was 5 star! The best club sandwich ever!!,no_evident_not_best_food,cont,True,
200,,gt,Food,Positive,good_food,food was 5 star! The best club sandwich ever!!,no_evident_not_best_club_sandwich,cont,True,
202,,gt,Room,Positive,good_room,"Super clean,",super_clean_room,body,True,
202,,gt,Room,Positive,good_room,"Super clean,",no_evident_not_super_clean_room,cont,True,
202,,gt,Location,Positive,good_location,"close to the beach and great restaurants,",close_to_beach,body,True,
202,,gt,Location,Positive,good_location,"close to the beach and great restaurants,",great_restaurants,body,True,
202,,gt,Location,Positive,good_location,"close to the beach and great restaurants,",no_evident_not_close_to_beach,cont,True,
202,,gt,Location,Positive,good_location,"close to the beach and great restaurants,",no_evident_not_great_restaurants,cont,True,
202,,gt,Staff,Positive,good_staff,"the staff is exceptionally nice,",exceptionally_nice_staff,body,True,
202,,gt,Staff,Positive,good_staff,"the staff is exceptionally nice,",no_evident_not_exceptionally_nice_staff,cont,True,
203,,gt,Room,Positive,good_room,The room was very clean and ac worked well.,(no literals),,False,json_parse_error: Expecting value: line 1 column 1 (char 0)
203,,gt,Staff,Positive,good_staff,Staff was very friendly.,(no literals),,False,json_parse_error: Expecting value: line 1 column 1 (char 0)
203,,gt,Price,Positive,good_price,Definitely worth the price.,(no literals),,False,json_parse_error: Expecting value: line 1 column 1 (char 0)
204,,gt,Staff,Positive,good_staff,Staff were very friendly.,(no literals),,False,json_parse_error: Expecting value: line 1 column 1 (char 0)
204,,gt,Location,Positive,good_location,Great to come to from the airport.,(no literals),,False,json_parse_error: Expecting value: line 1 column 1 (char 0)
206,,gt,Price,Positive,good_price,Good value.,good_value,body,True,
206,,gt,Price,Positive,good_price,Good value.,no_evident_not_good_value,cont,True,
206,,gt,Staff,Positive,good_staff,Welcoming owners,(no literals),,False,json_parse_error: Expecting value: line 1 column 1 (char 0)
206,,gt,Location,Positive,good_location,great location. The beach is less than 5 minutes away.,(no literals),,False,json_parse_error: Expecting value: line 1 column 1 (char 0)
207,,gt,Staff,Positive,good_staff,The WONDERFUL staff at this place makes all the difference.,wonderful_staff,body,True,
207,,gt,Staff,Positive,good_staff,The WONDERFUL staff at this place makes all the difference.,no_evident_not_wonderful_staff,cont,True,
208,,gt,Location,Positive,good_location,"quiet area , easy find parking places",(no literals),,False,json_parse_error: Expecting value: line 1 column 1 (char 0)
208,,gt,Room,Negative,bad_room,"there was hair on the floor from previous visitors, it should be better cleaner .",(no literals),,False,json_parse_error: Expecting value: line 1 column 1 (char 0)
209,,gt,Room,Positive,good_room,it was a really nice room,nice_room,body,True,
209,,gt,Room,Positive,good_room,it was a really nice room,no_evident_not_nice_room,cont,True,
209,,gt,Food,Positive,good_food,we loved the breakfast,(no literals),,False,json_parse_error: Expecting value: line 1 column 1 (char 0)
209,,gt,Staff,Positive,good_staff,very friendly people,friendly_staff,body,True,
209,,gt,Staff,Positive,good_staff,very friendly people,no_evident_not_friendly_staff,cont,True,
209,,gt,Room,Negative,bad_room,"it was a bit noisy
  we could here everything",noisy_room,body,True,
209,,gt,Room,Negative,bad_room,"it was a bit noisy
  we could here everything",have_evident_noisy_room,cont,True,
210,,gt,Room,Positive,good_room,"Clean, comfortable, friendly",clean_room,body,True,
210,,gt,Room,Positive,good_room,"Clean, comfortable, friendly",comfortable_room,body,True,
210,,gt,Room,Positive,good_room,"Clean, comfortable, friendly",friendly_room,body,True,
210,,gt,Room,Positive,good_room,"Clean, comfortable, friendly",no_evident_not_clean_room,cont,True,
210,,gt,Room,Positive,good_room,"Clean, comfortable, friendly",no_evident_not_comfortable_room,cont,True,
210,,gt,Room,Positive,good_room,"Clean, comfortable, friendly",no_evident_not_friendly_room,cont,True,
210,,gt,Staff,Positive,good_staff,"friendly,",friendly_staff,body,True,
210,,gt,Staff,Positive,good_staff,"friendly,",no_evident_not_friendly_staff,cont,True,
210,,gt,Location,Positive,good_location,fine location,fine_location,body,True,
210,,gt,Location,Positive,good_location,fine location,no_evident_not_fine_location,cont,True,
211,,gt,Staff,Positive,good_staff,The stuff was very friendly and helpfull. They exceeded my expectations.,friendly_staff,body,True,
211,,gt,Staff,Positive,good_staff,The stuff was very friendly and helpfull. They exceeded my expectations.,helpful_staff,body,True,
211,,gt,Staff,Positive,good_staff,The stuff was very friendly and helpfull. They exceeded my expectations.,no_evident_not_friendly_staff,cont,True,
211,,gt,Staff,Positive,good_staff,The stuff was very friendly and helpfull. They exceeded my expectations.,no_evident_not_helpful_staff,cont,True,
211,,gt,Food,Positive,good_food,Breakfast for charge same as anywhere else was enormous size and very delicious.,enormous_food,body,True,
211,,gt,Food,Positive,good_food,Breakfast for charge same as anywhere else was enormous size and very delicious.,very_delicious_food,body,True,
211,,gt,Food,Positive,good_food,Breakfast for charge same as anywhere else was enormous size and very delicious.,no_evident_not_enormous_food,cont,True,
211,,gt,Food,Positive,good_food,Breakfast for charge same as anywhere else was enormous size and very delicious.,no_evident_not_very_delicious_food,cont,True,
211,,gt,Location,Positive,good_location,Liked everythingz close to airport and town,(no literals),,False,json_parse_error: Expecting value: line 1 column 1 (char 0)
211,,gt,Location,Negative,bad_location,half an hour walking to town,half_an_hour_walking_to_town,body,True,
211,,gt,Location,Negative,bad_location,half an hour walking to town,have_evident_half_an_hour_walking_to_town,cont,True,
212,,gt,Staff,Positive,good_staff,Very friendly and helpful staff !,friendly_staff,body,True,
212,,gt,Staff,Positive,good_staff,Very friendly and helpful staff !,helpful_staff,body,True,
212,,gt,Staff,Positive,good_staff,Very friendly and helpful staff !,no_evident_not_friendly_staff,cont,True,
212,,gt,Staff,Positive,good_staff,Very friendly and helpful staff !,no_evident_not_helpful_staff,cont,True,
212,,gt,Facility,Positive,good_facility,Beautiful hotel,beautiful_hotel,body,True,
212,,gt,Facility,Positive,good_facility,Beautiful hotel,no_evident_not_beautiful_hotel,cont,True,
212,,gt,Price,Positive,good_price,and very cheap,cheap_price,body,True,
212,,gt,Price,Positive,good_price,and very cheap,no_evident_not_cheap_price,cont,True,
213,,gt,Food,Positive,good_food,"The food was very good,the chef is kind.",very_good_food,body,True,
213,,gt,Food,Positive,good_food,"The food was very good,the chef is kind.",kind_chef,body,True,
213,,gt,Food,Positive,good_food,"The food was very good,the chef is kind.",no_evident_not_very_good_food,cont,True,
213,,gt,Food,Positive,good_food,"The food was very good,the chef is kind.",no_evident_not_kind_chef,cont,True,
213,,gt,Room,Negative,bad_room,In the bathroom smelled bad,(no literals),,False,json_parse_error: Expecting value: line 1 column 1 (char 0)
214,,gt,Staff,Positive,good_staff,The hotell organised a taxi for me,(no literals),,False,json_parse_error: Expecting value: line 1 column 1 (char 0)
214,,gt,Check-in,Positive,good_check_in,I arrived late at night. The hotell made sure I could check in.,(no literals),,False,json_parse_error: Expecting value: line 1 column 1 (char 0)
215,,gt,Room,Positive,good_room,clean and simple,clean_room,body,True,
215,,gt,Room,Positive,good_room,clean and simple,simple_room,body,True,
215,,gt,Room,Positive,good_room,clean and simple,no_evident_not_clean_room,cont,True,
215,,gt,Room,Positive,good_room,clean and simple,no_evident_not_simple_room,cont,True,
216,,gt,Room,Positive,good_room,"the room is very clean，the bed is comfortable,",clean_room,body,True,
216,,gt,Room,Positive,good_room,"the room is very clean，the bed is comfortable,",comfortable_room,body,True,
216,,gt,Room,Positive,good_room,"the room is very clean，the bed is comfortable,",no_evident_not_clean_room,cont,True,
216,,gt,Room,Positive,good_room,"the room is very clean，the bed is comfortable,",no_evident_not_comfortable_room,cont,True,
216,,gt,Facility,Positive,good_facility,"the facilities are new,",new_facility,body,True,
216,,gt,Facility,Positive,good_facility,"the facilities are new,",no_evident_not_new_facility,cont,True,
218,,gt,Room,Positive,good_room,"Nice clean room, comfortable bed",(no literals),,False,json_parse_error: Expecting value: line 1 column 1 (char 0)
219,,gt,Room,Positive,good_room,"very clean room, comfy beds, very nice showers. all freshly renovated.",clean_room,body,True,
219,,gt,Room,Positive,good_room,"very clean room, comfy beds, very nice showers. all freshly renovated.",comfy_beds,body,True,
219,,gt,Room,Positive,good_room,"very clean room, comfy beds, very nice showers. all freshly renovated.",nice_showers,body,True,
219,,gt,Room,Positive,good_room,"very clean room, comfy beds, very nice showers. all freshly renovated.",freshly_renovated,body,True,
219,,gt,Room,Positive,good_room,"very clean room, comfy beds, very nice showers. all freshly renovated.",no_evident_not_clean_room,cont,True,
219,,gt,Room,Positive,good_room,"very clean room, comfy beds, very nice showers. all freshly renovated.",no_evident_not_comfy_beds,cont,True,
219,,gt,Room,Positive,good_room,"very clean room, comfy beds, very nice showers. all freshly renovated.",no_evident_not_nice_showers,cont,True,
219,,gt,Room,Positive,good_room,"very clean room, comfy beds, very nice showers. all freshly renovated.",no_evident_not_freshly_renovated,cont,True,
219,,gt,Location,Negative,bad_location,it is sometimes a bit noisy because of the air traffic,noisy_location,body,True,
219,,gt,Location,Negative,bad_location,it is sometimes a bit noisy because of the air traffic,have_evident_noisy_location,cont,True,
220,,gt,Check-in,Positive,good_check_in,"Excellent communication on late check in process,",(no literals),,False,json_parse_error: Expecting value: line 1 column 1 (char 0)
220,,gt,Room,Positive,good_room,"airy and comfortable room, super fast wifi,",(no literals),,False,json_parse_error: Expecting value: line 1 column 1 (char 0)
220,,gt,Location,Positive,good_location,"This hotel is only 4km from the airport. If travelling light you can walk it in 40 minutes, saving a rip off cab fare. Just off the b4 highway.",(no literals),,False,json_parse_error: Expecting value: line 1 column 1 (char 0)
220,,gt,Room,Negative,bad_room,TV very light on choice only news channel in English.,(no literals),,False,json_parse_error: Expecting value: line 1 column 1 (char 0)
221,,gt,Check-in,Positive,good_check_in,We arrived later than planned due to flight issues but the owner was aware as he had tracked our flight;,(no literals),,False,json_parse_error: Expecting value: line 1 column 1 (char 0)
221,,gt,Staff,Positive,good_staff,We arrived later than planned due to flight issues but the owner was aware as he had tracked our flight; despite being late we were offered food and drink in the bar which was most welcome. The staff were all friendly and welcoming - especially the restaurant owner.,friendly_staff,body,True,
221,,gt,Staff,Positive,good_staff,We arrived later than planned due to flight issues but the owner was aware as he had tracked our flight; despite being late we were offered food and drink in the bar which was most welcome. The staff were all friendly and welcoming - especially the restaurant owner.,welcoming_staff,body,True,
221,,gt,Staff,Positive,good_staff,We arrived later than planned due to flight issues but the owner was aware as he had tracked our flight; despite being late we were offered food and drink in the bar which was most welcome. The staff were all friendly and welcoming - especially the restaurant owner.,aware_staff,body,True,
221,,gt,Staff,Positive,good_staff,We arrived later than planned due to flight issues but the owner was aware as he had tracked our flight; despite being late we were offered food and drink in the bar which was most welcome. The staff were all friendly and welcoming - especially the restaurant owner.,offered_food_and_drink_staff,body,True,
221,,gt,Staff,Positive,good_staff,We arrived later than planned due to flight issues but the owner was aware as he had tracked our flight; despite being late we were offered food and drink in the bar which was most welcome. The staff were all friendly and welcoming - especially the restaurant owner.,no_evident_not_friendly_staff,cont,True,
221,,gt,Staff,Positive,good_staff,We arrived later than planned due to flight issues but the owner was aware as he had tracked our flight; despite being late we were offered food and drink in the bar which was most welcome. The staff were all friendly and welcoming - especially the restaurant owner.,no_evident_not_welcoming_staff,cont,True,
221,,gt,Staff,Positive,good_staff,We arrived later than planned due to flight issues but the owner was aware as he had tracked our flight; despite being late we were offered food and drink in the bar which was most welcome. The staff were all friendly and welcoming - especially the restaurant owner.,no_evident_not_aware_staff,cont,True,
221,,gt,Staff,Positive,good_staff,We arrived later than planned due to flight issues but the owner was aware as he had tracked our flight; despite being late we were offered food and drink in the bar which was most welcome. The staff were all friendly and welcoming - especially the restaurant owner.,no_evident_not_offered_food_and_drink_staff,cont,True,
221,,gt,Facility,Positive,good_facility,despite being late we were offered food and drink in the bar which was most welcome.,offer_food,body,True,
221,,gt,Facility,Positive,good_facility,despite being late we were offered food and drink in the bar which was most welcome.,offer_drink,body,True,
221,,gt,Facility,Positive,good_facility,despite being late we were offered food and drink in the bar which was most welcome.,have_bar,body,True,
221,,gt,Facility,Positive,good_facility,despite being late we were offered food and drink in the bar which was most welcome.,no_evident_not_offer_food,cont,True,
221,,gt,Facility,Positive,good_facility,despite being late we were offered food and drink in the bar which was most welcome.,no_evident_not_offer_drink,cont,True,
221,,gt,Facility,Positive,good_facility,despite being late we were offered food and drink in the bar which was most welcome.,no_evident_not_have_bar,cont,True,
221,,gt,Room,Positive,good_room,The room was clean and an adequate size with a nice balcony.,(no literals),,False,json_parse_error: Expecting value: line 1 column 1 (char 0)
221,,gt,Food,Positive,good_food,Breakfast was outstanding.,outstanding_breakfast,body,True,
221,,gt,Food,Positive,good_food,Breakfast was outstanding.,no_evident_not_outstanding_breakfast,cont,True,
221,,gt,Room,Negative,bad_room,We could not turn on the mini fridge to cool our water bottles overnight ready for the following day.,(no literals),,False,json_parse_error: Expecting value: line 1 column 1 (char 0)
222,,gt,Facility,Positive,good_facility,Its was a nice place clean,(no literals),,False,json_parse_error: Expecting value: line 1 column 1 (char 0)
222,,gt,Room,Positive,good_room,and the room was nice,nice_room,body,True,
222,,gt,Room,Positive,good_room,and the room was nice,no_evident_not_nice_room,cont,True,
223,,gt,Staff,Positive,good_staff,The indications at the desk were very helpful,helpful_staff,body,True,
223,,gt,Staff,Positive,good_staff,The indications at the desk were very helpful,no_evident_not_helpful_staff,cont,True,
224,,gt,Staff,Positive,good_staff,Staff very friendly and very helpful.,(no literals),,False,json_parse_error: Expecting value: line 1 column 1 (char 0)
224,,gt,Room,Positive,good_room,Very comfortable nights sleep,(no literals),,False,json_parse_error: Expecting value: line 1 column 1 (char 0)
224,,gt,Facility,Positive,good_facility,No complaints about the hotel.,(no literals),,False,json_parse_error: Expecting value: line 1 column 1 (char 0)
224,,gt,Facility,Negative,bad_facility,Parking in the area is always possible but not necessarily the most convenient,possible_parking,body,True,
224,,gt,Facility,Negative,bad_facility,Parking in the area is always possible but not necessarily the most convenient,not_convenient_parking,body,True,
224,,gt,Facility,Negative,bad_facility,Parking in the area is always possible but not necessarily the most convenient,have_evident_possible_parking,cont,True,
224,,gt,Facility,Negative,bad_facility,Parking in the area is always possible but not necessarily the most convenient,have_evident_not_convenient_parking,cont,True,
226,,gt,Staff,Positive,good_staff,Excellent staff in this family driven hotel. Very helpful and pleasant people who speak perfect English and couldn't have been better -- all the way from the booking process and online dialog to putting us on a taxi to the airport!,(no literals),,False,json_parse_error: Expecting value: line 1 column 1 (char 0)
226,,gt,Room,Positive,good_room,"Rooms and hotel in general are very clean, aircon modern and quiet, and room service is also excellent. ""Plenty of electricity outlets in the room, also by the bed, but remember the UK-adapter to use standard EU-plugs ;-)
  The double bed, although nothing fancy, was probably the best hotel bed we've slept in ... ever!!!""",(no literals),,False,json_parse_error: Expecting value: line 1 column 1 (char 0)
226,,gt,Room,Negative,bad_room,"although nothing fancy, there is not much extra in this hotel or in the room. The small fridge in the room was warm (turned off) upon arrival and completely empty, and no local shop/kiosk nearby to fill it up. One small bottle of water upon arrival to double room feels a little poor. Would gladly have paid those 2€ more per day to have 2 bottles initially and being refilled daily with room service. A couple of cents more, to have even tea on the small welcome tray ;-) Bathroom floor gets completely wet when (carefully) showering, as only half a glass wall covers the shower. 
  - Bed frame has very sharp/hard corners, and it's easy to get hurt. Apply baby safety corners?",(no literals),,False,json_parse_error: Expecting value: line 1 column 1 (char 0)
226,,gt,Location,Negative,bad_location,"The small fridge in the room was warm (turned off) upon arrival and completely empty, and no local shop/kiosk nearby to fill it up.",(no literals),,False,json_parse_error: Expecting value: line 1 column 1 (char 0)
226,,gt,Food,Positive,good_food,"Except excellent staff/owners and an ok restaurant,",(no literals),,False,json_parse_error: Expecting value: line 1 column 1 (char 0)
226,,gt,Facility,Negative,bad_facility,"Veranda door and main door doesn't close entirely tight so main door slams in the night when it's windy. However fixable in MacGyver way using the bed cover and a tea spoon, although a professional seal attached to the door frame would probably be a better fix long-term ;-), Beach towel services would also have been nice and useful, to avoid using lots of space/weight in baggage.",(no literals),,False,json_parse_error: Expecting value: line 1 column 1 (char 0)
227,,gt,Facility,Positive,good_facility,Very clean and fresh.,clean_facility,body,True,
227,,gt,Facility,Positive,good_facility,Very clean and fresh.,fresh_facility,body,True,
227,,gt,Facility,Positive,good_facility,Very clean and fresh.,no_evident_not_clean_facility,cont,True,
227,,gt,Facility,Positive,good_facility,Very clean and fresh.,no_evident_not_fresh_facility,cont,True,
227,,gt,Room,Positive,good_room,Perfect room for family.,perfect_room,body,True,
227,,gt,Room,Positive,good_room,Perfect room for family.,no_evident_not_perfect_room,cont,True,
227,,gt,Location,Positive,good_location,Close to airport.,close_to_airport,body,True,
227,,gt,Location,Positive,good_location,Close to airport.,no_evident_not_close_to_airport,cont,True,
227,,gt,Staff,Positive,good_staff,Very kind hosts made late check in simple.,(no literals),,False,json_parse_error: Expecting value: line 1 column 1 (char 0)
227,,gt,Check-in,Positive,good_check_in,Very kind hosts made late check in simple.,late_check_in,body,True,
227,,gt,Check-in,Positive,good_check_in,Very kind hosts made late check in simple.,simple_check_in,body,True,
227,,gt,Check-in,Positive,good_check_in,Very kind hosts made late check in simple.,no_evident_not_late_check_in,cont,True,
227,,gt,Check-in,Positive,good_check_in,Very kind hosts made late check in simple.,no_evident_not_simple_check_in,cont,True,
228,,gt,Staff,Positive,good_staff,"the Cyprus hospitality at the highest level. Feel at home in 1 minute with owners welcoming you with a big smile., hospitality",welcoming_owners,body,True,
228,,gt,Staff,Positive,good_staff,"the Cyprus hospitality at the highest level. Feel at home in 1 minute with owners welcoming you with a big smile., hospitality",big_smile,body,True,
228,,gt,Staff,Positive,good_staff,"the Cyprus hospitality at the highest level. Feel at home in 1 minute with owners welcoming you with a big smile., hospitality",no_evident_not_welcoming_owners,cont,True,
228,,gt,Staff,Positive,good_staff,"the Cyprus hospitality at the highest level. Feel at home in 1 minute with owners welcoming you with a big smile., hospitality",no_evident_not_big_smile,cont,True,
228,,gt,Location,Positive,good_location,"the location is convenient, quiet",(no literals),,False,json_parse_error: Expecting value: line 1 column 1 (char 0)
228,,gt,Room,Positive,good_room,and the room had a big balcony,(no literals),,False,json_parse_error: Expecting value: line 1 column 1 (char 0)
229,,gt,Staff,Positive,good_staff,Exceptionally friendly service of hotel and restarant in same building. Attention and service superb.,(no literals),,False,json_parse_error: Expecting value: line 1 column 1 (char 0)
230,,gt,Room,Positive,good_room,clean,clean_room,body,True,
230,,gt,Room,Positive,good_room,clean,no_evident_not_clean_room,cont,True,
230,,gt,Price,Positive,good_price,and very good value,good_value,body,True,
230,,gt,Price,Positive,good_price,and very good value,no_evident_not_good_value,cont,True,
231,,gt,Staff,Positive,good_staff,"very friendly staff,",(no literals),,False,json_parse_error: Expecting value: line 1 column 1 (char 0)
231,,gt,Room,Positive,good_room,rooms were clean,clean_room,body,True,
231,,gt,Room,Positive,good_room,rooms were clean,no_evident_not_clean_room,cont,True,
231,,gt,Location,Positive,good_location,and ideally situated for the airport,(no literals),,False,json_parse_error: Expecting value: line 1 column 1 (char 0)
232,,gt,Location,Positive,good_location,"Great location for a late flight,",(no literals),,False,json_parse_error: Expecting value: line 1 column 1 (char 0)
232,,gt,Room,Positive,good_room,everything was clean and nice in the room.,clean_room,body,True,
232,,gt,Room,Positive,good_room,everything was clean and nice in the room.,nice_room,body,True,
232,,gt,Room,Positive,good_room,everything was clean and nice in the room.,no_evident_not_clean_room,cont,True,
232,,gt,Room,Positive,good_room,everything was clean and nice in the room.,no_evident_not_nice_room,cont,True,
232,,gt,Check-in,Positive,good_check_in,We arrived late and got great instructions on how to get in on our own.,(no literals),,False,json_parse_error: Expecting value: line 1 column 1 (char 0)
232,,gt,Food,Positive,good_food,"Terrific late breakfast at the café downstairs, the manager catered to our every need",terrific_breakfast,body,True,
232,,gt,Food,Positive,good_food,"Terrific late breakfast at the café downstairs, the manager catered to our every need",late_breakfast,body,True,
232,,gt,Food,Positive,good_food,"Terrific late breakfast at the café downstairs, the manager catered to our every need",no_evident_not_terrific_breakfast,cont,True,
232,,gt,Food,Positive,good_food,"Terrific late breakfast at the café downstairs, the manager catered to our every need",no_evident_not_late_breakfast,cont,True,
232,,gt,Price,Positive,good_price,Great for the price and our purpose of a late night flight arrival,great_price,body,True,
232,,gt,Price,Positive,good_price,Great for the price and our purpose of a late night flight arrival,no_evident_not_great_price,cont,True,
233,,gt,Facility,Positive,good_facility,"Beautiful property, super clean,",beautiful_property,body,True,
233,,gt,Facility,Positive,good_facility,"Beautiful property, super clean,",super_clean,body,True,
233,,gt,Facility,Positive,good_facility,"Beautiful property, super clean,",no_evident_not_beautiful_property,cont,True,
233,,gt,Facility,Positive,good_facility,"Beautiful property, super clean,",no_evident_not_super_clean,cont,True,
233,,gt,Room,Positive,good_room,rooms where really spacious and fresh and clean.,spacious_room,body,True,
233,,gt,Room,Positive,good_room,rooms where really spacious and fresh and clean.,fresh_room,body,True,
233,,gt,Room,Positive,good_room,rooms where really spacious and fresh and clean.,clean_room,body,True,
233,,gt,Room,Positive,good_room,rooms where really spacious and fresh and clean.,no_evident_not_spacious_room,cont,True,
233,,gt,Room,Positive,good_room,rooms where really spacious and fresh and clean.,no_evident_not_fresh_room,cont,True,
233,,gt,Room,Positive,good_room,rooms where really spacious and fresh and clean.,no_evident_not_clean_room,cont,True,
233,,gt,Food,Positive,good_food,Breakfast was amazing in a beautiful setting and the management are wonderful. a little far from local shop but have everything we need in the cafe.,amazing_breakfast,body,True,
233,,gt,Food,Positive,good_food,Breakfast was amazing in a beautiful setting and the management are wonderful. a little far from local shop but have everything we need in the cafe.,no_evident_not_amazing_breakfast,cont,True,
233,,gt,Location,Negative,bad_location,a little far from local shop but have everything we need in the cafe.,(no literals),,False,json_parse_error: Expecting value: line 1 column 1 (char 0)
234,,gt,Location,Positive,good_location,"great location for bars, restaurants and beach",(no literals),,False,json_parse_error: Expecting value: line 1 column 1 (char 0)
234,,gt,Price,Positive,good_price,at a very good rate for the excellent standard of accommodation,very_good_rate,body,True,
234,,gt,Price,Positive,good_price,at a very good rate for the excellent standard of accommodation,no_evident_not_very_good_rate,cont,True,
235,,gt,Location,Positive,good_location,Great location,(no literals),,False,json_parse_error: Expecting value: line 1 column 1 (char 0)
235,,gt,Staff,Positive,good_staff,"with very welcoming staff,",welcoming_staff,body,True,
235,,gt,Staff,Positive,good_staff,"with very welcoming staff,",no_evident_not_welcoming_staff,cont,True,
235,,gt,Room,Positive,good_room,and very clean,clean_room,body,True,
235,,gt,Room,Positive,good_room,and very clean,no_evident_not_clean_room,cont,True,
236,,gt,Facility,Positive,good_facility,Modern hotel with good facilities.,(no literals),,False,json_parse_error: Expecting value: line 1 column 1 (char 0)
236,,gt,Room,Positive,good_room,"Although small, the room was comfortable. However, the bathroom was a good size and well appointed.",(no literals),,False,json_parse_error: Expecting value: line 1 column 1 (char 0)
236,,gt,Food,Positive,good_food,Breakfast as an extra was good.,(no literals),,False,json_parse_error: Expecting value: line 1 column 1 (char 0)
236,,gt,Location,Positive,good_location,"The hotel is about 100m from the 425 bus route which runs to the airport, about 10 minutes away.",close_to_bus_route,body,True,
236,,gt,Location,Positive,good_location,"The hotel is about 100m from the 425 bus route which runs to the airport, about 10 minutes away.",connected_to_airport,body,True,
236,,gt,Location,Positive,good_location,"The hotel is about 100m from the 425 bus route which runs to the airport, about 10 minutes away.",10_minutes_away,body,True,
236,,gt,Location,Positive,good_location,"The hotel is about 100m from the 425 bus route which runs to the airport, about 10 minutes away.",no_evident_not_close_to_bus_route,cont,True,
236,,gt,Location,Positive,good_location,"The hotel is about 100m from the 425 bus route which runs to the airport, about 10 minutes away.",no_evident_not_connected_to_airport,cont,True,
236,,gt,Location,Positive,good_location,"The hotel is about 100m from the 425 bus route which runs to the airport, about 10 minutes away.",no_evident_not_10_minutes_away,cont,True,
237,,gt,Room,Positive,good_room,clean and comfortable,clean_room,body,True,
237,,gt,Room,Positive,good_room,clean and comfortable,comfortable_room,body,True,
237,,gt,Room,Positive,good_room,clean and comfortable,no_evident_not_clean_room,cont,True,
237,,gt,Room,Positive,good_room,clean and comfortable,no_evident_not_comfortable_room,cont,True,
238,,gt,Location,Positive,good_location,close to the airport,close_to_airport,body,True,
238,,gt,Location,Positive,good_location,close to the airport,no_evident_not_close_to_airport,cont,True,
238,,gt,Room,Negative,bad_room,"stingy smell from the bathroom
  quite small room",stingy_smell_room,body,True,
238,,gt,Room,Negative,bad_room,"stingy smell from the bathroom
  quite small room",small_room,body,True,
238,,gt,Room,Negative,bad_room,"stingy smell from the bathroom
  quite small room",have_evident_stingy_smell_room,cont,True,
238,,gt,Room,Negative,bad_room,"stingy smell from the bathroom
  quite small room",have_evident_small_room,cont,True,
239,,gt,Room,Positive,good_room,Light and airy and clean room.,(no literals),,False,json_parse_error: Expecting value: line 1 column 1 (char 0)
239,,gt,Location,Positive,good_location,Not far from the sea.,(no literals),,False,json_parse_error: Expecting value: line 1 column 1 (char 0)
239,,gt,Facility,Negative,bad_facility,There should be a safety strip on the step to each floor coming up the stairs. You are unaware of it and could possibly trip as I did.,(no literals),,False,json_parse_error: Expecting value: line 1 column 1 (char 0)
240,,gt,Staff,Positive,good_staff,Thank you so much for a very warm welcome and comfortable stay. The hotel manager was reachable at all times due to my flight times and further delays. I couldn't have asked for more informative and reassuring service. 5 star service!,(no literals),,False,json_parse_error: Expecting value: line 1 column 1 (char 0)
240,,gt,Room,Positive,good_room,Thank you so much for a very warm welcome and comfortable stay. Most importantly it is very clean!,(no literals),,False,json_parse_error: Expecting value: line 1 column 1 (char 0)
240,,gt,Location,Positive,good_location,The location is very nice of this hotel due to such close proximity to the beach and restaurants.,(no literals),,False,json_parse_error: Expecting value: line 1 column 1 (char 0)
241,,gt,Room,Positive,good_room,spacious room and minifridge; large bathroom; very clean and comfy bed and lovely little balcony;,spacious_room,body,True,
241,,gt,Room,Positive,good_room,spacious room and minifridge; large bathroom; very clean and comfy bed and lovely little balcony;,large_bathroom,body,True,
241,,gt,Room,Positive,good_room,spacious room and minifridge; large bathroom; very clean and comfy bed and lovely little balcony;,clean_room,body,True,
241,,gt,Room,Positive,good_room,spacious room and minifridge; large bathroom; very clean and comfy bed and lovely little balcony;,comfy_bed,body,True,
241,,gt,Room,Positive,good_room,spacious room and minifridge; large bathroom; very clean and comfy bed and lovely little balcony;,lovely_balcony,body,True,
241,,gt,Room,Positive,good_room,spacious room and minifridge; large bathroom; very clean and comfy bed and lovely little balcony;,minifridge,body,True,
241,,gt,Room,Positive,good_room,spacious room and minifridge; large bathroom; very clean and comfy bed and lovely little balcony;,no_evident_not_spacious_room,cont,True,
241,,gt,Room,Positive,good_room,spacious room and minifridge; large bathroom; very clean and comfy bed and lovely little balcony;,no_evident_not_large_bathroom,cont,True,
241,,gt,Room,Positive,good_room,spacious room and minifridge; large bathroom; very clean and comfy bed and lovely little balcony;,no_evident_not_clean_room,cont,True,
241,,gt,Room,Positive,good_room,spacious room and minifridge; large bathroom; very clean and comfy bed and lovely little balcony;,no_evident_not_comfy_bed,cont,True,
241,,gt,Room,Positive,good_room,spacious room and minifridge; large bathroom; very clean and comfy bed and lovely little balcony;,no_evident_not_lovely_balcony,cont,True,
241,,gt,Room,Positive,good_room,spacious room and minifridge; large bathroom; very clean and comfy bed and lovely little balcony;,no_evident_not_minifridge,cont,True,
241,,gt,Staff,Positive,good_staff,staff was very friendly and lend me an adaptor several times.,(no literals),,False,json_parse_error: Expecting value: line 1 column 1 (char 0)
241,,gt,Location,Positive,good_location,i didnt want to be in the center so for me the location was perfect! walking distance to airport and close to the more luxurious beach strip with delicious restaurants.,(no literals),,False,json_parse_error: Expecting value: line 1 column 1 (char 0)
241,,gt,Room,Negative,bad_room,"for the price that it was, it only had some random unlabeled shampoo dispenser attached to the shower wall. dont know if it was body or hair shampoo but it wasnt very nice at all,",(no literals),,False,json_parse_error: Expecting value: line 1 column 1 (char 0)
241,,gt,Price,Negative,bad_price,"for the price that it was, it only had some random unlabeled shampoo dispenser attached to the shower wall. dont know if it was body or hair shampoo but it wasnt very nice at all, and seemed a little cheap considering the hotel cost.",not_nice_for_price,body,True,
241,,gt,Price,Negative,bad_price,"for the price that it was, it only had some random unlabeled shampoo dispenser attached to the shower wall. dont know if it was body or hair shampoo but it wasnt very nice at all, and seemed a little cheap considering the hotel cost.",seemed_cheap_for_price,body,True,
241,,gt,Price,Negative,bad_price,"for the price that it was, it only had some random unlabeled shampoo dispenser attached to the shower wall. dont know if it was body or hair shampoo but it wasnt very nice at all, and seemed a little cheap considering the hotel cost.",have_evident_not_nice_for_price,cont,True,
241,,gt,Price,Negative,bad_price,"for the price that it was, it only had some random unlabeled shampoo dispenser attached to the shower wall. dont know if it was body or hair shampoo but it wasnt very nice at all, and seemed a little cheap considering the hotel cost.",have_evident_seemed_cheap_for_price,cont,True,
242,,gt,Room,Positive,good_room,"Very clean, comfortable and pleasant!",(no literals),,False,json_parse_error: Expecting value: line 1 column 1 (char 0)
242,,gt,Staff,Positive,good_staff,The staff were very accommodating and kind.,accommodating_staff,body,True,
242,,gt,Staff,Positive,good_staff,The staff were very accommodating and kind.,kind_staff,body,True,
242,,gt,Staff,Positive,good_staff,The staff were very accommodating and kind.,no_evident_not_accommodating_staff,cont,True,
242,,gt,Staff,Positive,good_staff,The staff were very accommodating and kind.,no_evident_not_kind_staff,cont,True,
243,,gt,Facility,Positive,good_facility,Very modern clean beautifully kept hotel,modern_facility,body,True,
243,,gt,Facility,Positive,good_facility,Very modern clean beautifully kept hotel,clean_facility,body,True,
243,,gt,Facility,Positive,good_facility,Very modern clean beautifully kept hotel,beautifully_kept_facility,body,True,
243,,gt,Facility,Positive,good_facility,Very modern clean beautifully kept hotel,no_evident_not_modern_facility,cont,True,
243,,gt,Facility,Positive,good_facility,Very modern clean beautifully kept hotel,no_evident_not_clean_facility,cont,True,
243,,gt,Facility,Positive,good_facility,Very modern clean beautifully kept hotel,no_evident_not_beautifully_kept_facility,cont,True,
243,,gt,Location,Positive,good_location,near beaches and restaurants,near_beaches,body,True,
243,,gt,Location,Positive,good_location,near beaches and restaurants,near_restaurants,body,True,
243,,gt,Location,Positive,good_location,near beaches and restaurants,no_evident_not_near_beaches,cont,True,
243,,gt,Location,Positive,good_location,near beaches and restaurants,no_evident_not_near_restaurants,cont,True,
245,,gt,Facility,Positive,good_facility,We booked this hotel last minute and we were extremely happy with the service.,(no literals),,False,json_parse_error: Expecting value: line 1 column 1 (char 0)
245,,gt,Staff,Positive,good_staff,"They have great staff, are very welcoming",great_staff,body,True,
245,,gt,Staff,Positive,good_staff,"They have great staff, are very welcoming",welcoming_staff,body,True,
245,,gt,Staff,Positive,good_staff,"They have great staff, are very welcoming",no_evident_not_great_staff,cont,True,
245,,gt,Staff,Positive,good_staff,"They have great staff, are very welcoming",no_evident_not_welcoming_staff,cont,True,
245,,gt,Food,Positive,good_food,and the restaurant at floor level is awesome - Richard is a great chef and his friendliness will make you want to extend your vacation for sure. We felt like we were part of their community and this is due to their opennes.,(no literals),,False,json_parse_error: Expecting value: line 1 column 1 (char 0)
245,,gt,Room,Positive,good_room,"The room was extremely clean and their room service makes sure to keep it this way,",clean_room,body,True,
245,,gt,Room,Positive,good_room,"The room was extremely clean and their room service makes sure to keep it this way,",no_evident_not_clean_room,cont,True,
246,,gt,Staff,Positive,good_staff,The owners were very friendly and helpful.,(no literals),,False,json_parse_error: Expecting value: line 1 column 1 (char 0)
246,,gt,Facility,Positive,good_facility,"The hotel is small, which we liked,",(no literals),,False,json_parse_error: Expecting value: line 1 column 1 (char 0)
246,,gt,Location,Positive,good_location,and is about 10 minutes from the airport.,(no literals),,False,json_parse_error: Expecting value: line 1 column 1 (char 0)
246,,gt,Room,Positive,good_room,"The rooms were a nice size, very clean, and modern. We had both a family room and a double room, and they were perfect for our quick stay.",(no literals),,False,json_parse_error: Expecting value: line 1 column 1 (char 0)
246,,gt,Location,Negative,bad_location,"The taxi driver had a hard time finding it to drop us off, as it’s amongst several apartment buildings on a small side street. That’s the only negative. The location is a bit hard to find. The taxi drivers GPS had trouble finding it, but eventually we did. It’s amongst several apartment buildings on a small side street.",(no literals),,False,json_parse_error: Expecting value: line 1 column 1 (char 0)
246,,gt,Food,Positive,good_food,"We also had dinner there, and the food was very good and the chef was very friendly.",good_food,body,True,
246,,gt,Food,Positive,good_food,"We also had dinner there, and the food was very good and the chef was very friendly.",no_evident_not_good_food,cont,True,
247,,gt,Room,Positive,good_room,cleanliness,clean_room,body,True,
247,,gt,Room,Positive,good_room,cleanliness,no_evident_not_clean_room,cont,True,
248,,gt,Staff,Positive,good_staff,"Staff super kind, professional, polite and helpful.",(no literals),,False,json_parse_error: Expecting value: line 1 column 1 (char 0)
248,,gt,Room,Positive,good_room,"Bed was soooooooo comfortable,",comfortable_room,body,True,
248,,gt,Room,Positive,good_room,"Bed was soooooooo comfortable,",no_evident_not_comfortable_room,cont,True,
248,,gt,Room,Negative,bad_room,"Lack of decent TV channels, only in the evening (past 9 pm) you can actually find something to watch. There are only ~10 channels, half in Greek and half in Russian, and maybe one or two in English (in the evenings)",(no literals),,False,json_parse_error: Expecting value: line 1 column 1 (char 0)
250,,gt,Location,Positive,good_location,The location allowed us to walk to the beach and restaurants.,walking_distance_to_beach,body,True,
250,,gt,Location,Positive,good_location,The location allowed us to walk to the beach and restaurants.,walking_distance_to_restaurants,body,True,
250,,gt,Location,Positive,good_location,The location allowed us to walk to the beach and restaurants.,no_evident_not_walking_distance_to_beach,cont,True,
250,,gt,Location,Positive,good_location,The location allowed us to walk to the beach and restaurants.,no_evident_not_walking_distance_to_restaurants,cont,True,
250,,gt,Staff,Positive,good_staff,"The family that runs the hotel was incredibly friendly and very, very nice.",(no literals),,False,json_parse_error: Expecting value: line 1 column 1 (char 0)
250,,gt,Room,Positive,good_room,"The rooms, lobby and restaurant were lovely; exceedlingly modern, and comfortable.",lovely_room,body,True,
250,,gt,Room,Positive,good_room,"The rooms, lobby and restaurant were lovely; exceedlingly modern, and comfortable.",modern_room,body,True,
250,,gt,Room,Positive,good_room,"The rooms, lobby and restaurant were lovely; exceedlingly modern, and comfortable.",comfortable_room,body,True,
250,,gt,Room,Positive,good_room,"The rooms, lobby and restaurant were lovely; exceedlingly modern, and comfortable.",no_evident_not_lovely_room,cont,True,
250,,gt,Room,Positive,good_room,"The rooms, lobby and restaurant were lovely; exceedlingly modern, and comfortable.",no_evident_not_modern_room,cont,True,
250,,gt,Room,Positive,good_room,"The rooms, lobby and restaurant were lovely; exceedlingly modern, and comfortable.",no_evident_not_comfortable_room,cont,True,
250,,gt,Food,Positive,good_food,"The rooms, lobby and restaurant were lovely; exceedlingly modern, and comfortable. We ate dinner at the hotel because we were so impressed with ""chef Richard"" and the food was fabulous.",fabulous_food,body,True,
250,,gt,Food,Positive,good_food,"The rooms, lobby and restaurant were lovely; exceedlingly modern, and comfortable. We ate dinner at the hotel because we were so impressed with ""chef Richard"" and the food was fabulous.",no_evident_not_fabulous_food,cont,True,
250,,gt,Facility,Positive,good_facility,"The rooms, lobby and restaurant were lovely; exceedlingly modern, and comfortable.",(no literals),,False,json_parse_error: Expecting value: line 1 column 1 (char 0)
251,,gt,Staff,Positive,good_staff,friendly staff,friendly_staff,body,True,
251,,gt,Staff,Positive,good_staff,friendly staff,no_evident_not_friendly_staff,cont,True,
252,,gt,Room,Positive,good_room,Exceptionally clean and brand new.,(no literals),,False,json_parse_error: Expecting value: line 1 column 1 (char 0)
252,,gt,Facility,Positive,good_facility,Exceptionally clean and brand new.,clean_facility,body,True,
252,,gt,Facility,Positive,good_facility,Exceptionally clean and brand new.,brand_new_facility,body,True,
252,,gt,Facility,Positive,good_facility,Exceptionally clean and brand new.,no_evident_not_clean_facility,cont,True,
252,,gt,Facility,Positive,good_facility,Exceptionally clean and brand new.,no_evident_not_brand_new_facility,cont,True,
252,,gt,Food,Positive,good_food,Breakfast was freshly made and delicious.,(no literals),,False,json_parse_error: Expecting value: line 1 column 1 (char 0)
252,,gt,Staff,Positive,good_staff,Everyone very friendly,friendly_staff,body,True,
252,,gt,Staff,Positive,good_staff,Everyone very friendly,no_evident_not_friendly_staff,cont,True,
253,,gt,Room,Positive,good_room,cleanliness and quietness,(no literals),,False,json_parse_error: Expecting value: line 1 column 1 (char 0)
253,,gt,Location,Positive,good_location,cleanliness and quietness,(no literals),,False,json_parse_error: Expecting value: line 1 column 1 (char 0)
254,,gt,Facility,Positive,good_facility,Wonderful modern family run small hotel.,wonderful_hotel,body,True,
254,,gt,Facility,Positive,good_facility,Wonderful modern family run small hotel.,modern_hotel,body,True,
254,,gt,Facility,Positive,good_facility,Wonderful modern family run small hotel.,family_run_hotel,body,True,
254,,gt,Facility,Positive,good_facility,Wonderful modern family run small hotel.,small_hotel,body,True,
254,,gt,Facility,Positive,good_facility,Wonderful modern family run small hotel.,no_evident_not_wonderful_hotel,cont,True,
254,,gt,Facility,Positive,good_facility,Wonderful modern family run small hotel.,no_evident_not_modern_hotel,cont,True,
254,,gt,Facility,Positive,good_facility,Wonderful modern family run small hotel.,no_evident_not_family_run_hotel,cont,True,
254,,gt,Facility,Positive,good_facility,Wonderful modern family run small hotel.,no_evident_not_small_hotel,cont,True,
254,,gt,Location,Positive,good_location,It’s very close to the airport which worked for us.,close_to_airport,body,True,
254,,gt,Location,Positive,good_location,It’s very close to the airport which worked for us.,no_evident_not_close_to_airport,cont,True,
254,,gt,Room,Positive,good_room,"The rooms are spotless, the shower fantastic. The pictures are very true to life.",(no literals),,False,json_parse_error: Expecting value: line 1 column 1 (char 0)
254,,gt,Staff,Positive,good_staff,The family were so helpful.,helpful_staff,body,True,
254,,gt,Staff,Positive,good_staff,The family were so helpful.,no_evident_not_helpful_staff,cont,True,
255,,gt,Facility,Positive,good_facility,"Very cozy, modern, clean hotel close to the airport.",(no literals),,False,json_parse_error: Expecting value: line 1 column 1 (char 0)
255,,gt,Location,Positive,good_location,"Very cozy, modern, clean hotel close to the airport. The location is super convenient, only few steps from the beach.",(no literals),,False,json_parse_error: Expecting value: line 1 column 1 (char 0)
255,,gt,Staff,Positive,good_staff,The staff is super friendly and attentive.,(no literals),,False,json_parse_error: Expecting value: line 1 column 1 (char 0)
255,,gt,Room,Positive,good_room,The room is spacious and new.,(no literals),,False,json_parse_error: Expecting value: line 1 column 1 (char 0)
256,,gt,Room,Positive,good_room,clean and modern,clean_room,body,True,
256,,gt,Room,Positive,good_room,clean and modern,modern_room,body,True,
256,,gt,Room,Positive,good_room,clean and modern,no_evident_not_clean_room,cont,True,
256,,gt,Room,Positive,good_room,clean and modern,no_evident_not_modern_room,cont,True,
257,,gt,Facility,Positive,good_facility,"Very modern, clean hotel",modern_facility,body,True,
257,,gt,Facility,Positive,good_facility,"Very modern, clean hotel",clean_facility,body,True,
257,,gt,Facility,Positive,good_facility,"Very modern, clean hotel",no_evident_not_modern_facility,cont,True,
257,,gt,Facility,Positive,good_facility,"Very modern, clean hotel",no_evident_not_clean_facility,cont,True,
257,,gt,Location,Positive,good_location,"Great location, quiet",(no literals),,False,json_parse_error: Expecting value: line 1 column 1 (char 0)
257,,gt,Staff,Positive,good_staff,Lovely staff,lovely_staff,body,True,
257,,gt,Staff,Positive,good_staff,Lovely staff,no_evident_not_lovely_staff,cont,True,
258,,gt,Facility,Positive,good_facility,"Great accommodation,",(no literals),,False,json_parse_error: Expecting value: line 1 column 1 (char 0)
258,,gt,Staff,Positive,good_staff,"wonderful staff,",wonderful_staff,body,True,
258,,gt,Staff,Positive,good_staff,"wonderful staff,",no_evident_not_wonderful_staff,cont,True,
258,,gt,Food,Positive,good_food,"delicious food, tranquility!",delicious_food,body,True,
258,,gt,Food,Positive,good_food,"delicious food, tranquility!",no_evident_not_delicious_food,cont,True,
259,,gt,Location,Positive,good_location,excellent location near airport then easy drive into larnaca.,excellent_location,body,True,
259,,gt,Location,Positive,good_location,excellent location near airport then easy drive into larnaca.,near_airport,body,True,
259,,gt,Location,Positive,good_location,excellent location near airport then easy drive into larnaca.,easy_drive_into_larnaca,body,True,
259,,gt,Location,Positive,good_location,excellent location near airport then easy drive into larnaca.,no_evident_not_excellent_location,cont,True,
259,,gt,Location,Positive,good_location,excellent location near airport then easy drive into larnaca.,no_evident_not_near_airport,cont,True,
259,,gt,Location,Positive,good_location,excellent location near airport then easy drive into larnaca.,no_evident_not_easy_drive_into_larnaca,cont,True,
259,,gt,Staff,Positive,good_staff,very friendly and helpful staff.,(no literals),,False,json_parse_error: Expecting value: line 1 column 1 (char 0)
259,,gt,Room,Negative,bad_room,only thing was the bathroom floor got wet from the shower and became very slippery. needs two foot towels rather than just one.,(no literals),,False,json_parse_error: Expecting value: line 1 column 1 (char 0)
260,,gt,Staff,Positive,good_staff,"Friendly staff,",friendly_staff,body,True,
260,,gt,Staff,Positive,good_staff,"Friendly staff,",no_evident_not_friendly_staff,cont,True,
260,,gt,Food,Positive,good_food,delicious breakfast.,delicious_breakfast,body,True,
260,,gt,Food,Positive,good_food,delicious breakfast.,no_evident_not_delicious_breakfast,cont,True,
260,,gt,Room,Positive,good_room,Very comfortable beds.,comfortable_room,body,True,
260,,gt,Room,Positive,good_room,Very comfortable beds.,no_evident_not_comfortable_room,cont,True,
260,,gt,Location,Positive,good_location,10 mins walk to Mackenzie Beach and 40 mins (3 km) walk to downtown on a nice promenade.,(no literals),,False,json_parse_error: Expecting value: line 1 column 1 (char 0)
261,,gt,Room,Positive,good_room,Everything was clean and cozy.,clean_room,body,True,
261,,gt,Room,Positive,good_room,Everything was clean and cozy.,cozy_room,body,True,
261,,gt,Room,Positive,good_room,Everything was clean and cozy.,no_evident_not_clean_room,cont,True,
261,,gt,Room,Positive,good_room,Everything was clean and cozy.,no_evident_not_cozy_room,cont,True,
261,,gt,Facility,Positive,good_facility,Everything was clean and cozy.,clean_facility,body,True,
261,,gt,Facility,Positive,good_facility,Everything was clean and cozy.,cozy_facility,body,True,
261,,gt,Facility,Positive,good_facility,Everything was clean and cozy.,no_evident_not_clean_facility,cont,True,
261,,gt,Facility,Positive,good_facility,Everything was clean and cozy.,no_evident_not_cozy_facility,cont,True,
262,,gt,Room,Positive,good_room,"Clean, We slept well in a comfy clean bed",clean_room,body,True,
262,,gt,Room,Positive,good_room,"Clean, We slept well in a comfy clean bed",comfy_room,body,True,
262,,gt,Room,Positive,good_room,"Clean, We slept well in a comfy clean bed",no_evident_not_clean_room,cont,True,
262,,gt,Room,Positive,good_room,"Clean, We slept well in a comfy clean bed",no_evident_not_comfy_room,cont,True,
262,,gt,Staff,Positive,good_staff,"great attentive staff, The staff could not be more helpful and showed us to a really nice room with a balcony over the front of the hotel, before they arranged a car for us to get back to the airport to collect our hire car.",(no literals),,False,json_parse_error: Expecting value: line 1 column 1 (char 0)
262,,gt,Location,Positive,good_location,The hotel was close to the airport - 6 minutes by taxi (€20) - and we arrived late.,(no literals),,False,json_parse_error: Expecting value: line 1 column 1 (char 0)
262,,gt,Food,Positive,good_food,and had a terrific breakfast on the terrace,(no literals),,False,json_parse_error: Expecting value: line 1 column 1 (char 0)
263,,gt,Room,Positive,good_room,room was big enough with comfy beds for family of four; liked having a small balcony for outdoor space.,big_enough_room,body,True,
263,,gt,Room,Positive,good_room,room was big enough with comfy beds for family of four; liked having a small balcony for outdoor space.,comfy_beds,body,True,
263,,gt,Room,Positive,good_room,room was big enough with comfy beds for family of four; liked having a small balcony for outdoor space.,small_balcony,body,True,
263,,gt,Room,Positive,good_room,room was big enough with comfy beds for family of four; liked having a small balcony for outdoor space.,no_evident_not_big_enough_room,cont,True,
263,,gt,Room,Positive,good_room,room was big enough with comfy beds for family of four; liked having a small balcony for outdoor space.,no_evident_not_comfy_beds,cont,True,
263,,gt,Room,Positive,good_room,room was big enough with comfy beds for family of four; liked having a small balcony for outdoor space.,no_evident_not_small_balcony,cont,True,
264,,gt,Staff,Positive,good_staff,Friendly staff.,friendly_staff,body,True,
264,,gt,Staff,Positive,good_staff,Friendly staff.,no_evident_not_friendly_staff,cont,True,
264,,gt,Room,Positive,good_room,clean and comfortable beds.,clean_room,body,True,
264,,gt,Room,Positive,good_room,clean and comfortable beds.,comfortable_room,body,True,
264,,gt,Room,Positive,good_room,clean and comfortable beds.,no_evident_not_clean_room,cont,True,
264,,gt,Room,Positive,good_room,clean and comfortable beds.,no_evident_not_comfortable_room,cont,True,
265,,gt,Staff,Positive,good_staff,Very warm welcome,(no literals),,False,json_parse_error: Expecting value: line 1 column 1 (char 0)
265,,gt,Room,Positive,good_room,and very clean and comfortable-,(no literals),,False,json_parse_error: Expecting value: line 1 column 1 (char 0)
265,,gt,Price,Positive,good_price,as good a hotel as I’ve stayed at for £50 a night.,(no literals),,False,json_parse_error: Expecting value: line 1 column 1 (char 0)
266,,gt,Room,Positive,good_room,it’s clean,clean_room,body,True,
266,,gt,Room,Positive,good_room,it’s clean,no_evident_not_clean_room,cont,True,
266,,gt,Staff,Positive,good_staff,and very nice crew,nice_staff,body,True,
266,,gt,Staff,Positive,good_staff,and very nice crew,no_evident_not_nice_staff,cont,True,
267,,gt,Staff,Positive,good_staff,Helpful staff arranged a taxi for us from the airport to the hotel.,helpful_staff,body,True,
267,,gt,Staff,Positive,good_staff,Helpful staff arranged a taxi for us from the airport to the hotel.,no_evident_not_helpful_staff,cont,True,
267,,gt,Facility,Positive,good_facility,The hotel was basic but clean and comfortable.,basic_facility,body,True,
267,,gt,Facility,Positive,good_facility,The hotel was basic but clean and comfortable.,clean_facility,body,True,
267,,gt,Facility,Positive,good_facility,The hotel was basic but clean and comfortable.,comfortable_facility,body,True,
267,,gt,Facility,Positive,good_facility,The hotel was basic but clean and comfortable.,no_evident_not_basic_facility,cont,True,
267,,gt,Facility,Positive,good_facility,The hotel was basic but clean and comfortable.,no_evident_not_clean_facility,cont,True,
267,,gt,Facility,Positive,good_facility,The hotel was basic but clean and comfortable.,no_evident_not_comfortable_facility,cont,True,
268,,gt,Facility,Positive,good_facility,La Veranda has been recently refurbished,(no literals),,False,json_parse_error: Expecting value: line 1 column 1 (char 0)
268,,gt,Room,Positive,good_room,"and the rooms and bathroom, were both modern and comfortable, balcony with sea view.",(no literals),,False,json_parse_error: Expecting value: line 1 column 1 (char 0)
268,,gt,Location,Positive,good_location,Easy walk to Mackenzie Beach and short journey from airport.,(no literals),,False,json_parse_error: Expecting value: line 1 column 1 (char 0)
268,,gt,Food,Positive,good_food,"Good breakfast available if required,",good_breakfast,body,True,
268,,gt,Food,Positive,good_food,"Good breakfast available if required,",available_breakfast,body,True,
268,,gt,Food,Positive,good_food,"Good breakfast available if required,",no_evident_not_good_breakfast,cont,True,
268,,gt,Food,Positive,good_food,"Good breakfast available if required,",no_evident_not_available_breakfast,cont,True,
268,,gt,Staff,Positive,good_staff,staff extremely helpful and friendly.,(no literals),,False,json_parse_error: Expecting value: line 1 column 1 (char 0)
269,,gt,Room,Positive,good_room,"clean,",clean_room,body,True,
269,,gt,Room,Positive,good_room,"clean,",no_evident_not_clean_room,cont,True,
269,,gt,Staff,Positive,good_staff,"super friendly,",super_friendly_staff,body,True,
269,,gt,Staff,Positive,good_staff,"super friendly,",no_evident_not_super_friendly_staff,cont,True,
270,,gt,Facility,Positive,good_facility,It was easy at the time to park car outside.,easy_to_park_car,body,True,
270,,gt,Facility,Positive,good_facility,It was easy at the time to park car outside.,no_evident_not_easy_to_park_car,cont,True,
270,,gt,Room,Positive,good_room,"Clean rooms,",clean_rooms,body,True,
270,,gt,Room,Positive,good_room,"Clean rooms,",no_evident_not_clean_rooms,cont,True,
270,,gt,Staff,Positive,good_staff,helpful staff.,helpful_staff,body,True,
270,,gt,Staff,Positive,good_staff,helpful staff.,no_evident_not_helpful_staff,cont,True,
271,,gt,Location,Positive,good_location,Location very convenient. Near the beach and the Restaurants. Public Bus station at 30 meters from the hotel. Also very close to the airport.,(no literals),,False,json_parse_error: Expecting value: line 1 column 1 (char 0)
272,,gt,Facility,Positive,good_facility,La Veranda Hotel is very comfortable and clean.,comfortable_facility,body,True,
272,,gt,Facility,Positive,good_facility,La Veranda Hotel is very comfortable and clean.,clean_facility,body,True,
272,,gt,Facility,Positive,good_facility,La Veranda Hotel is very comfortable and clean.,no_evident_not_comfortable_facility,cont,True,
272,,gt,Facility,Positive,good_facility,La Veranda Hotel is very comfortable and clean.,no_evident_not_clean_facility,cont,True,
272,,gt,Staff,Positive,good_staff,The staff is very nice,nice_staff,body,True,
272,,gt,Staff,Positive,good_staff,The staff is very nice,no_evident_not_nice_staff,cont,True,
272,,gt,Food,Positive,good_food,The Breakfast is so delicious,delicious_breakfast,body,True,
272,,gt,Food,Positive,good_food,The Breakfast is so delicious,no_evident_not_delicious_breakfast,cont,True,
272,,gt,Location,Positive,good_location,Great location !! Near Mackenzie beach and very close to the center.,near_mackenzie_beach,body,True,
272,,gt,Location,Positive,good_location,Great location !! Near Mackenzie beach and very close to the center.,close_to_the_center,body,True,
272,,gt,Location,Positive,good_location,Great location !! Near Mackenzie beach and very close to the center.,no_evident_not_near_mackenzie_beach,cont,True,
272,,gt,Location,Positive,good_location,Great location !! Near Mackenzie beach and very close to the center.,no_evident_not_close_to_the_center,cont,True,
274,,gt,Staff,Positive,good_staff,"Every staff member I encountered, from the valet to the check- in to the cleaning staff were delightful and eager to help!",(no literals),,False,json_parse_error: Expecting value: line 1 column 1 (char 0)
275,,gt,Room,Positive,good_room,"The rooms were clean, very comfortable,",clean_room,body,True,
275,,gt,Room,Positive,good_room,"The rooms were clean, very comfortable,",comfortable_room,body,True,
275,,gt,Room,Positive,good_room,"The rooms were clean, very comfortable,",no_evident_not_clean_room,cont,True,
275,,gt,Room,Positive,good_room,"The rooms were clean, very comfortable,",no_evident_not_comfortable_room,cont,True,
275,,gt,Staff,Positive,good_staff,and the staff was amazing. They went over and beyond to help make my stay enjoyable.,amazing_staff,body,True,
275,,gt,Staff,Positive,good_staff,and the staff was amazing. They went over and beyond to help make my stay enjoyable.,went_over_and_beyond_staff,body,True,
275,,gt,Staff,Positive,good_staff,and the staff was amazing. They went over and beyond to help make my stay enjoyable.,no_evident_not_amazing_staff,cont,True,
275,,gt,Staff,Positive,good_staff,and the staff was amazing. They went over and beyond to help make my stay enjoyable.,no_evident_not_went_over_and_beyond_staff,cont,True,
276,,gt,Staff,Positive,good_staff,"friendly staff who allow you to check in the early hours of morning ,",(no literals),,False,json_parse_error: Expecting value: line 1 column 1 (char 0)
276,,gt,Check-in,Positive,good_check_in,"friendly staff who allow you to check in the early hours of morning ,",(no literals),,False,json_parse_error: Expecting value: line 1 column 1 (char 0)
276,,gt,Location,Positive,good_location,45 min walk to airport,(no literals),,False,json_parse_error: Expecting value: line 1 column 1 (char 0)
276,,gt,Room,Negative,bad_room,locks on windows didn’t seem secure,(no literals),,False,json_parse_error: Expecting value: line 1 column 1 (char 0)
277,,gt,Staff,Positive,good_staff,"The staff is always very helpful, exceptional!",(no literals),,False,json_parse_error: Expecting value: line 1 column 1 (char 0)
277,,gt,Room,Negative,bad_room,"Wanted to have in the shower shampoo, body soap and hair conditioner. The staff explained that the dispancer in the shower holds 3 in 1. Really?!",(no literals),,False,json_parse_error: Expecting value: line 1 column 1 (char 0)
278,,gt,Staff,Positive,good_staff,"The staff were wonderful, so friendly and welcoming",(no literals),,False,json_parse_error: Expecting value: line 1 column 1 (char 0)
278,,gt,Food,Positive,good_food,and the food was superb.,superb_food,body,True,
278,,gt,Food,Positive,good_food,and the food was superb.,no_evident_not_superb_food,cont,True,
278,,gt,Facility,Positive,good_facility,The hotel was clean,clean_hotel,body,True,
278,,gt,Facility,Positive,good_facility,The hotel was clean,no_evident_not_clean_hotel,cont,True,
278,,gt,Location,Positive,good_location,and easy for the airport.,(no literals),,False,json_parse_error: Expecting value: line 1 column 1 (char 0)
279,,gt,Facility,Positive,good_facility,The hotel is in a residential neighborhood of apartments and is modern.,(no literals),,False,json_parse_error: Expecting value: line 1 column 1 (char 0)
279,,gt,Room,Positive,good_room,The bed linens were wonderful and the mattress was neither too hard or soft.,(no literals),,False,json_parse_error: Expecting value: line 1 column 1 (char 0)
279,,gt,Food,Negative,bad_food,Breakfast is not included in the hotel cost. (no menu - you get whatever is served).,(no literals),,False,json_parse_error: Expecting value: line 1 column 1 (char 0)
279,,gt,Food,Positive,good_food,"However, there is small restaurant within the hotel lobby that charged $10 euros for a very nice hot breakfast",(no literals),,False,json_parse_error: Expecting value: line 1 column 1 (char 0)
279,,gt,Location,Positive,good_location,The hotel is in a residential neighborhood of apartments and is modern. The hotel is approx 10 minute drive from the airport and 20 minute drive from the historical area.,residential_neighborhood,body,True,
279,,gt,Location,Positive,good_location,The hotel is in a residential neighborhood of apartments and is modern. The hotel is approx 10 minute drive from the airport and 20 minute drive from the historical area.,10_minute_drive_from_airport,body,True,
279,,gt,Location,Positive,good_location,The hotel is in a residential neighborhood of apartments and is modern. The hotel is approx 10 minute drive from the airport and 20 minute drive from the historical area.,20_minute_drive_from_historical_area,body,True,
279,,gt,Location,Positive,good_location,The hotel is in a residential neighborhood of apartments and is modern. The hotel is approx 10 minute drive from the airport and 20 minute drive from the historical area.,no_evident_not_residential_neighborhood,cont,True,
279,,gt,Location,Positive,good_location,The hotel is in a residential neighborhood of apartments and is modern. The hotel is approx 10 minute drive from the airport and 20 minute drive from the historical area.,no_evident_not_10_minute_drive_from_airport,cont,True,
279,,gt,Location,Positive,good_location,The hotel is in a residential neighborhood of apartments and is modern. The hotel is approx 10 minute drive from the airport and 20 minute drive from the historical area.,no_evident_not_20_minute_drive_from_historical_area,cont,True,
280,,gt,Room,Positive,good_room,"Very smart, modern rooms and everything you need. Family feel and very friendly. Having a family suite was a big bonus and lots of space.",(no literals),,False,json_parse_error: Expecting value: line 1 column 1 (char 0)
280,,gt,Location,Negative,bad_location,Immediate location wasn’t inspiring but lovely restaurants very close in the sea front and handy for Limassol and airport.,immediate_location_wasnt_inspiring,body,True,
280,,gt,Location,Negative,bad_location,Immediate location wasn’t inspiring but lovely restaurants very close in the sea front and handy for Limassol and airport.,close_to_sea_front,body,True,
280,,gt,Location,Negative,bad_location,Immediate location wasn’t inspiring but lovely restaurants very close in the sea front and handy for Limassol and airport.,handy_for_Limassol,body,True,
280,,gt,Location,Negative,bad_location,Immediate location wasn’t inspiring but lovely restaurants very close in the sea front and handy for Limassol and airport.,handy_for_airport,body,True,
280,,gt,Location,Negative,bad_location,Immediate location wasn’t inspiring but lovely restaurants very close in the sea front and handy for Limassol and airport.,have_evident_immediate_location_wasnt_inspiring,cont,True,
280,,gt,Location,Negative,bad_location,Immediate location wasn’t inspiring but lovely restaurants very close in the sea front and handy for Limassol and airport.,have_evident_close_to_sea_front,cont,True,
280,,gt,Location,Negative,bad_location,Immediate location wasn’t inspiring but lovely restaurants very close in the sea front and handy for Limassol and airport.,have_evident_handy_for_Limassol,cont,True,
280,,gt,Location,Negative,bad_location,Immediate location wasn’t inspiring but lovely restaurants very close in the sea front and handy for Limassol and airport.,have_evident_handy_for_airport,cont,True,
280,,gt,Location,Positive,good_location,Immediate location wasn’t inspiring but lovely restaurants very close in the sea front and handy for Limassol and airport.,(no literals),,False,json_parse_error: Expecting value: line 1 column 1 (char 0)
281,,gt,Location,Positive,good_location,This hotel is in a great location for the airport and restaurants.,(no literals),,False,json_parse_error: Expecting value: line 1 column 1 (char 0)
281,,gt,Staff,Positive,good_staff,"The owner and staff are so welcoming and helpful. Taking time to print off flight documentation, booking taxis and even when my flight was cancelled, I was able to keep my room for longer without a problem.",(no literals),,False,json_parse_error: Expecting value: line 1 column 1 (char 0)
282,,gt,Facility,Positive,good_facility,"Very nice hotel,",nice_hotel,body,True,
282,,gt,Facility,Positive,good_facility,"Very nice hotel,",no_evident_not_nice_hotel,cont,True,
282,,gt,Location,Positive,good_location,"close to the beach, but situated in a quiet place",close_to_beach_location,body,True,
282,,gt,Location,Positive,good_location,"close to the beach, but situated in a quiet place",quiet_place_location,body,True,
282,,gt,Location,Positive,good_location,"close to the beach, but situated in a quiet place",no_evident_not_close_to_beach_location,cont,True,
282,,gt,Location,Positive,good_location,"close to the beach, but situated in a quiet place",no_evident_not_quiet_place_location,cont,True,
282,,gt,Staff,Positive,good_staff,"Helpful, friendly staff.",helpful_staff,body,True,
282,,gt,Staff,Positive,good_staff,"Helpful, friendly staff.",friendly_staff,body,True,
282,,gt,Staff,Positive,good_staff,"Helpful, friendly staff.",no_evident_not_helpful_staff,cont,True,
282,,gt,Staff,Positive,good_staff,"Helpful, friendly staff.",no_evident_not_friendly_staff,cont,True,
282,,gt,Food,Positive,good_food,Tasty breakfast.,tasty_food,body,True,
282,,gt,Food,Positive,good_food,Tasty breakfast.,no_evident_not_tasty_food,cont,True,
283,,gt,Facility,Positive,good_facility,Everything was very clean and modern,clean_facility,body,True,
283,,gt,Facility,Positive,good_facility,Everything was very clean and modern,modern_facility,body,True,
283,,gt,Facility,Positive,good_facility,Everything was very clean and modern,no_evident_not_clean_facility,cont,True,
283,,gt,Facility,Positive,good_facility,Everything was very clean and modern,no_evident_not_modern_facility,cont,True,
283,,gt,Room,Positive,good_room,Everything was very clean and modern,clean_room,body,True,
283,,gt,Room,Positive,good_room,Everything was very clean and modern,modern_room,body,True,
283,,gt,Room,Positive,good_room,Everything was very clean and modern,no_evident_not_clean_room,cont,True,
283,,gt,Room,Positive,good_room,Everything was very clean and modern,no_evident_not_modern_room,cont,True,
283,,gt,Staff,Positive,good_staff,staff was very friendly. They also were very responsive to any pre-arrival questions,(no literals),,False,json_parse_error: Expecting value: line 1 column 1 (char 0)
283,,gt,Check-in,Positive,good_check_in,"I arrived late at night and it was not a problem,",(no literals),,False,json_parse_error: Expecting value: line 1 column 1 (char 0)
284,,gt,Facility,Positive,good_facility,"La Veranda was very clean, and was flexible with our schedule.",(no literals),,False,json_parse_error: Expecting value: line 1 column 1 (char 0)
284,,gt,Room,Positive,good_room,"provided everything needed (even a bottle of water in the room!),",(no literals),,False,json_parse_error: Expecting value: line 1 column 1 (char 0)
284,,gt,Staff,Positive,good_staff,The staff was excellent.,excellent_staff,body,True,
284,,gt,Staff,Positive,good_staff,The staff was excellent.,no_evident_not_excellent_staff,cont,True,
284,,gt,Location,Positive,good_location,"There are a series of delicious and fun restaurants on the beach quite close to the hotel, which the staff of the hotel kindly told us about.",close_to_beach,body,True,
284,,gt,Location,Positive,good_location,"There are a series of delicious and fun restaurants on the beach quite close to the hotel, which the staff of the hotel kindly told us about.",has_restaurants_on_beach,body,True,
284,,gt,Location,Positive,good_location,"There are a series of delicious and fun restaurants on the beach quite close to the hotel, which the staff of the hotel kindly told us about.",no_evident_not_close_to_beach,cont,True,
284,,gt,Location,Positive,good_location,"There are a series of delicious and fun restaurants on the beach quite close to the hotel, which the staff of the hotel kindly told us about.",no_evident_not_has_restaurants_on_beach,cont,True,
284,,gt,Room,Negative,bad_room,The view from the rooms,(no literals),,False,json_parse_error: Expecting value: line 1 column 1 (char 0)
285,,gt,Facility,Positive,good_facility,Clean and nice place,clean_facility,body,True,
285,,gt,Facility,Positive,good_facility,Clean and nice place,nice_facility,body,True,
285,,gt,Facility,Positive,good_facility,Clean and nice place,no_evident_not_clean_facility,cont,True,
285,,gt,Facility,Positive,good_facility,Clean and nice place,no_evident_not_nice_facility,cont,True,
285,,gt,Room,Negative,bad_room,It takes too long hot water to reach tap/shower in the room,(no literals),,False,json_parse_error: Expecting value: line 1 column 1 (char 0)
286,,gt,Location,Positive,good_location,Very convenient location for arriving at the airport.,convenient_location,body,True,
286,,gt,Location,Positive,good_location,Very convenient location for arriving at the airport.,for_arriving_at_airport,body,True,
286,,gt,Location,Positive,good_location,Very convenient location for arriving at the airport.,no_evident_not_convenient_location,cont,True,
286,,gt,Location,Positive,good_location,Very convenient location for arriving at the airport.,no_evident_not_for_arriving_at_airport,cont,True,
287,,gt,Room,Positive,good_room,"Very clean, nice bed and linen.",(no literals),,False,json_parse_error: Expecting value: line 1 column 1 (char 0)
287,,gt,Price,Positive,good_price,Good value.,good_value,body,True,
287,,gt,Price,Positive,good_price,Good value.,no_evident_not_good_value,cont,True,
287,,gt,Facility,Positive,good_facility,Allowed to take dog was the reason for booking.,(no literals),,False,json_parse_error: Expecting value: line 1 column 1 (char 0)
287,,gt,Room,Negative,bad_room,Some smell from bathroom/water.,(no literals),,False,json_parse_error: Expecting value: line 1 column 1 (char 0)
288,,gt,Facility,Positive,good_facility,Boutique hotel,boutique_hotel,body,True,
288,,gt,Facility,Positive,good_facility,Boutique hotel,no_evident_not_boutique_hotel,cont,True,
288,,gt,Location,Positive,good_location,"Boutique hotel in the quiet area, Only few kilometers from the airport but quite distant from the city center. On the other hand - close to salt lake to have opportunity to watch flamings.",(no literals),,False,json_parse_error: Expecting value: line 1 column 1 (char 0)
288,,gt,Location,Negative,bad_location,but quite distant from the city center.,distant_from_city_center,body,True,
288,,gt,Location,Negative,bad_location,but quite distant from the city center.,have_evident_distant_from_city_center,cont,True,
288,,gt,Staff,Positive,good_staff,Staff was friendly and helpful,(no literals),,False,json_parse_error: Expecting value: line 1 column 1 (char 0)
288,,gt,Food,Positive,good_food,"Good, tasty breakfest.",good_breakfast,body,True,
288,,gt,Food,Positive,good_food,"Good, tasty breakfest.",tasty_breakfast,body,True,
288,,gt,Food,Positive,good_food,"Good, tasty breakfest.",no_evident_not_good_breakfast,cont,True,
288,,gt,Food,Positive,good_food,"Good, tasty breakfest.",no_evident_not_tasty_breakfast,cont,True,
289,,gt,Facility,Positive,good_facility,A nice and clean boutique hotel.,nice_facility,body,True,
289,,gt,Facility,Positive,good_facility,A nice and clean boutique hotel.,clean_facility,body,True,
289,,gt,Facility,Positive,good_facility,A nice and clean boutique hotel.,no_evident_not_nice_facility,cont,True,
289,,gt,Facility,Positive,good_facility,A nice and clean boutique hotel.,no_evident_not_clean_facility,cont,True,
289,,gt,Location,Positive,good_location,Close to airport and Makenzie beach area. Taxi fare to airport around 15-18 euro.,(no literals),,False,json_parse_error: Expecting value: line 1 column 1 (char 0)
289,,gt,Room,Negative,bad_room,The room does not maintain well noise insulation. but this is typical in the area,(no literals),,False,json_parse_error: Expecting value: line 1 column 1 (char 0)
290,,gt,Staff,Positive,good_staff,"Staff were happy to go above and beyond to help me with Covid restrictions for the airport, which was very close by.",(no literals),,False,json_parse_error: Expecting value: line 1 column 1 (char 0)
290,,gt,Food,Positive,good_food,The breakfast was good.,good_breakfast,body,True,
290,,gt,Food,Positive,good_food,The breakfast was good.,no_evident_not_good_breakfast,cont,True,
290,,gt,Room,Positive,good_room,"The room and location were excellent value for money- I was also upgraded a room free of charge, Lovely balcony view of the ocean.",(no literals),,False,json_parse_error: Expecting value: line 1 column 1 (char 0)
290,,gt,Location,Positive,good_location,The room and location were excellent value for money,(no literals),,False,json_parse_error: Expecting value: line 1 column 1 (char 0)
290,,gt,Price,Positive,good_price,"The room and location were excellent value for money- I was also upgraded a room free of charge, Lovely balcony view of the ocean.",(no literals),,False,json_parse_error: Expecting value: line 1 column 1 (char 0)
291,,gt,Staff,Positive,good_staff,Friendly staff,friendly_staff,body,True,
291,,gt,Staff,Positive,good_staff,Friendly staff,no_evident_not_friendly_staff,cont,True,
291,,gt,Room,Positive,good_room,Very clean and cozy,clean_room,body,True,
291,,gt,Room,Positive,good_room,Very clean and cozy,cozy_room,body,True,
291,,gt,Room,Positive,good_room,Very clean and cozy,no_evident_not_clean_room,cont,True,
291,,gt,Room,Positive,good_room,Very clean and cozy,no_evident_not_cozy_room,cont,True,
291,,gt,Location,Positive,good_location,Close to the airport,close_to_airport,body,True,
291,,gt,Location,Positive,good_location,Close to the airport,no_evident_not_close_to_airport,cont,True,
292,,gt,Location,Positive,good_location,"Good location for airport , only 8 minutes by car",good_location,body,True,
292,,gt,Location,Positive,good_location,"Good location for airport , only 8 minutes by car",close_to_airport,body,True,
292,,gt,Location,Positive,good_location,"Good location for airport , only 8 minutes by car",no_evident_not_good_location,cont,True,
292,,gt,Location,Positive,good_location,"Good location for airport , only 8 minutes by car",no_evident_not_close_to_airport,cont,True,
292,,gt,Room,Negative,bad_room,The Smart television did not work,(no literals),,False,json_parse_error: Expecting value: line 1 column 1 (char 0)
293,,gt,Staff,Positive,good_staff,helpful and friendly staff.,helpful_staff,body,True,
293,,gt,Staff,Positive,good_staff,helpful and friendly staff.,friendly_staff,body,True,
293,,gt,Staff,Positive,good_staff,helpful and friendly staff.,no_evident_not_helpful_staff,cont,True,
293,,gt,Staff,Positive,good_staff,helpful and friendly staff.,no_evident_not_friendly_staff,cont,True,
294,,gt,Room,Positive,good_room,clean basic,clean_room,body,True,
294,,gt,Room,Positive,good_room,clean basic,basic_room,body,True,
294,,gt,Room,Positive,good_room,clean basic,no_evident_not_clean_room,cont,True,
294,,gt,Room,Positive,good_room,clean basic,no_evident_not_basic_room,cont,True,
295,,gt,Facility,Positive,good_facility,"everything was just great, the new and well furnished hotel with comfortable rooms;, the atmosphere there makes you feel like home,",new_hotel,body,True,
295,,gt,Facility,Positive,good_facility,"everything was just great, the new and well furnished hotel with comfortable rooms;, the atmosphere there makes you feel like home,",well_furnished_hotel,body,True,
295,,gt,Facility,Positive,good_facility,"everything was just great, the new and well furnished hotel with comfortable rooms;, the atmosphere there makes you feel like home,",comfortable_hotel,body,True,
295,,gt,Facility,Positive,good_facility,"everything was just great, the new and well furnished hotel with comfortable rooms;, the atmosphere there makes you feel like home,",no_evident_not_new_hotel,cont,True,
295,,gt,Facility,Positive,good_facility,"everything was just great, the new and well furnished hotel with comfortable rooms;, the atmosphere there makes you feel like home,",no_evident_not_well_furnished_hotel,cont,True,
295,,gt,Facility,Positive,good_facility,"everything was just great, the new and well furnished hotel with comfortable rooms;, the atmosphere there makes you feel like home,",no_evident_not_comfortable_hotel,cont,True,
295,,gt,Location,Positive,good_location,"the location is good, only 20 minutes away from the centre but located in a quiet area;",good_location,body,True,
295,,gt,Location,Positive,good_location,"the location is good, only 20 minutes away from the centre but located in a quiet area;",20_minutes_away_from_centre,body,True,
295,,gt,Location,Positive,good_location,"the location is good, only 20 minutes away from the centre but located in a quiet area;",quiet_area,body,True,
295,,gt,Location,Positive,good_location,"the location is good, only 20 minutes away from the centre but located in a quiet area;",no_evident_not_good_location,cont,True,
295,,gt,Location,Positive,good_location,"the location is good, only 20 minutes away from the centre but located in a quiet area;",no_evident_not_20_minutes_away_from_centre,cont,True,
295,,gt,Location,Positive,good_location,"the location is good, only 20 minutes away from the centre but located in a quiet area;",no_evident_not_quiet_area,cont,True,
295,,gt,Room,Positive,good_room,"the new and well furnished hotel with comfortable rooms, room was cleaned every day; wifi is strong all the time;",(no literals),,False,json_parse_error: Expecting value: line 1 column 1 (char 0)
295,,gt,Staff,Positive,good_staff,"the staff is polite and helpful;, the hosts are very kind and smiling people;",(no literals),,False,json_parse_error: Expecting value: line 1 column 1 (char 0)
295,,gt,Food,Positive,good_food,"the Garnish restaurant downstairs is a very warm and cosy place with tasty breakfasts every morning. Mr. Richard and Sendi are awesome, it’s such a pleasure to start a day with their smiles.",tasty_breakfasts,body,True,
295,,gt,Food,Positive,good_food,"the Garnish restaurant downstairs is a very warm and cosy place with tasty breakfasts every morning. Mr. Richard and Sendi are awesome, it’s such a pleasure to start a day with their smiles.",no_evident_not_tasty_breakfasts,cont,True,
295,,gt,Price,Positive,good_price,Worth every Euro you spend.,worth_every_euro,body,True,
295,,gt,Price,Positive,good_price,Worth every Euro you spend.,no_evident_not_worth_every_euro,cont,True,
296,,gt,Room,Negative,bad_room,TV CHANNELS TO BE FIXED :),tv_channels_to_be_fixed_room,body,True,
296,,gt,Room,Negative,bad_room,TV CHANNELS TO BE FIXED :),have_evident_tv_channels_to_be_fixed_room,cont,True,
297,,gt,Facility,Positive,good_facility,recently refurbished and very clean!,recently_refurbished_facility,body,True,
297,,gt,Facility,Positive,good_facility,recently refurbished and very clean!,clean_facility,body,True,
297,,gt,Facility,Positive,good_facility,recently refurbished and very clean!,no_evident_not_recently_refurbished_facility,cont,True,
297,,gt,Facility,Positive,good_facility,recently refurbished and very clean!,no_evident_not_clean_facility,cont,True,
297,,gt,Room,Positive,good_room,recently refurbished and very clean!,(no literals),,False,json_parse_error: Expecting value: line 1 column 1 (char 0)
298,,gt,Location,Positive,good_location,location is good you can take bus 425 from the airport to somewhere close enough to the hotel.,good_location,body,True,
298,,gt,Location,Positive,good_location,location is good you can take bus 425 from the airport to somewhere close enough to the hotel.,close_to_hotel,body,True,
298,,gt,Location,Positive,good_location,location is good you can take bus 425 from the airport to somewhere close enough to the hotel.,accessible_from_airport,body,True,
298,,gt,Location,Positive,good_location,location is good you can take bus 425 from the airport to somewhere close enough to the hotel.,no_evident_not_good_location,cont,True,
298,,gt,Location,Positive,good_location,location is good you can take bus 425 from the airport to somewhere close enough to the hotel.,no_evident_not_close_to_hotel,cont,True,
298,,gt,Location,Positive,good_location,location is good you can take bus 425 from the airport to somewhere close enough to the hotel.,no_evident_not_accessible_from_airport,cont,True,
298,,gt,Staff,Positive,good_staff,stuff were super nice!,(no literals),,False,json_parse_error: Expecting value: line 1 column 1 (char 0)
298,,gt,Room,Positive,good_room,"room is spacious and clean, bed is comfy too.",(no literals),,False,json_parse_error: Expecting value: line 1 column 1 (char 0)
299,,gt,Staff,Positive,good_staff,"The staff was very welcoming and friendly,",(no literals),,False,json_parse_error: Expecting value: line 1 column 1 (char 0)
299,,gt,Room,Positive,good_room,"the room is just as in the pictures; newly renovated, fully functional and most importantly comfortable and clean.",(no literals),,False,json_parse_error: Expecting value: line 1 column 1 (char 0)
299,,gt,Location,Positive,good_location,"The hotel's location is convenient. Very easy to catch public transportations, many café around and close to the center.",(no literals),,False,json_parse_error: Expecting value: line 1 column 1 (char 0)
300,,gt,Staff,Positive,good_staff,"The staff was so helpful, friendly and welcoming. My one night stay felt like home!",(no literals),,False,json_parse_error: Expecting value: line 1 column 1 (char 0)
300,,gt,Location,Positive,good_location,"Great location very close to the airport, 1 minute walk to the bus station, beach and restaurants.",(no literals),,False,json_parse_error: Expecting value: line 1 column 1 (char 0)
300,,gt,Room,Positive,good_room,"The room was very clean and spacious. The mini bar was rich and very well priced,",clean_room,body,True,
300,,gt,Room,Positive,good_room,"The room was very clean and spacious. The mini bar was rich and very well priced,",spacious_room,body,True,
300,,gt,Room,Positive,good_room,"The room was very clean and spacious. The mini bar was rich and very well priced,",rich_mini_bar,body,True,
300,,gt,Room,Positive,good_room,"The room was very clean and spacious. The mini bar was rich and very well priced,",well_priced_mini_bar,body,True,
300,,gt,Room,Positive,good_room,"The room was very clean and spacious. The mini bar was rich and very well priced,",no_evident_not_clean_room,cont,True,
300,,gt,Room,Positive,good_room,"The room was very clean and spacious. The mini bar was rich and very well priced,",no_evident_not_spacious_room,cont,True,
300,,gt,Room,Positive,good_room,"The room was very clean and spacious. The mini bar was rich and very well priced,",no_evident_not_rich_mini_bar,cont,True,
300,,gt,Room,Positive,good_room,"The room was very clean and spacious. The mini bar was rich and very well priced,",no_evident_not_well_priced_mini_bar,cont,True,
300,,gt,Food,Positive,good_food,even breakfast was presentable and tasty!,(no literals),,False,json_parse_error: Expecting value: line 1 column 1 (char 0)
300,,gt,Facility,Negative,bad_facility,It was cold for a swim:),cold_facility,body,True,
300,,gt,Facility,Negative,bad_facility,It was cold for a swim:),have_evident_cold_facility,cont,True,
301,,gt,Facility,Positive,good_facility,"Christmas vibes, nice ambiance.",christmas_vibes,body,True,
301,,gt,Facility,Positive,good_facility,"Christmas vibes, nice ambiance.",nice_ambiance,body,True,
301,,gt,Facility,Positive,good_facility,"Christmas vibes, nice ambiance.",no_evident_not_christmas_vibes,cont,True,
301,,gt,Facility,Positive,good_facility,"Christmas vibes, nice ambiance.",no_evident_not_nice_ambiance,cont,True,
301,,gt,Staff,Positive,good_staff,Staff make you feel at home.,(no literals),,False,json_parse_error: Expecting value: line 1 column 1 (char 0)
301,,gt,Location,Positive,good_location,Quiet area.,quiet_area,body,True,
301,,gt,Location,Positive,good_location,Quiet area.,no_evident_not_quiet_area,cont,True,
302,,gt,Room,Positive,good_room,It was very clean.,(no literals),,False,json_parse_error: Expecting value: line 1 column 1 (char 0)
303,,gt,Staff,Positive,good_staff,"Very welcoming couple, helpful, and happy to help for any situation or question.",(no literals),,False,json_parse_error: Expecting value: line 1 column 1 (char 0)
304,,gt,Room,Positive,good_room,"What i liked most about the hotel is the room, bed sheets and toilet are super clean. Bed is very comfortable.",(no literals),,False,json_parse_error: Expecting value: line 1 column 1 (char 0)
304,,gt,Location,Positive,good_location,"On top of that, the hotel is less than a minute away on foot from the bus station. 
  The city is nice, a lot of restaurants, bars and shops in the area. And of course lots and lots of beach shores to relax at, one of which you can get on foot for less than 5 minutes.",close_to_bus_station,body,True,
304,,gt,Location,Positive,good_location,"On top of that, the hotel is less than a minute away on foot from the bus station. 
  The city is nice, a lot of restaurants, bars and shops in the area. And of course lots and lots of beach shores to relax at, one of which you can get on foot for less than 5 minutes.",nice_city,body,True,
304,,gt,Location,Positive,good_location,"On top of that, the hotel is less than a minute away on foot from the bus station. 
  The city is nice, a lot of restaurants, bars and shops in the area. And of course lots and lots of beach shores to relax at, one of which you can get on foot for less than 5 minutes.",lots_of_restaurants,body,True,
304,,gt,Location,Positive,good_location,"On top of that, the hotel is less than a minute away on foot from the bus station. 
  The city is nice, a lot of restaurants, bars and shops in the area. And of course lots and lots of beach shores to relax at, one of which you can get on foot for less than 5 minutes.",lots_of_bars,body,True,
304,,gt,Location,Positive,good_location,"On top of that, the hotel is less than a minute away on foot from the bus station. 
  The city is nice, a lot of restaurants, bars and shops in the area. And of course lots and lots of beach shores to relax at, one of which you can get on foot for less than 5 minutes.",lots_of_shops,body,True,
304,,gt,Location,Positive,good_location,"On top of that, the hotel is less than a minute away on foot from the bus station. 
  The city is nice, a lot of restaurants, bars and shops in the area. And of course lots and lots of beach shores to relax at, one of which you can get on foot for less than 5 minutes.",lots_of_beach_shores,body,True,
304,,gt,Location,Positive,good_location,"On top of that, the hotel is less than a minute away on foot from the bus station. 
  The city is nice, a lot of restaurants, bars and shops in the area. And of course lots and lots of beach shores to relax at, one of which you can get on foot for less than 5 minutes.",close_to_beach,body,True,
304,,gt,Location,Positive,good_location,"On top of that, the hotel is less than a minute away on foot from the bus station. 
  The city is nice, a lot of restaurants, bars and shops in the area. And of course lots and lots of beach shores to relax at, one of which you can get on foot for less than 5 minutes.",no_evident_not_close_to_bus_station,cont,True,
304,,gt,Location,Positive,good_location,"On top of that, the hotel is less than a minute away on foot from the bus station. 
  The city is nice, a lot of restaurants, bars and shops in the area. And of course lots and lots of beach shores to relax at, one of which you can get on foot for less than 5 minutes.",no_evident_not_nice_city,cont,True,
304,,gt,Location,Positive,good_location,"On top of that, the hotel is less than a minute away on foot from the bus station. 
  The city is nice, a lot of restaurants, bars and shops in the area. And of course lots and lots of beach shores to relax at, one of which you can get on foot for less than 5 minutes.",no_evident_not_lots_of_restaurants,cont,True,
304,,gt,Location,Positive,good_location,"On top of that, the hotel is less than a minute away on foot from the bus station. 
  The city is nice, a lot of restaurants, bars and shops in the area. And of course lots and lots of beach shores to relax at, one of which you can get on foot for less than 5 minutes.",no_evident_not_lots_of_bars,cont,True,
304,,gt,Location,Positive,good_location,"On top of that, the hotel is less than a minute away on foot from the bus station. 
  The city is nice, a lot of restaurants, bars and shops in the area. And of course lots and lots of beach shores to relax at, one of which you can get on foot for less than 5 minutes.",no_evident_not_lots_of_shops,cont,True,
304,,gt,Location,Positive,good_location,"On top of that, the hotel is less than a minute away on foot from the bus station. 
  The city is nice, a lot of restaurants, bars and shops in the area. And of course lots and lots of beach shores to relax at, one of which you can get on foot for less than 5 minutes.",no_evident_not_lots_of_beach_shores,cont,True,
304,,gt,Location,Positive,good_location,"On top of that, the hotel is less than a minute away on foot from the bus station. 
  The city is nice, a lot of restaurants, bars and shops in the area. And of course lots and lots of beach shores to relax at, one of which you can get on foot for less than 5 minutes.",no_evident_not_close_to_beach,cont,True,
304,,gt,Staff,Positive,good_staff,"The staff was nice, they gave me recommendations on what places to visit and how to roam around.",(no literals),,False,json_parse_error: Expecting value: line 1 column 1 (char 0)
305,,gt,Staff,Positive,good_staff,"First off, the staff. They have been so accommodating and easy to deal with and have gone above and beyond to help us out.",(no literals),,False,json_parse_error: Expecting value: line 1 column 1 (char 0)
305,,gt,Food,Positive,good_food,all the restaurants were closed. Richard was amazing and whipped us up an excellent pizza even though they were long since closed.,(no literals),,False,json_parse_error: Expecting value: line 1 column 1 (char 0)
306,,gt,Facility,Positive,good_facility,"Good place ,",good_facility,body,True,
306,,gt,Facility,Positive,good_facility,"Good place ,",no_evident_not_good_facility,cont,True,
306,,gt,Staff,Positive,good_staff,"excellent stuff,",excellent_staff,body,True,
306,,gt,Staff,Positive,good_staff,"excellent stuff,",no_evident_not_excellent_staff,cont,True,
307,,gt,Facility,Positive,good_facility,"The modern, nice hotel,",modern_facility,body,True,
307,,gt,Facility,Positive,good_facility,"The modern, nice hotel,",nice_facility,body,True,
307,,gt,Facility,Positive,good_facility,"The modern, nice hotel,",no_evident_not_modern_facility,cont,True,
307,,gt,Facility,Positive,good_facility,"The modern, nice hotel,",no_evident_not_nice_facility,cont,True,
307,,gt,Location,Positive,good_location,accommodation for one night before departure.,(no literals),,False,json_parse_error: Expecting value: line 1 column 1 (char 0)
307,,gt,Staff,Positive,good_staff,The hotel arranged a taxi to the airport for 15 €,(no literals),,False,json_parse_error: Expecting value: line 1 column 1 (char 0)
308,,gt,Staff,Positive,good_staff,Wonderful people on reception and in the restaurant :) always smiling and glad to help,(no literals),,False,json_parse_error: Expecting value: line 1 column 1 (char 0)
308,,gt,Facility,Positive,good_facility,"it was soo nice and cosy, made me feel welcome from the first moment of arrival",(no literals),,False,json_parse_error: Expecting value: line 1 column 1 (char 0)
309,,gt,Staff,Positive,good_staff,The management/husband and wife/were fantastic as were all the staff!,(no literals),,False,json_parse_error: Expecting value: line 1 column 1 (char 0)
310,,gt,Location,Positive,good_location,"close proximity to Larnaca airport. close to Mckenzie beach with lots of restaurants for dinner,",(no literals),,False,json_parse_error: Expecting value: line 1 column 1 (char 0)
310,,gt,Check-out,Positive,good_check_out,hotel allowed us to check out later prior to our flight.,later_check_out,body,True,
310,,gt,Check-out,Positive,good_check_out,hotel allowed us to check out later prior to our flight.,no_evident_not_later_check_out,cont,True,
310,,gt,Food,Positive,good_food,breakfasts were nice. very clean.,nice_breakfast,body,True,
310,,gt,Food,Positive,good_food,breakfasts were nice. very clean.,clean_breakfast,body,True,
310,,gt,Food,Positive,good_food,breakfasts were nice. very clean.,no_evident_not_nice_breakfast,cont,True,
310,,gt,Food,Positive,good_food,breakfasts were nice. very clean.,no_evident_not_clean_breakfast,cont,True,
310,,gt,Room,Positive,good_room,very clean.,clean_room,body,True,
310,,gt,Room,Positive,good_room,very clean.,no_evident_not_clean_room,cont,True,
311,,gt,Room,Positive,good_room,"Very clean, Nice freshly decorated rooms.",clean_room,body,True,
311,,gt,Room,Positive,good_room,"Very clean, Nice freshly decorated rooms.",freshly_decorated_room,body,True,
311,,gt,Room,Positive,good_room,"Very clean, Nice freshly decorated rooms.",no_evident_not_clean_room,cont,True,
311,,gt,Room,Positive,good_room,"Very clean, Nice freshly decorated rooms.",no_evident_not_freshly_decorated_room,cont,True,
311,,gt,Staff,Positive,good_staff,"staff very welcoming and helpful, quick response when asking about bringing them.",(no literals),,False,json_parse_error: Expecting value: line 1 column 1 (char 0)
311,,gt,Facility,Positive,good_facility,"Pet friendly hotel, highly recommended we had no extra charge for our dogs,",(no literals),,False,json_parse_error: Expecting value: line 1 column 1 (char 0)
312,,gt,Facility,Positive,good_facility,"the place was very clean, and everything was very clean.",(no literals),,False,json_parse_error: Expecting value: line 1 column 1 (char 0)
312,,gt,Staff,Positive,good_staff,and there’s an incredibly kind and helpful staff. they were very flexible about our strange schedule.,(no literals),,False,json_parse_error: Expecting value: line 1 column 1 (char 0)
312,,gt,Food,Positive,good_food,food was delicious,delicious_food,body,True,
312,,gt,Food,Positive,good_food,food was delicious,no_evident_not_delicious_food,cont,True,
312,,gt,Location,Positive,good_location,the airport is very close and the beach is a five minute walk away.,(no literals),,False,json_parse_error: Expecting value: line 1 column 1 (char 0)
312,,gt,Facility,Negative,bad_facility,the pool is tiny,(no literals),,False,json_parse_error: Expecting value: line 1 column 1 (char 0)
312,,gt,Room,Negative,bad_room,and the bathrooms can smell like bad plumbing.,bad_plumbing,body,True,
312,,gt,Room,Negative,bad_room,and the bathrooms can smell like bad plumbing.,have_evident_bad_plumbing,cont,True,
313,,gt,Staff,Positive,good_staff,Super friendly staff.,friendly_staff,body,True,
313,,gt,Staff,Positive,good_staff,Super friendly staff.,no_evident_not_friendly_staff,cont,True,
313,,gt,Facility,Positive,good_facility,"Nicely renovated and clean hotel, Quiet street with sufficient parking facilities.",(no literals),,False,json_parse_error: Expecting value: line 1 column 1 (char 0)
313,,gt,Location,Positive,good_location,Quiet street with sufficient parking facilities.,(no literals),,False,json_parse_error: Expecting value: line 1 column 1 (char 0)
313,,gt,Price,Positive,good_price,Fantastic value for money.,(no literals),,False,json_parse_error: Expecting value: line 1 column 1 (char 0)
314,,gt,Facility,Positive,good_facility,"fresh just renovated, with good wifi,",(no literals),,False,json_parse_error: Expecting value: line 1 column 1 (char 0)
314,,gt,Location,Positive,good_location,"in 5 minutes from airport,",(no literals),,False,json_parse_error: Expecting value: line 1 column 1 (char 0)
314,,gt,Check-in,Positive,good_check_in,super fast checkin/checkout,(no literals),,False,json_parse_error: Expecting value: line 1 column 1 (char 0)
314,,gt,Check-out,Positive,good_check_out,super fast checkin/checkout,(no literals),,False,json_parse_error: Expecting value: line 1 column 1 (char 0)
315,,gt,Room,Positive,good_room,it’s was exceptionally clean,(no literals),,False,json_parse_error: Expecting value: line 1 column 1 (char 0)
315,,gt,Staff,Positive,good_staff,and staff all very friendly,friendly_staff,body,True,
315,,gt,Staff,Positive,good_staff,and staff all very friendly,no_evident_not_friendly_staff,cont,True,
316,,gt,Location,Positive,good_location,Perfect location to McKenzie Beach and only a 30 minute walk to the central marina.,perfect_location,body,True,
316,,gt,Location,Positive,good_location,Perfect location to McKenzie Beach and only a 30 minute walk to the central marina.,close_to_McKenzie_Beach,body,True,
316,,gt,Location,Positive,good_location,Perfect location to McKenzie Beach and only a 30 minute walk to the central marina.,thirty_minute_walk_to_central_marina,body,True,
316,,gt,Location,Positive,good_location,Perfect location to McKenzie Beach and only a 30 minute walk to the central marina.,no_evident_not_perfect_location,cont,True,
316,,gt,Location,Positive,good_location,Perfect location to McKenzie Beach and only a 30 minute walk to the central marina.,no_evident_not_close_to_McKenzie_Beach,cont,True,
316,,gt,Location,Positive,good_location,Perfect location to McKenzie Beach and only a 30 minute walk to the central marina.,no_evident_not_thirty_minute_walk_to_central_marina,cont,True,
316,,gt,Staff,Positive,good_staff,Everyone was very accommodating and welcoming.,accommodating_staff,body,True,
316,,gt,Staff,Positive,good_staff,Everyone was very accommodating and welcoming.,welcoming_staff,body,True,
316,,gt,Staff,Positive,good_staff,Everyone was very accommodating and welcoming.,no_evident_not_accommodating_staff,cont,True,
316,,gt,Staff,Positive,good_staff,Everyone was very accommodating and welcoming.,no_evident_not_welcoming_staff,cont,True,
316,,gt,Room,Positive,good_room,A nice addition to the very clean and tidy room is Netflix.,clean_room,body,True,
316,,gt,Room,Positive,good_room,A nice addition to the very clean and tidy room is Netflix.,tidy_room,body,True,
316,,gt,Room,Positive,good_room,A nice addition to the very clean and tidy room is Netflix.,nice_room,body,True,
316,,gt,Room,Positive,good_room,A nice addition to the very clean and tidy room is Netflix.,no_evident_not_clean_room,cont,True,
316,,gt,Room,Positive,good_room,A nice addition to the very clean and tidy room is Netflix.,no_evident_not_tidy_room,cont,True,
316,,gt,Room,Positive,good_room,A nice addition to the very clean and tidy room is Netflix.,no_evident_not_nice_room,cont,True,
318,,gt,Staff,Positive,good_staff,Staff were very friendly and extremely helpful.,friendly_staff,body,True,
318,,gt,Staff,Positive,good_staff,Staff were very friendly and extremely helpful.,helpful_staff,body,True,
318,,gt,Staff,Positive,good_staff,Staff were very friendly and extremely helpful.,no_evident_not_friendly_staff,cont,True,
318,,gt,Staff,Positive,good_staff,Staff were very friendly and extremely helpful.,no_evident_not_helpful_staff,cont,True,
318,,gt,Facility,Positive,good_facility,"A lovely family hotel, refurbished during the main Corona period.",(no literals),,False,json_parse_error: Expecting value: line 1 column 1 (char 0)
318,,gt,Location,Positive,good_location,In a quiet area 10 minutes from Larnaca airport. Only 6 minutes walk down to the beach & restaurants.,(no literals),,False,json_parse_error: Expecting value: line 1 column 1 (char 0)
318,,gt,Room,Negative,bad_room,"Refurbishment not totally complete, so safety box wasn’t working., so could do with one more double hook in bathroom for towels.",(no literals),,False,json_parse_error: Expecting value: line 1 column 1 (char 0)
319,,gt,Staff,Positive,good_staff,"The receptionist was waiting for me to arrive, even though it was after the usual open hours.",waiting_for_arrival,body,True,
319,,gt,Staff,Positive,good_staff,"The receptionist was waiting for me to arrive, even though it was after the usual open hours.",no_evident_not_waiting_for_arrival,cont,True,
319,,gt,Room,Positive,good_room,"The room was very clean, a bit small though, but the bathroom was spacious and the bed was comfortable.",(no literals),,False,json_parse_error: Expecting value: line 1 column 1 (char 0)
319,,gt,Room,Negative,bad_room,"The room was very clean, a bit small though,",clean_room,body,True,
319,,gt,Room,Negative,bad_room,"The room was very clean, a bit small though,",small_room,body,True,
319,,gt,Room,Negative,bad_room,"The room was very clean, a bit small though,",have_evident_clean_room,cont,True,
319,,gt,Room,Negative,bad_room,"The room was very clean, a bit small though,",have_evident_small_room,cont,True,
321,,gt,Room,Positive,good_room,Well organised and clean,well_organised_room,body,True,
321,,gt,Room,Positive,good_room,Well organised and clean,clean_room,body,True,
321,,gt,Room,Positive,good_room,Well organised and clean,no_evident_not_well_organised_room,cont,True,
321,,gt,Room,Positive,good_room,Well organised and clean,no_evident_not_clean_room,cont,True,
322,,gt,Facility,Positive,good_facility,"Excellent everything., The place was clean, spacious and really nice.",(no literals),,False,json_parse_error: Expecting value: line 1 column 1 (char 0)
322,,gt,Staff,Positive,good_staff,"We got there early, around 10 am and they had our room ready.",(no literals),,False,json_parse_error: Expecting value: line 1 column 1 (char 0)
322,,gt,Location,Positive,good_location,It was a pleasant walk to the sea,(no literals),,False,json_parse_error: Expecting value: line 1 column 1 (char 0)
322,,gt,Location,Negative,bad_location,but there was not much else to do close by.,(no literals),,False,json_parse_error: Expecting value: line 1 column 1 (char 0)
322,,gt,Food,Negative,bad_food,More restaurants.,(no literals),,False,json_parse_error: Expecting value: line 1 column 1 (char 0)
323,,gt,Location,Positive,good_location,"I stayed in this hotel (twice) because of the location to the airport., It is a 10 minute walk to Makenzie Beach and those restaurants, but it also has a nice patio restaurant for a meal or cocktail.",(no literals),,False,json_parse_error: Expecting value: line 1 column 1 (char 0)
323,,gt,Room,Positive,good_room,"But, I found it be clean, modern, comfortable, but they have nice amenities (fridge, coffee making, AC, nice balcony) and are spotless and comfortable.",(no literals),,False,json_parse_error: Expecting value: line 1 column 1 (char 0)
323,,gt,Price,Positive,good_price,and great value for money.,(no literals),,False,json_parse_error: Expecting value: line 1 column 1 (char 0)
323,,gt,Room,Negative,bad_room,"The rooms are a bit small,",small_room,body,True,
323,,gt,Room,Negative,bad_room,"The rooms are a bit small,",have_evident_small_room,cont,True,
323,,gt,Staff,Positive,good_staff,The staff is nice and it's very welcoming.,(no literals),,False,json_parse_error: Expecting value: line 1 column 1 (char 0)
324,,gt,Room,Positive,good_room,"Room was excellent, very clean and everything seems fairly new.",(no literals),,False,json_parse_error: Expecting value: line 1 column 1 (char 0)
324,,gt,Staff,Positive,good_staff,Staff was very helpful.,helpful_staff,body,True,
324,,gt,Staff,Positive,good_staff,Staff was very helpful.,no_evident_not_helpful_staff,cont,True,
324,,gt,Location,Positive,good_location,"Location is also very good if you have a morning flight, airport is a 7 min drive away.",good_location,body,True,
324,,gt,Location,Positive,good_location,"Location is also very good if you have a morning flight, airport is a 7 min drive away.",7_min_drive_away_airport,body,True,
324,,gt,Location,Positive,good_location,"Location is also very good if you have a morning flight, airport is a 7 min drive away.",no_evident_not_good_location,cont,True,
324,,gt,Location,Positive,good_location,"Location is also very good if you have a morning flight, airport is a 7 min drive away.",no_evident_not_7_min_drive_away_airport,cont,True,
324,,gt,Room,Negative,bad_room,"The noise from the hallway was very loud, the doors are not sound proofed at all and we couldn't sleep because of the noise that was coming around 11, 12, 1 AM.",(no literals),,False,json_parse_error: Expecting value: line 1 column 1 (char 0)
325,,gt,Facility,Positive,good_facility,"nice small hotel, everything was good.",nice_hotel,body,True,
325,,gt,Facility,Positive,good_facility,"nice small hotel, everything was good.",small_hotel,body,True,
325,,gt,Facility,Positive,good_facility,"nice small hotel, everything was good.",good_hotel,body,True,
325,,gt,Facility,Positive,good_facility,"nice small hotel, everything was good.",no_evident_not_nice_hotel,cont,True,
325,,gt,Facility,Positive,good_facility,"nice small hotel, everything was good.",no_evident_not_small_hotel,cont,True,
325,,gt,Facility,Positive,good_facility,"nice small hotel, everything was good.",no_evident_not_good_hotel,cont,True,
325,,gt,Location,Positive,good_location,"not far from the airport., and 5 min walk to the beach.",not_far_from_airport,body,True,
325,,gt,Location,Positive,good_location,"not far from the airport., and 5 min walk to the beach.",5_min_walk_to_beach,body,True,
325,,gt,Location,Positive,good_location,"not far from the airport., and 5 min walk to the beach.",no_evident_not_not_far_from_airport,cont,True,
325,,gt,Location,Positive,good_location,"not far from the airport., and 5 min walk to the beach.",no_evident_not_5_min_walk_to_beach,cont,True,
325,,gt,Room,Positive,good_room,"clean and fresh rooms,",clean_room,body,True,
325,,gt,Room,Positive,good_room,"clean and fresh rooms,",fresh_room,body,True,
325,,gt,Room,Positive,good_room,"clean and fresh rooms,",no_evident_not_clean_room,cont,True,
325,,gt,Room,Positive,good_room,"clean and fresh rooms,",no_evident_not_fresh_room,cont,True,
325,,gt,Location,Negative,bad_location,"smell from the lake, but it doesn’t depend on the hotel.",(no literals),,False,json_parse_error: Expecting value: line 1 column 1 (char 0)
326,,gt,Room,Positive,good_room,Clean and freshly renovated room,clean_room,body,True,
326,,gt,Room,Positive,good_room,Clean and freshly renovated room,freshly_renovated_room,body,True,
326,,gt,Room,Positive,good_room,Clean and freshly renovated room,no_evident_not_clean_room,cont,True,
326,,gt,Room,Positive,good_room,Clean and freshly renovated room,no_evident_not_freshly_renovated_room,cont,True,
327,,gt,Location,Positive,good_location,It’s location was ideal for the purpose of our stay because it’s close to the Larnaca AirPort.,(no literals),,False,json_parse_error: Expecting value: line 1 column 1 (char 0)
327,,gt,Staff,Positive,good_staff,The host of the Hotel was so kind and helpful. Always a smile on his face with great energy and amazing hospitality making sure we had a great stay.,(no literals),,False,json_parse_error: Expecting value: line 1 column 1 (char 0)
328,,gt,Room,Positive,good_room,"Everything was very clean, the bed was comfortable, spacious bathroom.",(no literals),,False,json_parse_error: Expecting value: line 1 column 1 (char 0)
328,,gt,Location,Positive,good_location,The beach is very close and the bus to the airport is only 50 meters away.,close_beach,body,True,
328,,gt,Location,Positive,good_location,The beach is very close and the bus to the airport is only 50 meters away.,fifty_meters_away_airport,body,True,
328,,gt,Location,Positive,good_location,The beach is very close and the bus to the airport is only 50 meters away.,no_evident_not_close_beach,cont,True,
328,,gt,Location,Positive,good_location,The beach is very close and the bus to the airport is only 50 meters away.,no_evident_not_fifty_meters_away_airport,cont,True,
328,,gt,Room,Negative,bad_room,"The room was a bit cramped, but we could fit. It may have been a unique case, but a rather disturbing odor of sewage came out of the drains.",(no literals),,False,json_parse_error: Expecting value: line 1 column 1 (char 0)
328,,gt,Location,Negative,bad_location,but a rather disturbing odor of sewage came out of the drains. The smell could be felt on the street that day as well.,(no literals),,False,json_parse_error: Expecting value: line 1 column 1 (char 0)
329,,gt,Location,Positive,good_location,and quiet,quiet_location,body,True,
329,,gt,Location,Positive,good_location,and quiet,no_evident_not_quiet_location,cont,True,
330,,gt,Staff,Positive,good_staff,The staff was exceptional. They were really customer-centric and kind.,(no literals),,False,json_parse_error: Expecting value: line 1 column 1 (char 0)
330,,gt,Food,Positive,good_food,The breakfast was really delicious too 😊,delicious_breakfast,body,True,
330,,gt,Food,Positive,good_food,The breakfast was really delicious too 😊,no_evident_not_delicious_breakfast,cont,True,
331,,gt,Room,Positive,good_room,Clean fresh nice and peaceful,clean_room,body,True,
331,,gt,Room,Positive,good_room,Clean fresh nice and peaceful,fresh_room,body,True,
331,,gt,Room,Positive,good_room,Clean fresh nice and peaceful,nice_room,body,True,
331,,gt,Room,Positive,good_room,Clean fresh nice and peaceful,peaceful_room,body,True,
331,,gt,Room,Positive,good_room,Clean fresh nice and peaceful,no_evident_not_clean_room,cont,True,
331,,gt,Room,Positive,good_room,Clean fresh nice and peaceful,no_evident_not_fresh_room,cont,True,
331,,gt,Room,Positive,good_room,Clean fresh nice and peaceful,no_evident_not_nice_room,cont,True,
331,,gt,Room,Positive,good_room,Clean fresh nice and peaceful,no_evident_not_peaceful_room,cont,True,
331,,gt,Staff,Positive,good_staff,Very welcoming,welcoming_staff,body,True,
331,,gt,Staff,Positive,good_staff,Very welcoming,no_evident_not_welcoming_staff,cont,True,
332,,gt,Staff,Positive,good_staff,"The staff was super nice!
  We needed a taxi for the airport and they've helped us book it for a really good price (better than everything we've seen online).",(no literals),,False,json_parse_error: Expecting value: line 1 column 1 (char 0)
332,,gt,Room,Positive,good_room,"The room was really clean and the bed was comfortable,",clean_room,body,True,
332,,gt,Room,Positive,good_room,"The room was really clean and the bed was comfortable,",no_evident_not_clean_room,cont,True,
332,,gt,Room,Negative,bad_room,"The wifi in the room wasn't great. We had to work that day so we needed a strong wifi,",(no literals),,False,json_parse_error: Expecting value: line 1 column 1 (char 0)
332,,gt,Location,Positive,good_location,but there is a Cafe Nero 10 minutes away which was perfect.,(no literals),,False,json_parse_error: Expecting value: line 1 column 1 (char 0)
333,,gt,Food,Positive,good_food,Breakfast was exceptional,exceptional_breakfast,body,True,
333,,gt,Food,Positive,good_food,Breakfast was exceptional,no_evident_not_exceptional_breakfast,cont,True,
333,,gt,Room,Negative,bad_room,Size of room was a bit small,small_size,body,True,
333,,gt,Room,Negative,bad_room,Size of room was a bit small,have_evident_small_size,cont,True,
334,,gt,Room,Positive,good_room,"Absolutely clean, Ultimate hygiene. Very clean .",(no literals),,False,json_parse_error: Expecting value: line 1 column 1 (char 0)
334,,gt,Staff,Positive,good_staff,"and friendly staff., Staff and owners very friendly and helpful .",friendly_staff,body,True,
334,,gt,Staff,Positive,good_staff,"and friendly staff., Staff and owners very friendly and helpful .",helpful_staff,body,True,
334,,gt,Staff,Positive,good_staff,"and friendly staff., Staff and owners very friendly and helpful .",no_evident_not_friendly_staff,cont,True,
334,,gt,Staff,Positive,good_staff,"and friendly staff., Staff and owners very friendly and helpful .",no_evident_not_helpful_staff,cont,True,
334,,gt,Price,Positive,good_price,Very economic .,economic_price,body,True,
334,,gt,Price,Positive,good_price,Very economic .,no_evident_not_economic_price,cont,True,
334,,gt,Location,Positive,good_location,Location is great .,great_location,body,True,
334,,gt,Location,Positive,good_location,Location is great .,no_evident_not_great_location,cont,True,
335,,gt,Room,Positive,good_room,"A modern, clean, friendly",modern_room,body,True,
335,,gt,Room,Positive,good_room,"A modern, clean, friendly",clean_room,body,True,
335,,gt,Room,Positive,good_room,"A modern, clean, friendly",friendly_room,body,True,
335,,gt,Room,Positive,good_room,"A modern, clean, friendly",no_evident_not_modern_room,cont,True,
335,,gt,Room,Positive,good_room,"A modern, clean, friendly",no_evident_not_clean_room,cont,True,
335,,gt,Room,Positive,good_room,"A modern, clean, friendly",no_evident_not_friendly_room,cont,True,
335,,gt,Staff,Positive,good_staff,friendly,friendly_staff,body,True,
335,,gt,Staff,Positive,good_staff,friendly,no_evident_not_friendly_staff,cont,True,
335,,gt,Facility,Positive,good_facility,and all you need for a great Holiday.,(no literals),,False,json_parse_error: Expecting value: line 1 column 1 (char 0)
336,,gt,Staff,Positive,good_staff,Exceptionally friendly and helpful.,(no literals),,False,json_parse_error: Expecting value: line 1 column 1 (char 0)
336,,gt,Room,Positive,good_room,Tastefully decorated room and super comfy bed.,(no literals),,False,json_parse_error: Expecting value: line 1 column 1 (char 0)
336,,gt,Food,Positive,good_food,Dinner and breakfast were freshly made and very tasty.,freshly_made_food,body,True,
336,,gt,Food,Positive,good_food,Dinner and breakfast were freshly made and very tasty.,tasty_food,body,True,
336,,gt,Food,Positive,good_food,Dinner and breakfast were freshly made and very tasty.,no_evident_not_freshly_made_food,cont,True,
336,,gt,Food,Positive,good_food,Dinner and breakfast were freshly made and very tasty.,no_evident_not_tasty_food,cont,True,
337,,gt,Facility,Positive,good_facility,"Excellent hotel, clean",excellent_facility,body,True,
337,,gt,Facility,Positive,good_facility,"Excellent hotel, clean",clean_facility,body,True,
337,,gt,Facility,Positive,good_facility,"Excellent hotel, clean",no_evident_not_excellent_facility,cont,True,
337,,gt,Facility,Positive,good_facility,"Excellent hotel, clean",no_evident_not_clean_facility,cont,True,
337,,gt,Staff,Positive,good_staff,and with excellent owners,(no literals),,False,json_parse_error: Expecting value: line 1 column 1 (char 0)
338,,gt,Staff,Positive,good_staff,The family running this hotel are very friendly and welcoming! They gave us a free room upgrade.,friendly_staff,body,True,
338,,gt,Staff,Positive,good_staff,The family running this hotel are very friendly and welcoming! They gave us a free room upgrade.,welcoming_staff,body,True,
338,,gt,Staff,Positive,good_staff,The family running this hotel are very friendly and welcoming! They gave us a free room upgrade.,no_evident_not_friendly_staff,cont,True,
338,,gt,Staff,Positive,good_staff,The family running this hotel are very friendly and welcoming! They gave us a free room upgrade.,no_evident_not_welcoming_staff,cont,True,
338,,gt,Facility,Positive,good_facility,The building and the hotel are brand new. Spotlessly clean.,(no literals),,False,json_parse_error: Expecting value: line 1 column 1 (char 0)
338,,gt,Location,Positive,good_location,"Walking distance to the beach, restaurants and shops. It is away from traffic.",(no literals),,False,json_parse_error: Expecting value: line 1 column 1 (char 0)
338,,gt,Room,Positive,good_room,Fully stocked minibar with coffee and tea-making facilities.,(no literals),,False,json_parse_error: Expecting value: line 1 column 1 (char 0)
338,,gt,Price,Positive,good_price,Value for money.,value_for_money,body,True,
338,,gt,Price,Positive,good_price,Value for money.,no_evident_not_value_for_money,cont,True,
338,,gt,Room,Negative,bad_room,On the 4th floor with all the windows and balcony doors locked we could still hear some outside noise.,(no literals),,False,json_parse_error: Expecting value: line 1 column 1 (char 0)
339,,gt,Facility,Positive,good_facility,It’s definitely one of the best accommodations I’ve ever been in. Very friendly and comfortable atmosphere.,friendly_facility,body,True,
339,,gt,Facility,Positive,good_facility,It’s definitely one of the best accommodations I’ve ever been in. Very friendly and comfortable atmosphere.,comfortable_facility,body,True,
339,,gt,Facility,Positive,good_facility,It’s definitely one of the best accommodations I’ve ever been in. Very friendly and comfortable atmosphere.,no_evident_not_friendly_facility,cont,True,
339,,gt,Facility,Positive,good_facility,It’s definitely one of the best accommodations I’ve ever been in. Very friendly and comfortable atmosphere.,no_evident_not_comfortable_facility,cont,True,
339,,gt,Room,Positive,good_room,"Everything was just good:
  Clean rooms, cleaning every day; Strong wi-fi at any time;",(no literals),,False,json_parse_error: Expecting value: line 1 column 1 (char 0)
339,,gt,Staff,Positive,good_staff,Great staff and very pleasant hosts;,great_staff,body,True,
339,,gt,Staff,Positive,good_staff,Great staff and very pleasant hosts;,pleasant_staff,body,True,
339,,gt,Staff,Positive,good_staff,Great staff and very pleasant hosts;,no_evident_not_great_staff,cont,True,
339,,gt,Staff,Positive,good_staff,Great staff and very pleasant hosts;,no_evident_not_pleasant_staff,cont,True,
339,,gt,Food,Positive,good_food,Garnish restaurant on the ground is amazing! The owner is a very kind person and creative chef.,amazing_restaurant,body,True,
339,,gt,Food,Positive,good_food,Garnish restaurant on the ground is amazing! The owner is a very kind person and creative chef.,creative_chef,body,True,
339,,gt,Food,Positive,good_food,Garnish restaurant on the ground is amazing! The owner is a very kind person and creative chef.,no_evident_not_amazing_restaurant,cont,True,
339,,gt,Food,Positive,good_food,Garnish restaurant on the ground is amazing! The owner is a very kind person and creative chef.,no_evident_not_creative_chef,cont,True,
340,,gt,Price,Positive,good_price,"Very good value for money,",(no literals),,False,json_parse_error: Expecting value: line 1 column 1 (char 0)
340,,gt,Room,Positive,good_room,"the room was nice, with a big balcony.",(no literals),,False,json_parse_error: Expecting value: line 1 column 1 (char 0)
340,,gt,Location,Negative,bad_location,A bit farther away than most hotels so it's a bit of a trek to get to get to the busier beach and bars. But the area its in is good for water sports and is where the quieter beaches are.,(no literals),,False,json_parse_error: Expecting value: line 1 column 1 (char 0)
341,,gt,Staff,Positive,good_staff,The owners were absolutely lovely and made sure we had everything we needed!,lovely_staff,body,True,
341,,gt,Staff,Positive,good_staff,The owners were absolutely lovely and made sure we had everything we needed!,accommodating_staff,body,True,
341,,gt,Staff,Positive,good_staff,The owners were absolutely lovely and made sure we had everything we needed!,no_evident_not_lovely_staff,cont,True,
341,,gt,Staff,Positive,good_staff,The owners were absolutely lovely and made sure we had everything we needed!,no_evident_not_accommodating_staff,cont,True,
341,,gt,Facility,Positive,good_facility,Property was clean and modern,clean_facility,body,True,
341,,gt,Facility,Positive,good_facility,Property was clean and modern,modern_facility,body,True,
341,,gt,Facility,Positive,good_facility,Property was clean and modern,no_evident_not_clean_facility,cont,True,
341,,gt,Facility,Positive,good_facility,Property was clean and modern,no_evident_not_modern_facility,cont,True,
342,,gt,Staff,Positive,good_staff,Extremely friendly people work at La Veranda! they helped us in any possible way.,(no literals),,False,json_parse_error: Expecting value: line 1 column 1 (char 0)
343,,gt,Staff,Positive,good_staff,"great friendly staff, very welcoming, the owner took me personally to our room, and gave me a prime parking spot.
  he introduced us to his daughter who was learning the trade and she was super nice and helpful.
  couldn't have been more pleased",great_staff,body,True,
343,,gt,Staff,Positive,good_staff,"great friendly staff, very welcoming, the owner took me personally to our room, and gave me a prime parking spot.
  he introduced us to his daughter who was learning the trade and she was super nice and helpful.
  couldn't have been more pleased",friendly_staff,body,True,
343,,gt,Staff,Positive,good_staff,"great friendly staff, very welcoming, the owner took me personally to our room, and gave me a prime parking spot.
  he introduced us to his daughter who was learning the trade and she was super nice and helpful.
  couldn't have been more pleased",welcoming_staff,body,True,
343,,gt,Staff,Positive,good_staff,"great friendly staff, very welcoming, the owner took me personally to our room, and gave me a prime parking spot.
  he introduced us to his daughter who was learning the trade and she was super nice and helpful.
  couldn't have been more pleased",helpful_staff,body,True,
343,,gt,Staff,Positive,good_staff,"great friendly staff, very welcoming, the owner took me personally to our room, and gave me a prime parking spot.
  he introduced us to his daughter who was learning the trade and she was super nice and helpful.
  couldn't have been more pleased",nice_staff,body,True,
343,,gt,Staff,Positive,good_staff,"great friendly staff, very welcoming, the owner took me personally to our room, and gave me a prime parking spot.
  he introduced us to his daughter who was learning the trade and she was super nice and helpful.
  couldn't have been more pleased",no_evident_not_great_staff,cont,True,
343,,gt,Staff,Positive,good_staff,"great friendly staff, very welcoming, the owner took me personally to our room, and gave me a prime parking spot.
  he introduced us to his daughter who was learning the trade and she was super nice and helpful.
  couldn't have been more pleased",no_evident_not_friendly_staff,cont,True,
343,,gt,Staff,Positive,good_staff,"great friendly staff, very welcoming, the owner took me personally to our room, and gave me a prime parking spot.
  he introduced us to his daughter who was learning the trade and she was super nice and helpful.
  couldn't have been more pleased",no_evident_not_welcoming_staff,cont,True,
343,,gt,Staff,Positive,good_staff,"great friendly staff, very welcoming, the owner took me personally to our room, and gave me a prime parking spot.
  he introduced us to his daughter who was learning the trade and she was super nice and helpful.
  couldn't have been more pleased",no_evident_not_helpful_staff,cont,True,
343,,gt,Staff,Positive,good_staff,"great friendly staff, very welcoming, the owner took me personally to our room, and gave me a prime parking spot.
  he introduced us to his daughter who was learning the trade and she was super nice and helpful.
  couldn't have been more pleased",no_evident_not_nice_staff,cont,True,
344,,gt,Location,Positive,good_location,Great location 5 min walk to beach,(no literals),,False,json_parse_error: Expecting value: line 1 column 1 (char 0)
344,,gt,Staff,Positive,good_staff,"And amenities , staff very good and helpful,",good_staff,body,True,
344,,gt,Staff,Positive,good_staff,"And amenities , staff very good and helpful,",helpful_staff,body,True,
344,,gt,Staff,Positive,good_staff,"And amenities , staff very good and helpful,",no_evident_not_good_staff,cont,True,
344,,gt,Staff,Positive,good_staff,"And amenities , staff very good and helpful,",no_evident_not_helpful_staff,cont,True,
344,,gt,Room,Positive,good_room,rooms were comfortable snd very clean,comfortable_room,body,True,
344,,gt,Room,Positive,good_room,rooms were comfortable snd very clean,clean_room,body,True,
344,,gt,Room,Positive,good_room,rooms were comfortable snd very clean,no_evident_not_comfortable_room,cont,True,
344,,gt,Room,Positive,good_room,rooms were comfortable snd very clean,no_evident_not_clean_room,cont,True,
345,,gt,Room,Positive,good_room,Very modern and clean,modern_room,body,True,
345,,gt,Room,Positive,good_room,Very modern and clean,clean_room,body,True,
345,,gt,Room,Positive,good_room,Very modern and clean,no_evident_not_modern_room,cont,True,
345,,gt,Room,Positive,good_room,Very modern and clean,no_evident_not_clean_room,cont,True,
346,,gt,Room,Positive,good_room,Clean,clean_room,body,True,
346,,gt,Room,Positive,good_room,Clean,no_evident_not_clean_room,cont,True,
346,,gt,Staff,Positive,good_staff,and good communication.,(no literals),,False,json_parse_error: Expecting value: line 1 column 1 (char 0)
346,,gt,Taxi-issue,Negative,bad_taxi_issue,Booked a taxi from the airport was a no show.,no_show_taxi,body,True,
346,,gt,Taxi-issue,Negative,bad_taxi_issue,Booked a taxi from the airport was a no show.,have_evident_no_show_taxi,cont,True,
347,,gt,Facility,Positive,good_facility,A family run hotel.,(no literals),,False,json_parse_error: Expecting value: line 1 column 1 (char 0)
347,,gt,Staff,Positive,good_staff,Exceptional staff who were so friendly and keen to please.,(no literals),,False,json_parse_error: Expecting value: line 1 column 1 (char 0)
347,,gt,Room,Positive,good_room,Rooms were also exceptional in their cleanliness and although compact had everything that you might need for your stay. I,(no literals),,False,json_parse_error: Expecting value: line 1 column 1 (char 0)
347,,gt,Room,Negative,bad_room,Rooms were also exceptional in their cleanliness and although compact,clean_room,body,True,
347,,gt,Room,Negative,bad_room,Rooms were also exceptional in their cleanliness and although compact,compact_room,body,True,
347,,gt,Room,Negative,bad_room,Rooms were also exceptional in their cleanliness and although compact,have_evident_clean_room,cont,True,
347,,gt,Room,Negative,bad_room,Rooms were also exceptional in their cleanliness and although compact,have_evident_compact_room,cont,True,
347,,gt,Location,Positive,good_location,Also only 10 minutes walk from beach and loads of restaurants.,(no literals),,False,json_parse_error: Expecting value: line 1 column 1 (char 0)
348,,gt,Staff,Positive,good_staff,"Staff and owners were very welcoming,",welcoming_staff,body,True,
348,,gt,Staff,Positive,good_staff,"Staff and owners were very welcoming,",no_evident_not_welcoming_staff,cont,True,
348,,gt,Food,Positive,good_food,"breakfast was a typical Cypriot one,",typical_cypriot,body,True,
348,,gt,Food,Positive,good_food,"breakfast was a typical Cypriot one,",no_evident_not_typical_cypriot,cont,True,
348,,gt,Facility,Positive,good_facility,the inside is excellent compared to the view from outside,excellent_inside,body,True,
348,,gt,Facility,Positive,good_facility,the inside is excellent compared to the view from outside,outside_view,body,True,
348,,gt,Facility,Positive,good_facility,the inside is excellent compared to the view from outside,no_evident_not_excellent_inside,cont,True,
348,,gt,Facility,Positive,good_facility,the inside is excellent compared to the view from outside,no_evident_not_outside_view,cont,True,
348,,gt,Facility,Negative,bad_facility,"not much parking around the property which was an apartment before being converted into this hotel, the inside is excellent compared to the view from outside",(no literals),,False,json_parse_error: Expecting value: line 1 column 1 (char 0)
348,,gt,Location,Negative,bad_location,Aircraft noise does not bother me but the noise from aircraft landing and taking off may be an issue if you have young family or just want a quiet area,(no literals),,False,json_parse_error: Expecting value: line 1 column 1 (char 0)
349,,gt,Staff,Positive,good_staff,Very friendly and helpful staff.,(no literals),,False,json_parse_error: Expecting value: line 1 column 1 (char 0)
349,,gt,Room,Positive,good_room,Clean rooms. Comfortable bed.,(no literals),,False,json_parse_error: Expecting value: line 1 column 1 (char 0)
349,,gt,Location,Positive,good_location,Close to bus stop.,close_to_bus_stop,body,True,
349,,gt,Location,Positive,good_location,Close to bus stop.,no_evident_not_close_to_bus_stop,cont,True,
349,,gt,Room,Negative,bad_room,Slight smell from toilet after night.,slight_smell,body,True,
349,,gt,Room,Negative,bad_room,Slight smell from toilet after night.,smell_from_toilet,body,True,
349,,gt,Room,Negative,bad_room,Slight smell from toilet after night.,smell_at_night,body,True,
349,,gt,Room,Negative,bad_room,Slight smell from toilet after night.,have_evident_slight_smell,cont,True,
349,,gt,Room,Negative,bad_room,Slight smell from toilet after night.,have_evident_smell_from_toilet,cont,True,
349,,gt,Room,Negative,bad_room,Slight smell from toilet after night.,have_evident_smell_at_night,cont,True,
349,,gt,Location,Negative,bad_location,Pretty far from major tourist spots.,far_from_major_tourist_spots,body,True,
349,,gt,Location,Negative,bad_location,Pretty far from major tourist spots.,have_evident_far_from_major_tourist_spots,cont,True,
350,,gt,Location,Positive,good_location,6 mins drive from the airport,(no literals),,False,json_parse_error: Expecting value: line 1 column 1 (char 0)
350,,gt,Room,Positive,good_room,"Lovely clean room
  Comfortable bed",(no literals),,False,json_parse_error: Expecting value: line 1 column 1 (char 0)
350,,gt,Facility,Positive,good_facility,Easy parking,easy_parking_facility,body,True,
350,,gt,Facility,Positive,good_facility,Easy parking,no_evident_not_easy_parking_facility,cont,True,
350,,gt,Staff,Positive,good_staff,Lovely helpful staff,lovely_staff,body,True,
350,,gt,Staff,Positive,good_staff,Lovely helpful staff,helpful_staff,body,True,
350,,gt,Staff,Positive,good_staff,Lovely helpful staff,no_evident_not_lovely_staff,cont,True,
350,,gt,Staff,Positive,good_staff,Lovely helpful staff,no_evident_not_helpful_staff,cont,True,
351,,gt,Room,Positive,good_room,"Clean, modern room, with comfy bed and great air conditioning.",(no literals),,False,json_parse_error: Expecting value: line 1 column 1 (char 0)
351,,gt,Location,Positive,good_location,Fab location Close to Mackenzie beach and bars.,(no literals),,False,json_parse_error: Expecting value: line 1 column 1 (char 0)
352,,gt,Room,Positive,good_room,"Super clean, good beds.",(no literals),,False,json_parse_error: Expecting value: line 1 column 1 (char 0)
353,,gt,Room,Positive,good_room,Very clean and comfy room with balcony,clean_room,body,True,
353,,gt,Room,Positive,good_room,Very clean and comfy room with balcony,comfy_room,body,True,
353,,gt,Room,Positive,good_room,Very clean and comfy room with balcony,has_balcony,body,True,
353,,gt,Room,Positive,good_room,Very clean and comfy room with balcony,no_evident_not_clean_room,cont,True,
353,,gt,Room,Positive,good_room,Very clean and comfy room with balcony,no_evident_not_comfy_room,cont,True,
353,,gt,Room,Positive,good_room,Very clean and comfy room with balcony,no_evident_not_has_balcony,cont,True,
353,,gt,Facility,Positive,good_facility,"Simple clear contemporary decoration, This hotel being new",(no literals),,False,json_parse_error: Expecting value: line 1 column 1 (char 0)
353,,gt,Location,Positive,good_location,Near the airport,near_airport,body,True,
353,,gt,Location,Positive,good_location,Near the airport,no_evident_not_near_airport,cont,True,
353,,gt,Staff,Positive,good_staff,Friendly staff.,friendly_staff,body,True,
353,,gt,Staff,Positive,good_staff,Friendly staff.,no_evident_not_friendly_staff,cont,True,
353,,gt,Food,Positive,good_food,Healthy breakfast.,healthy_breakfast,body,True,
353,,gt,Food,Positive,good_food,Healthy breakfast.,no_evident_not_healthy_breakfast,cont,True,
353,,gt,Room,Negative,bad_room,Weak WiFi,weak_wifi,body,True,
353,,gt,Room,Negative,bad_room,Weak WiFi,have_evident_weak_wifi,cont,True,
353,,gt,Staff,Negative,bad_staff,"the staff , although very friendly , still needs to improve its organisation and collaboration",(no literals),,False,json_parse_error: Expecting value: line 1 column 1 (char 0)
353,,gt,Facility,Negative,bad_facility,Pool is very tiny.,(no literals),,False,json_parse_error: Expecting value: line 1 column 1 (char 0)
353,,gt,Location,Negative,bad_location,Far from centre town.,far_from_centre_town,body,True,
353,,gt,Location,Negative,bad_location,Far from centre town.,have_evident_far_from_centre_town,cont,True,
354,,gt,Staff,Positive,good_staff,"Very nice staff,",nice_staff,body,True,
354,,gt,Staff,Positive,good_staff,"Very nice staff,",no_evident_not_nice_staff,cont,True,
354,,gt,Room,Positive,good_room,very clean and a home-experience.,clean_room,body,True,
354,,gt,Room,Positive,good_room,very clean and a home-experience.,home_experience_room,body,True,
354,,gt,Room,Positive,good_room,very clean and a home-experience.,no_evident_not_clean_room,cont,True,
354,,gt,Room,Positive,good_room,very clean and a home-experience.,no_evident_not_home_experience_room,cont,True,
355,,gt,Location,Positive,good_location,"We’ve chosen La Veranda as we had an early flight from Larnaka airport, There is a beach strip nearby with various restaurants for every taste",(no literals),,False,json_parse_error: Expecting value: line 1 column 1 (char 0)
355,,gt,Food,Positive,good_food,"Breakfast in the hotel was great,",great_breakfast,body,True,
355,,gt,Food,Positive,good_food,"Breakfast in the hotel was great,",no_evident_not_great_breakfast,cont,True,
356,,gt,Staff,Positive,good_staff,"The communication prior to arriving was brilliant. The staff at the hotel were friendly, polite and nothing was too much for them. Always willing to help in anyway which made our stay enjoyable.",friendly_staff,body,True,
356,,gt,Staff,Positive,good_staff,"The communication prior to arriving was brilliant. The staff at the hotel were friendly, polite and nothing was too much for them. Always willing to help in anyway which made our stay enjoyable.",polite_staff,body,True,
356,,gt,Staff,Positive,good_staff,"The communication prior to arriving was brilliant. The staff at the hotel were friendly, polite and nothing was too much for them. Always willing to help in anyway which made our stay enjoyable.",willing_to_help_staff,body,True,
356,,gt,Staff,Positive,good_staff,"The communication prior to arriving was brilliant. The staff at the hotel were friendly, polite and nothing was too much for them. Always willing to help in anyway which made our stay enjoyable.",communication_staff,body,True,
356,,gt,Staff,Positive,good_staff,"The communication prior to arriving was brilliant. The staff at the hotel were friendly, polite and nothing was too much for them. Always willing to help in anyway which made our stay enjoyable.",no_evident_not_friendly_staff,cont,True,
356,,gt,Staff,Positive,good_staff,"The communication prior to arriving was brilliant. The staff at the hotel were friendly, polite and nothing was too much for them. Always willing to help in anyway which made our stay enjoyable.",no_evident_not_polite_staff,cont,True,
356,,gt,Staff,Positive,good_staff,"The communication prior to arriving was brilliant. The staff at the hotel were friendly, polite and nothing was too much for them. Always willing to help in anyway which made our stay enjoyable.",no_evident_not_willing_to_help_staff,cont,True,
356,,gt,Staff,Positive,good_staff,"The communication prior to arriving was brilliant. The staff at the hotel were friendly, polite and nothing was too much for them. Always willing to help in anyway which made our stay enjoyable.",no_evident_not_communication_staff,cont,True,
356,,gt,Room,Positive,good_room,Extremely clean too.,(no literals),,False,json_parse_error: Expecting value: line 1 column 1 (char 0)
357,,gt,Staff,Positive,good_staff,"Staff is friendly,",(no literals),,False,json_parse_error: Expecting value: line 1 column 1 (char 0)
357,,gt,Facility,Positive,good_facility,hotel is comfortable and clean,comfortable_hotel,body,True,
357,,gt,Facility,Positive,good_facility,hotel is comfortable and clean,clean_hotel,body,True,
357,,gt,Facility,Positive,good_facility,hotel is comfortable and clean,no_evident_not_comfortable_hotel,cont,True,
357,,gt,Facility,Positive,good_facility,hotel is comfortable and clean,no_evident_not_clean_hotel,cont,True,
358,,gt,Location,Positive,good_location,Location close to airport,(no literals),,False,json_parse_error: Expecting value: line 1 column 1 (char 0)
359,,gt,Facility,Positive,good_facility,and nice atmosphere,(no literals),,False,json_parse_error: Expecting value: line 1 column 1 (char 0)
361,,gt,Location,Positive,good_location,The location near Makanzie Beach6,near_Makanzie_Beach,body,True,
361,,gt,Location,Positive,good_location,The location near Makanzie Beach6,no_evident_not_near_Makanzie_Beach,cont,True,
362,,gt,Staff,Positive,good_staff,"Excellent service, very kind and helpful staff,",(no literals),,False,json_parse_error: Expecting value: line 1 column 1 (char 0)
362,,gt,Room,Positive,good_room,the room with a balcony overlooking Makenzy and Salt Lake made an amazing impression.,(no literals),,False,json_parse_error: Expecting value: line 1 column 1 (char 0)
362,,gt,Food,Positive,good_food,"I recommend the breakfasts, which are really delicious.",delicious_breakfasts,body,True,
362,,gt,Food,Positive,good_food,"I recommend the breakfasts, which are really delicious.",no_evident_not_delicious_breakfasts,cont,True,
363,,gt,Staff,Positive,good_staff,"The staff were exceptionally attentive to ensuring that our stay was pleasent. Hospitality was great,",exceptionally_attentive_staff,body,True,
363,,gt,Staff,Positive,good_staff,"The staff were exceptionally attentive to ensuring that our stay was pleasent. Hospitality was great,",no_evident_not_exceptionally_attentive_staff,cont,True,
364,,gt,Location,Positive,good_location,Loads of bars and restaurants 5 mins walk away on the beach.,loads_of_bars_and_restaurants,body,True,
364,,gt,Location,Positive,good_location,Loads of bars and restaurants 5 mins walk away on the beach.,on_the_beach,body,True,
364,,gt,Location,Positive,good_location,Loads of bars and restaurants 5 mins walk away on the beach.,no_evident_not_loads_of_bars_and_restaurants,cont,True,
364,,gt,Location,Positive,good_location,Loads of bars and restaurants 5 mins walk away on the beach.,no_evident_not_on_the_beach,cont,True,
364,,gt,Staff,Positive,good_staff,Really friendly and accomodating hosts.,friendly_staff,body,True,
364,,gt,Staff,Positive,good_staff,Really friendly and accomodating hosts.,accomodating_staff,body,True,
364,,gt,Staff,Positive,good_staff,Really friendly and accomodating hosts.,no_evident_not_friendly_staff,cont,True,
364,,gt,Staff,Positive,good_staff,Really friendly and accomodating hosts.,no_evident_not_accomodating_staff,cont,True,
365,,gt,Check-in,Positive,good_check_in,We arrived in the night and were checked-in quickly,quick_check-in,body,True,
365,,gt,Check-in,Positive,good_check_in,We arrived in the night and were checked-in quickly,no_evident_not_quick_check-in,cont,True,
365,,gt,Facility,Positive,good_facility,"The hotel had been just renovated, very convenient for our short stay in Larnaka.",(no literals),,False,json_parse_error: Expecting value: line 1 column 1 (char 0)
366,,gt,Food,Positive,good_food,"Especially,the chef of La Vernada Hotel is perfest,he made delicious breakfast,lunch and dinner and his food is better than a 5star hotel. and the prices of the food are very good and are not expensive.Absolutely fantastic hotel with an excellent chef that make this hotel perfect.",delicious_food,body,True,
366,,gt,Food,Positive,good_food,"Especially,the chef of La Vernada Hotel is perfest,he made delicious breakfast,lunch and dinner and his food is better than a 5star hotel. and the prices of the food are very good and are not expensive.Absolutely fantastic hotel with an excellent chef that make this hotel perfect.",better_than_5star_food,body,True,
366,,gt,Food,Positive,good_food,"Especially,the chef of La Vernada Hotel is perfest,he made delicious breakfast,lunch and dinner and his food is better than a 5star hotel. and the prices of the food are very good and are not expensive.Absolutely fantastic hotel with an excellent chef that make this hotel perfect.",good_prices_of_food,body,True,
366,,gt,Food,Positive,good_food,"Especially,the chef of La Vernada Hotel is perfest,he made delicious breakfast,lunch and dinner and his food is better than a 5star hotel. and the prices of the food are very good and are not expensive.Absolutely fantastic hotel with an excellent chef that make this hotel perfect.",no_evident_not_delicious_food,cont,True,
366,,gt,Food,Positive,good_food,"Especially,the chef of La Vernada Hotel is perfest,he made delicious breakfast,lunch and dinner and his food is better than a 5star hotel. and the prices of the food are very good and are not expensive.Absolutely fantastic hotel with an excellent chef that make this hotel perfect.",no_evident_not_better_than_5star_food,cont,True,
366,,gt,Food,Positive,good_food,"Especially,the chef of La Vernada Hotel is perfest,he made delicious breakfast,lunch and dinner and his food is better than a 5star hotel. and the prices of the food are very good and are not expensive.Absolutely fantastic hotel with an excellent chef that make this hotel perfect.",no_evident_not_good_prices_of_food,cont,True,
366,,gt,Price,Positive,good_price,"Moreover,the price of his hotel and the prices of the food are very good and are not expensive.",(no literals),,False,json_parse_error: Expecting value: line 1 column 1 (char 0)
367,,gt,Staff,Positive,good_staff,Friendly Staff.,friendly_staff,body,True,
367,,gt,Staff,Positive,good_staff,Friendly Staff.,no_evident_not_friendly_staff,cont,True,
367,,gt,Room,Positive,good_room,Nice room with comfortable beds and nice bathroom.,(no literals),,False,json_parse_error: Expecting value: line 1 column 1 (char 0)
367,,gt,Location,Positive,good_location,Good choice for travelers in larnaca,good_choice_for_travelers,body,True,
367,,gt,Location,Positive,good_location,Good choice for travelers in larnaca,in_larnaca,body,True,
367,,gt,Location,Positive,good_location,Good choice for travelers in larnaca,no_evident_not_good_choice_for_travelers,cont,True,
367,,gt,Location,Positive,good_location,Good choice for travelers in larnaca,no_evident_not_in_larnaca,cont,True,
368,,gt,Room,Positive,good_room,Clean,clean_room,body,True,
368,,gt,Room,Positive,good_room,Clean,no_evident_not_clean_room,cont,True,
368,,gt,Location,Positive,good_location,and perfect location.,perfect_location,body,True,
368,,gt,Location,Positive,good_location,and perfect location.,no_evident_not_perfect_location,cont,True,
369,,gt,Food,Positive,good_food,The food was amazing at the restaurant,amazing_food,body,True,
369,,gt,Food,Positive,good_food,The food was amazing at the restaurant,no_evident_not_amazing_food,cont,True,
369,,gt,Room,Negative,bad_room,Mostly the bathroom floor sink was closed with tapes and there was bugs under it.,(no literals),,False,json_parse_error: Extra data: line 3 column 1 (char 85)
370,,gt,Room,Positive,good_room,"Extremely clean, newly renovated, efficiently run,",(no literals),,False,json_parse_error: Expecting value: line 1 column 1 (char 0)
370,,gt,Location,Positive,good_location,good location from the airport and sea.,good_location,body,True,
370,,gt,Location,Positive,good_location,good location from the airport and sea.,close_to_airport,body,True,
370,,gt,Location,Positive,good_location,good location from the airport and sea.,close_to_sea,body,True,
370,,gt,Location,Positive,good_location,good location from the airport and sea.,no_evident_not_good_location,cont,True,
370,,gt,Location,Positive,good_location,good location from the airport and sea.,no_evident_not_close_to_airport,cont,True,
370,,gt,Location,Positive,good_location,good location from the airport and sea.,no_evident_not_close_to_sea,cont,True,
371,,gt,Staff,Positive,good_staff,People working here are the best ever,(no literals),,False,json_parse_error: Expecting value: line 1 column 1 (char 0)
372,,gt,Facility,Positive,good_facility,"Bright, cozy, looks like almost new hotel in silent part of town.",bright_facility,body,True,
372,,gt,Facility,Positive,good_facility,"Bright, cozy, looks like almost new hotel in silent part of town.",cozy_facility,body,True,
372,,gt,Facility,Positive,good_facility,"Bright, cozy, looks like almost new hotel in silent part of town.",new_facility,body,True,
372,,gt,Facility,Positive,good_facility,"Bright, cozy, looks like almost new hotel in silent part of town.",silent_facility,body,True,
372,,gt,Facility,Positive,good_facility,"Bright, cozy, looks like almost new hotel in silent part of town.",no_evident_not_bright_facility,cont,True,
372,,gt,Facility,Positive,good_facility,"Bright, cozy, looks like almost new hotel in silent part of town.",no_evident_not_cozy_facility,cont,True,
372,,gt,Facility,Positive,good_facility,"Bright, cozy, looks like almost new hotel in silent part of town.",no_evident_not_new_facility,cont,True,
372,,gt,Facility,Positive,good_facility,"Bright, cozy, looks like almost new hotel in silent part of town.",no_evident_not_silent_facility,cont,True,
372,,gt,Staff,Positive,good_staff,Very helpful staff.,helpful_staff,body,True,
372,,gt,Staff,Positive,good_staff,Very helpful staff.,no_evident_not_helpful_staff,cont,True,
372,,gt,Location,Positive,good_location,"15 minutes drive from the airport, 15 walk to the city center, about 300 meters to the nice beach.",(no literals),,False,json_parse_error: Expecting value: line 1 column 1 (char 0)
372,,gt,Room,Negative,bad_room,TV with only 3 channels.,tv_with_only_3_channels,body,True,
372,,gt,Room,Negative,bad_room,TV with only 3 channels.,have_evident_tv_with_only_3_channels,cont,True,
373,,gt,Location,Positive,good_location,I stayed for a couple of nights so that I could quickly get to the airport.,close_to_airport,body,True,
373,,gt,Location,Positive,good_location,I stayed for a couple of nights so that I could quickly get to the airport.,no_evident_not_close_to_airport,cont,True,
373,,gt,Facility,Positive,good_facility,"Cozy, clean hotel, Nice place,",cozy_hotel,body,True,
373,,gt,Facility,Positive,good_facility,"Cozy, clean hotel, Nice place,",clean_hotel,body,True,
373,,gt,Facility,Positive,good_facility,"Cozy, clean hotel, Nice place,",nice_hotel,body,True,
373,,gt,Facility,Positive,good_facility,"Cozy, clean hotel, Nice place,",no_evident_not_cozy_hotel,cont,True,
373,,gt,Facility,Positive,good_facility,"Cozy, clean hotel, Nice place,",no_evident_not_clean_hotel,cont,True,
373,,gt,Facility,Positive,good_facility,"Cozy, clean hotel, Nice place,",no_evident_not_nice_hotel,cont,True,
373,,gt,Staff,Positive,good_staff,with wonderful staff.,wonderful_staff,body,True,
373,,gt,Staff,Positive,good_staff,with wonderful staff.,no_evident_not_wonderful_staff,cont,True,
373,,gt,Food,Positive,good_food,"Can also enjoy delicious breakfast, if desired.",(no literals),,False,json_parse_error: Expecting value: line 1 column 1 (char 0)
374,,gt,Location,Positive,good_location,Location is great.,great_location,body,True,
374,,gt,Location,Positive,good_location,Location is great.,no_evident_not_great_location,cont,True,
374,,gt,Room,Positive,good_room,"Rooms were a great size, very clean, modern and comfy.",(no literals),,False,json_parse_error: Expecting value: line 1 column 1 (char 0)
374,,gt,Facility,Negative,bad_facility,Pool could of been bigger,(no literals),,False,json_parse_error: Expecting value: line 1 column 1 (char 0)
375,,gt,Food,Positive,good_food,The food he creates is outstanding and delicious. Even the simplest of food ie. chicken burger and salad was made to taste exceptional. Richard cooks from the heart.,(no literals),,False,json_parse_error: Expecting value: line 1 column 1 (char 0)
375,,gt,Facility,Positive,good_facility,"Overall the hotel is well situated,",(no literals),,False,json_parse_error: Expecting value: line 1 column 1 (char 0)
375,,gt,Room,Positive,good_room,the rooms are stylish and the beds very comfortable.,stylish_room,body,True,
375,,gt,Room,Positive,good_room,the rooms are stylish and the beds very comfortable.,no_evident_not_stylish_room,cont,True,
375,,gt,Staff,Positive,good_staff,The staff are helpful and friendly.,(no literals),,False,json_parse_error: Expecting value: line 1 column 1 (char 0)
376,,gt,Facility,Positive,good_facility,"It was very clean, very comfortable easily a 5 star hotel. Very welcoming,",(no literals),,False,json_parse_error: Expecting value: line 1 column 1 (char 0)
376,,gt,Location,Positive,good_location,5 minute walk to the beach.,(no literals),,False,json_parse_error: Expecting value: line 1 column 1 (char 0)
376,,gt,Food,Positive,good_food,"The chef is incredible and very friendly, the kind of person who loves nothing more than you enjoying his food!",enjoyable_food,body,True,
376,,gt,Food,Positive,good_food,"The chef is incredible and very friendly, the kind of person who loves nothing more than you enjoying his food!",no_evident_not_enjoyable_food,cont,True,
377,,gt,Staff,Positive,good_staff,Staff very polite and helpful.,(no literals),,False,json_parse_error: Expecting value: line 1 column 1 (char 0)
377,,gt,Room,Positive,good_room,Rooms are clean.,(no literals),,False,json_parse_error: Expecting value: line 1 column 1 (char 0)
377,,gt,Food,Positive,good_food,Breakfast was delicious.,delicious_breakfast,body,True,
377,,gt,Food,Positive,good_food,Breakfast was delicious.,no_evident_not_delicious_breakfast,cont,True,
377,,gt,Location,Positive,good_location,"Hotel is near to the beach, airport and bus station.",near_to_beach,body,True,
377,,gt,Location,Positive,good_location,"Hotel is near to the beach, airport and bus station.",near_to_airport,body,True,
377,,gt,Location,Positive,good_location,"Hotel is near to the beach, airport and bus station.",near_to_bus_station,body,True,
377,,gt,Location,Positive,good_location,"Hotel is near to the beach, airport and bus station.",no_evident_not_near_to_beach,cont,True,
377,,gt,Location,Positive,good_location,"Hotel is near to the beach, airport and bus station.",no_evident_not_near_to_airport,cont,True,
377,,gt,Location,Positive,good_location,"Hotel is near to the beach, airport and bus station.",no_evident_not_near_to_bus_station,cont,True,
378,,gt,Staff,Positive,good_staff,The staff was very friendly.,(no literals),,False,json_parse_error: Expecting value: line 1 column 1 (char 0)
378,,gt,Room,Positive,good_room,The room was very clean and comfortable.,(no literals),,False,json_parse_error: Expecting value: line 1 column 1 (char 0)
378,,gt,Food,Positive,good_food,The food was delicious.,delicious_food,body,True,
378,,gt,Food,Positive,good_food,The food was delicious.,no_evident_not_delicious_food,cont,True,
379,,gt,Staff,Positive,good_staff,"were pleased by staff, Hotel administrator helped us with taxi.",pleased_staff,body,True,
379,,gt,Staff,Positive,good_staff,"were pleased by staff, Hotel administrator helped us with taxi.",helpful_staff,body,True,
379,,gt,Staff,Positive,good_staff,"were pleased by staff, Hotel administrator helped us with taxi.",no_evident_not_pleased_staff,cont,True,
379,,gt,Staff,Positive,good_staff,"were pleased by staff, Hotel administrator helped us with taxi.",no_evident_not_helpful_staff,cont,True,
379,,gt,Food,Positive,good_food,and got early breakfast as well as had nice evening in bar.,early_breakfast,body,True,
379,,gt,Food,Positive,good_food,and got early breakfast as well as had nice evening in bar.,no_evident_not_early_breakfast,cont,True,
379,,gt,Room,Positive,good_room,"Clean rooms, comfortable beds -",clean_room,body,True,
379,,gt,Room,Positive,good_room,"Clean rooms, comfortable beds -",comfortable_beds,body,True,
379,,gt,Room,Positive,good_room,"Clean rooms, comfortable beds -",no_evident_not_clean_room,cont,True,
379,,gt,Room,Positive,good_room,"Clean rooms, comfortable beds -",no_evident_not_comfortable_beds,cont,True,
380,,gt,Staff,Positive,good_staff,Very nice and helpful staff able to go an extra mile for your satisfaction. I was very satisfied with their service,(no literals),,False,json_parse_error: Expecting value: line 1 column 1 (char 0)
380,,gt,Location,Positive,good_location,"This hotel has great location, because it is very close to the airport, beaches and entertainment.",(no literals),,False,json_parse_error: Expecting value: line 1 column 1 (char 0)
380,,gt,Room,Positive,good_room,"Rooms vere very spacy, quiet, tidy with a modern design.",spacy_room,body,True,
380,,gt,Room,Positive,good_room,"Rooms vere very spacy, quiet, tidy with a modern design.",quiet_room,body,True,
380,,gt,Room,Positive,good_room,"Rooms vere very spacy, quiet, tidy with a modern design.",tidy_room,body,True,
380,,gt,Room,Positive,good_room,"Rooms vere very spacy, quiet, tidy with a modern design.",modern_room,body,True,
380,,gt,Room,Positive,good_room,"Rooms vere very spacy, quiet, tidy with a modern design.",no_evident_not_spacy_room,cont,True,
380,,gt,Room,Positive,good_room,"Rooms vere very spacy, quiet, tidy with a modern design.",no_evident_not_quiet_room,cont,True,
380,,gt,Room,Positive,good_room,"Rooms vere very spacy, quiet, tidy with a modern design.",no_evident_not_tidy_room,cont,True,
380,,gt,Room,Positive,good_room,"Rooms vere very spacy, quiet, tidy with a modern design.",no_evident_not_modern_room,cont,True,
380,,gt,Food,Positive,good_food,Breakfasts were tasty!,tasty_breakfasts,body,True,
380,,gt,Food,Positive,good_food,Breakfasts were tasty!,no_evident_not_tasty_breakfasts,cont,True,
380,,gt,Food,Negative,bad_food,More options for breakfast.,(no literals),,False,json_parse_error: Expecting value: line 1 column 1 (char 0)
381,,gt,Location,Positive,good_location,"great location,walking distance to the beach and close to the airport.",(no literals),,False,json_parse_error: Expecting value: line 1 column 1 (char 0)
381,,gt,Facility,Positive,good_facility,interior was clearly recently renovated.,recently_renovated_facility,body,True,
381,,gt,Facility,Positive,good_facility,interior was clearly recently renovated.,no_evident_not_recently_renovated_facility,cont,True,
381,,gt,Staff,Positive,good_staff,staff was very friendly,friendly_staff,body,True,
381,,gt,Staff,Positive,good_staff,staff was very friendly,no_evident_not_friendly_staff,cont,True,
382,,gt,Room,Positive,good_room,The room was clean.,clean_room,body,True,
382,,gt,Room,Positive,good_room,The room was clean.,no_evident_not_clean_room,cont,True,
382,,gt,Staff,Positive,good_staff,The hotel facilitated shuttle service from the airport for an additional cost based on my request. Maha was responsive and reachable via whatsap and was able to accommodate the needs for my stay.,(no literals),,False,json_parse_error: Expecting value: line 1 column 1 (char 0)
382,,gt,Facility,Positive,good_facility,The hotel also very kindly received a package on my behalf prior to my arrival.,(no literals),,False,json_parse_error: Expecting value: line 1 column 1 (char 0)
382,,gt,Location,Positive,good_location,The hotel is good for a layover in Larnaca as it is close to the airport and also allows you access to the beach at 7min walking distance.,(no literals),,False,json_parse_error: Expecting value: line 1 column 1 (char 0)
383,,gt,Staff,Positive,good_staff,Very friendly and helpful staff.,(no literals),,False,json_parse_error: Expecting value: line 1 column 1 (char 0)
383,,gt,Facility,Positive,good_facility,Clean facilities.,clean_facility,body,True,
383,,gt,Facility,Positive,good_facility,Clean facilities.,no_evident_not_clean_facility,cont,True,
383,,gt,Food,Positive,good_food,Good breakfast,good_breakfast,body,True,
383,,gt,Food,Positive,good_food,Good breakfast,no_evident_not_good_breakfast,cont,True,
384,,gt,Facility,Positive,good_facility,"Amazing hotel,",(no literals),,False,json_parse_error: Expecting value: line 1 column 1 (char 0)
384,,gt,Room,Positive,good_room,"new, clean,",new_room,body,True,
384,,gt,Room,Positive,good_room,"new, clean,",clean_room,body,True,
384,,gt,Room,Positive,good_room,"new, clean,",no_evident_not_new_room,cont,True,
384,,gt,Room,Positive,good_room,"new, clean,",no_evident_not_clean_room,cont,True,
384,,gt,Staff,Positive,good_staff,staff & management are great,(no literals),,False,json_parse_error: Expecting value: line 1 column 1 (char 0)
385,,gt,Staff,Positive,good_staff,Excellent service.,(no literals),,False,json_parse_error: Expecting value: line 1 column 1 (char 0)
386,,gt,Staff,Positive,good_staff,"The owners, Tony and Joanna were very friendly, welcoming and accommodating as was Richard at the bar/restaurant. Coming off of a US based cruise ship, we had forgotten converters to charge our phones but Tony had multiple for us to borrow. He even had a luggage scale for us as we prepared our suitcases for our departure back home.",(no literals),,False,json_parse_error: Expecting value: line 1 column 1 (char 0)
386,,gt,Food,Positive,good_food,"friendly, welcoming and accommodating as was Richard at the bar/restaurant.",(no literals),,True,
386,,gt,Room,Positive,good_room,The rooms were completely renovated and stunning with brand new air conditioning systems that chilled the rooms within minutes (we rented a 2 bedroom suite).,(no literals),,False,json_parse_error: Expecting value: line 1 column 1 (char 0)
386,,gt,Facility,Positive,good_facility,"Finally, the place was spotlessly clean!",(no literals),,False,json_parse_error: Expecting value: line 1 column 1 (char 0)
388,,gt,Staff,Positive,good_staff,Very friendly and effective employees and owners.,(no literals),,False,json_parse_error: Expecting value: line 1 column 1 (char 0)
388,,gt,Facility,Positive,good_facility,Brand new fittings and furniture.,(no literals),,False,json_parse_error: Expecting value: line 1 column 1 (char 0)
388,,gt,Location,Positive,good_location,Excellent location near the airport and the beach.,(no literals),,False,json_parse_error: Expecting value: line 1 column 1 (char 0)
388,,gt,Room,Positive,good_room,Very clean and quite.,clean_room,body,True,
388,,gt,Room,Positive,good_room,Very clean and quite.,quite_room,body,True,
388,,gt,Room,Positive,good_room,Very clean and quite.,no_evident_not_clean_room,cont,True,
388,,gt,Room,Positive,good_room,Very clean and quite.,no_evident_not_quite_room,cont,True,
389,,gt,Location,Positive,good_location,"Great location! Convenient to the airport and the beach. 5 minutes away from the airport and within walking distance to the beach, restaurants, and other amenities this is the place for you",(no literals),,False,json_parse_error: Expecting value: line 1 column 1 (char 0)
389,,gt,Staff,Positive,good_staff,Professional and friendly staff.,professional_staff,body,True,
389,,gt,Staff,Positive,good_staff,Professional and friendly staff.,friendly_staff,body,True,
389,,gt,Staff,Positive,good_staff,Professional and friendly staff.,no_evident_not_professional_staff,cont,True,
389,,gt,Staff,Positive,good_staff,Professional and friendly staff.,no_evident_not_friendly_staff,cont,True,
389,,gt,Facility,Positive,good_facility,"If you are looking to an affordable, clean hotel this is the place for you",affordable_hotel,body,True,
389,,gt,Facility,Positive,good_facility,"If you are looking to an affordable, clean hotel this is the place for you",clean_hotel,body,True,
389,,gt,Facility,Positive,good_facility,"If you are looking to an affordable, clean hotel this is the place for you",no_evident_not_affordable_hotel,cont,True,
389,,gt,Facility,Positive,good_facility,"If you are looking to an affordable, clean hotel this is the place for you",no_evident_not_clean_hotel,cont,True,
390,,gt,Staff,Positive,good_staff,Very good service,(no literals),,False,json_parse_error: Expecting value: line 1 column 1 (char 0)
391,,gt,Facility,Positive,good_facility,it is recently renovated building,recently_renovated_facility,body,True,
391,,gt,Facility,Positive,good_facility,it is recently renovated building,no_evident_not_recently_renovated_facility,cont,True,
391,,gt,Room,Positive,good_room,therefore the rooms were nice and clean.,nice_room,body,True,
391,,gt,Room,Positive,good_room,therefore the rooms were nice and clean.,clean_room,body,True,
391,,gt,Room,Positive,good_room,therefore the rooms were nice and clean.,no_evident_not_nice_room,cont,True,
391,,gt,Room,Positive,good_room,therefore the rooms were nice and clean.,no_evident_not_clean_room,cont,True,
391,,gt,Location,Positive,good_location,Mackenzie Beach promenade is 5 min walk.,close_to_mackenzie_beach_promenade,body,True,
391,,gt,Location,Positive,good_location,Mackenzie Beach promenade is 5 min walk.,five_min_walk,body,True,
391,,gt,Location,Positive,good_location,Mackenzie Beach promenade is 5 min walk.,no_evident_not_close_to_mackenzie_beach_promenade,cont,True,
391,,gt,Location,Positive,good_location,Mackenzie Beach promenade is 5 min walk.,no_evident_not_five_min_walk,cont,True,
391,,gt,Location,Negative,bad_location,close surroundings are not that exciting and clean,(no literals),,False,json_parse_error: Expecting value: line 1 column 1 (char 0)
392,,gt,Location,Positive,good_location,"Nice location,",nice_location,body,True,
392,,gt,Location,Positive,good_location,"Nice location,",no_evident_not_nice_location,cont,True,
392,,gt,Room,Positive,good_room,"excellent rooms,",excellent_rooms,body,True,
392,,gt,Room,Positive,good_room,"excellent rooms,",no_evident_not_excellent_rooms,cont,True,
392,,gt,Staff,Positive,good_staff,very friendly staff!,friendly_staff,body,True,
392,,gt,Staff,Positive,good_staff,very friendly staff!,no_evident_not_friendly_staff,cont,True,
393,,gt,Room,Positive,good_room,"Very clean & modern,",clean_room,body,True,
393,,gt,Room,Positive,good_room,"Very clean & modern,",modern_room,body,True,
393,,gt,Room,Positive,good_room,"Very clean & modern,",no_evident_not_clean_room,cont,True,
393,,gt,Room,Positive,good_room,"Very clean & modern,",no_evident_not_modern_room,cont,True,
393,,gt,Staff,Positive,good_staff,good customer service,(no literals),,False,json_parse_error: Expecting value: line 1 column 1 (char 0)
393,,gt,Food,Positive,good_food,and restaurant/bar very reasonably priced and quality,(no literals),,False,json_parse_error: Expecting value: line 1 column 1 (char 0)
394,,gt,Check-in,Positive,good_check_in,Check in was quick and easy,quick_check-in,body,True,
394,,gt,Check-in,Positive,good_check_in,Check in was quick and easy,easy_check-in,body,True,
394,,gt,Check-in,Positive,good_check_in,Check in was quick and easy,no_evident_not_quick_check-in,cont,True,
394,,gt,Check-in,Positive,good_check_in,Check in was quick and easy,no_evident_not_easy_check-in,cont,True,
394,,gt,Staff,Positive,good_staff,"Check in was quick and easy by polite, friendly hotel managers.",quick_staff,body,True,
394,,gt,Staff,Positive,good_staff,"Check in was quick and easy by polite, friendly hotel managers.",easy_staff,body,True,
394,,gt,Staff,Positive,good_staff,"Check in was quick and easy by polite, friendly hotel managers.",polite_staff,body,True,
394,,gt,Staff,Positive,good_staff,"Check in was quick and easy by polite, friendly hotel managers.",friendly_staff,body,True,
394,,gt,Staff,Positive,good_staff,"Check in was quick and easy by polite, friendly hotel managers.",no_evident_not_quick_staff,cont,True,
394,,gt,Staff,Positive,good_staff,"Check in was quick and easy by polite, friendly hotel managers.",no_evident_not_easy_staff,cont,True,
394,,gt,Staff,Positive,good_staff,"Check in was quick and easy by polite, friendly hotel managers.",no_evident_not_polite_staff,cont,True,
394,,gt,Staff,Positive,good_staff,"Check in was quick and easy by polite, friendly hotel managers.",no_evident_not_friendly_staff,cont,True,
394,,gt,Food,Positive,good_food,Great service by Richard (bar manager).,(no literals),,False,json_parse_error: Expecting value: line 1 column 1 (char 0)
394,,gt,Room,Positive,good_room,"Rooms very clean, good quality bed linen and towels, A/C, flat screen tv.",(no literals),,False,json_parse_error: Expecting value: line 1 column 1 (char 0)
394,,gt,Location,Positive,good_location,"Located 7 minutes walk from beach, restaurants and supermarket. Airport 10 mins by taxi. Larnaca centre 10 mins by bus or about 30 mins walking.",(no literals),,False,json_parse_error: Expecting value: line 1 column 1 (char 0)
395,,gt,Facility,Positive,good_facility,Amazing place to be honest!,(no literals),,False,json_parse_error: Expecting value: line 1 column 1 (char 0)
396,,gt,Room,Positive,good_room,"Very clean, nice renovated rooms,",clean_room,body,True,
396,,gt,Room,Positive,good_room,"Very clean, nice renovated rooms,",nice_room,body,True,
396,,gt,Room,Positive,good_room,"Very clean, nice renovated rooms,",renovated_room,body,True,
396,,gt,Room,Positive,good_room,"Very clean, nice renovated rooms,",no_evident_not_clean_room,cont,True,
396,,gt,Room,Positive,good_room,"Very clean, nice renovated rooms,",no_evident_not_nice_room,cont,True,
396,,gt,Room,Positive,good_room,"Very clean, nice renovated rooms,",no_evident_not_renovated_room,cont,True,
396,,gt,Staff,Positive,good_staff,staff was fantastic,fantastic_staff,body,True,
396,,gt,Staff,Positive,good_staff,staff was fantastic,no_evident_not_fantastic_staff,cont,True,
396,,gt,Price,Positive,good_price,and price was great,great_price,body,True,
396,,gt,Price,Positive,good_price,and price was great,no_evident_not_great_price,cont,True,
396,,gt,Facility,Negative,bad_facility,"Need some renovation in lobby and common areas, as well as for the elevator.
  During night lights in common areas didn't work well.",(no literals),,False,json_parse_error: Expecting value: line 1 column 1 (char 0)
398,,gt,Room,Positive,good_room,"Very modern and clean. Netflix in room an unexpected surprise, No views",(no literals),,False,json_parse_error: Expecting value: line 1 column 1 (char 0)
398,,gt,Room,Negative,bad_room,"Netflix in room an unexpected surprise, but beware, difficult to sign back out of your account!, No views, Room small. But I had the smallest I think.",small_room,body,True,
398,,gt,Room,Negative,bad_room,"Netflix in room an unexpected surprise, but beware, difficult to sign back out of your account!, No views, Room small. But I had the smallest I think.",difficult_to_sign_out_of_account_room,body,True,
398,,gt,Room,Negative,bad_room,"Netflix in room an unexpected surprise, but beware, difficult to sign back out of your account!, No views, Room small. But I had the smallest I think.",no_views_room,body,True,
398,,gt,Room,Negative,bad_room,"Netflix in room an unexpected surprise, but beware, difficult to sign back out of your account!, No views, Room small. But I had the smallest I think.",have_evident_small_room,cont,True,
398,,gt,Room,Negative,bad_room,"Netflix in room an unexpected surprise, but beware, difficult to sign back out of your account!, No views, Room small. But I had the smallest I think.",have_evident_difficult_to_sign_out_of_account_room,cont,True,
398,,gt,Room,Negative,bad_room,"Netflix in room an unexpected surprise, but beware, difficult to sign back out of your account!, No views, Room small. But I had the smallest I think.",have_evident_no_views_room,cont,True,
398,,gt,Location,Positive,good_location,but a short walk to nice beach bars. Close to airport.,close_to_beach_bars,body,True,
398,,gt,Location,Positive,good_location,but a short walk to nice beach bars. Close to airport.,close_to_airport,body,True,
398,,gt,Location,Positive,good_location,but a short walk to nice beach bars. Close to airport.,no_evident_not_close_to_beach_bars,cont,True,
398,,gt,Location,Positive,good_location,but a short walk to nice beach bars. Close to airport.,no_evident_not_close_to_airport,cont,True,
399,,gt,Staff,Positive,good_staff,Amazing staff. I met the owners at the reception and they took care of my girl,amazing_staff,body,True,
399,,gt,Staff,Positive,good_staff,Amazing staff. I met the owners at the reception and they took care of my girl,caring_staff,body,True,
399,,gt,Staff,Positive,good_staff,Amazing staff. I met the owners at the reception and they took care of my girl,no_evident_not_amazing_staff,cont,True,
399,,gt,Staff,Positive,good_staff,Amazing staff. I met the owners at the reception and they took care of my girl,no_evident_not_caring_staff,cont,True,
399,,gt,Room,Positive,good_room,and the room was clean and ready by 12 to check in.,clean_room,body,True,
399,,gt,Room,Positive,good_room,and the room was clean and ready by 12 to check in.,ready_room,body,True,
399,,gt,Room,Positive,good_room,and the room was clean and ready by 12 to check in.,no_evident_not_clean_room,cont,True,
399,,gt,Room,Positive,good_room,and the room was clean and ready by 12 to check in.,no_evident_not_ready_room,cont,True,
399,,gt,Check-in,Positive,good_check_in,and the room was clean and ready by 12 to check in.,(no literals),,False,json_parse_error: Expecting value: line 1 column 1 (char 0)
400,,gt,Food,Positive,good_food,"the personnel, especially the Chief. He is real professional, was always trying to prepare for us traditional vegan dishes of local cuisine (always delicious!).",traditional,body,True,
400,,gt,Food,Positive,good_food,"the personnel, especially the Chief. He is real professional, was always trying to prepare for us traditional vegan dishes of local cuisine (always delicious!).",local,body,True,
400,,gt,Food,Positive,good_food,"the personnel, especially the Chief. He is real professional, was always trying to prepare for us traditional vegan dishes of local cuisine (always delicious!).",delicious,body,True,
400,,gt,Food,Positive,good_food,"the personnel, especially the Chief. He is real professional, was always trying to prepare for us traditional vegan dishes of local cuisine (always delicious!).",vegan,body,True,
400,,gt,Food,Positive,good_food,"the personnel, especially the Chief. He is real professional, was always trying to prepare for us traditional vegan dishes of local cuisine (always delicious!).",no_evident_not_traditional,cont,True,
400,,gt,Food,Positive,good_food,"the personnel, especially the Chief. He is real professional, was always trying to prepare for us traditional vegan dishes of local cuisine (always delicious!).",no_evident_not_local,cont,True,
400,,gt,Food,Positive,good_food,"the personnel, especially the Chief. He is real professional, was always trying to prepare for us traditional vegan dishes of local cuisine (always delicious!).",no_evident_not_delicious,cont,True,
400,,gt,Food,Positive,good_food,"the personnel, especially the Chief. He is real professional, was always trying to prepare for us traditional vegan dishes of local cuisine (always delicious!).",no_evident_not_vegan,cont,True,
400,,gt,Staff,Positive,good_staff,"More over, he was very friendly and kind-hearted to us, recommending places of interest, routes e.t.c.",friendly_staff,body,True,
400,,gt,Staff,Positive,good_staff,"More over, he was very friendly and kind-hearted to us, recommending places of interest, routes e.t.c.",kind_hearted_staff,body,True,
400,,gt,Staff,Positive,good_staff,"More over, he was very friendly and kind-hearted to us, recommending places of interest, routes e.t.c.",no_evident_not_friendly_staff,cont,True,
400,,gt,Staff,Positive,good_staff,"More over, he was very friendly and kind-hearted to us, recommending places of interest, routes e.t.c.",no_evident_not_kind_hearted_staff,cont,True,
400,,gt,Room,Negative,bad_room,"It would be great to have a clothes dryer at the balcony or in the bathroom, because after the swimming nowhere to dry the wet clothes and towels. After the room cleaning, most hotels provide a bottle of water. We had one bottle only after check in and none for the rest 5 nights.",(no literals),,False,json_parse_error: Expecting value: line 1 column 1 (char 0)
401,,gt,Room,Positive,good_room,The room was fresh and clean.,fresh_room,body,True,
401,,gt,Room,Positive,good_room,The room was fresh and clean.,clean_room,body,True,
401,,gt,Room,Positive,good_room,The room was fresh and clean.,no_evident_not_fresh_room,cont,True,
401,,gt,Room,Positive,good_room,The room was fresh and clean.,no_evident_not_clean_room,cont,True,
401,,gt,Staff,Positive,good_staff,Friendly staff.,(no literals),,False,json_parse_error: Expecting value: line 1 column 1 (char 0)
402,,gt,Location,Positive,good_location,near Mackenzie Beach just 2 min walk.,(no literals),,False,json_parse_error: Expecting value: line 1 column 1 (char 0)
402,,gt,Staff,Positive,good_staff,"The staff is superb,",superb_staff,body,True,
402,,gt,Staff,Positive,good_staff,"The staff is superb,",no_evident_not_superb_staff,cont,True,
402,,gt,Room,Positive,good_room,clean and spacious rooms.,clean_room,body,True,
402,,gt,Room,Positive,good_room,clean and spacious rooms.,spacious_room,body,True,
402,,gt,Room,Positive,good_room,clean and spacious rooms.,no_evident_not_clean_room,cont,True,
402,,gt,Room,Positive,good_room,clean and spacious rooms.,no_evident_not_spacious_room,cont,True,
403,,gt,Staff,Positive,good_staff,"Very good team
  Good hospitality
 Smiling and willing people.",(no literals),,False,json_parse_error: Expecting value: line 1 column 1 (char 0)
404,,gt,Room,Negative,bad_room,A bit small rooms,small_rooms,body,True,
404,,gt,Room,Negative,bad_room,A bit small rooms,have_evident_small_rooms,cont,True,
405,,gt,Staff,Positive,good_staff,The owners (mum&children from lebanon) are very kind and ready to help even they invite you to sit with them and relax with a drink at night!,(no literals),,False,json_parse_error: Expecting value: line 1 column 1 (char 0)
405,,gt,Room,Positive,good_room,The rooms are brand new very good bedding!,(no literals),,False,json_parse_error: Expecting value: line 1 column 1 (char 0)
405,,gt,Food,Positive,good_food,"Furthermore, i can speak about richard the chef of the hotel! He makes you feel like you know each other years before..!he is kind polite ready to help you with whatever you want to eat and drink! Delicious food",delicious_food,body,True,
405,,gt,Food,Positive,good_food,"Furthermore, i can speak about richard the chef of the hotel! He makes you feel like you know each other years before..!he is kind polite ready to help you with whatever you want to eat and drink! Delicious food",no_evident_not_delicious_food,cont,True,
405,,gt,Facility,Positive,good_facility,Delicious food and 5* facilities!,(no literals),,False,json_parse_error: Expecting value: line 1 column 1 (char 0)
406,,gt,Facility,Positive,good_facility,New hotel,(no literals),,False,json_parse_error: Expecting value: line 1 column 1 (char 0)
406,,gt,Room,Positive,good_room,"so everything is modern and clean (and good bed linen, furniture)",(no literals),,False,json_parse_error: Expecting value: line 1 column 1 (char 0)
406,,gt,Location,Positive,good_location,5 minutes walk to Makkenzy beach (with planes landing just above you),(no literals),,False,json_parse_error: Expecting value: line 1 column 1 (char 0)
406,,gt,Room,Negative,bad_room,"The lock on the balcony's door was broken (however they sayd ""we repaired it"" when I asked it wasn't done, the lock wasn't closing as it should), and the noise from the street was entering to my room through the ""crack"". I almost broke the showers door, cause when you open the shower the door touches the toilet",(no literals),,False,json_parse_error: Expecting value: line 1 column 1 (char 0)
407,,gt,Room,Positive,good_room,"Nice modern bedroom,",nice_room,body,True,
407,,gt,Room,Positive,good_room,"Nice modern bedroom,",modern_room,body,True,
407,,gt,Room,Positive,good_room,"Nice modern bedroom,",no_evident_not_nice_room,cont,True,
407,,gt,Room,Positive,good_room,"Nice modern bedroom,",no_evident_not_modern_room,cont,True,
407,,gt,Food,Positive,good_food,nice greek breakfast,nice_breakfast,body,True,
407,,gt,Food,Positive,good_food,nice greek breakfast,greek_breakfast,body,True,
407,,gt,Food,Positive,good_food,nice greek breakfast,no_evident_not_nice_breakfast,cont,True,
407,,gt,Food,Positive,good_food,nice greek breakfast,no_evident_not_greek_breakfast,cont,True,
407,,gt,Location,Positive,good_location,"and hotel great location,",great_location,body,True,
407,,gt,Location,Positive,good_location,"and hotel great location,",no_evident_not_great_location,cont,True,
408,,gt,Facility,Positive,good_facility,A wonderful place run by wonderful people!,(no literals),,False,json_parse_error: Expecting value: line 1 column 1 (char 0)
408,,gt,Staff,Positive,good_staff,A wonderful place run by wonderful people!,(no literals),,False,json_parse_error: Expecting value: line 1 column 1 (char 0)
409,,gt,Facility,Positive,good_facility,This hotel was excellent and exceeded all my expectations.,excellent_facility,body,True,
409,,gt,Facility,Positive,good_facility,This hotel was excellent and exceeded all my expectations.,no_evident_not_excellent_facility,cont,True,
409,,gt,Food,Positive,good_food,"The restaurant had delicious food, the service was incredible,",delicious_food,body,True,
409,,gt,Food,Positive,good_food,"The restaurant had delicious food, the service was incredible,",no_evident_not_delicious_food,cont,True,
409,,gt,Room,Positive,good_room,rooms were to a very high standard and clean.,high_standard_room,body,True,
409,,gt,Room,Positive,good_room,rooms were to a very high standard and clean.,clean_room,body,True,
409,,gt,Room,Positive,good_room,rooms were to a very high standard and clean.,no_evident_not_high_standard_room,cont,True,
409,,gt,Room,Positive,good_room,rooms were to a very high standard and clean.,no_evident_not_clean_room,cont,True,
409,,gt,Staff,Positive,good_staff,"I am very pleased to stay here and grateful for the staff, they have been helpful, kind and professional.",(no literals),,False,json_parse_error: Expecting value: line 1 column 1 (char 0)
410,,gt,Location,Positive,good_location,"The location is amazing. Being close to the airport in Larnaka makes travelling easier. Also being right next to the Salt Lake is a must-see especially if there is a good sunset. 
  Within a 10 minute walk you can be on MacKenzie beach which is well maintained and cleaner than other beaches we seen in Larnaka. The hotel is next to a bus stop for travelling between downtown and other locations. Very handy since we didn’t hire a car.",(no literals),,False,json_parse_error: Expecting value: line 1 column 1 (char 0)
410,,gt,Staff,Positive,good_staff,"The staff make this hotel great. They are friendly, warm, helpful. Always willing to do more to make the guest have a better stay.",(no literals),,False,json_parse_error: Expecting value: line 1 column 1 (char 0)
410,,gt,Room,Positive,good_room,"The recently renovated room is about as clean as it could be. The facilities are modern and new. The shower is amazing for couples to use together. The balcony is a nice addition to an already fresh, well presented room. 
  The double bed is extremely comfortable and the new bedding was a delight. It is hard to get a comfortable sheet to sleep with in a country as warm as Cyprus but we were happy with everything offered by the hotel. 
  The minibar was extremely reasonably priced and well stocked. 
  Aircon perfect, easy to use. 
  Wifi great when we used it.",clean_room,body,True,
410,,gt,Room,Positive,good_room,"The recently renovated room is about as clean as it could be. The facilities are modern and new. The shower is amazing for couples to use together. The balcony is a nice addition to an already fresh, well presented room. 
  The double bed is extremely comfortable and the new bedding was a delight. It is hard to get a comfortable sheet to sleep with in a country as warm as Cyprus but we were happy with everything offered by the hotel. 
  The minibar was extremely reasonably priced and well stocked. 
  Aircon perfect, easy to use. 
  Wifi great when we used it.",modern_room,body,True,
410,,gt,Room,Positive,good_room,"The recently renovated room is about as clean as it could be. The facilities are modern and new. The shower is amazing for couples to use together. The balcony is a nice addition to an already fresh, well presented room. 
  The double bed is extremely comfortable and the new bedding was a delight. It is hard to get a comfortable sheet to sleep with in a country as warm as Cyprus but we were happy with everything offered by the hotel. 
  The minibar was extremely reasonably priced and well stocked. 
  Aircon perfect, easy to use. 
  Wifi great when we used it.",fresh_room,body,True,
410,,gt,Room,Positive,good_room,"The recently renovated room is about as clean as it could be. The facilities are modern and new. The shower is amazing for couples to use together. The balcony is a nice addition to an already fresh, well presented room. 
  The double bed is extremely comfortable and the new bedding was a delight. It is hard to get a comfortable sheet to sleep with in a country as warm as Cyprus but we were happy with everything offered by the hotel. 
  The minibar was extremely reasonably priced and well stocked. 
  Aircon perfect, easy to use. 
  Wifi great when we used it.",well_presented_room,body,True,
410,,gt,Room,Positive,good_room,"The recently renovated room is about as clean as it could be. The facilities are modern and new. The shower is amazing for couples to use together. The balcony is a nice addition to an already fresh, well presented room. 
  The double bed is extremely comfortable and the new bedding was a delight. It is hard to get a comfortable sheet to sleep with in a country as warm as Cyprus but we were happy with everything offered by the hotel. 
  The minibar was extremely reasonably priced and well stocked. 
  Aircon perfect, easy to use. 
  Wifi great when we used it.",comfortable_bed,body,True,
410,,gt,Room,Positive,good_room,"The recently renovated room is about as clean as it could be. The facilities are modern and new. The shower is amazing for couples to use together. The balcony is a nice addition to an already fresh, well presented room. 
  The double bed is extremely comfortable and the new bedding was a delight. It is hard to get a comfortable sheet to sleep with in a country as warm as Cyprus but we were happy with everything offered by the hotel. 
  The minibar was extremely reasonably priced and well stocked. 
  Aircon perfect, easy to use. 
  Wifi great when we used it.",new_bedding,body,True,
410,,gt,Room,Positive,good_room,"The recently renovated room is about as clean as it could be. The facilities are modern and new. The shower is amazing for couples to use together. The balcony is a nice addition to an already fresh, well presented room. 
  The double bed is extremely comfortable and the new bedding was a delight. It is hard to get a comfortable sheet to sleep with in a country as warm as Cyprus but we were happy with everything offered by the hotel. 
  The minibar was extremely reasonably priced and well stocked. 
  Aircon perfect, easy to use. 
  Wifi great when we used it.",well_stocked_minibar,body,True,
410,,gt,Room,Positive,good_room,"The recently renovated room is about as clean as it could be. The facilities are modern and new. The shower is amazing for couples to use together. The balcony is a nice addition to an already fresh, well presented room. 
  The double bed is extremely comfortable and the new bedding was a delight. It is hard to get a comfortable sheet to sleep with in a country as warm as Cyprus but we were happy with everything offered by the hotel. 
  The minibar was extremely reasonably priced and well stocked. 
  Aircon perfect, easy to use. 
  Wifi great when we used it.",reasonably_priced_minibar,body,True,
410,,gt,Room,Positive,good_room,"The recently renovated room is about as clean as it could be. The facilities are modern and new. The shower is amazing for couples to use together. The balcony is a nice addition to an already fresh, well presented room. 
  The double bed is extremely comfortable and the new bedding was a delight. It is hard to get a comfortable sheet to sleep with in a country as warm as Cyprus but we were happy with everything offered by the hotel. 
  The minibar was extremely reasonably priced and well stocked. 
  Aircon perfect, easy to use. 
  Wifi great when we used it.",perfect_aircon,body,True,
410,,gt,Room,Positive,good_room,"The recently renovated room is about as clean as it could be. The facilities are modern and new. The shower is amazing for couples to use together. The balcony is a nice addition to an already fresh, well presented room. 
  The double bed is extremely comfortable and the new bedding was a delight. It is hard to get a comfortable sheet to sleep with in a country as warm as Cyprus but we were happy with everything offered by the hotel. 
  The minibar was extremely reasonably priced and well stocked. 
  Aircon perfect, easy to use. 
  Wifi great when we used it.",easy_to_use_aircon,body,True,
410,,gt,Room,Positive,good_room,"The recently renovated room is about as clean as it could be. The facilities are modern and new. The shower is amazing for couples to use together. The balcony is a nice addition to an already fresh, well presented room. 
  The double bed is extremely comfortable and the new bedding was a delight. It is hard to get a comfortable sheet to sleep with in a country as warm as Cyprus but we were happy with everything offered by the hotel. 
  The minibar was extremely reasonably priced and well stocked. 
  Aircon perfect, easy to use. 
  Wifi great when we used it.",great_wifi,body,True,
410,,gt,Room,Positive,good_room,"The recently renovated room is about as clean as it could be. The facilities are modern and new. The shower is amazing for couples to use together. The balcony is a nice addition to an already fresh, well presented room. 
  The double bed is extremely comfortable and the new bedding was a delight. It is hard to get a comfortable sheet to sleep with in a country as warm as Cyprus but we were happy with everything offered by the hotel. 
  The minibar was extremely reasonably priced and well stocked. 
  Aircon perfect, easy to use. 
  Wifi great when we used it.",no_evident_not_clean_room,cont,True,
410,,gt,Room,Positive,good_room,"The recently renovated room is about as clean as it could be. The facilities are modern and new. The shower is amazing for couples to use together. The balcony is a nice addition to an already fresh, well presented room. 
  The double bed is extremely comfortable and the new bedding was a delight. It is hard to get a comfortable sheet to sleep with in a country as warm as Cyprus but we were happy with everything offered by the hotel. 
  The minibar was extremely reasonably priced and well stocked. 
  Aircon perfect, easy to use. 
  Wifi great when we used it.",no_evident_not_modern_room,cont,True,
410,,gt,Room,Positive,good_room,"The recently renovated room is about as clean as it could be. The facilities are modern and new. The shower is amazing for couples to use together. The balcony is a nice addition to an already fresh, well presented room. 
  The double bed is extremely comfortable and the new bedding was a delight. It is hard to get a comfortable sheet to sleep with in a country as warm as Cyprus but we were happy with everything offered by the hotel. 
  The minibar was extremely reasonably priced and well stocked. 
  Aircon perfect, easy to use. 
  Wifi great when we used it.",no_evident_not_fresh_room,cont,True,
410,,gt,Room,Positive,good_room,"The recently renovated room is about as clean as it could be. The facilities are modern and new. The shower is amazing for couples to use together. The balcony is a nice addition to an already fresh, well presented room. 
  The double bed is extremely comfortable and the new bedding was a delight. It is hard to get a comfortable sheet to sleep with in a country as warm as Cyprus but we were happy with everything offered by the hotel. 
  The minibar was extremely reasonably priced and well stocked. 
  Aircon perfect, easy to use. 
  Wifi great when we used it.",no_evident_not_well_presented_room,cont,True,
410,,gt,Room,Positive,good_room,"The recently renovated room is about as clean as it could be. The facilities are modern and new. The shower is amazing for couples to use together. The balcony is a nice addition to an already fresh, well presented room. 
  The double bed is extremely comfortable and the new bedding was a delight. It is hard to get a comfortable sheet to sleep with in a country as warm as Cyprus but we were happy with everything offered by the hotel. 
  The minibar was extremely reasonably priced and well stocked. 
  Aircon perfect, easy to use. 
  Wifi great when we used it.",no_evident_not_comfortable_bed,cont,True,
410,,gt,Room,Positive,good_room,"The recently renovated room is about as clean as it could be. The facilities are modern and new. The shower is amazing for couples to use together. The balcony is a nice addition to an already fresh, well presented room. 
  The double bed is extremely comfortable and the new bedding was a delight. It is hard to get a comfortable sheet to sleep with in a country as warm as Cyprus but we were happy with everything offered by the hotel. 
  The minibar was extremely reasonably priced and well stocked. 
  Aircon perfect, easy to use. 
  Wifi great when we used it.",no_evident_not_new_bedding,cont,True,
410,,gt,Room,Positive,good_room,"The recently renovated room is about as clean as it could be. The facilities are modern and new. The shower is amazing for couples to use together. The balcony is a nice addition to an already fresh, well presented room. 
  The double bed is extremely comfortable and the new bedding was a delight. It is hard to get a comfortable sheet to sleep with in a country as warm as Cyprus but we were happy with everything offered by the hotel. 
  The minibar was extremely reasonably priced and well stocked. 
  Aircon perfect, easy to use. 
  Wifi great when we used it.",no_evident_not_well_stocked_minibar,cont,True,
410,,gt,Room,Positive,good_room,"The recently renovated room is about as clean as it could be. The facilities are modern and new. The shower is amazing for couples to use together. The balcony is a nice addition to an already fresh, well presented room. 
  The double bed is extremely comfortable and the new bedding was a delight. It is hard to get a comfortable sheet to sleep with in a country as warm as Cyprus but we were happy with everything offered by the hotel. 
  The minibar was extremely reasonably priced and well stocked. 
  Aircon perfect, easy to use. 
  Wifi great when we used it.",no_evident_not_reasonably_priced_minibar,cont,True,
410,,gt,Room,Positive,good_room,"The recently renovated room is about as clean as it could be. The facilities are modern and new. The shower is amazing for couples to use together. The balcony is a nice addition to an already fresh, well presented room. 
  The double bed is extremely comfortable and the new bedding was a delight. It is hard to get a comfortable sheet to sleep with in a country as warm as Cyprus but we were happy with everything offered by the hotel. 
  The minibar was extremely reasonably priced and well stocked. 
  Aircon perfect, easy to use. 
  Wifi great when we used it.",no_evident_not_perfect_aircon,cont,True,
410,,gt,Room,Positive,good_room,"The recently renovated room is about as clean as it could be. The facilities are modern and new. The shower is amazing for couples to use together. The balcony is a nice addition to an already fresh, well presented room. 
  The double bed is extremely comfortable and the new bedding was a delight. It is hard to get a comfortable sheet to sleep with in a country as warm as Cyprus but we were happy with everything offered by the hotel. 
  The minibar was extremely reasonably priced and well stocked. 
  Aircon perfect, easy to use. 
  Wifi great when we used it.",no_evident_not_easy_to_use_aircon,cont,True,
410,,gt,Room,Positive,good_room,"The recently renovated room is about as clean as it could be. The facilities are modern and new. The shower is amazing for couples to use together. The balcony is a nice addition to an already fresh, well presented room. 
  The double bed is extremely comfortable and the new bedding was a delight. It is hard to get a comfortable sheet to sleep with in a country as warm as Cyprus but we were happy with everything offered by the hotel. 
  The minibar was extremely reasonably priced and well stocked. 
  Aircon perfect, easy to use. 
  Wifi great when we used it.",no_evident_not_great_wifi,cont,True,
410,,gt,Facility,Positive,good_facility,The front of the hotel is an extremely nice place to unwind in the evening.,extremely_nice_facility,body,True,
410,,gt,Facility,Positive,good_facility,The front of the hotel is an extremely nice place to unwind in the evening.,place_to_unwind_in_the_evening_facility,body,True,
410,,gt,Facility,Positive,good_facility,The front of the hotel is an extremely nice place to unwind in the evening.,no_evident_not_extremely_nice_facility,cont,True,
410,,gt,Facility,Positive,good_facility,The front of the hotel is an extremely nice place to unwind in the evening.,no_evident_not_place_to_unwind_in_the_evening_facility,cont,True,
410,,gt,Room,Negative,bad_room,Minor point: a bar for hanging clothes in the room was the only thing we felt was missing to improve our stay.,(no literals),,False,json_parse_error: Expecting value: line 1 column 1 (char 0)
412,,gt,Room,Positive,good_room,"Superbly refurbished, with high-tech displays “clean/DnD” outside.",(no literals),,False,json_parse_error: Expecting value: line 1 column 1 (char 0)
412,,gt,Facility,Negative,bad_facility,Taller people be careful of doorway leading to elevator - being 190 i head-bumped…,(no literals),,False,json_parse_error: Expecting value: line 1 column 1 (char 0)
414,,gt,Staff,Positive,good_staff,"Great staff,",great_staff,body,True,
414,,gt,Staff,Positive,good_staff,"Great staff,",no_evident_not_great_staff,cont,True,
414,,gt,Room,Positive,good_room,"very clean and modern rooms,",(no literals),,False,json_parse_error: Expecting value: line 1 column 1 (char 0)
414,,gt,Price,Positive,good_price,great value,great_value,body,True,
414,,gt,Price,Positive,good_price,great value,no_evident_not_great_value,cont,True,
415,,gt,Location,Positive,good_location,"Walking distance from the Mackenzie beach, beach lounges and restaurants..",(no literals),,False,json_parse_error: Expecting value: line 1 column 1 (char 0)
415,,gt,Facility,Positive,good_facility,the hotel and room were super clean.,(no literals),,False,json_parse_error: Expecting value: line 1 column 1 (char 0)
415,,gt,Room,Positive,good_room,the hotel and room were super clean.,clean_room,body,True,
415,,gt,Room,Positive,good_room,the hotel and room were super clean.,no_evident_not_clean_room,cont,True,
415,,gt,Staff,Positive,good_staff,The staff were really welcoming,welcoming_staff,body,True,
415,,gt,Staff,Positive,good_staff,The staff were really welcoming,no_evident_not_welcoming_staff,cont,True,
415,,gt,Food,Positive,good_food,and breakfast was awesome.,awesome_breakfast,body,True,
415,,gt,Food,Positive,good_food,and breakfast was awesome.,no_evident_not_awesome_breakfast,cont,True,
416,,gt,Staff,Positive,good_staff,The staff and hosts were great!,(no literals),,False,json_parse_error: Expecting value: line 1 column 1 (char 0)
416,,gt,Facility,Positive,good_facility,Quiet place! Pet friendly!,quiet_facility,body,True,
416,,gt,Facility,Positive,good_facility,Quiet place! Pet friendly!,pet_friendly_facility,body,True,
416,,gt,Facility,Positive,good_facility,Quiet place! Pet friendly!,no_evident_not_quiet_facility,cont,True,
416,,gt,Facility,Positive,good_facility,Quiet place! Pet friendly!,no_evident_not_pet_friendly_facility,cont,True,
416,,gt,Price,Positive,good_price,Value for money!,value_for_money,body,True,
416,,gt,Price,Positive,good_price,Value for money!,no_evident_not_value_for_money,cont,True,
417,,gt,Location,Positive,good_location,Close to airport - just 7-10 min by taxi (15€).,close_to_airport,body,True,
417,,gt,Location,Positive,good_location,Close to airport - just 7-10 min by taxi (15€).,no_evident_not_close_to_airport,cont,True,
417,,gt,Room,Positive,good_room,"Clean, fresh rooms with all you need for overnight stay.",(no literals),,False,json_parse_error: Expecting value: line 1 column 1 (char 0)
417,,gt,Staff,Positive,good_staff,Very friendly staff.,friendly_staff,body,True,
417,,gt,Staff,Positive,good_staff,Very friendly staff.,no_evident_not_friendly_staff,cont,True,
418,,gt,Room,Negative,bad_room,The bottle with hair/body wash was empty. Aircon had just one uncontrolled speed. There were no adapters for CY sockets. The blanket was too warm for summer night.,(no literals),,False,json_parse_error: Expecting value: line 1 column 1 (char 0)
419,,gt,Staff,Positive,good_staff,"Very friendly and helpful staff,",friendly_staff,body,True,
419,,gt,Staff,Positive,good_staff,"Very friendly and helpful staff,",helpful_staff,body,True,
419,,gt,Staff,Positive,good_staff,"Very friendly and helpful staff,",no_evident_not_friendly_staff,cont,True,
419,,gt,Staff,Positive,good_staff,"Very friendly and helpful staff,",no_evident_not_helpful_staff,cont,True,
419,,gt,Room,Positive,good_room,"comfortable rooms,",(no literals),,False,json_parse_error: Expecting value: line 1 column 1 (char 0)
419,,gt,Location,Positive,good_location,great location.,great_location,body,True,
419,,gt,Location,Positive,good_location,great location.,no_evident_not_great_location,cont,True,
420,,gt,Location,Negative,bad_location,A LITTLE BIT FAR FROM SEA,far_from_sea,body,True,
420,,gt,Location,Negative,bad_location,A LITTLE BIT FAR FROM SEA,have_evident_far_from_sea,cont,True,
421,,gt,Location,Positive,good_location,"steps to Makenzy beach, cafés, and restaurants. Easy access to nightlife.",(no literals),,False,json_parse_error: Expecting value: line 1 column 1 (char 0)
421,,gt,Facility,Positive,good_facility,The building is very clean and made for a comfortable stay.,clean_facility,body,True,
421,,gt,Facility,Positive,good_facility,The building is very clean and made for a comfortable stay.,comfortable_facility,body,True,
421,,gt,Facility,Positive,good_facility,The building is very clean and made for a comfortable stay.,no_evident_not_clean_facility,cont,True,
421,,gt,Facility,Positive,good_facility,The building is very clean and made for a comfortable stay.,no_evident_not_comfortable_facility,cont,True,
421,,gt,Staff,Positive,good_staff,The staff made me feel welcome and was very helpful when asking about things to do.,(no literals),,False,json_parse_error: Expecting value: line 1 column 1 (char 0)
422,,gt,Facility,Positive,good_facility,"This hotel is very new and completely renovated. It’s spotless clean, comfortable. Free parking,",(no literals),,False,json_parse_error: Expecting value: line 1 column 1 (char 0)
422,,gt,Staff,Positive,good_staff,and very good service from the family that owns it. We felt very welcome.,good_service,body,True,
422,,gt,Staff,Positive,good_staff,and very good service from the family that owns it. We felt very welcome.,welcoming_staff,body,True,
422,,gt,Staff,Positive,good_staff,and very good service from the family that owns it. We felt very welcome.,no_evident_not_good_service,cont,True,
422,,gt,Staff,Positive,good_staff,and very good service from the family that owns it. We felt very welcome.,no_evident_not_welcoming_staff,cont,True,
422,,gt,Room,Positive,good_room,he room is completely new and very clean. The mini bar was really well equipped and very cheap.,new_room,body,True,
422,,gt,Room,Positive,good_room,he room is completely new and very clean. The mini bar was really well equipped and very cheap.,clean_room,body,True,
422,,gt,Room,Positive,good_room,he room is completely new and very clean. The mini bar was really well equipped and very cheap.,well_equipped_mini_bar,body,True,
422,,gt,Room,Positive,good_room,he room is completely new and very clean. The mini bar was really well equipped and very cheap.,cheap_mini_bar,body,True,
422,,gt,Room,Positive,good_room,he room is completely new and very clean. The mini bar was really well equipped and very cheap.,no_evident_not_new_room,cont,True,
422,,gt,Room,Positive,good_room,he room is completely new and very clean. The mini bar was really well equipped and very cheap.,no_evident_not_clean_room,cont,True,
422,,gt,Room,Positive,good_room,he room is completely new and very clean. The mini bar was really well equipped and very cheap.,no_evident_not_well_equipped_mini_bar,cont,True,
422,,gt,Room,Positive,good_room,he room is completely new and very clean. The mini bar was really well equipped and very cheap.,no_evident_not_cheap_mini_bar,cont,True,
422,,gt,Location,Positive,good_location,close to the city and very accessible by any transportation.,close_to_city,body,True,
422,,gt,Location,Positive,good_location,close to the city and very accessible by any transportation.,accessible_by_any_transportation,body,True,
422,,gt,Location,Positive,good_location,close to the city and very accessible by any transportation.,no_evident_not_close_to_city,cont,True,
422,,gt,Location,Positive,good_location,close to the city and very accessible by any transportation.,no_evident_not_accessible_by_any_transportation,cont,True,
423,,gt,Staff,Positive,good_staff,Staff was amazing and very welcoming.,amazing_staff,body,True,
423,,gt,Staff,Positive,good_staff,Staff was amazing and very welcoming.,welcoming_staff,body,True,
423,,gt,Staff,Positive,good_staff,Staff was amazing and very welcoming.,no_evident_not_amazing_staff,cont,True,
423,,gt,Staff,Positive,good_staff,Staff was amazing and very welcoming.,no_evident_not_welcoming_staff,cont,True,
423,,gt,Room,Positive,good_room,Rooms are so clean and comfortable with variety of snacks at very affordable price.,(no literals),,False,json_parse_error: Expecting value: line 1 column 1 (char 0)
423,,gt,Location,Positive,good_location,Walking distance from the beach and very easy access to public transportation,(no literals),,False,json_parse_error: Expecting value: line 1 column 1 (char 0)
424,,gt,Room,Positive,good_room,Family room that fits a family of five.,(no literals),,False,json_parse_error: Expecting value: line 1 column 1 (char 0)
424,,gt,Food,Positive,good_food,Fantastic breakfast.,fantastic_breakfast,body,True,
424,,gt,Food,Positive,good_food,Fantastic breakfast.,no_evident_not_fantastic_breakfast,cont,True,
424,,gt,Location,Positive,good_location,Close to jogging trails along the lake and close to the airport.,(no literals),,False,json_parse_error: Expecting value: line 1 column 1 (char 0)
424,,gt,Staff,Positive,good_staff,Plus a super friendly staff.,(no literals),,False,json_parse_error: Expecting value: line 1 column 1 (char 0)
425,,gt,Room,Positive,good_room,The room sizes were excellent for the wheelchair.,(no literals),,False,json_parse_error: Expecting value: line 1 column 1 (char 0)
425,,gt,Facility,Positive,good_facility,"The hotel was airy and light.
  The hotel was nice and very clean.",airy_hotel,body,True,
425,,gt,Facility,Positive,good_facility,"The hotel was airy and light.
  The hotel was nice and very clean.",light_hotel,body,True,
425,,gt,Facility,Positive,good_facility,"The hotel was airy and light.
  The hotel was nice and very clean.",nice_hotel,body,True,
425,,gt,Facility,Positive,good_facility,"The hotel was airy and light.
  The hotel was nice and very clean.",clean_hotel,body,True,
425,,gt,Facility,Positive,good_facility,"The hotel was airy and light.
  The hotel was nice and very clean.",no_evident_not_airy_hotel,cont,True,
425,,gt,Facility,Positive,good_facility,"The hotel was airy and light.
  The hotel was nice and very clean.",no_evident_not_light_hotel,cont,True,
425,,gt,Facility,Positive,good_facility,"The hotel was airy and light.
  The hotel was nice and very clean.",no_evident_not_nice_hotel,cont,True,
425,,gt,Facility,Positive,good_facility,"The hotel was airy and light.
  The hotel was nice and very clean.",no_evident_not_clean_hotel,cont,True,
425,,gt,Location,Positive,good_location,It was great accessibility to where we wanted to be.,great_accessibility,body,True,
425,,gt,Location,Positive,good_location,It was great accessibility to where we wanted to be.,no_evident_not_great_accessibility,cont,True,
425,,gt,Food,Negative,bad_food,The breakfast could have had more variety. They had no cereal on offer at all. They had no ordinary tea on offer. It was al Earl Grey. No proper plan tea.,(no literals),,False,json_parse_error: Expecting value: line 1 column 1 (char 0)
425,,gt,Facility,Negative,bad_facility,This hotel is accessible to wheelchairs but there ramps are not to EU regulations. VERY STEEP. They really need to sort this. The ramp right outside is very dangerous. I am surprised I wasn't wheeled of this ramp.,accessible_wheelchairs,body,True,
425,,gt,Facility,Negative,bad_facility,This hotel is accessible to wheelchairs but there ramps are not to EU regulations. VERY STEEP. They really need to sort this. The ramp right outside is very dangerous. I am surprised I wasn't wheeled of this ramp.,not_EU_regulations_compliant,body,True,
425,,gt,Facility,Negative,bad_facility,This hotel is accessible to wheelchairs but there ramps are not to EU regulations. VERY STEEP. They really need to sort this. The ramp right outside is very dangerous. I am surprised I wasn't wheeled of this ramp.,very_steep,body,True,
425,,gt,Facility,Negative,bad_facility,This hotel is accessible to wheelchairs but there ramps are not to EU regulations. VERY STEEP. They really need to sort this. The ramp right outside is very dangerous. I am surprised I wasn't wheeled of this ramp.,dangerous,body,True,
425,,gt,Facility,Negative,bad_facility,This hotel is accessible to wheelchairs but there ramps are not to EU regulations. VERY STEEP. They really need to sort this. The ramp right outside is very dangerous. I am surprised I wasn't wheeled of this ramp.,needs_sorting,body,True,
425,,gt,Facility,Negative,bad_facility,This hotel is accessible to wheelchairs but there ramps are not to EU regulations. VERY STEEP. They really need to sort this. The ramp right outside is very dangerous. I am surprised I wasn't wheeled of this ramp.,have_evident_accessible_wheelchairs,cont,True,
425,,gt,Facility,Negative,bad_facility,This hotel is accessible to wheelchairs but there ramps are not to EU regulations. VERY STEEP. They really need to sort this. The ramp right outside is very dangerous. I am surprised I wasn't wheeled of this ramp.,have_evident_not_EU_regulations_compliant,cont,True,
425,,gt,Facility,Negative,bad_facility,This hotel is accessible to wheelchairs but there ramps are not to EU regulations. VERY STEEP. They really need to sort this. The ramp right outside is very dangerous. I am surprised I wasn't wheeled of this ramp.,have_evident_very_steep,cont,True,
425,,gt,Facility,Negative,bad_facility,This hotel is accessible to wheelchairs but there ramps are not to EU regulations. VERY STEEP. They really need to sort this. The ramp right outside is very dangerous. I am surprised I wasn't wheeled of this ramp.,have_evident_dangerous,cont,True,
425,,gt,Facility,Negative,bad_facility,This hotel is accessible to wheelchairs but there ramps are not to EU regulations. VERY STEEP. They really need to sort this. The ramp right outside is very dangerous. I am surprised I wasn't wheeled of this ramp.,have_evident_needs_sorting,cont,True,
426,,gt,Room,Positive,good_room,comfortable bed lovely soft duvet and pillows.good shower,comfortable_bed,body,True,
426,,gt,Room,Positive,good_room,comfortable bed lovely soft duvet and pillows.good shower,lovely_soft_duvet_and_pillows,body,True,
426,,gt,Room,Positive,good_room,comfortable bed lovely soft duvet and pillows.good shower,good_shower,body,True,
426,,gt,Room,Positive,good_room,comfortable bed lovely soft duvet and pillows.good shower,no_evident_not_comfortable_bed,cont,True,
426,,gt,Room,Positive,good_room,comfortable bed lovely soft duvet and pillows.good shower,no_evident_not_lovely_soft_duvet_and_pillows,cont,True,
426,,gt,Room,Positive,good_room,comfortable bed lovely soft duvet and pillows.good shower,no_evident_not_good_shower,cont,True,
426,,gt,Location,Negative,bad_location,2 times noise in week 4 a.m from people picking rubbish into large lorries .,(no literals),,False,json_parse_error: Expecting value: line 1 column 1 (char 0)
427,,gt,Room,Positive,good_room,spotlessly clean,(no literals),,False,json_parse_error: Expecting value: line 1 column 1 (char 0)
427,,gt,Staff,Positive,good_staff,and the staff were so helpful.,helpful_staff,body,True,
427,,gt,Staff,Positive,good_staff,and the staff were so helpful.,no_evident_not_helpful_staff,cont,True,
427,,gt,Location,Negative,bad_location,it was not on the beach front as we were under the impression it was.,(no literals),,False,json_parse_error: Expecting value: line 1 column 1 (char 0)
428,,gt,Room,Positive,good_room,very clean,clean_room,body,True,
428,,gt,Room,Positive,good_room,very clean,no_evident_not_clean_room,cont,True,
428,,gt,Room,Negative,bad_room,not enough pillows,(no literals),,False,json_parse_error: Expecting value: line 1 column 1 (char 0)
429,,gt,Location,Positive,good_location,Quiet location.,quiet_location,body,True,
429,,gt,Location,Positive,good_location,Quiet location.,no_evident_not_quiet_location,cont,True,
429,,gt,Room,Negative,bad_room,Bed was very soft and uncomfortable for me.,soft_bed,body,True,
429,,gt,Room,Negative,bad_room,Bed was very soft and uncomfortable for me.,uncomfortable_bed,body,True,
429,,gt,Room,Negative,bad_room,Bed was very soft and uncomfortable for me.,have_evident_soft_bed,cont,True,
429,,gt,Room,Negative,bad_room,Bed was very soft and uncomfortable for me.,have_evident_uncomfortable_bed,cont,True,
429,,gt,Facility,Negative,bad_facility,Parking was very limited.,limited_parking,body,True,
429,,gt,Facility,Negative,bad_facility,Parking was very limited.,have_evident_limited_parking,cont,True,
430,,gt,Room,Negative,bad_room,"Windows should be closed, as the front building looks right into your room.",(no literals),,False,json_parse_error: Expecting value: line 1 column 1 (char 0)
431,,gt,Room,Positive,good_room,The room was large and had a nice balcony.,(no literals),,False,json_parse_error: Expecting value: line 1 column 1 (char 0)
431,,gt,Location,Positive,good_location,The bus stop into town was around the corner.,(no literals),,False,json_parse_error: Expecting value: line 1 column 1 (char 0)
431,,gt,Location,Negative,bad_location,There was nothing close by for a mini Mart.,(no literals),,False,json_parse_error: Expecting value: line 1 column 1 (char 0)
431,,gt,Food,Positive,good_food,The restaurant was decent.,decent_food,body,True,
431,,gt,Food,Positive,good_food,The restaurant was decent.,no_evident_not_decent_food,cont,True,
432,,gt,Room,Positive,good_room,Clean and comfortable. Cute balconies.,(no literals),,False,json_parse_error: Expecting value: line 1 column 1 (char 0)
432,,gt,Location,Positive,good_location,Short walk to Mckenzie beach.,(no literals),,False,json_parse_error: Expecting value: line 1 column 1 (char 0)
432,,gt,Facility,Negative,bad_facility,Street parking.,(no literals),,False,json_parse_error: Expecting value: line 1 column 1 (char 0)
433,,gt,Staff,Positive,good_staff,"I really liked how polite and friendly the staff was,",(no literals),,False,json_parse_error: Expecting value: line 1 column 1 (char 0)
433,,gt,Room,Positive,good_room,I also liked the size of the room an the bed,(no literals),,False,json_parse_error: Expecting value: line 1 column 1 (char 0)
433,,gt,Room,Negative,bad_room,"- the shower of our room is very inconviniently placed, making a mess because of insufficient coverage of the bathroom glass
  - the edges of the shower (between wall tiles and the shower floor) need replacement - they are hollow and seem moldy
  - the bin is rusty
  - the mirror is weirdly placed, on the right of the sink
  - due to the placement of the curtains, a lot of light gets in the room in the morning",(no literals),,False,json_parse_error: Expecting value: line 1 column 1 (char 0)
433,,gt,Facility,Negative,bad_facility,"there is no designated parking, you just park wherever you find",(no literals),,False,json_parse_error: Expecting value: line 1 column 1 (char 0)
433,,gt,Staff,Negative,bad_staff,"- we have requested late check out (1pm) which we got and we appreciate it. However, we got a call that prompted us to check out at the normal time (12pm) as the next customers would arrive. I exllained thay we have been granted late check out and the clerk apologised. No problem for this, but I find it important to keep staff updated about these things.",(no literals),,False,json_parse_error: Expecting value: line 1 column 1 (char 0)
434,,gt,Location,Positive,good_location,Near to the airport,(no literals),,False,json_parse_error: Expecting value: line 1 column 1 (char 0)
434,,gt,Room,Negative,bad_room,There was some kind of unpleasant smell in the bathroom,(no literals),,False,json_parse_error: Expecting value: line 1 column 1 (char 0)
435,,gt,Location,Positive,good_location,close to the airports,close_to_airports,body,True,
435,,gt,Location,Positive,good_location,close to the airports,no_evident_not_close_to_airports,cont,True,
435,,gt,Price,Negative,bad_price,this is a guesthouse that is priced like a hotel,(no literals),,False,json_parse_error: Expecting value: line 1 column 1 (char 0)
436,,gt,Staff,Positive,good_staff,Maria and Richard are really great hosts! Very kind and hospitable. Maria has offered an adapter immediately.,(no literals),,False,json_parse_error: Expecting value: line 1 column 1 (char 0)
436,,gt,Room,Positive,good_room,The room was perfectly clean.,(no literals),,False,json_parse_error: Expecting value: line 1 column 1 (char 0)
436,,gt,Location,Positive,good_location,"This is a good transitioning for one night, like I had. Or just to sleep over.
  Central location.",central_location,body,True,
436,,gt,Location,Positive,good_location,"This is a good transitioning for one night, like I had. Or just to sleep over.
  Central location.",no_evident_not_central_location,cont,True,
436,,gt,Room,Negative,bad_room,"Size of the room is one of the smallest I have ever seen. There is no space for the suitcase nor a wardrobe. No sitting area.
  There is a terrace which Sun hits all the time,",(no literals),,False,json_parse_error: Expecting value: line 1 column 1 (char 0)
436,,gt,Price,Negative,bad_price,For that money for which I used to pay better hotels in Valencia you get one small water bottle.,(no literals),,False,json_parse_error: Expecting value: line 1 column 1 (char 0)
437,,gt,Room,Positive,good_room,"It was clean, the beds were comfortable.",(no literals),,False,json_parse_error: Expecting value: line 1 column 1 (char 0)
437,,gt,Price,Negative,bad_price,For what you get it was a bit expensive.,expensive_price,body,True,
437,,gt,Price,Negative,bad_price,For what you get it was a bit expensive.,have_evident_expensive_price,cont,True,
437,,gt,Room,Negative,bad_room,The rooms were a bit small for a suite.,(no literals),,False,json_parse_error: Expecting value: line 1 column 1 (char 0)
437,,gt,Food,Negative,bad_food,No breakfast included. We tried it one time at their restaurant and it was low quality compared to an original greek breakfast.,(no literals),,False,json_parse_error: Expecting value: line 1 column 1 (char 0)
438,,gt,Staff,Positive,good_staff,Very friendly people.,friendly_staff,body,True,
438,,gt,Staff,Positive,good_staff,Very friendly people.,no_evident_not_friendly_staff,cont,True,
438,,gt,Room,Positive,good_room,Very spacious and clean room.,(no literals),,False,json_parse_error: Expecting value: line 1 column 1 (char 0)
438,,gt,Location,Positive,good_location,Very close to the Larnaka airport as we needed it to be.,close_to_larnaka_airport,body,True,
438,,gt,Location,Positive,good_location,Very close to the Larnaka airport as we needed it to be.,no_evident_not_close_to_larnaka_airport,cont,True,
438,,gt,Room,Negative,bad_room,"The duvet was for the winter and even with 23 degrees Celsius on the a/c it was unbearable!
  No simple sheets on the bed either...we could not open the windows because it was very very noisy. 
  Also the windows had no soundproofing whatsoever because the noise was too much!! Also the room had a hair dryer and a kettle that we could not use because the plugs did not fit the sockets and the hotel didn't provide adaptors...So no use of that service in the room either!",unbearably_hot_room,body,True,
438,,gt,Room,Negative,bad_room,"The duvet was for the winter and even with 23 degrees Celsius on the a/c it was unbearable!
  No simple sheets on the bed either...we could not open the windows because it was very very noisy. 
  Also the windows had no soundproofing whatsoever because the noise was too much!! Also the room had a hair dryer and a kettle that we could not use because the plugs did not fit the sockets and the hotel didn't provide adaptors...So no use of that service in the room either!",no_simple_sheets_room,body,True,
438,,gt,Room,Negative,bad_room,"The duvet was for the winter and even with 23 degrees Celsius on the a/c it was unbearable!
  No simple sheets on the bed either...we could not open the windows because it was very very noisy. 
  Also the windows had no soundproofing whatsoever because the noise was too much!! Also the room had a hair dryer and a kettle that we could not use because the plugs did not fit the sockets and the hotel didn't provide adaptors...So no use of that service in the room either!",no_soundproofing_room,body,True,
438,,gt,Room,Negative,bad_room,"The duvet was for the winter and even with 23 degrees Celsius on the a/c it was unbearable!
  No simple sheets on the bed either...we could not open the windows because it was very very noisy. 
  Also the windows had no soundproofing whatsoever because the noise was too much!! Also the room had a hair dryer and a kettle that we could not use because the plugs did not fit the sockets and the hotel didn't provide adaptors...So no use of that service in the room either!",incompatible_plugs_room,body,True,
438,,gt,Room,Negative,bad_room,"The duvet was for the winter and even with 23 degrees Celsius on the a/c it was unbearable!
  No simple sheets on the bed either...we could not open the windows because it was very very noisy. 
  Also the windows had no soundproofing whatsoever because the noise was too much!! Also the room had a hair dryer and a kettle that we could not use because the plugs did not fit the sockets and the hotel didn't provide adaptors...So no use of that service in the room either!",no_adaptor_room,body,True,
438,,gt,Room,Negative,bad_room,"The duvet was for the winter and even with 23 degrees Celsius on the a/c it was unbearable!
  No simple sheets on the bed either...we could not open the windows because it was very very noisy. 
  Also the windows had no soundproofing whatsoever because the noise was too much!! Also the room had a hair dryer and a kettle that we could not use because the plugs did not fit the sockets and the hotel didn't provide adaptors...So no use of that service in the room either!",have_evident_unbearably_hot_room,cont,True,
438,,gt,Room,Negative,bad_room,"The duvet was for the winter and even with 23 degrees Celsius on the a/c it was unbearable!
  No simple sheets on the bed either...we could not open the windows because it was very very noisy. 
  Also the windows had no soundproofing whatsoever because the noise was too much!! Also the room had a hair dryer and a kettle that we could not use because the plugs did not fit the sockets and the hotel didn't provide adaptors...So no use of that service in the room either!",have_evident_no_simple_sheets_room,cont,True,
438,,gt,Room,Negative,bad_room,"The duvet was for the winter and even with 23 degrees Celsius on the a/c it was unbearable!
  No simple sheets on the bed either...we could not open the windows because it was very very noisy. 
  Also the windows had no soundproofing whatsoever because the noise was too much!! Also the room had a hair dryer and a kettle that we could not use because the plugs did not fit the sockets and the hotel didn't provide adaptors...So no use of that service in the room either!",have_evident_no_soundproofing_room,cont,True,
438,,gt,Room,Negative,bad_room,"The duvet was for the winter and even with 23 degrees Celsius on the a/c it was unbearable!
  No simple sheets on the bed either...we could not open the windows because it was very very noisy. 
  Also the windows had no soundproofing whatsoever because the noise was too much!! Also the room had a hair dryer and a kettle that we could not use because the plugs did not fit the sockets and the hotel didn't provide adaptors...So no use of that service in the room either!",have_evident_incompatible_plugs_room,cont,True,
438,,gt,Room,Negative,bad_room,"The duvet was for the winter and even with 23 degrees Celsius on the a/c it was unbearable!
  No simple sheets on the bed either...we could not open the windows because it was very very noisy. 
  Also the windows had no soundproofing whatsoever because the noise was too much!! Also the room had a hair dryer and a kettle that we could not use because the plugs did not fit the sockets and the hotel didn't provide adaptors...So no use of that service in the room either!",have_evident_no_adaptor_room,cont,True,
439,,gt,Location,Positive,good_location,Usefully located hotel in between city centre and airport.,(no literals),,False,json_parse_error: Expecting value: line 1 column 1 (char 0)
439,,gt,Food,Positive,good_food,Restaurant stayed open reasonably late so I could eat after an evening arrival in Cyprus.,(no literals),,False,json_parse_error: Expecting value: line 1 column 1 (char 0)
439,,gt,Food,Negative,bad_food,Restaurant was offering a rather narrow set of choices compared to what was listed on the menu.,(no literals),,False,json_parse_error: Expecting value: line 1 column 1 (char 0)
439,,gt,Room,Negative,bad_room,Room quite small.,small_room,body,True,
439,,gt,Room,Negative,bad_room,Room quite small.,have_evident_small_room,cont,True,
440,,gt,Staff,Positive,good_staff,Friendly Staff!,friendly_staff,body,True,
440,,gt,Staff,Positive,good_staff,Friendly Staff!,no_evident_not_friendly_staff,cont,True,
440,,gt,Room,Positive,good_room,Very modern rooms,modern_room,body,True,
440,,gt,Room,Positive,good_room,Very modern rooms,no_evident_not_modern_room,cont,True,
440,,gt,Room,Negative,bad_room,"Bath room was cleaned rather superficially, so that medium nice with hair not being removed.",cleaned_superficially_room,body,True,
440,,gt,Room,Negative,bad_room,"Bath room was cleaned rather superficially, so that medium nice with hair not being removed.",medium_nice_room,body,True,
440,,gt,Room,Negative,bad_room,"Bath room was cleaned rather superficially, so that medium nice with hair not being removed.",hair_not_being_removed_room,body,True,
440,,gt,Room,Negative,bad_room,"Bath room was cleaned rather superficially, so that medium nice with hair not being removed.",have_evident_cleaned_superficially_room,cont,True,
440,,gt,Room,Negative,bad_room,"Bath room was cleaned rather superficially, so that medium nice with hair not being removed.",have_evident_medium_nice_room,cont,True,
440,,gt,Room,Negative,bad_room,"Bath room was cleaned rather superficially, so that medium nice with hair not being removed.",have_evident_hair_not_being_removed_room,cont,True,
441,,gt,Food,Positive,good_food,"Break fast was PERFECT,",perfect_break_fast,body,True,
441,,gt,Food,Positive,good_food,"Break fast was PERFECT,",no_evident_not_perfect_break_fast,cont,True,
441,,gt,Room,Positive,good_room,the room was PERFECT.,perfect_room,body,True,
441,,gt,Room,Positive,good_room,the room was PERFECT.,no_evident_not_perfect_room,cont,True,
441,,gt,Facility,Negative,bad_facility,Some issues with internet,(no literals),,False,json_parse_error: Expecting value: line 1 column 1 (char 0)
441,,gt,Location,Negative,bad_location,"Some issues with internet and location, bit far from the center,",far_from_center,body,True,
441,,gt,Location,Negative,bad_location,"Some issues with internet and location, bit far from the center,",have_evident_far_from_center,cont,True,
441,,gt,Location,Positive,good_location,but very quite Area around.,(no literals),,False,json_parse_error: Expecting value: line 1 column 1 (char 0)
441,,gt,Room,Negative,bad_room,Cold floor in the room :-),(no literals),,False,json_parse_error: Expecting value: line 1 column 1 (char 0)
442,,gt,Food,Positive,good_food,Breakfast was very filling. It was located on the table in front of us (funny question).,(no literals),,False,json_parse_error: Expecting value: line 1 column 1 (char 0)
442,,gt,Room,Negative,bad_room,Room was a little cold.,cold_room,body,True,
442,,gt,Room,Negative,bad_room,Room was a little cold.,have_evident_cold_room,cont,True,
442,,gt,Facility,Negative,bad_facility,The hotel hadn’t yet opened up for the season.,(no literals),,False,json_parse_error: Expecting value: line 1 column 1 (char 0)
442,,gt,Location,Negative,bad_location,It was a little hard to find.,hard_to_find_location,body,True,
442,,gt,Location,Negative,bad_location,It was a little hard to find.,have_evident_hard_to_find_location,cont,True,
443,,gt,Room,Positive,good_room,"clean room,",clean_room,body,True,
443,,gt,Room,Positive,good_room,"clean room,",no_evident_not_clean_room,cont,True,
443,,gt,Staff,Positive,good_staff,friendly staff,friendly_staff,body,True,
443,,gt,Staff,Positive,good_staff,friendly staff,no_evident_not_friendly_staff,cont,True,
443,,gt,Facility,Negative,bad_facility,"off season, so no bar / restaurant/ pool, which was not clear on booking.",no_bar,body,True,
443,,gt,Facility,Negative,bad_facility,"off season, so no bar / restaurant/ pool, which was not clear on booking.",no_restaurant,body,True,
443,,gt,Facility,Negative,bad_facility,"off season, so no bar / restaurant/ pool, which was not clear on booking.",no_pool,body,True,
443,,gt,Facility,Negative,bad_facility,"off season, so no bar / restaurant/ pool, which was not clear on booking.",off_season,body,True,
443,,gt,Facility,Negative,bad_facility,"off season, so no bar / restaurant/ pool, which was not clear on booking.",have_evident_no_bar,cont,True,
443,,gt,Facility,Negative,bad_facility,"off season, so no bar / restaurant/ pool, which was not clear on booking.",have_evident_no_restaurant,cont,True,
443,,gt,Facility,Negative,bad_facility,"off season, so no bar / restaurant/ pool, which was not clear on booking.",have_evident_no_pool,cont,True,
443,,gt,Facility,Negative,bad_facility,"off season, so no bar / restaurant/ pool, which was not clear on booking.",have_evident_off_season,cont,True,
444,,gt,Room,Positive,good_room,nice and very clean.,nice_room,body,True,
444,,gt,Room,Positive,good_room,nice and very clean.,clean_room,body,True,
444,,gt,Room,Positive,good_room,nice and very clean.,no_evident_not_nice_room,cont,True,
444,,gt,Room,Positive,good_room,nice and very clean.,no_evident_not_clean_room,cont,True,
444,,gt,Staff,Negative,bad_staff,that they couldn’t wait for 15min as i had just fractured my ankle and need to change my bandage and the Lady of the house was literally standing next to the door with a cleaner to clean the room. so i left without changing my bandage and had to do it outside on the street.,unhelpful_staff,body,True,
444,,gt,Staff,Negative,bad_staff,that they couldn’t wait for 15min as i had just fractured my ankle and need to change my bandage and the Lady of the house was literally standing next to the door with a cleaner to clean the room. so i left without changing my bandage and had to do it outside on the street.,unaccommodating_staff,body,True,
444,,gt,Staff,Negative,bad_staff,that they couldn’t wait for 15min as i had just fractured my ankle and need to change my bandage and the Lady of the house was literally standing next to the door with a cleaner to clean the room. so i left without changing my bandage and had to do it outside on the street.,have_evident_unhelpful_staff,cont,True,
444,,gt,Staff,Negative,bad_staff,that they couldn’t wait for 15min as i had just fractured my ankle and need to change my bandage and the Lady of the house was literally standing next to the door with a cleaner to clean the room. so i left without changing my bandage and had to do it outside on the street.,have_evident_unaccommodating_staff,cont,True,
445,,gt,Facility,Positive,good_facility,Nice clean little hotel,nice_facility,body,True,
445,,gt,Facility,Positive,good_facility,Nice clean little hotel,clean_facility,body,True,
445,,gt,Facility,Positive,good_facility,Nice clean little hotel,little_facility,body,True,
445,,gt,Facility,Positive,good_facility,Nice clean little hotel,no_evident_not_nice_facility,cont,True,
445,,gt,Facility,Positive,good_facility,Nice clean little hotel,no_evident_not_clean_facility,cont,True,
445,,gt,Facility,Positive,good_facility,Nice clean little hotel,no_evident_not_little_facility,cont,True,
445,,gt,Location,Positive,good_location,next to the airport,next_to_airport,body,True,
445,,gt,Location,Positive,good_location,next to the airport,no_evident_not_next_to_airport,cont,True,
445,,gt,Food,Negative,bad_food,Breakfast was below average,below_average_breakfast,body,True,
445,,gt,Food,Negative,bad_food,Breakfast was below average,have_evident_below_average_breakfast,cont,True,
446,,gt,Food,Negative,bad_food,didn't have breakfast but the evening meal was poor as it isn't really a bar or a restaurant.,poor_evening_meal,body,True,
446,,gt,Food,Negative,bad_food,didn't have breakfast but the evening meal was poor as it isn't really a bar or a restaurant.,have_evident_poor_evening_meal,cont,True,
447,,gt,Staff,Positive,good_staff,the staff were lovely,lovely_staff,body,True,
447,,gt,Staff,Positive,good_staff,the staff were lovely,no_evident_not_lovely_staff,cont,True,
447,,gt,Room,Negative,bad_room,The bed and pillows were very uncomfortable and the telly was not working properly,(no literals),,False,json_parse_error: Expecting value: line 1 column 1 (char 0)
448,,gt,Room,Positive,good_room,Clean room. comfortable bed,(no literals),,False,json_parse_error: Expecting value: line 1 column 1 (char 0)
448,,gt,Location,Positive,good_location,Good location for makenzie beach.,good_location,body,True,
448,,gt,Location,Positive,good_location,Good location for makenzie beach.,no_evident_not_good_location,cont,True,
448,,gt,Staff,Positive,good_staff,Staff was excellent,excellent_staff,body,True,
448,,gt,Staff,Positive,good_staff,Staff was excellent,no_evident_not_excellent_staff,cont,True,
448,,gt,Room,Negative,bad_room,"Complimentary coffee/tea in our bedroom was not replenished after the first night. Only one coffee sachet for a double room. 
  Whatever was used from the fridge was also not replenished.
  There were no thin curtains to allow for some light to come through into the bedroom; and so you had to draw the thick curtains if you wanted privacy.",(no literals),,False,json_parse_error: Expecting value: line 1 column 1 (char 0)
449,,gt,Location,Positive,good_location,Close to the airport,close_to_airport,body,True,
449,,gt,Location,Positive,good_location,Close to the airport,no_evident_not_close_to_airport,cont,True,
449,,gt,Staff,Negative,bad_staff,We booked a taxi at 04:30 in the morning to go to the airport. Very frustrating that the host didnt inform us that his taxi had a double Booking instead of ordening another for us.,uncommunicative_staff,body,True,
449,,gt,Staff,Negative,bad_staff,We booked a taxi at 04:30 in the morning to go to the airport. Very frustrating that the host didnt inform us that his taxi had a double Booking instead of ordening another for us.,unhelpful_staff,body,True,
449,,gt,Staff,Negative,bad_staff,We booked a taxi at 04:30 in the morning to go to the airport. Very frustrating that the host didnt inform us that his taxi had a double Booking instead of ordening another for us.,have_evident_uncommunicative_staff,cont,True,
449,,gt,Staff,Negative,bad_staff,We booked a taxi at 04:30 in the morning to go to the airport. Very frustrating that the host didnt inform us that his taxi had a double Booking instead of ordening another for us.,have_evident_unhelpful_staff,cont,True,
450,,gt,Staff,Positive,good_staff,Friendly and Helpful Staff.,friendly_staff,body,True,
450,,gt,Staff,Positive,good_staff,Friendly and Helpful Staff.,helpful_staff,body,True,
450,,gt,Staff,Positive,good_staff,Friendly and Helpful Staff.,no_evident_not_friendly_staff,cont,True,
450,,gt,Staff,Positive,good_staff,Friendly and Helpful Staff.,no_evident_not_helpful_staff,cont,True,
450,,gt,Room,Positive,good_room,Room Cleanliness,clean_room,body,True,
450,,gt,Room,Positive,good_room,Room Cleanliness,no_evident_not_clean_room,cont,True,
451,,gt,Location,Positive,good_location,Property is perfectly located close from the airport and close to the famous Makenzie Beach.,(no literals),,False,json_parse_error: Expecting value: line 1 column 1 (char 0)
451,,gt,Facility,Positive,good_facility,Neat and modern hotel facility.,neat_facility,body,True,
451,,gt,Facility,Positive,good_facility,Neat and modern hotel facility.,modern_facility,body,True,
451,,gt,Facility,Positive,good_facility,Neat and modern hotel facility.,no_evident_not_neat_facility,cont,True,
451,,gt,Facility,Positive,good_facility,Neat and modern hotel facility.,no_evident_not_modern_facility,cont,True,
451,,gt,Facility,Negative,bad_facility,"Property feels cold without an warm inviting atmosphere, as it’s to minimalistic.",cold_facility,body,True,
451,,gt,Facility,Negative,bad_facility,"Property feels cold without an warm inviting atmosphere, as it’s to minimalistic.",minimalistic_facility,body,True,
451,,gt,Facility,Negative,bad_facility,"Property feels cold without an warm inviting atmosphere, as it’s to minimalistic.",without_warm_inviting_atmosphere_facility,body,True,
451,,gt,Facility,Negative,bad_facility,"Property feels cold without an warm inviting atmosphere, as it’s to minimalistic.",have_evident_cold_facility,cont,True,
451,,gt,Facility,Negative,bad_facility,"Property feels cold without an warm inviting atmosphere, as it’s to minimalistic.",have_evident_minimalistic_facility,cont,True,
451,,gt,Facility,Negative,bad_facility,"Property feels cold without an warm inviting atmosphere, as it’s to minimalistic.",have_evident_without_warm_inviting_atmosphere_facility,cont,True,
451,,gt,Room,Negative,bad_room,Rooms are a nice size but is unfortunately situated on top of the outside bar area. Twin beds are provided and the pillows is not comfortable at all. The shower in the bathroom is open in-front which results in the whole floor being wet. Property have a great potential with some care.,(no literals),,False,json_parse_error: Expecting value: line 1 column 1 (char 0)
452,,gt,Location,Positive,good_location,Chose this hotel because of it’s proximity to airport. Very quiet neighbourhood,(no literals),,False,json_parse_error: Expecting value: line 1 column 1 (char 0)
452,,gt,Staff,Positive,good_staff,"Friendly welcoming staff,",(no literals),,False,json_parse_error: Expecting value: line 1 column 1 (char 0)
452,,gt,Check-in,Positive,good_check_in,easy check-in.,easy_check-in,body,True,
452,,gt,Check-in,Positive,good_check_in,easy check-in.,no_evident_not_easy_check-in,cont,True,
452,,gt,Facility,Positive,good_facility,"The hotel itself is spotlessly clean, COVID prevention measures taken.",(no literals),,False,json_parse_error: Expecting value: line 1 column 1 (char 0)
453,,gt,Location,Positive,good_location,close to mackenzie beach,close_to_mackenzie_beach,body,True,
453,,gt,Location,Positive,good_location,close to mackenzie beach,no_evident_not_close_to_mackenzie_beach,cont,True,
453,,gt,Room,Negative,bad_room,"Safe didn’t work, back door balcony in other bedroom wouldn’t lock, do not disturb sign didn’t work (electronic), very noisy guests.",(no literals),,False,json_parse_error: Expecting value: line 1 column 1 (char 0)
453,,gt,Staff,Negative,bad_staff,asked for double bed and got two single beds next to eachother,(no literals),,False,json_parse_error: Expecting value: line 1 column 1 (char 0)
453,,gt,Check-in,Negative,bad_check_in,"Waited 10 minutes for someone to come greet us for check in, no one on desk 
  Guy on desk told us we had not paid but we did 
  then he took a picture of my passport which no hotel does at all which was very strange ?????",(no literals),,False,json_parse_error: Expecting value: line 1 column 1 (char 0)
454,,gt,Location,Negative,bad_location,Very noisy neighborhood,noisy_neighborhood,body,True,
454,,gt,Location,Negative,bad_location,Very noisy neighborhood,have_evident_noisy_neighborhood,cont,True,
455,,gt,Room,Positive,good_room,It’s clean. The pictures of the room are accurate,(no literals),,False,json_parse_error: Expecting value: line 1 column 1 (char 0)
455,,gt,Location,Negative,bad_location,"The location was not great, It’s in front of a pension and so close that people could see the colour of my underwear.",(no literals),,False,json_parse_error: Expecting value: line 1 column 1 (char 0)
455,,gt,Facility,Negative,bad_facility,"the pool not even to be considered, the overall hotel installation is badly maintained. It’s in front of a pension. The lift broke. The pictures of the room are accurate but fot the hotel installation and pool have a look to ‘Pasithea Apartments’",badly_maintained_hotel,body,True,
455,,gt,Facility,Negative,bad_facility,"the pool not even to be considered, the overall hotel installation is badly maintained. It’s in front of a pension. The lift broke. The pictures of the room are accurate but fot the hotel installation and pool have a look to ‘Pasithea Apartments’",in_front_of_pension,body,True,
455,,gt,Facility,Negative,bad_facility,"the pool not even to be considered, the overall hotel installation is badly maintained. It’s in front of a pension. The lift broke. The pictures of the room are accurate but fot the hotel installation and pool have a look to ‘Pasithea Apartments’",lift_broken,body,True,
455,,gt,Facility,Negative,bad_facility,"the pool not even to be considered, the overall hotel installation is badly maintained. It’s in front of a pension. The lift broke. The pictures of the room are accurate but fot the hotel installation and pool have a look to ‘Pasithea Apartments’",not_consider_pool,body,True,
455,,gt,Facility,Negative,bad_facility,"the pool not even to be considered, the overall hotel installation is badly maintained. It’s in front of a pension. The lift broke. The pictures of the room are accurate but fot the hotel installation and pool have a look to ‘Pasithea Apartments’",have_evident_badly_maintained_hotel,cont,True,
455,,gt,Facility,Negative,bad_facility,"the pool not even to be considered, the overall hotel installation is badly maintained. It’s in front of a pension. The lift broke. The pictures of the room are accurate but fot the hotel installation and pool have a look to ‘Pasithea Apartments’",have_evident_in_front_of_pension,cont,True,
455,,gt,Facility,Negative,bad_facility,"the pool not even to be considered, the overall hotel installation is badly maintained. It’s in front of a pension. The lift broke. The pictures of the room are accurate but fot the hotel installation and pool have a look to ‘Pasithea Apartments’",have_evident_lift_broken,cont,True,
455,,gt,Facility,Negative,bad_facility,"the pool not even to be considered, the overall hotel installation is badly maintained. It’s in front of a pension. The lift broke. The pictures of the room are accurate but fot the hotel installation and pool have a look to ‘Pasithea Apartments’",have_evident_not_consider_pool,cont,True,
455,,gt,Room,Negative,bad_room,"The aircon was too strong so we’d opened the windows, big mistake! Very noisy (I’ve asked quiet room).",(no literals),,False,json_parse_error: Expecting value: line 1 column 1 (char 0)
455,,gt,Staff,Negative,bad_staff,the guy was offended becawe asked to see the room before paying….,(no literals),,False,json_parse_error: Expecting value: line 1 column 1 (char 0)
456,,gt,Food,Negative,bad_food,-No free breakfast option.,(no literals),,False,json_parse_error: Expecting value: line 1 column 1 (char 0)
456,,gt,Room,Negative,bad_room,"They need to put a lock to the bathroom and a shower glass door inside or else it gets messy.
  -wifi is not good",(no literals),,False,json_parse_error: Expecting value: line 1 column 1 (char 0)
456,,gt,Location,Positive,good_location,"Location is good. Convenient by taxi to city Center,airport and beach.",(no literals),,False,json_parse_error: Expecting value: line 1 column 1 (char 0)
456,,gt,Room,Positive,good_room,rooms are very well maintained.,(no literals),,False,json_parse_error: Expecting value: line 1 column 1 (char 0)
456,,gt,Food,Positive,good_food,-The sandwiches and hummus by the chef were delicious.,(no literals),,False,json_parse_error: Expecting value: line 1 column 1 (char 0)
456,,gt,Staff,Positive,good_staff,Mrs Tony does a fabulous job keeping the place spotless and making the guests comfortable. The helps are amazing too. Thanks to all at the hotel who work hard to keep it in good condition.,(no literals),,False,json_parse_error: Expecting value: line 1 column 1 (char 0)
456,,gt,Staff,Negative,bad_staff,However when I booked this property in advance it was a higher price but booking.com reduced the price before my travel date and the hotel refused to accept the lower price which I felt was unfair for me as they charged twice for cancellation and rebooking. Maybe this was a booking.com issue or the hotel but I was quite unhappy about this since it was not justified by the owner. I spoke to Ali from booking.com and he said there was no cancellation charge but they charged me,(no literals),,False,json_parse_error: Expecting value: line 1 column 1 (char 0)
456,,gt,Booking-issue,Negative,bad_booking_issue,However when I booked this property in advance it was a higher price but booking.com reduced the price before my travel date and the hotel refused to accept the lower price which I felt was unfair for me as they charged twice for cancellation and rebooking. Maybe this was a booking.com issue or the hotel but I was quite unhappy about this since it was not justified by the owner. I spoke to Ali from booking.com and he said there was no cancellation charge but they charged me,unfair,body,True,
456,,gt,Booking-issue,Negative,bad_booking_issue,However when I booked this property in advance it was a higher price but booking.com reduced the price before my travel date and the hotel refused to accept the lower price which I felt was unfair for me as they charged twice for cancellation and rebooking. Maybe this was a booking.com issue or the hotel but I was quite unhappy about this since it was not justified by the owner. I spoke to Ali from booking.com and he said there was no cancellation charge but they charged me,higher_price,body,True,
456,,gt,Booking-issue,Negative,bad_booking_issue,However when I booked this property in advance it was a higher price but booking.com reduced the price before my travel date and the hotel refused to accept the lower price which I felt was unfair for me as they charged twice for cancellation and rebooking. Maybe this was a booking.com issue or the hotel but I was quite unhappy about this since it was not justified by the owner. I spoke to Ali from booking.com and he said there was no cancellation charge but they charged me,reduced_price,body,True,
456,,gt,Booking-issue,Negative,bad_booking_issue,However when I booked this property in advance it was a higher price but booking.com reduced the price before my travel date and the hotel refused to accept the lower price which I felt was unfair for me as they charged twice for cancellation and rebooking. Maybe this was a booking.com issue or the hotel but I was quite unhappy about this since it was not justified by the owner. I spoke to Ali from booking.com and he said there was no cancellation charge but they charged me,no_cancellation_charge,body,True,
456,,gt,Booking-issue,Negative,bad_booking_issue,However when I booked this property in advance it was a higher price but booking.com reduced the price before my travel date and the hotel refused to accept the lower price which I felt was unfair for me as they charged twice for cancellation and rebooking. Maybe this was a booking.com issue or the hotel but I was quite unhappy about this since it was not justified by the owner. I spoke to Ali from booking.com and he said there was no cancellation charge but they charged me,charged_twice,body,True,
456,,gt,Booking-issue,Negative,bad_booking_issue,However when I booked this property in advance it was a higher price but booking.com reduced the price before my travel date and the hotel refused to accept the lower price which I felt was unfair for me as they charged twice for cancellation and rebooking. Maybe this was a booking.com issue or the hotel but I was quite unhappy about this since it was not justified by the owner. I spoke to Ali from booking.com and he said there was no cancellation charge but they charged me,have_evident_unfair,cont,True,
456,,gt,Booking-issue,Negative,bad_booking_issue,However when I booked this property in advance it was a higher price but booking.com reduced the price before my travel date and the hotel refused to accept the lower price which I felt was unfair for me as they charged twice for cancellation and rebooking. Maybe this was a booking.com issue or the hotel but I was quite unhappy about this since it was not justified by the owner. I spoke to Ali from booking.com and he said there was no cancellation charge but they charged me,have_evident_higher_price,cont,True,
456,,gt,Booking-issue,Negative,bad_booking_issue,However when I booked this property in advance it was a higher price but booking.com reduced the price before my travel date and the hotel refused to accept the lower price which I felt was unfair for me as they charged twice for cancellation and rebooking. Maybe this was a booking.com issue or the hotel but I was quite unhappy about this since it was not justified by the owner. I spoke to Ali from booking.com and he said there was no cancellation charge but they charged me,have_evident_reduced_price,cont,True,
456,,gt,Booking-issue,Negative,bad_booking_issue,However when I booked this property in advance it was a higher price but booking.com reduced the price before my travel date and the hotel refused to accept the lower price which I felt was unfair for me as they charged twice for cancellation and rebooking. Maybe this was a booking.com issue or the hotel but I was quite unhappy about this since it was not justified by the owner. I spoke to Ali from booking.com and he said there was no cancellation charge but they charged me,have_evident_no_cancellation_charge,cont,True,
456,,gt,Booking-issue,Negative,bad_booking_issue,However when I booked this property in advance it was a higher price but booking.com reduced the price before my travel date and the hotel refused to accept the lower price which I felt was unfair for me as they charged twice for cancellation and rebooking. Maybe this was a booking.com issue or the hotel but I was quite unhappy about this since it was not justified by the owner. I spoke to Ali from booking.com and he said there was no cancellation charge but they charged me,have_evident_charged_twice,cont,True,
457,,gt,Location,Positive,good_location,I like the quietness and it’s close to airport,quiet,body,True,
457,,gt,Location,Positive,good_location,I like the quietness and it’s close to airport,close_to_airport,body,True,
457,,gt,Location,Positive,good_location,I like the quietness and it’s close to airport,no_evident_not_quiet,cont,True,
457,,gt,Location,Positive,good_location,I like the quietness and it’s close to airport,no_evident_not_close_to_airport,cont,True,
457,,gt,Room,Negative,bad_room,The way room are furnished is not comfortable,furnished_room,body,True,
457,,gt,Room,Negative,bad_room,The way room are furnished is not comfortable,not_comfortable_room,body,True,
457,,gt,Room,Negative,bad_room,The way room are furnished is not comfortable,have_evident_furnished_room,cont,True,
457,,gt,Room,Negative,bad_room,The way room are furnished is not comfortable,have_evident_not_comfortable_room,cont,True,
458,,gt,Facility,Negative,bad_facility,facilities are limited.,limited_facility,body,True,
458,,gt,Facility,Negative,bad_facility,facilities are limited.,have_evident_limited_facility,cont,True,
458,,gt,Room,Negative,bad_room,"Noisy. Probably renovation work was in progress so, some items were not ready. Example, there is no rod for hangers in the wardrobe, the safe wasn’t fixed.",(no literals),,False,json_parse_error: Expecting value: line 1 column 1 (char 0)
458,,gt,Food,Negative,bad_food,Limited food options,(no literals),,False,json_parse_error: Expecting value: line 1 column 1 (char 0)
459,,gt,Room,Positive,good_room,"Very comfortable bed, room very new and comfortable.",comfortable_room,body,True,
459,,gt,Room,Positive,good_room,"Very comfortable bed, room very new and comfortable.",new_room,body,True,
459,,gt,Room,Positive,good_room,"Very comfortable bed, room very new and comfortable.",no_evident_not_comfortable_room,cont,True,
459,,gt,Room,Positive,good_room,"Very comfortable bed, room very new and comfortable.",no_evident_not_new_room,cont,True,
459,,gt,Room,Negative,bad_room,"TV did not work,",(no literals),,False,json_parse_error: Expecting value: line 1 column 1 (char 0)
459,,gt,Location,Negative,bad_location,garbage truck passes at 3 a.m with an incredible noise.,(no literals),,False,json_parse_error: Expecting value: line 1 column 1 (char 0)
460,,gt,Location,Positive,good_location,Location was excellent,excellent_location,body,True,
460,,gt,Location,Positive,good_location,Location was excellent,no_evident_not_excellent_location,cont,True,
460,,gt,Staff,Positive,good_staff,and staff was very polite.,polite_staff,body,True,
460,,gt,Staff,Positive,good_staff,and staff was very polite.,no_evident_not_polite_staff,cont,True,
460,,gt,Room,Positive,good_room,Room was very clean upon arrival,clean_room,body,True,
460,,gt,Room,Positive,good_room,Room was very clean upon arrival,no_evident_not_clean_room,cont,True,
460,,gt,Price,Negative,bad_price,Rate was very expensive for what it offered.,(no literals),,False,json_parse_error: Expecting value: line 1 column 1 (char 0)
460,,gt,Room,Negative,bad_room,"No cleaning service the 4 days I stayed, no emptying garbage can and also had to ask for fresh towels. There were not even hangers for clothes in the closet",(no literals),,False,json_parse_error: Expecting value: line 1 column 1 (char 0)
461,,gt,Staff,Positive,good_staff,The people working there were kind and responsive. I feel bad writing a negative review because they were kind,kind_staff,body,True,
461,,gt,Staff,Positive,good_staff,The people working there were kind and responsive. I feel bad writing a negative review because they were kind,responsive_staff,body,True,
461,,gt,Staff,Positive,good_staff,The people working there were kind and responsive. I feel bad writing a negative review because they were kind,no_evident_not_kind_staff,cont,True,
461,,gt,Staff,Positive,good_staff,The people working there were kind and responsive. I feel bad writing a negative review because they were kind,no_evident_not_responsive_staff,cont,True,
461,,gt,Room,Negative,bad_room,Our plumbing had complications twice.,(no literals),,False,json_parse_error: Expecting value: line 1 column 1 (char 0)
461,,gt,Staff,Negative,bad_staff,"Moreover, the cleaning crew cleaned out our rooms and threw out a box of cookies next to our bags that was meant to be a gift. These cookies are only made in Thessaloniki and cost us 25 euros. When we asked if they had seem them, the owners brought them out of the trash room and offered to spray them as if that would be acceptable for an edible gift during COVID pandemic cautions. It was nice that they tried, but they should be refunding us for the cookies we lost. I feel bad writing a negative review because they were kind; however, only things near the garbage should be thrown out. Not stuff next to guests' belongings. I was extremely disappointed in how they dealt with the situation, and that they thought it was acceptable to take an edible gift out of a trash room and continue as if nothing happened.",kind_staff,body,True,
461,,gt,Staff,Negative,bad_staff,"Moreover, the cleaning crew cleaned out our rooms and threw out a box of cookies next to our bags that was meant to be a gift. These cookies are only made in Thessaloniki and cost us 25 euros. When we asked if they had seem them, the owners brought them out of the trash room and offered to spray them as if that would be acceptable for an edible gift during COVID pandemic cautions. It was nice that they tried, but they should be refunding us for the cookies we lost. I feel bad writing a negative review because they were kind; however, only things near the garbage should be thrown out. Not stuff next to guests' belongings. I was extremely disappointed in how they dealt with the situation, and that they thought it was acceptable to take an edible gift out of a trash room and continue as if nothing happened.",tried_staff,body,True,
461,,gt,Staff,Negative,bad_staff,"Moreover, the cleaning crew cleaned out our rooms and threw out a box of cookies next to our bags that was meant to be a gift. These cookies are only made in Thessaloniki and cost us 25 euros. When we asked if they had seem them, the owners brought them out of the trash room and offered to spray them as if that would be acceptable for an edible gift during COVID pandemic cautions. It was nice that they tried, but they should be refunding us for the cookies we lost. I feel bad writing a negative review because they were kind; however, only things near the garbage should be thrown out. Not stuff next to guests' belongings. I was extremely disappointed in how they dealt with the situation, and that they thought it was acceptable to take an edible gift out of a trash room and continue as if nothing happened.",extremely_disappointing_staff,body,True,
461,,gt,Staff,Negative,bad_staff,"Moreover, the cleaning crew cleaned out our rooms and threw out a box of cookies next to our bags that was meant to be a gift. These cookies are only made in Thessaloniki and cost us 25 euros. When we asked if they had seem them, the owners brought them out of the trash room and offered to spray them as if that would be acceptable for an edible gift during COVID pandemic cautions. It was nice that they tried, but they should be refunding us for the cookies we lost. I feel bad writing a negative review because they were kind; however, only things near the garbage should be thrown out. Not stuff next to guests' belongings. I was extremely disappointed in how they dealt with the situation, and that they thought it was acceptable to take an edible gift out of a trash room and continue as if nothing happened.",have_evident_kind_staff,cont,True,
461,,gt,Staff,Negative,bad_staff,"Moreover, the cleaning crew cleaned out our rooms and threw out a box of cookies next to our bags that was meant to be a gift. These cookies are only made in Thessaloniki and cost us 25 euros. When we asked if they had seem them, the owners brought them out of the trash room and offered to spray them as if that would be acceptable for an edible gift during COVID pandemic cautions. It was nice that they tried, but they should be refunding us for the cookies we lost. I feel bad writing a negative review because they were kind; however, only things near the garbage should be thrown out. Not stuff next to guests' belongings. I was extremely disappointed in how they dealt with the situation, and that they thought it was acceptable to take an edible gift out of a trash room and continue as if nothing happened.",have_evident_tried_staff,cont,True,
461,,gt,Staff,Negative,bad_staff,"Moreover, the cleaning crew cleaned out our rooms and threw out a box of cookies next to our bags that was meant to be a gift. These cookies are only made in Thessaloniki and cost us 25 euros. When we asked if they had seem them, the owners brought them out of the trash room and offered to spray them as if that would be acceptable for an edible gift during COVID pandemic cautions. It was nice that they tried, but they should be refunding us for the cookies we lost. I feel bad writing a negative review because they were kind; however, only things near the garbage should be thrown out. Not stuff next to guests' belongings. I was extremely disappointed in how they dealt with the situation, and that they thought it was acceptable to take an edible gift out of a trash room and continue as if nothing happened.",have_evident_extremely_disappointing_staff,cont,True,
462,,gt,Location,Positive,good_location,"excellent location,",(no literals),,False,json_parse_error: Expecting value: line 1 column 1 (char 0)
462,,gt,Room,Positive,good_room,clean and modern.,clean_room,body,True,
462,,gt,Room,Positive,good_room,clean and modern.,modern_room,body,True,
462,,gt,Room,Positive,good_room,clean and modern.,no_evident_not_clean_room,cont,True,
462,,gt,Room,Positive,good_room,clean and modern.,no_evident_not_modern_room,cont,True,
463,,gt,Room,Positive,good_room,cleanliness,clean_room,body,True,
463,,gt,Room,Positive,good_room,cleanliness,no_evident_not_clean_room,cont,True,
464,,gt,Room,Positive,good_room,"The room was nice and clean, the two beds were set up as we requested",(no literals),,False,json_parse_error: Expecting value: line 1 column 1 (char 0)
464,,gt,Room,Negative,bad_room,There wasn’t a fan in the bathroom so opening the window was required,(no literals),,False,json_parse_error: Expecting value: line 1 column 1 (char 0)
465,,gt,Room,Positive,good_room,"Room fresh, clean and modern. Same as shown in photos.",fresh_room,body,True,
465,,gt,Room,Positive,good_room,"Room fresh, clean and modern. Same as shown in photos.",clean_room,body,True,
465,,gt,Room,Positive,good_room,"Room fresh, clean and modern. Same as shown in photos.",modern_room,body,True,
465,,gt,Room,Positive,good_room,"Room fresh, clean and modern. Same as shown in photos.",no_evident_not_fresh_room,cont,True,
465,,gt,Room,Positive,good_room,"Room fresh, clean and modern. Same as shown in photos.",no_evident_not_clean_room,cont,True,
465,,gt,Room,Positive,good_room,"Room fresh, clean and modern. Same as shown in photos.",no_evident_not_modern_room,cont,True,
465,,gt,Location,Positive,good_location,"Calm area, close to the beach, many restaurants and coffee shops there. 
  Bus station very close.",(no literals),,False,json_parse_error: Expecting value: line 1 column 1 (char 0)
465,,gt,Food,Positive,good_food,Breakfast above expectations.,(no literals),,False,json_parse_error: Expecting value: line 1 column 1 (char 0)
466,,gt,Location,Positive,good_location,"Hotel is very close to the airport, nice place to stay if you arrive late at night.",(no literals),,False,json_parse_error: Expecting value: line 1 column 1 (char 0)
467,,gt,Staff,Positive,good_staff,Liked the happy and smiling welcome that greets you once you arrive at the property.,(no literals),,False,json_parse_error: Expecting value: line 1 column 1 (char 0)
468,,gt,Staff,Positive,good_staff,"Nice staff,",nice_staff,body,True,
468,,gt,Staff,Positive,good_staff,"Nice staff,",no_evident_not_nice_staff,cont,True,
468,,gt,Room,Positive,good_room,room very nice and clean.,(no literals),,False,json_parse_error: Expecting value: line 1 column 1 (char 0)
468,,gt,Facility,Negative,bad_facility,Swimming pool could be cleaner.,cleaner_facility,body,True,
468,,gt,Facility,Negative,bad_facility,Swimming pool could be cleaner.,have_evident_cleaner_facility,cont,True,
469,,gt,Staff,Positive,good_staff,Very helpful and knowledgeable staff.,helpful_staff,body,True,
469,,gt,Staff,Positive,good_staff,Very helpful and knowledgeable staff.,knowledgeable_staff,body,True,
469,,gt,Staff,Positive,good_staff,Very helpful and knowledgeable staff.,no_evident_not_helpful_staff,cont,True,
469,,gt,Staff,Positive,good_staff,Very helpful and knowledgeable staff.,no_evident_not_knowledgeable_staff,cont,True,
469,,gt,Room,Positive,good_room,Rooms are updated and clean.,updated_room,body,True,
469,,gt,Room,Positive,good_room,Rooms are updated and clean.,clean_room,body,True,
469,,gt,Room,Positive,good_room,Rooms are updated and clean.,no_evident_not_updated_room,cont,True,
469,,gt,Room,Positive,good_room,Rooms are updated and clean.,no_evident_not_clean_room,cont,True,
470,,gt,Room,Positive,good_room,Nice and clean.,nice_room,body,True,
470,,gt,Room,Positive,good_room,Nice and clean.,clean_room,body,True,
470,,gt,Room,Positive,good_room,Nice and clean.,no_evident_not_nice_room,cont,True,
470,,gt,Room,Positive,good_room,Nice and clean.,no_evident_not_clean_room,cont,True,
470,,gt,Staff,Positive,good_staff,Owners very nice and friendly.,nice_staff,body,True,
470,,gt,Staff,Positive,good_staff,Owners very nice and friendly.,friendly_staff,body,True,
470,,gt,Staff,Positive,good_staff,Owners very nice and friendly.,no_evident_not_nice_staff,cont,True,
470,,gt,Staff,Positive,good_staff,Owners very nice and friendly.,no_evident_not_friendly_staff,cont,True,
471,,gt,Room,Positive,good_room,"Very clean, modern rooms, comfortable bed and good shower.",(no literals),,False,json_parse_error: Expecting value: line 1 column 1 (char 0)
471,,gt,Staff,Positive,good_staff,Very helpful staff.,helpful_staff,body,True,
471,,gt,Staff,Positive,good_staff,Very helpful staff.,no_evident_not_helpful_staff,cont,True,
471,,gt,Price,Positive,good_price,Exceptional value for money,exceptional_value,body,True,
471,,gt,Price,Positive,good_price,Exceptional value for money,value_for_money,body,True,
471,,gt,Price,Positive,good_price,Exceptional value for money,no_evident_not_exceptional_value,cont,True,
471,,gt,Price,Positive,good_price,Exceptional value for money,no_evident_not_value_for_money,cont,True,
471,,gt,Location,Positive,good_location,and very close to beach.,(no literals),,False,json_parse_error: Expecting value: line 1 column 1 (char 0)
471,,gt,Location,Negative,bad_location,Maybe a little way from main town,(no literals),,False,json_parse_error: Expecting value: line 1 column 1 (char 0)
472,,gt,Facility,Positive,good_facility,Very friendly atmosphere. A family business where you feel like at home. The hotel is very comfortable.,(no literals),,False,json_parse_error: Expecting value: line 1 column 1 (char 0)
472,,gt,Food,Positive,good_food,Huge and delicious breakfast.,huge_breakfast,body,True,
472,,gt,Food,Positive,good_food,Huge and delicious breakfast.,delicious_breakfast,body,True,
472,,gt,Food,Positive,good_food,Huge and delicious breakfast.,no_evident_not_huge_breakfast,cont,True,
472,,gt,Food,Positive,good_food,Huge and delicious breakfast.,no_evident_not_delicious_breakfast,cont,True,
473,,gt,Staff,Positive,good_staff,Friendly staff and service.,friendly_staff,body,True,
473,,gt,Staff,Positive,good_staff,Friendly staff and service.,no_evident_not_friendly_staff,cont,True,
473,,gt,Room,Positive,good_room,Very nice rooms. Clean.,(no literals),,False,json_parse_error: Expecting value: line 1 column 1 (char 0)
474,,gt,Room,Positive,good_room,"Clean, smart devices.",clean_room,body,True,
474,,gt,Room,Positive,good_room,"Clean, smart devices.",smart_devices_room,body,True,
474,,gt,Room,Positive,good_room,"Clean, smart devices.",no_evident_not_clean_room,cont,True,
474,,gt,Room,Positive,good_room,"Clean, smart devices.",no_evident_not_smart_devices_room,cont,True,
474,,gt,Price,Negative,bad_price,"Overpriced for its facilities,",(no literals),,False,json_parse_error: Expecting value: line 1 column 1 (char 0)
474,,gt,Facility,Negative,bad_facility,if you're lucky you may have the only one parking in the side.,only_one_parking,body,True,
474,,gt,Facility,Negative,bad_facility,if you're lucky you may have the only one parking in the side.,parking_in_the_side,body,True,
474,,gt,Facility,Negative,bad_facility,if you're lucky you may have the only one parking in the side.,have_evident_only_one_parking,cont,True,
474,,gt,Facility,Negative,bad_facility,if you're lucky you may have the only one parking in the side.,have_evident_parking_in_the_side,cont,True,
474,,gt,Food,Negative,bad_food,Very poor lunch (breakfast),poor_lunch,body,True,
474,,gt,Food,Negative,bad_food,Very poor lunch (breakfast),poor_breakfast,body,True,
474,,gt,Food,Negative,bad_food,Very poor lunch (breakfast),have_evident_poor_lunch,cont,True,
474,,gt,Food,Negative,bad_food,Very poor lunch (breakfast),have_evident_poor_breakfast,cont,True,
475,,gt,Room,Negative,bad_room,"The floor is not cleaned enough, full of dust, water does not drain and floods the room",(no literals),,False,json_parse_error: Expecting value: line 1 column 1 (char 0)
476,,gt,Staff,Positive,good_staff,"The kindness of the staff,",kind_staff,body,True,
476,,gt,Staff,Positive,good_staff,"The kindness of the staff,",no_evident_not_kind_staff,cont,True,
476,,gt,Room,Positive,good_room,"the size of the room,",(no literals),,False,json_parse_error: Expecting value: line 1 column 1 (char 0)
477,,gt,Staff,Positive,good_staff,Very kind staff.,(no literals),,False,json_parse_error: Expecting value: line 1 column 1 (char 0)
477,,gt,Food,Positive,good_food,"Delicious food,",delicious_food,body,True,
477,,gt,Food,Positive,good_food,"Delicious food,",no_evident_not_delicious_food,cont,True,
477,,gt,Room,Positive,good_room,impeccable cleanliness.,(no literals),,False,json_parse_error: Expecting value: line 1 column 1 (char 0)
478,,gt,Staff,Positive,good_staff,"The kindness of the staff,",kind_staff,body,True,
478,,gt,Staff,Positive,good_staff,"The kindness of the staff,",no_evident_not_kind_staff,cont,True,
478,,gt,Room,Positive,good_room,the cleanliness of the room.,clean_room,body,True,
478,,gt,Room,Positive,good_room,the cleanliness of the room.,no_evident_not_clean_room,cont,True,
479,,gt,Facility,Positive,good_facility,"Friendly, clean hotel,",(no literals),,False,json_parse_error: Expecting value: line 1 column 1 (char 0)
479,,gt,Room,Positive,good_room,functionally furnished. Balcony with courtyard or street view.,(no literals),,False,json_parse_error: Expecting value: line 1 column 1 (char 0)
479,,gt,Food,Positive,good_food,"Good breakfast directly in the hotel, to be paid separately (various options up to 10 EUR).",(no literals),,False,json_parse_error: Expecting value: line 1 column 1 (char 0)
479,,gt,Staff,Positive,good_staff,Very friendly host.,(no literals),,False,json_parse_error: Expecting value: line 1 column 1 (char 0)
479,,gt,Location,Positive,good_location,Proximity to the airport (3km) and the beach including numerous restaurants (500m).,proximity_to_airport,body,True,
479,,gt,Location,Positive,good_location,Proximity to the airport (3km) and the beach including numerous restaurants (500m).,proximity_to_beach,body,True,
479,,gt,Location,Positive,good_location,Proximity to the airport (3km) and the beach including numerous restaurants (500m).,proximity_to_numerous_restaurants,body,True,
479,,gt,Location,Positive,good_location,Proximity to the airport (3km) and the beach including numerous restaurants (500m).,no_evident_not_proximity_to_airport,cont,True,
479,,gt,Location,Positive,good_location,Proximity to the airport (3km) and the beach including numerous restaurants (500m).,no_evident_not_proximity_to_beach,cont,True,
479,,gt,Location,Positive,good_location,Proximity to the airport (3km) and the beach including numerous restaurants (500m).,no_evident_not_proximity_to_numerous_restaurants,cont,True,
480,,gt,Staff,Positive,good_staff,French speaking and competent staff.,(no literals),,False,json_parse_error: Expecting value: line 1 column 1 (char 0)
481,,gt,Facility,Positive,good_facility,The cleanest place I stayed in Cyprus!,(no literals),,False,json_parse_error: Expecting value: line 1 column 1 (char 0)
481,,gt,Staff,Positive,good_staff,The staff is kind and welcoming.,kind_staff,body,True,
481,,gt,Staff,Positive,good_staff,The staff is kind and welcoming.,welcoming_staff,body,True,
481,,gt,Staff,Positive,good_staff,The staff is kind and welcoming.,no_evident_not_kind_staff,cont,True,
481,,gt,Staff,Positive,good_staff,The staff is kind and welcoming.,no_evident_not_welcoming_staff,cont,True,
482,,gt,Facility,Positive,good_facility,"pleasant accommodation,",(no literals),,False,json_parse_error: Expecting value: line 1 column 1 (char 0)
482,,gt,Staff,Positive,good_staff,"helpful reception,",helpful_staff,body,True,
482,,gt,Staff,Positive,good_staff,"helpful reception,",no_evident_not_helpful_staff,cont,True,
482,,gt,Room,Positive,good_room,cleanliness,clean_room,body,True,
482,,gt,Room,Positive,good_room,cleanliness,no_evident_not_clean_room,cont,True,
482,,gt,Room,Negative,bad_room,the rooms were not soundproofed enough,(no literals),,False,json_parse_error: Expecting value: line 1 column 1 (char 0)
483,,gt,Staff,Positive,good_staff,The staff are extremely friendly and always happy to help when needed. They were always ready to answer any of our questions.,(no literals),,False,json_parse_error: Expecting value: line 1 column 1 (char 0)
483,,gt,Location,Positive,good_location,"In a very good location, close to the airport, especially if you have an early or late flight, and also close to the beach.",(no literals),,False,json_parse_error: Expecting value: line 1 column 1 (char 0)
483,,gt,Room,Negative,bad_room,"The main reason for not giving the highest rating is the noise. From the neighboring hotels/houses, they showered at any time of the day and made unpleasant noise. There were problems with the sealing and closing of the window.",(no literals),,False,json_parse_error: Expecting value: line 1 column 1 (char 0)
484,,gt,Room,Positive,good_room,"Nice room, very clean.",nice_room,body,True,
484,,gt,Room,Positive,good_room,"Nice room, very clean.",clean_room,body,True,
484,,gt,Room,Positive,good_room,"Nice room, very clean.",no_evident_not_nice_room,cont,True,
484,,gt,Room,Positive,good_room,"Nice room, very clean.",no_evident_not_clean_room,cont,True,
484,,gt,Location,Positive,good_location,Convenient because close to the airport.,(no literals),,False,json_parse_error: Expecting value: line 1 column 1 (char 0)
484,,gt,Staff,Positive,good_staff,Very kind and helpful staff.,(no literals),,False,json_parse_error: Expecting value: line 1 column 1 (char 0)
484,,gt,Food,Positive,good_food,"We had dinner in the evening, it was very good.",(no literals),,False,json_parse_error: Expecting value: line 1 column 1 (char 0)
484,,gt,Location,Negative,bad_location,Just a bit far from town,far_from_town,body,True,
484,,gt,Location,Negative,bad_location,Just a bit far from town,have_evident_far_from_town,cont,True,
484,,gt,Room,Negative,bad_room,Room a bit small,small_room,body,True,
484,,gt,Room,Negative,bad_room,Room a bit small,have_evident_small_room,cont,True,
485,,gt,Facility,Positive,good_facility,wonderful hotel and staff! all as in the photo!,(no literals),,False,json_parse_error: Expecting value: line 1 column 1 (char 0)
485,,gt,Staff,Positive,good_staff,wonderful hotel and staff! all as in the photo!,wonderful_staff,body,True,
485,,gt,Staff,Positive,good_staff,wonderful hotel and staff! all as in the photo!,no_evident_not_wonderful_staff,cont,True,
486,,gt,Room,Positive,good_room,"The room was very clean and very spacious.
  The mattresses and pillows were excellent.",(no literals),,False,json_parse_error: Expecting value: line 1 column 1 (char 0)
486,,gt,Room,Negative,bad_room,The only thing that was slightly flawed was the water in the shower in the evening which was lukewarm,(no literals),,False,json_parse_error: Expecting value: line 1 column 1 (char 0)
489,,gt,Room,Positive,good_room,nice and comfortable small room.,(no literals),,False,json_parse_error: Expecting value: line 1 column 1 (char 0)
489,,gt,Facility,Positive,good_facility,Early November: good availability of free parking spaces at the bottom of the hotel.,(no literals),,False,json_parse_error: Expecting value: line 1 column 1 (char 0)
489,,gt,Location,Positive,good_location,"The beach is 10 minutes walk, the airport 10 minutes by bus.",close_to_beach,body,True,
489,,gt,Location,Positive,good_location,"The beach is 10 minutes walk, the airport 10 minutes by bus.",close_to_airport,body,True,
489,,gt,Location,Positive,good_location,"The beach is 10 minutes walk, the airport 10 minutes by bus.",no_evident_not_close_to_beach,cont,True,
489,,gt,Location,Positive,good_location,"The beach is 10 minutes walk, the airport 10 minutes by bus.",no_evident_not_close_to_airport,cont,True,
489,,gt,Staff,Positive,good_staff,Friendly staff and very good advice,(no literals),,False,json_parse_error: Expecting value: line 1 column 1 (char 0)
490,,gt,Location,Positive,good_location,Proximity to the airport,proximity_to_airport,body,True,
490,,gt,Location,Positive,good_location,Proximity to the airport,no_evident_not_proximity_to_airport,cont,True,
490,,gt,Food,Positive,good_food,and excellent cuisine,excellent_cuisine,body,True,
490,,gt,Food,Positive,good_food,and excellent cuisine,no_evident_not_excellent_cuisine,cont,True,
491,,gt,Room,Positive,good_room,"Practical rooms, balconies in each room.",practical_room,body,True,
491,,gt,Room,Positive,good_room,"Practical rooms, balconies in each room.",balconies_in_room,body,True,
491,,gt,Room,Positive,good_room,"Practical rooms, balconies in each room.",no_evident_not_practical_room,cont,True,
491,,gt,Room,Positive,good_room,"Practical rooms, balconies in each room.",no_evident_not_balconies_in_room,cont,True,
491,,gt,Location,Positive,good_location,good location for the airport.,(no literals),,False,json_parse_error: Expecting value: line 1 column 1 (char 0)
491,,gt,Staff,Positive,good_staff,Listening staff.,listening_staff,body,True,
491,,gt,Staff,Positive,good_staff,Listening staff.,no_evident_not_listening_staff,cont,True,
491,,gt,Room,Negative,bad_room,The noise. The rooms are poorly soundproofed. We hear the neighbors moving.,noisy_room,body,True,
491,,gt,Room,Negative,bad_room,The noise. The rooms are poorly soundproofed. We hear the neighbors moving.,poorly_soundproofed_room,body,True,
491,,gt,Room,Negative,bad_room,The noise. The rooms are poorly soundproofed. We hear the neighbors moving.,have_evident_noisy_room,cont,True,
491,,gt,Room,Negative,bad_room,The noise. The rooms are poorly soundproofed. We hear the neighbors moving.,have_evident_poorly_soundproofed_room,cont,True,
492,,gt,Location,Positive,good_location,"Hotel near the airport, ideal for a late arrival or a very early departure",(no literals),,False,json_parse_error: Expecting value: line 1 column 1 (char 0)
492,,gt,Room,Negative,bad_room,"bed duvet much too thick, we suffocate underneath! Very hard bed. Noisy, due to the heavy use of tiling",(no literals),,False,json_parse_error: Expecting value: line 1 column 1 (char 0)
492,,gt,Location,Negative,bad_location,"Noisy, due to the heavy use of tiling and the steady stream of travelers arriving/departing for the airport throughout the night.",(no literals),,False,json_parse_error: Expecting value: line 1 column 1 (char 0)
493,,gt,Room,Positive,good_room,"nice, clean and neat.",(no literals),,False,json_parse_error: Expecting value: line 1 column 1 (char 0)
493,,gt,Staff,Positive,good_staff,super sweet hosts,super_sweet_staff,body,True,
493,,gt,Staff,Positive,good_staff,super sweet hosts,no_evident_not_super_sweet_staff,cont,True,
494,,gt,Facility,Positive,good_facility,Very clean hotel,clean_hotel,body,True,
494,,gt,Facility,Positive,good_facility,Very clean hotel,no_evident_not_clean_hotel,cont,True,
494,,gt,Staff,Positive,good_staff,Very kind staff,kind_staff,body,True,
494,,gt,Staff,Positive,good_staff,Very kind staff,no_evident_not_kind_staff,cont,True,
494,,gt,Location,Positive,good_location,Very close to the airport,close_to_airport,body,True,
494,,gt,Location,Positive,good_location,Very close to the airport,no_evident_not_close_to_airport,cont,True,
495,,gt,Location,Positive,good_location,clean close to the beach close to the field Intimate and quiet,(no literals),,False,json_parse_error: Expecting value: line 1 column 1 (char 0)
496,,gt,Location,Positive,good_location,"Great location close to the airport,",(no literals),,False,json_parse_error: Expecting value: line 1 column 1 (char 0)
496,,gt,Staff,Positive,good_staff,friendly service,friendly_service,body,True,
496,,gt,Staff,Positive,good_staff,friendly service,no_evident_not_friendly_service,cont,True,
496,,gt,Food,Positive,good_food,and delicious breakfasts.,delicious_breakfasts,body,True,
496,,gt,Food,Positive,good_food,and delicious breakfasts.,no_evident_not_delicious_breakfasts,cont,True,
497,,gt,Facility,Positive,good_facility,Perfect hotel.,(no literals),,False,json_parse_error: Expecting value: line 1 column 1 (char 0)
497,,gt,Staff,Positive,good_staff,"welcoming and helpful staff. and I thank Tony for his welcome and his smile, it's so rare.",welcoming_staff,body,True,
497,,gt,Staff,Positive,good_staff,"welcoming and helpful staff. and I thank Tony for his welcome and his smile, it's so rare.",helpful_staff,body,True,
497,,gt,Staff,Positive,good_staff,"welcoming and helpful staff. and I thank Tony for his welcome and his smile, it's so rare.",no_evident_not_welcoming_staff,cont,True,
497,,gt,Staff,Positive,good_staff,"welcoming and helpful staff. and I thank Tony for his welcome and his smile, it's so rare.",no_evident_not_helpful_staff,cont,True,
497,,gt,Room,Positive,good_room,the room was spacious.and clean.,spacious_room,body,True,
497,,gt,Room,Positive,good_room,the room was spacious.and clean.,clean_room,body,True,
497,,gt,Room,Positive,good_room,the room was spacious.and clean.,no_evident_not_spacious_room,cont,True,
497,,gt,Room,Positive,good_room,the room was spacious.and clean.,no_evident_not_clean_room,cont,True,
497,,gt,Food,Positive,good_food,the restaurant is very varied.,(no literals),,False,json_parse_error: Expecting value: line 1 column 1 (char 0)
497,,gt,Location,Positive,good_location,as well as the location close to the airport and the beach as well as many restaurants and snacks.,(no literals),,False,json_parse_error: Expecting value: line 1 column 1 (char 0)
498,,gt,Staff,Positive,good_staff,"Great welcome, very pleasant contact, very helpful",(no literals),,False,json_parse_error: Expecting value: line 1 column 1 (char 0)
498,,gt,Location,Positive,good_location,Access to the airport is close,close_to_airport,body,True,
498,,gt,Location,Positive,good_location,Access to the airport is close,no_evident_not_close_to_airport,cont,True,
498,,gt,Location,Negative,bad_location,"Access to the airport is close but not so easy with the bus, when you do not know",(no literals),,False,json_parse_error: Expecting value: line 1 column 1 (char 0)
499,,gt,Location,Positive,good_location,The hotel is located close to Larnaca airport.,close_to_larnaca_airport,body,True,
499,,gt,Location,Positive,good_location,The hotel is located close to Larnaca airport.,no_evident_not_close_to_larnaca_airport,cont,True,
499,,gt,Staff,Positive,good_staff,"Very helpful staff,",helpful_staff,body,True,
499,,gt,Staff,Positive,good_staff,"Very helpful staff,",no_evident_not_helpful_staff,cont,True,
499,,gt,Room,Positive,good_room,"the room had everything you need, and also the bathroom. Clean and cozy.",has_everything_you_need_room,body,True,
499,,gt,Room,Positive,good_room,"the room had everything you need, and also the bathroom. Clean and cozy.",has_bathroom_room,body,True,
499,,gt,Room,Positive,good_room,"the room had everything you need, and also the bathroom. Clean and cozy.",clean_room,body,True,
499,,gt,Room,Positive,good_room,"the room had everything you need, and also the bathroom. Clean and cozy.",cozy_room,body,True,
499,,gt,Room,Positive,good_room,"the room had everything you need, and also the bathroom. Clean and cozy.",no_evident_not_has_everything_you_need_room,cont,True,
499,,gt,Room,Positive,good_room,"the room had everything you need, and also the bathroom. Clean and cozy.",no_evident_not_has_bathroom_room,cont,True,
499,,gt,Room,Positive,good_room,"the room had everything you need, and also the bathroom. Clean and cozy.",no_evident_not_clean_room,cont,True,
499,,gt,Room,Positive,good_room,"the room had everything you need, and also the bathroom. Clean and cozy.",no_evident_not_cozy_room,cont,True,
500,,gt,Facility,Positive,good_facility,"The accommodation itself is very good., and on the other hand, if you go by car, even though there is an open-air car park very close,",very_good_facility,body,True,
500,,gt,Facility,Positive,good_facility,"The accommodation itself is very good., and on the other hand, if you go by car, even though there is an open-air car park very close,",open_air_car_park_facility,body,True,
500,,gt,Facility,Positive,good_facility,"The accommodation itself is very good., and on the other hand, if you go by car, even though there is an open-air car park very close,",no_evident_not_very_good_facility,cont,True,
500,,gt,Facility,Positive,good_facility,"The accommodation itself is very good., and on the other hand, if you go by car, even though there is an open-air car park very close,",no_evident_not_open_air_car_park_facility,cont,True,
500,,gt,Location,Positive,good_location,It is very central.,central_location,body,True,
500,,gt,Location,Positive,good_location,It is very central.,no_evident_not_central_location,cont,True,
500,,gt,Location,Negative,bad_location,The problem is finding it. It is located in an alley and google maps went crazy. Now I understand why they sent me a photo of how to locate the street.,located_in_an_alley,body,True,
500,,gt,Location,Negative,bad_location,The problem is finding it. It is located in an alley and google maps went crazy. Now I understand why they sent me a photo of how to locate the street.,hard_to_find,body,True,
500,,gt,Location,Negative,bad_location,The problem is finding it. It is located in an alley and google maps went crazy. Now I understand why they sent me a photo of how to locate the street.,have_evident_located_in_an_alley,cont,True,
500,,gt,Location,Negative,bad_location,The problem is finding it. It is located in an alley and google maps went crazy. Now I understand why they sent me a photo of how to locate the street.,have_evident_hard_to_find,cont,True,
500,,gt,Room,Negative,bad_room,but the guests in the upper apartment didn't stop making noise at 3am,noisy_room,body,True,
500,,gt,Room,Negative,bad_room,but the guests in the upper apartment didn't stop making noise at 3am,have_evident_noisy_room,cont,True,
500,,gt,Facility,Negative,bad_facility,"and on the other hand, if you go by car, even though there is an open-air car park very close, it's a real odyssey to be able to park. We had to leave the car far away.",(no literals),,False,json_parse_error: Expecting value: line 1 column 1 (char 0)
501,,gt,Facility,Positive,good_facility,The hotel is very clean,clean_facility,body,True,
501,,gt,Facility,Positive,good_facility,The hotel is very clean,no_evident_not_clean_facility,cont,True,
501,,gt,Location,Positive,good_location,and close to the airport.,(no literals),,False,json_parse_error: Expecting value: line 1 column 1 (char 0)
501,,gt,Room,Positive,good_room,"Simple and comfortable rooms, you can see that there is care in the place.",simple_room,body,True,
501,,gt,Room,Positive,good_room,"Simple and comfortable rooms, you can see that there is care in the place.",comfortable_room,body,True,
501,,gt,Room,Positive,good_room,"Simple and comfortable rooms, you can see that there is care in the place.",no_evident_not_simple_room,cont,True,
501,,gt,Room,Positive,good_room,"Simple and comfortable rooms, you can see that there is care in the place.",no_evident_not_comfortable_room,cont,True,
501,,gt,Food,Positive,good_food,"The restaurant in the hotel lobby is good,",good_restaurant,body,True,
501,,gt,Food,Positive,good_food,"The restaurant in the hotel lobby is good,",no_evident_not_good_restaurant,cont,True,
501,,gt,Food,Negative,bad_food,although it took a relatively long time for our food to be ready.,long_time_to_be_ready,body,True,
501,,gt,Food,Negative,bad_food,although it took a relatively long time for our food to be ready.,have_evident_long_time_to_be_ready,cont,True,
502,,gt,Facility,Positive,good_facility,It's a clean and good hotel,clean_hotel,body,True,
502,,gt,Facility,Positive,good_facility,It's a clean and good hotel,good_hotel,body,True,
502,,gt,Facility,Positive,good_facility,It's a clean and good hotel,no_evident_not_clean_hotel,cont,True,
502,,gt,Facility,Positive,good_facility,It's a clean and good hotel,no_evident_not_good_hotel,cont,True,
502,,gt,Staff,Positive,good_staff,and the service is also great,great_service,body,True,
502,,gt,Staff,Positive,good_staff,and the service is also great,no_evident_not_great_service,cont,True,
503,,gt,Location,Positive,good_location,"Close to the field,",(no literals),,False,json_parse_error: Expecting value: line 1 column 1 (char 0)
503,,gt,Staff,Positive,good_staff,"the staff is nice,",nice_staff,body,True,
503,,gt,Staff,Positive,good_staff,"the staff is nice,",no_evident_not_nice_staff,cont,True,
503,,gt,Room,Positive,good_room,"the room is restful and pleasant, clean and renovated, The bed is comfortable and so is the shower",(no literals),,False,json_parse_error: Expecting value: line 1 column 1 (char 0)
503,,gt,Location,Negative,bad_location,"The environment is a bit unfriendly for walking, there is a lot of construction and the roads are bumpy",(no literals),,False,json_parse_error: Expecting value: line 1 column 1 (char 0)
504,,gt,Facility,Positive,good_facility,Everything is a perfect boutique hotel,perfect_hotel,body,True,
504,,gt,Facility,Positive,good_facility,Everything is a perfect boutique hotel,boutique_hotel,body,True,
504,,gt,Facility,Positive,good_facility,Everything is a perfect boutique hotel,no_evident_not_perfect_hotel,cont,True,
504,,gt,Facility,Positive,good_facility,Everything is a perfect boutique hotel,no_evident_not_boutique_hotel,cont,True,
505,,gt,Room,Positive,good_room,"Modern furnished and very clean room,",modern_room,body,True,
505,,gt,Room,Positive,good_room,"Modern furnished and very clean room,",furnished_room,body,True,
505,,gt,Room,Positive,good_room,"Modern furnished and very clean room,",very_clean_room,body,True,
505,,gt,Room,Positive,good_room,"Modern furnished and very clean room,",no_evident_not_modern_room,cont,True,
505,,gt,Room,Positive,good_room,"Modern furnished and very clean room,",no_evident_not_furnished_room,cont,True,
505,,gt,Room,Positive,good_room,"Modern furnished and very clean room,",no_evident_not_very_clean_room,cont,True,
505,,gt,Staff,Positive,good_staff,friendly staff.,(no literals),,False,json_parse_error: Expecting value: line 1 column 1 (char 0)
505,,gt,Food,Positive,good_food,"Nice restaurant in the house, great coffee!",nice_restaurant,body,True,
505,,gt,Food,Positive,good_food,"Nice restaurant in the house, great coffee!",great_coffee,body,True,
505,,gt,Food,Positive,good_food,"Nice restaurant in the house, great coffee!",no_evident_not_nice_restaurant,cont,True,
505,,gt,Food,Positive,good_food,"Nice restaurant in the house, great coffee!",no_evident_not_great_coffee,cont,True,
505,,gt,Location,Positive,good_location,"Close to the city center, the airport and the sea.",(no literals),,False,json_parse_error: Expecting value: line 1 column 1 (char 0)
505,,gt,Price,Positive,good_price,Price/performance is totally right.,right_price,body,True,
505,,gt,Price,Positive,good_price,Price/performance is totally right.,no_evident_not_right_price,cont,True,
506,,gt,Room,Positive,good_room,"cleanliness, simple and modern furnishings but new like the whole structure",clean_room,body,True,
506,,gt,Room,Positive,good_room,"cleanliness, simple and modern furnishings but new like the whole structure",simple_furnishings,body,True,
506,,gt,Room,Positive,good_room,"cleanliness, simple and modern furnishings but new like the whole structure",modern_furnishings,body,True,
506,,gt,Room,Positive,good_room,"cleanliness, simple and modern furnishings but new like the whole structure",new_structure,body,True,
506,,gt,Room,Positive,good_room,"cleanliness, simple and modern furnishings but new like the whole structure",no_evident_not_clean_room,cont,True,
506,,gt,Room,Positive,good_room,"cleanliness, simple and modern furnishings but new like the whole structure",no_evident_not_simple_furnishings,cont,True,
506,,gt,Room,Positive,good_room,"cleanliness, simple and modern furnishings but new like the whole structure",no_evident_not_modern_furnishings,cont,True,
506,,gt,Room,Positive,good_room,"cleanliness, simple and modern furnishings but new like the whole structure",no_evident_not_new_structure,cont,True,
507,,gt,Facility,Positive,good_facility,"The hotel is very modernly furnished,",(no literals),,False,json_parse_error: Expecting value: line 1 column 1 (char 0)
507,,gt,Room,Positive,good_room,the room is spacious enough with an above-standard large bathroom.,spacious_room,body,True,
507,,gt,Room,Positive,good_room,the room is spacious enough with an above-standard large bathroom.,above_standard_bathroom,body,True,
507,,gt,Room,Positive,good_room,the room is spacious enough with an above-standard large bathroom.,large_bathroom,body,True,
507,,gt,Room,Positive,good_room,the room is spacious enough with an above-standard large bathroom.,no_evident_not_spacious_room,cont,True,
507,,gt,Room,Positive,good_room,the room is spacious enough with an above-standard large bathroom.,no_evident_not_above_standard_bathroom,cont,True,
507,,gt,Room,Positive,good_room,the room is spacious enough with an above-standard large bathroom.,no_evident_not_large_bathroom,cont,True,
507,,gt,Staff,Positive,good_staff,The staff at the reception willingly arranged a ride to the airport for us.,willing_staff,body,True,
507,,gt,Staff,Positive,good_staff,The staff at the reception willingly arranged a ride to the airport for us.,no_evident_not_willing_staff,cont,True,
509,,gt,Facility,Positive,good_facility,"Nice facility,",nice_facility,body,True,
509,,gt,Facility,Positive,good_facility,"Nice facility,",no_evident_not_nice_facility,cont,True,
509,,gt,Staff,Positive,good_staff,very nice and helpful staff.,(no literals),,False,json_parse_error: Expecting value: line 1 column 1 (char 0)
510,,gt,Location,Positive,good_location,Proximity to the airport,(no literals),,False,json_parse_error: Expecting value: line 1 column 1 (char 0)
510,,gt,Price,Positive,good_price,cheap,cheap_price,body,True,
510,,gt,Price,Positive,good_price,cheap,no_evident_not_cheap_price,cont,True,
510,,gt,Room,Positive,good_room,clean,clean_room,body,True,
510,,gt,Room,Positive,good_room,clean,no_evident_not_clean_room,cont,True,
510,,gt,Room,Negative,bad_room,"Cramped, the third bed for a child is more suitable for a baby, minimalist room accessories",cramped_room,body,True,
510,,gt,Room,Negative,bad_room,"Cramped, the third bed for a child is more suitable for a baby, minimalist room accessories",minimalist_room_accessories,body,True,
510,,gt,Room,Negative,bad_room,"Cramped, the third bed for a child is more suitable for a baby, minimalist room accessories",have_evident_cramped_room,cont,True,
510,,gt,Room,Negative,bad_room,"Cramped, the third bed for a child is more suitable for a baby, minimalist room accessories",have_evident_minimalist_room_accessories,cont,True,
511,,gt,Facility,Positive,good_facility,new clean reception,new_facility,body,True,
511,,gt,Facility,Positive,good_facility,new clean reception,clean_facility,body,True,
511,,gt,Facility,Positive,good_facility,new clean reception,no_evident_not_new_facility,cont,True,
511,,gt,Facility,Positive,good_facility,new clean reception,no_evident_not_clean_facility,cont,True,
512,,gt,Room,Positive,good_room,very clean.,clean_room,body,True,
512,,gt,Room,Positive,good_room,very clean.,no_evident_not_clean_room,cont,True,
512,,gt,Staff,Positive,good_staff,the staff is available and always helps,available_staff,body,True,
512,,gt,Staff,Positive,good_staff,the staff is available and always helps,helpful_staff,body,True,
512,,gt,Staff,Positive,good_staff,the staff is available and always helps,no_evident_not_available_staff,cont,True,
512,,gt,Staff,Positive,good_staff,the staff is available and always helps,no_evident_not_helpful_staff,cont,True,
513,,gt,Location,Positive,good_location,The place is close to the airport and easy to get to.,(no literals),,False,json_parse_error: Expecting value: line 1 column 1 (char 0)
513,,gt,Check-in,Positive,good_check_in,We arrived late and the directions were clear and easy.,clear_directions,body,True,
513,,gt,Check-in,Positive,good_check_in,We arrived late and the directions were clear and easy.,easy_directions,body,True,
513,,gt,Check-in,Positive,good_check_in,We arrived late and the directions were clear and easy.,no_evident_not_clear_directions,cont,True,
513,,gt,Check-in,Positive,good_check_in,We arrived late and the directions were clear and easy.,no_evident_not_easy_directions,cont,True,
513,,gt,Facility,Positive,good_facility,The place is clean and everything was exactly as expected,(no literals),,False,json_parse_error: Expecting value: line 1 column 1 (char 0)
513,,gt,Location,Positive,good_location,A short distance from the promenade where you can find nice restaurants on the beach,(no literals),,False,json_parse_error: Expecting value: line 1 column 1 (char 0)
513,,gt,Room,Negative,bad_room,The room for 5 was very tight. Suitable for one night no more,(no literals),,False,json_parse_error: Expecting value: line 1 column 1 (char 0)
514,,gt,Room,Positive,good_room,The cleaning,(no literals),,False,json_parse_error: Expecting value: line 1 column 1 (char 0)
515,,gt,Location,Positive,good_location,I really liked the location. Close to the lake and the beach.,close_to_lake,body,True,
515,,gt,Location,Positive,good_location,I really liked the location. Close to the lake and the beach.,close_to_beach,body,True,
515,,gt,Location,Positive,good_location,I really liked the location. Close to the lake and the beach.,no_evident_not_close_to_lake,cont,True,
515,,gt,Location,Positive,good_location,I really liked the location. Close to the lake and the beach.,no_evident_not_close_to_beach,cont,True,
515,,gt,Staff,Positive,good_staff,Very nice staff.,nice_staff,body,True,
515,,gt,Staff,Positive,good_staff,Very nice staff.,no_evident_not_nice_staff,cont,True,
515,,gt,Check-in,Positive,good_check_in,Thank you very much for being able to move in earlier.,(no literals),,False,json_parse_error: Expecting value: line 1 column 1 (char 0)
515,,gt,Facility,Positive,good_facility,Very clean new hotel,clean_facility,body,True,
515,,gt,Facility,Positive,good_facility,Very clean new hotel,new_facility,body,True,
515,,gt,Facility,Positive,good_facility,Very clean new hotel,no_evident_not_clean_facility,cont,True,
515,,gt,Facility,Positive,good_facility,Very clean new hotel,no_evident_not_new_facility,cont,True,
516,,gt,Staff,Positive,good_staff,friendliness of staff,(no literals),,False,json_parse_error: Expecting value: line 1 column 1 (char 0)
517,,gt,Staff,Positive,good_staff,"The manager very friendly,",friendly_staff,body,True,
517,,gt,Staff,Positive,good_staff,"The manager very friendly,",no_evident_not_friendly_staff,cont,True,
517,,gt,Facility,Positive,good_facility,the hotel of very good quality,(no literals),,False,json_parse_error: Expecting value: line 1 column 1 (char 0)
518,,gt,Location,Positive,good_location,quiet place,(no literals),,False,json_parse_error: Expecting value: line 1 column 1 (char 0)
519,,gt,Food,Positive,good_food,"Very good breakfast,",(no literals),,False,json_parse_error: Expecting value: line 1 column 1 (char 0)
519,,gt,Location,Positive,good_location,great location near MacKenzie beach.,(no literals),,False,json_parse_error: Expecting value: line 1 column 1 (char 0)
519,,gt,Staff,Positive,good_staff,Staff very polite and helpful almost family atmosphere.,(no literals),,False,json_parse_error: Expecting value: line 1 column 1 (char 0)
521,,gt,Room,Positive,good_room,"Very clean, well organized, nothing missing, pleasant balcony, comfortable mattress.",(no literals),,False,json_parse_error: Expecting value: line 1 column 1 (char 0)
521,,gt,Room,Negative,bad_room,The air conditioner does not cool enough,(no literals),,False,json_parse_error: Expecting value: line 1 column 1 (char 0)
521,,gt,Staff,Positive,good_staff,nice hosts,nice_staff,body,True,
521,,gt,Staff,Positive,good_staff,nice hosts,no_evident_not_nice_staff,cont,True,
522,,gt,Staff,Positive,good_staff,friendly staff,friendly_staff,body,True,
522,,gt,Staff,Positive,good_staff,friendly staff,no_evident_not_friendly_staff,cont,True,
523,,gt,Staff,Positive,good_staff,"Amazing team!!!
  Helps with any question and problem... smiling and patient.
  Changed us to a family room that we requested..
  They gave us great recommendations for places in the city. Order taxis for us...help with car rental.
  They even celebrated our daughter's birthday with a surprise..
  In short, an experience",(no literals),,False,json_parse_error: Expecting value: line 1 column 1 (char 0)
524,,gt,Price,Positive,good_price,A place that gives full value for the price.,(no literals),,False,json_parse_error: Expecting value: line 1 column 1 (char 0)
524,,gt,Room,Positive,good_room,Excellent cleanliness.,(no literals),,False,json_parse_error: Expecting value: line 1 column 1 (char 0)
524,,gt,Staff,Positive,good_staff,Professional staff.,professional_staff,body,True,
524,,gt,Staff,Positive,good_staff,Professional staff.,no_evident_not_professional_staff,cont,True,
524,,gt,Food,Positive,good_food,Excellent food,excellent_food,body,True,
524,,gt,Food,Positive,good_food,Excellent food,no_evident_not_excellent_food,cont,True,
525,,gt,Room,Positive,good_room,"clean, quiet, well organized",clean_room,body,True,
525,,gt,Room,Positive,good_room,"clean, quiet, well organized",quiet_room,body,True,
525,,gt,Room,Positive,good_room,"clean, quiet, well organized",well_organized_room,body,True,
525,,gt,Room,Positive,good_room,"clean, quiet, well organized",no_evident_not_clean_room,cont,True,
525,,gt,Room,Positive,good_room,"clean, quiet, well organized",no_evident_not_quiet_room,cont,True,
525,,gt,Room,Positive,good_room,"clean, quiet, well organized",no_evident_not_well_organized_room,cont,True,
527,,gt,Facility,Positive,good_facility,It is a great accommodation,great_accommodation,body,True,
527,,gt,Facility,Positive,good_facility,It is a great accommodation,no_evident_not_great_accommodation,cont,True,
527,,gt,Price,Positive,good_price,with excellent value for money.,excellent_value_for_money,body,True,
527,,gt,Price,Positive,good_price,with excellent value for money.,no_evident_not_excellent_value_for_money,cont,True,
527,,gt,Location,Positive,good_location,In addition to being very well located near Larnaca airport and mckenzie beach.,(no literals),,False,json_parse_error: Expecting value: line 1 column 1 (char 0)
527,,gt,Staff,Positive,good_staff,The staff extremely friendly.,friendly_staff,body,True,
527,,gt,Staff,Positive,good_staff,The staff extremely friendly.,no_evident_not_friendly_staff,cont,True,
528,,gt,Facility,Positive,good_facility,"New hotel, everything is clean and fresh.",new_facility,body,True,
528,,gt,Facility,Positive,good_facility,"New hotel, everything is clean and fresh.",clean_facility,body,True,
528,,gt,Facility,Positive,good_facility,"New hotel, everything is clean and fresh.",fresh_facility,body,True,
528,,gt,Facility,Positive,good_facility,"New hotel, everything is clean and fresh.",no_evident_not_new_facility,cont,True,
528,,gt,Facility,Positive,good_facility,"New hotel, everything is clean and fresh.",no_evident_not_clean_facility,cont,True,
528,,gt,Facility,Positive,good_facility,"New hotel, everything is clean and fresh.",no_evident_not_fresh_facility,cont,True,
528,,gt,Location,Positive,good_location,"We were interested in a hotel near the airport, it met our expectations!)",near_the_airport,body,True,
528,,gt,Location,Positive,good_location,"We were interested in a hotel near the airport, it met our expectations!)",no_evident_not_near_the_airport,cont,True,
529,,gt,Room,Positive,good_room,"Cleanliness/Towels: 10/10
  Design/Furniture: 10/10",(no literals),,False,json_parse_error: Expecting value: line 1 column 1 (char 0)
529,,gt,Staff,Positive,good_staff,Staff: 10/10,perfect_staff,body,True,
529,,gt,Staff,Positive,good_staff,Staff: 10/10,no_evident_not_perfect_staff,cont,True,
529,,gt,Room,Negative,bad_room,"Soundproofing: 07/10 (separated rooms with plasterboards)
  Balcony furniture set: 08/10 (could refurbish these too)
  Set of shampoo etc. for the bathroom: 08/10 (Could offer 1 to 1 for the pampering)",(no literals),,False,json_parse_error: Expecting value: line 1 column 1 (char 0)
530,,gt,Facility,Positive,good_facility,Very nice and clean hotel.,nice_facility,body,True,
530,,gt,Facility,Positive,good_facility,Very nice and clean hotel.,clean_facility,body,True,
530,,gt,Facility,Positive,good_facility,Very nice and clean hotel.,no_evident_not_nice_facility,cont,True,
530,,gt,Facility,Positive,good_facility,Very nice and clean hotel.,no_evident_not_clean_facility,cont,True,
530,,gt,Location,Positive,good_location,In an easy and quiet place. Not far from the beach.,(no literals),,False,json_parse_error: Expecting value: line 1 column 1 (char 0)
530,,gt,Staff,Positive,good_staff,The staff was very nice and polite,(no literals),,False,json_parse_error: Expecting value: line 1 column 1 (char 0)
531,,gt,Location,Positive,good_location,Location close to the airport and the promenade by the sea.,close_to_airport,body,True,
531,,gt,Location,Positive,good_location,Location close to the airport and the promenade by the sea.,close_to_promenade,body,True,
531,,gt,Location,Positive,good_location,Location close to the airport and the promenade by the sea.,no_evident_not_close_to_airport,cont,True,
531,,gt,Location,Positive,good_location,Location close to the airport and the promenade by the sea.,no_evident_not_close_to_promenade,cont,True,
531,,gt,Room,Positive,good_room,"Clean, tidy, comfortable and beautiful room.",(no literals),,False,json_parse_error: Expecting value: line 1 column 1 (char 0)
531,,gt,Staff,Positive,good_staff,Courteous and welcoming service.,(no literals),,False,json_parse_error: Expecting value: line 1 column 1 (char 0)
532,,gt,Location,Positive,good_location,"The proximity to the airport,",proximity_to_the_airport,body,True,
532,,gt,Location,Positive,good_location,"The proximity to the airport,",no_evident_not_proximity_to_the_airport,cont,True,
532,,gt,Facility,Positive,good_facility,"free parking,",free_parking,body,True,
532,,gt,Facility,Positive,good_facility,"free parking,",no_evident_not_free_parking,cont,True,
532,,gt,Room,Positive,good_room,large rooms! very clean,large_room,body,True,
532,,gt,Room,Positive,good_room,large rooms! very clean,clean_room,body,True,
532,,gt,Room,Positive,good_room,large rooms! very clean,no_evident_not_large_room,cont,True,
532,,gt,Room,Positive,good_room,large rooms! very clean,no_evident_not_clean_room,cont,True,
533,,gt,Food,Positive,good_food,however the restaurant in the evening was perfect. The cook particularly affable fast and delicious irreproachable service.,delicious_food,body,True,
533,,gt,Food,Positive,good_food,however the restaurant in the evening was perfect. The cook particularly affable fast and delicious irreproachable service.,no_evident_not_delicious_food,cont,True,
534,,gt,Food,Positive,good_food,Very good homemade breakfast.,very_good_breakfast,body,True,
534,,gt,Food,Positive,good_food,Very good homemade breakfast.,homemade_breakfast,body,True,
534,,gt,Food,Positive,good_food,Very good homemade breakfast.,no_evident_not_very_good_breakfast,cont,True,
534,,gt,Food,Positive,good_food,Very good homemade breakfast.,no_evident_not_homemade_breakfast,cont,True,
535,,gt,Facility,Positive,good_facility,"Small, modern hotel",small_facility,body,True,
535,,gt,Facility,Positive,good_facility,"Small, modern hotel",modern_facility,body,True,
535,,gt,Facility,Positive,good_facility,"Small, modern hotel",no_evident_not_small_facility,cont,True,
535,,gt,Facility,Positive,good_facility,"Small, modern hotel",no_evident_not_modern_facility,cont,True,
535,,gt,Staff,Positive,good_staff,with very friendly and helpful hosts.,(no literals),,False,json_parse_error: Expecting value: line 1 column 1 (char 0)
535,,gt,Location,Positive,good_location,30 minute walk from Larnaca center and 10 minute walk from beautiful Mackenzie Beach!,(no literals),,False,json_parse_error: Expecting value: line 1 column 1 (char 0)
536,,gt,Facility,Positive,good_facility,An intimate hotel,intimate_hotel,body,True,
536,,gt,Facility,Positive,good_facility,An intimate hotel,no_evident_not_intimate_hotel,cont,True,
536,,gt,Staff,Positive,good_staff,with service at the highest level.,highest_level_service,body,True,
536,,gt,Staff,Positive,good_staff,with service at the highest level.,no_evident_not_highest_level_service,cont,True,
536,,gt,Food,Positive,good_food,The cuisine is simple but tasty.,(no literals),,False,json_parse_error: Expecting value: line 1 column 1 (char 0)
536,,gt,Location,Positive,good_location,"Location on +., close to the beach, gastronomy and the airport",(no literals),,False,json_parse_error: Expecting value: line 1 column 1 (char 0)
537,,gt,Facility,Positive,good_facility,Terrace was very cozy,(no literals),,False,json_parse_error: Expecting value: line 1 column 1 (char 0)
538,,gt,Check-in,Positive,good_check_in,We arrived in the middle of the night and were able to get into the room via self-check-in without any problems.,(no literals),,False,json_parse_error: Expecting value: line 1 column 1 (char 0)
538,,gt,Location,Positive,good_location,"Good location close to the airport - easily accessible by taxi, there is also a bus route nearby.",(no literals),,False,json_parse_error: Expecting value: line 1 column 1 (char 0)
538,,gt,Room,Negative,bad_room,Rooms may be a bit small for a longer stay,(no literals),,False,json_parse_error: Expecting value: line 1 column 1 (char 0)
539,,gt,Staff,Positive,good_staff,"lovely staff, ready to help at any hour",lovely_staff,body,True,
539,,gt,Staff,Positive,good_staff,"lovely staff, ready to help at any hour",ready_to_help_at_any_hour_staff,body,True,
539,,gt,Staff,Positive,good_staff,"lovely staff, ready to help at any hour",no_evident_not_lovely_staff,cont,True,
539,,gt,Staff,Positive,good_staff,"lovely staff, ready to help at any hour",no_evident_not_ready_to_help_at_any_hour_staff,cont,True,
540,,gt,Location,Positive,good_location,"Location is very close to the beach, Very close to the airport, like 8 minutes by car.",(no literals),,False,json_parse_error: Expecting value: line 1 column 1 (char 0)
540,,gt,Staff,Positive,good_staff,very kind staff on the last day kept our suitcases in custody for the whole day.,kind_staff,body,True,
540,,gt,Staff,Positive,good_staff,very kind staff on the last day kept our suitcases in custody for the whole day.,no_evident_not_kind_staff,cont,True,
540,,gt,Room,Positive,good_room,Really soft bed and pillows. but large bathroom and shower.,(no literals),,False,json_parse_error: Expecting value: line 1 column 1 (char 0)
540,,gt,Room,Negative,bad_room,Room a little smaller than average,(no literals),,False,json_parse_error: Expecting value: line 1 column 1 (char 0)
541,,gt,Location,Positive,good_location,Strategic location: the property is close to both the airport and Mackenzie Beach. In fifteen minutes of walking along the sea you can also reach Finikoudes.,(no literals),,False,json_parse_error: Expecting value: line 1 column 1 (char 0)
541,,gt,Staff,Positive,good_staff,"Courteous and helpful staff,",courteous_staff,body,True,
541,,gt,Staff,Positive,good_staff,"Courteous and helpful staff,",helpful_staff,body,True,
541,,gt,Staff,Positive,good_staff,"Courteous and helpful staff,",no_evident_not_courteous_staff,cont,True,
541,,gt,Staff,Positive,good_staff,"Courteous and helpful staff,",no_evident_not_helpful_staff,cont,True,
541,,gt,Room,Positive,good_room,"maximum cleanliness, excellent upholstery and modern furnishings.",(no literals),,False,json_parse_error: Expecting value: line 1 column 1 (char 0)
542,,gt,Location,Positive,good_location,The hotel is very close to the airport. There are many restaurants and cafes within walking distance from the hotel (which was very convenient for us). Very close to the beach.,(no literals),,False,json_parse_error: Expecting value: line 1 column 1 (char 0)
542,,gt,Staff,Positive,good_staff,We were given a superior room with a balcony for free,(no literals),,False,json_parse_error: Expecting value: line 1 column 1 (char 0)
542,,gt,Check-out,Positive,good_check_out,We left at night with no problems.,(no literals),,False,json_parse_error: Expecting value: line 1 column 1 (char 0)
543,,gt,Room,Positive,good_room,recently refurbished rooms.,(no literals),,False,json_parse_error: Expecting value: line 1 column 1 (char 0)
543,,gt,Facility,Negative,bad_facility,Little parking nearby arriving in the evening,(no literals),,False,json_parse_error: Expecting value: line 1 column 1 (char 0)
544,,gt,Staff,Positive,good_staff,All. The sense of hospitality of the owner.,(no literals),,False,json_parse_error: Expecting value: line 1 column 1 (char 0)
545,,gt,Food,Positive,good_food,We had dinner and it was perfect,perfect_food,body,True,
545,,gt,Food,Positive,good_food,We had dinner and it was perfect,no_evident_not_perfect_food,cont,True,
546,,gt,Location,Positive,good_location,"convenient location, with a late arrival and planning further travel by car. Walking distance to Mackenzie Beach and Salt Lake.",(no literals),,False,json_parse_error: Expecting value: line 1 column 1 (char 0)
546,,gt,Check-in,Positive,good_check_in,Purely. no problem with check-in after 12 at night.,(no literals),,False,json_parse_error: Expecting value: line 1 column 1 (char 0)
546,,gt,Facility,Positive,good_facility,Parking next to the hotel.,(no literals),,False,json_parse_error: Expecting value: line 1 column 1 (char 0)
547,,gt,Room,Positive,good_room,"large comfortable bed, clean linen, cozy.",(no literals),,False,json_parse_error: Expecting value: line 1 column 1 (char 0)
547,,gt,Location,Positive,good_location,close to the airport (7-10 minutes by taxi),close_to_airport,body,True,
547,,gt,Location,Positive,good_location,close to the airport (7-10 minutes by taxi),no_evident_not_close_to_airport,cont,True,
548,,gt,Food,Positive,good_food,Arabic food,(no literals),,False,json_parse_error: Expecting value: line 1 column 1 (char 0)
548,,gt,Food,Negative,bad_food,Have to pay for breakfast,paid_for_food,body,True,
548,,gt,Food,Negative,bad_food,Have to pay for breakfast,have_evident_paid_for_food,cont,True,
549,,gt,Staff,Positive,good_staff,Super nice staff.,super_nice_staff,body,True,
549,,gt,Staff,Positive,good_staff,Super nice staff.,no_evident_not_super_nice_staff,cont,True,
549,,gt,Location,Positive,good_location,Great location,great_location,body,True,
549,,gt,Location,Positive,good_location,Great location,no_evident_not_great_location,cont,True,
549,,gt,Facility,Positive,good_facility,and pet friendly! We were able to bring our small dog and the hotel was still very clean!!,(no literals),,False,json_parse_error: Expecting value: line 1 column 1 (char 0)
550,,gt,Room,Positive,good_room,The rooms are big and very clean! There is also a balcony.,big_room,body,True,
550,,gt,Room,Positive,good_room,The rooms are big and very clean! There is also a balcony.,clean_room,body,True,
550,,gt,Room,Positive,good_room,The rooms are big and very clean! There is also a balcony.,has_balcony,body,True,
550,,gt,Room,Positive,good_room,The rooms are big and very clean! There is also a balcony.,no_evident_not_big_room,cont,True,
550,,gt,Room,Positive,good_room,The rooms are big and very clean! There is also a balcony.,no_evident_not_clean_room,cont,True,
550,,gt,Room,Positive,good_room,The rooms are big and very clean! There is also a balcony.,no_evident_not_has_balcony,cont,True,
550,,gt,Staff,Positive,good_staff,Tony the hotel owner is a great man! Helped us with everything we needed,(no literals),,False,json_parse_error: Expecting value: line 1 column 1 (char 0)
551,,gt,Staff,Positive,good_staff,"A very welcoming staff, smiling and always available to satisfy you. At the reception as in the restaurant there is always someone to take care of you in one of the four languages ​​(Greek, English, French or Arabic).",(no literals),,False,json_parse_error: Expecting value: line 1 column 1 (char 0)
551,,gt,Location,Positive,good_location,The proximity to the famous Mackenzie Beach is an asset for this charming hotel. The beach is around 5 minutes walk...,(no literals),,False,json_parse_error: Expecting value: line 1 column 1 (char 0)
551,,gt,Facility,Positive,good_facility,The hotel seems to have been freshened up recently.,(no literals),,False,json_parse_error: Expecting value: line 1 column 1 (char 0)
552,,gt,Location,Positive,good_location,We arrived at the hotel for one night in order to be close to Larnaca airport for an early morning flight.,close_to_airport,body,True,
552,,gt,Location,Positive,good_location,We arrived at the hotel for one night in order to be close to Larnaca airport for an early morning flight.,no_evident_not_close_to_airport,cont,True,
552,,gt,Room,Positive,good_room,"The rooms are pleasant, clean, the beds are comfortable, everything is new and clean!!",(no literals),,False,json_parse_error: Expecting value: line 1 column 1 (char 0)
553,,gt,Room,Positive,good_room,"clean rooms, comfortable bed",clean_room,body,True,
553,,gt,Room,Positive,good_room,"clean rooms, comfortable bed",comfortable_bed,body,True,
553,,gt,Room,Positive,good_room,"clean rooms, comfortable bed",no_evident_not_clean_room,cont,True,
553,,gt,Room,Positive,good_room,"clean rooms, comfortable bed",no_evident_not_comfortable_bed,cont,True,
553,,gt,Staff,Positive,good_staff,"very nice staff,",nice_staff,body,True,
553,,gt,Staff,Positive,good_staff,"very nice staff,",no_evident_not_nice_staff,cont,True,
554,,gt,Location,Positive,good_location,"The situation, extremely close to the airport for a very early departure or a late arrival, and extremely close to the beach and its entertainment (restaurants, bars...). Very quiet though.",(no literals),,False,json_parse_error: Expecting value: line 1 column 1 (char 0)
554,,gt,Room,Positive,good_room,"Very clean, very comfortable, brand new!",(no literals),,False,json_parse_error: Expecting value: line 1 column 1 (char 0)
554,,gt,Staff,Positive,good_staff,Very friendly and pleasant welcome.,(no literals),,False,json_parse_error: Expecting value: line 1 column 1 (char 0)
555,,gt,Staff,Positive,good_staff,We were received with a beautiful and kind hospitality by the hotel staff.,(no literals),,False,json_parse_error: Expecting value: line 1 column 1 (char 0)
555,,gt,Room,Positive,good_room,"Clean room, pleasant and comfortable bedding. There is a kettle and a fridge in the room.",(no literals),,False,json_parse_error: Expecting value: line 1 column 1 (char 0)
555,,gt,Location,Positive,good_location,Close to Larnaca airport. Less than 10 minutes,(no literals),,False,json_parse_error: Expecting value: line 1 column 1 (char 0)
555,,gt,Room,Negative,bad_room,Bed 5 could be opened and was less comfortable. Toilet and shower are together and less convenient.,less_comfortable_bed,body,True,
555,,gt,Room,Negative,bad_room,Bed 5 could be opened and was less comfortable. Toilet and shower are together and less convenient.,less_convenient_room,body,True,
555,,gt,Room,Negative,bad_room,Bed 5 could be opened and was less comfortable. Toilet and shower are together and less convenient.,have_evident_less_comfortable_bed,cont,True,
555,,gt,Room,Negative,bad_room,Bed 5 could be opened and was less comfortable. Toilet and shower are together and less convenient.,have_evident_less_convenient_room,cont,True,
556,,gt,Room,Positive,good_room,"Lovely and clean room, enough for a family with 3 children. Two rooms.",lovely_room,body,True,
556,,gt,Room,Positive,good_room,"Lovely and clean room, enough for a family with 3 children. Two rooms.",clean_room,body,True,
556,,gt,Room,Positive,good_room,"Lovely and clean room, enough for a family with 3 children. Two rooms.",enough_for_family_room,body,True,
556,,gt,Room,Positive,good_room,"Lovely and clean room, enough for a family with 3 children. Two rooms.",two_rooms,body,True,
556,,gt,Room,Positive,good_room,"Lovely and clean room, enough for a family with 3 children. Two rooms.",no_evident_not_lovely_room,cont,True,
556,,gt,Room,Positive,good_room,"Lovely and clean room, enough for a family with 3 children. Two rooms.",no_evident_not_clean_room,cont,True,
556,,gt,Room,Positive,good_room,"Lovely and clean room, enough for a family with 3 children. Two rooms.",no_evident_not_enough_for_family_room,cont,True,
556,,gt,Room,Positive,good_room,"Lovely and clean room, enough for a family with 3 children. Two rooms.",no_evident_not_two_rooms,cont,True,
556,,gt,Room,Negative,bad_room,The children's third bed was a bit problematic and not very stable.,(no literals),,False,json_parse_error: Expecting value: line 1 column 1 (char 0)
556,,gt,Location,Positive,good_location,The location near the airport is convenient for those who need to fly early in the morning. There is also a shuttle to the field.,(no literals),,False,json_parse_error: Expecting value: line 1 column 1 (char 0)
556,,gt,Staff,Positive,good_staff,"The staff is charming and kind, answers with a smile and agrees to every request.",(no literals),,False,json_parse_error: Expecting value: line 1 column 1 (char 0)
556,,gt,Food,Positive,good_food,The restaurant in the hotel is also great.,great_restaurant,body,True,
556,,gt,Food,Positive,good_food,The restaurant in the hotel is also great.,no_evident_not_great_restaurant,cont,True,
556,,gt,Facility,Negative,bad_facility,There was a lack of a pool,(no literals),,False,json_parse_error: Expecting value: line 1 column 1 (char 0)
556,,gt,Price,Positive,good_price,but overall a good value for the price we paid.,good_value,body,True,
556,,gt,Price,Positive,good_price,but overall a good value for the price we paid.,no_evident_not_good_value,cont,True,
557,,gt,Room,Positive,good_room,"Cleanliness first,",clean_room,body,True,
557,,gt,Room,Positive,good_room,"Cleanliness first,",no_evident_not_clean_room,cont,True,
557,,gt,Staff,Positive,good_staff,the kindness of the staff.,kind_staff,body,True,
557,,gt,Staff,Positive,good_staff,the kindness of the staff.,no_evident_not_kind_staff,cont,True,
557,,gt,Food,Negative,bad_food,"The breakfast offered by an independent service does not correspond quantitatively and qualitatively to the known levels of Cypriot hospitality and gastronomy,
  and the price of €12 for breakfast is much more expensive than the reasonable value (in terms of quality and quantity) of the offered product!",(no literals),,False,json_parse_error: Expecting value: line 1 column 1 (char 0)
558,,gt,Staff,Positive,good_staff,"explanation for arrival,",(no literals),,True,
558,,gt,Room,Positive,good_room,cleanliness,clean_room,body,True,
558,,gt,Room,Positive,good_room,cleanliness,no_evident_not_clean_room,cont,True,
560,,gt,Location,Positive,good_location,Excellent location near the airport. Good for an overnight stay after a late or early morning flight.,(no literals),,False,json_parse_error: Expecting value: line 1 column 1 (char 0)
560,,gt,Room,Negative,bad_room,There was no hot water the two nights.,no_hot_water,body,True,
560,,gt,Room,Negative,bad_room,There was no hot water the two nights.,have_evident_no_hot_water,cont,True,
560,,gt,Staff,Negative,bad_staff,"when we complained, they said they took care of it and it wasn't taken care of.",(no literals),,False,json_parse_error: Expecting value: line 1 column 1 (char 0)
561,,gt,Room,Positive,good_room,cleanliness,clean_room,body,True,
561,,gt,Room,Positive,good_room,cleanliness,no_evident_not_clean_room,cont,True,
561,,gt,Staff,Positive,good_staff,kindness of the staff,(no literals),,False,json_parse_error: Expecting value: line 1 column 1 (char 0)
562,,gt,Room,Positive,good_room,"The room is really clean,",clean_room,body,True,
562,,gt,Room,Positive,good_room,"The room is really clean,",no_evident_not_clean_room,cont,True,
562,,gt,Location,Positive,good_location,close to Larnaca airport and it was really convenient to stop there because our flight landed in the middle of the night,close_to_airport,body,True,
562,,gt,Location,Positive,good_location,close to Larnaca airport and it was really convenient to stop there because our flight landed in the middle of the night,convenient_location,body,True,
562,,gt,Location,Positive,good_location,close to Larnaca airport and it was really convenient to stop there because our flight landed in the middle of the night,no_evident_not_close_to_airport,cont,True,
562,,gt,Location,Positive,good_location,close to Larnaca airport and it was really convenient to stop there because our flight landed in the middle of the night,no_evident_not_convenient_location,cont,True,
562,,gt,Room,Negative,bad_room,The water in the bath is cold!!!!!!,(no literals),,False,json_parse_error: Expecting value: line 1 column 1 (char 0)
564,,gt,Room,Positive,good_room,"The room was spotless and the sheets were musky! While we had booked a double room, they gave us a 4-bed room with two rooms, which made us very happy.",spotless_room,body,True,
564,,gt,Room,Positive,good_room,"The room was spotless and the sheets were musky! While we had booked a double room, they gave us a 4-bed room with two rooms, which made us very happy.",musky_room,body,True,
564,,gt,Room,Positive,good_room,"The room was spotless and the sheets were musky! While we had booked a double room, they gave us a 4-bed room with two rooms, which made us very happy.",4-bed_room,body,True,
564,,gt,Room,Positive,good_room,"The room was spotless and the sheets were musky! While we had booked a double room, they gave us a 4-bed room with two rooms, which made us very happy.",extra_room,body,True,
564,,gt,Room,Positive,good_room,"The room was spotless and the sheets were musky! While we had booked a double room, they gave us a 4-bed room with two rooms, which made us very happy.",no_evident_not_spotless_room,cont,True,
564,,gt,Room,Positive,good_room,"The room was spotless and the sheets were musky! While we had booked a double room, they gave us a 4-bed room with two rooms, which made us very happy.",no_evident_not_musky_room,cont,True,
564,,gt,Room,Positive,good_room,"The room was spotless and the sheets were musky! While we had booked a double room, they gave us a 4-bed room with two rooms, which made us very happy.",no_evident_not_4-bed_room,cont,True,
564,,gt,Room,Positive,good_room,"The room was spotless and the sheets were musky! While we had booked a double room, they gave us a 4-bed room with two rooms, which made us very happy.",no_evident_not_extra_room,cont,True,
564,,gt,Check-in,Positive,good_check_in,While we arrived after midnight there was a person at the reception to check in.,available_at_midnight,body,True,
564,,gt,Check-in,Positive,good_check_in,While we arrived after midnight there was a person at the reception to check in.,staffed,body,True,
564,,gt,Check-in,Positive,good_check_in,While we arrived after midnight there was a person at the reception to check in.,no_evident_not_available_at_midnight,cont,True,
564,,gt,Check-in,Positive,good_check_in,While we arrived after midnight there was a person at the reception to check in.,no_evident_not_staffed,cont,True,
564,,gt,Staff,Positive,good_staff,The staff is very kind and helpful!,kind_staff,body,True,
564,,gt,Staff,Positive,good_staff,The staff is very kind and helpful!,helpful_staff,body,True,
564,,gt,Staff,Positive,good_staff,The staff is very kind and helpful!,no_evident_not_kind_staff,cont,True,
564,,gt,Staff,Positive,good_staff,The staff is very kind and helpful!,no_evident_not_helpful_staff,cont,True,
565,,gt,Location,Positive,good_location,"Location near the airport, near Mackenzie beach - super convenient. five minutes to the beach.",(no literals),,False,json_parse_error: Expecting value: line 1 column 1 (char 0)
565,,gt,Food,Positive,good_food,"Delicious breakfasts,",delicious_food,body,True,
565,,gt,Food,Positive,good_food,"Delicious breakfasts,",no_evident_not_delicious_food,cont,True,
565,,gt,Room,Positive,good_room,"Homer comfortable, clean, cleaned every day.",comfortable_room,body,True,
565,,gt,Room,Positive,good_room,"Homer comfortable, clean, cleaned every day.",clean_room,body,True,
565,,gt,Room,Positive,good_room,"Homer comfortable, clean, cleaned every day.",cleaned_every_day_room,body,True,
565,,gt,Room,Positive,good_room,"Homer comfortable, clean, cleaned every day.",no_evident_not_comfortable_room,cont,True,
565,,gt,Room,Positive,good_room,"Homer comfortable, clean, cleaned every day.",no_evident_not_clean_room,cont,True,
565,,gt,Room,Positive,good_room,"Homer comfortable, clean, cleaned every day.",no_evident_not_cleaned_every_day_room,cont,True,
565,,gt,Staff,Positive,good_staff,"attentive staff, The owners of the hotel helped with all questions.",(no literals),,False,json_parse_error: Expecting value: line 1 column 1 (char 0)
566,,gt,Location,Positive,good_location,Location close to the airport,close_to_airport,body,True,
566,,gt,Location,Positive,good_location,Location close to the airport,no_evident_not_close_to_airport,cont,True,
566,,gt,Staff,Positive,good_staff,"Kindness of staff
  Staff speaks French",kindness_of_staff,body,True,
566,,gt,Staff,Positive,good_staff,"Kindness of staff
  Staff speaks French",speaks_french,body,True,
566,,gt,Staff,Positive,good_staff,"Kindness of staff
  Staff speaks French",no_evident_not_kindness_of_staff,cont,True,
566,,gt,Staff,Positive,good_staff,"Kindness of staff
  Staff speaks French",no_evident_not_speaks_french,cont,True,
567,,gt,Staff,Positive,good_staff,"excellent service, they helped us with everything we needed.",(no literals),,False,json_parse_error: Expecting value: line 1 column 1 (char 0)
568,,gt,Taxi-issue,Negative,bad_taxi_issue,The taxi driver who picked us up for the short drive to the airport ripped us off. Be sure to negotiate the price beforehand. It's your own fault!,overpriced_taxi,body,True,
568,,gt,Taxi-issue,Negative,bad_taxi_issue,The taxi driver who picked us up for the short drive to the airport ripped us off. Be sure to negotiate the price beforehand. It's your own fault!,short_taxi_drive,body,True,
568,,gt,Taxi-issue,Negative,bad_taxi_issue,The taxi driver who picked us up for the short drive to the airport ripped us off. Be sure to negotiate the price beforehand. It's your own fault!,have_evident_overpriced_taxi,cont,True,
568,,gt,Taxi-issue,Negative,bad_taxi_issue,The taxi driver who picked us up for the short drive to the airport ripped us off. Be sure to negotiate the price beforehand. It's your own fault!,have_evident_short_taxi_drive,cont,True,
569,,gt,Location,Positive,good_location,"Excellent location, 7 minutes walk from the boardwalk and the airport",(no literals),,False,json_parse_error: Expecting value: line 1 column 1 (char 0)
569,,gt,Staff,Positive,good_staff,The hotel staff is simply charming and kind! They upgraded our room for free. The hotel put us in touch with a taxi driver who took us to visit the mall and charged us decent prices.,charming_staff,body,True,
569,,gt,Staff,Positive,good_staff,The hotel staff is simply charming and kind! They upgraded our room for free. The hotel put us in touch with a taxi driver who took us to visit the mall and charged us decent prices.,kind_staff,body,True,
569,,gt,Staff,Positive,good_staff,The hotel staff is simply charming and kind! They upgraded our room for free. The hotel put us in touch with a taxi driver who took us to visit the mall and charged us decent prices.,helpful_staff,body,True,
569,,gt,Staff,Positive,good_staff,The hotel staff is simply charming and kind! They upgraded our room for free. The hotel put us in touch with a taxi driver who took us to visit the mall and charged us decent prices.,no_evident_not_charming_staff,cont,True,
569,,gt,Staff,Positive,good_staff,The hotel staff is simply charming and kind! They upgraded our room for free. The hotel put us in touch with a taxi driver who took us to visit the mall and charged us decent prices.,no_evident_not_kind_staff,cont,True,
569,,gt,Staff,Positive,good_staff,The hotel staff is simply charming and kind! They upgraded our room for free. The hotel put us in touch with a taxi driver who took us to visit the mall and charged us decent prices.,no_evident_not_helpful_staff,cont,True,
569,,gt,Facility,Positive,good_facility,"The hotel was recently renovated,",recently_renovated_facility,body,True,
569,,gt,Facility,Positive,good_facility,"The hotel was recently renovated,",no_evident_not_recently_renovated_facility,cont,True,
569,,gt,Room,Positive,good_room,"rooms are in new and clean condition
  In addition, there is smart technology, there are electronic buttons to request cleaning for the room, a bell and remote control of the air conditioner if there is a problem.",(no literals),,False,json_parse_error: Expecting value: line 1 column 1 (char 0)
570,,gt,Staff,Positive,good_staff,"Staff very welcoming, kind and very friendly.",(no literals),,False,json_parse_error: Expecting value: line 1 column 1 (char 0)
570,,gt,Room,Positive,good_room,Everything is clean and perfect.,clean_room,body,True,
570,,gt,Room,Positive,good_room,Everything is clean and perfect.,perfect_room,body,True,
570,,gt,Room,Positive,good_room,Everything is clean and perfect.,no_evident_not_clean_room,cont,True,
570,,gt,Room,Positive,good_room,Everything is clean and perfect.,no_evident_not_perfect_room,cont,True,
571,,gt,Facility,Positive,good_facility,"Clean comfortable hotel,",clean_facility,body,True,
571,,gt,Facility,Positive,good_facility,"Clean comfortable hotel,",comfortable_facility,body,True,
571,,gt,Facility,Positive,good_facility,"Clean comfortable hotel,",no_evident_not_clean_facility,cont,True,
571,,gt,Facility,Positive,good_facility,"Clean comfortable hotel,",no_evident_not_comfortable_facility,cont,True,
571,,gt,Food,Positive,good_food,delicious breakfast.,delicious_breakfast,body,True,
571,,gt,Food,Positive,good_food,delicious breakfast.,no_evident_not_delicious_breakfast,cont,True,
571,,gt,Location,Positive,good_location,To the beach on foot 5 minutes.,(no literals),,False,json_parse_error: Expecting value: line 1 column 1 (char 0)
572,,gt,Staff,Positive,good_staff,"Friendly people both at the reception and in the restaurant,",(no literals),,False,json_parse_error: Expecting value: line 1 column 1 (char 0)
572,,gt,Food,Positive,good_food,"Friendly people both at the reception and in the restaurant, willing to serve",(no literals),,False,json_parse_error: Expecting value: line 1 column 1 (char 0)
572,,gt,Facility,Negative,bad_facility,The elevator. it needs more cleaning and maybe a complete renovation would be better.,(no literals),,False,json_parse_error: Expecting value: line 1 column 1 (char 0)
573,,gt,Room,Positive,good_room,"the calm and comfort of the bedding, the balcony, the spacious room",(no literals),,False,json_parse_error: Expecting value: line 1 column 1 (char 0)
573,,gt,Room,Negative,bad_room,the blue light on the balcony at night which interferes with sleeping open window,(no literals),,False,json_parse_error: Expecting value: line 1 column 1 (char 0)
574,,gt,Facility,Positive,good_facility,Amazing place!,(no literals),,False,json_parse_error: Expecting value: line 1 column 1 (char 0)
575,,gt,Staff,Positive,good_staff,personal attention,(no literals),,False,json_parse_error: Expecting value: line 1 column 1 (char 0)
576,,gt,Food,Positive,good_food,"The restaurant service is very good, varied and with good prices,",good_service,body,True,
576,,gt,Food,Positive,good_food,"The restaurant service is very good, varied and with good prices,",varied_service,body,True,
576,,gt,Food,Positive,good_food,"The restaurant service is very good, varied and with good prices,",good_prices,body,True,
576,,gt,Food,Positive,good_food,"The restaurant service is very good, varied and with good prices,",no_evident_not_good_service,cont,True,
576,,gt,Food,Positive,good_food,"The restaurant service is very good, varied and with good prices,",no_evident_not_varied_service,cont,True,
576,,gt,Food,Positive,good_food,"The restaurant service is very good, varied and with good prices,",no_evident_not_good_prices,cont,True,
576,,gt,Staff,Positive,good_staff,the workers are very pleasant and attentive.,(no literals),,False,json_parse_error: Expecting value: line 1 column 1 (char 0)
576,,gt,Room,Negative,bad_room,The air conditioning had poor regulation... or cold (and directly to the body) or heat.,(no literals),,False,json_parse_error: Expecting value: line 1 column 1 (char 0)
578,,gt,Room,Positive,good_room,"Good, firm beds and nice air conditioning in the room.",(no literals),,False,json_parse_error: Expecting value: line 1 column 1 (char 0)
578,,gt,Staff,Positive,good_staff,"We were especially impressed with the staff: And they arranged a taxi from the airport to the hotel for us, what a great service!",(no literals),,False,json_parse_error: Expecting value: line 1 column 1 (char 0)
578,,gt,Food,Positive,good_food,they were very nice and prepared a fantastic breakfast for us!,fantastic_breakfast,body,True,
578,,gt,Food,Positive,good_food,they were very nice and prepared a fantastic breakfast for us!,no_evident_not_fantastic_breakfast,cont,True,
578,,gt,Check-in,Positive,good_check_in,Self check-in at night was also very easy.,self_check-in,body,True,
578,,gt,Check-in,Positive,good_check_in,Self check-in at night was also very easy.,easy_check-in,body,True,
578,,gt,Check-in,Positive,good_check_in,Self check-in at night was also very easy.,no_evident_not_self_check-in,cont,True,
578,,gt,Check-in,Positive,good_check_in,Self check-in at night was also very easy.,no_evident_not_easy_check-in,cont,True,
578,,gt,Room,Negative,bad_room,"There was a bottle of water ready, that should have been two for 6 people.",insufficient_water,body,True,
578,,gt,Room,Negative,bad_room,"There was a bottle of water ready, that should have been two for 6 people.",have_evident_insufficient_water,cont,True,
579,,gt,Location,Positive,good_location,Hotel near airport about 10 minutes drive away,(no literals),,False,json_parse_error: Expecting value: line 1 column 1 (char 0)
580,,gt,Price,Positive,good_price,Super establishment undervalued in my opinion,(no literals),,False,json_parse_error: Expecting value: line 1 column 1 (char 0)
580,,gt,Staff,Positive,good_staff,"Super establishment undervalued in my opinion with an available, pleasant and very professional staff.",(no literals),,False,json_parse_error: Expecting value: line 1 column 1 (char 0)
581,,gt,Staff,Positive,good_staff,"Welcoming by the staff,",welcoming_staff,body,True,
581,,gt,Staff,Positive,good_staff,"Welcoming by the staff,",no_evident_not_welcoming_staff,cont,True,
581,,gt,Room,Positive,good_room,super clean,(no literals),,False,json_parse_error: Expecting value: line 1 column 1 (char 0)
581,,gt,Facility,Negative,bad_facility,Difficulty finding parking,(no literals),,False,json_parse_error: Expecting value: line 1 column 1 (char 0)
582,,gt,Staff,Positive,good_staff,The reception and availability of staff.,(no literals),,False,json_parse_error: Expecting value: line 1 column 1 (char 0)
582,,gt,Room,Positive,good_room,The comfort of the room and its layout.,(no literals),,False,json_parse_error: Expecting value: line 1 column 1 (char 0)
583,,gt,Room,Positive,good_room,Room comfort.,(no literals),,False,json_parse_error: Expecting value: line 1 column 1 (char 0)
584,,gt,Staff,Positive,good_staff,Very pleasant welcome,pleasant_welcome,body,True,
584,,gt,Staff,Positive,good_staff,Very pleasant welcome,no_evident_not_pleasant_welcome,cont,True,
585,,gt,Staff,Positive,good_staff,Very friendly and courteous staff.,(no literals),,False,json_parse_error: Expecting value: line 1 column 1 (char 0)
585,,gt,Room,Positive,good_room,Clean and chic furnishings.,clean_furnishings,body,True,
585,,gt,Room,Positive,good_room,Clean and chic furnishings.,chic_furnishings,body,True,
585,,gt,Room,Positive,good_room,Clean and chic furnishings.,no_evident_not_clean_furnishings,cont,True,
585,,gt,Room,Positive,good_room,Clean and chic furnishings.,no_evident_not_chic_furnishings,cont,True,
586,,gt,Facility,Positive,good_facility,"Great hotel, everything is new and clean.",new_facility,body,True,
586,,gt,Facility,Positive,good_facility,"Great hotel, everything is new and clean.",clean_facility,body,True,
586,,gt,Facility,Positive,good_facility,"Great hotel, everything is new and clean.",no_evident_not_new_facility,cont,True,
586,,gt,Facility,Positive,good_facility,"Great hotel, everything is new and clean.",no_evident_not_clean_facility,cont,True,
586,,gt,Staff,Positive,good_staff,Friendly and welcoming staff.,friendly_staff,body,True,
586,,gt,Staff,Positive,good_staff,Friendly and welcoming staff.,welcoming_staff,body,True,
586,,gt,Staff,Positive,good_staff,Friendly and welcoming staff.,no_evident_not_friendly_staff,cont,True,
586,,gt,Staff,Positive,good_staff,Friendly and welcoming staff.,no_evident_not_welcoming_staff,cont,True,
586,,gt,Location,Positive,good_location,"The hotel is close to the airport, convenient for a short stay. Near the sea, promenade and several excellent restaurants.",(no literals),,False,json_parse_error: Expecting value: line 1 column 1 (char 0)
587,,gt,Staff,Positive,good_staff,the employees are nice,nice_staff,body,True,
587,,gt,Staff,Positive,good_staff,the employees are nice,no_evident_not_nice_staff,cont,True,
587,,gt,Room,Positive,good_room,#VALUE!,(no literals),,True,
587,,gt,Location,Positive,good_location,- close to the airport and the beach,close_to_airport,body,True,
587,,gt,Location,Positive,good_location,- close to the airport and the beach,close_to_beach,body,True,
587,,gt,Location,Positive,good_location,- close to the airport and the beach,no_evident_not_close_to_airport,cont,True,
587,,gt,Location,Positive,good_location,- close to the airport and the beach,no_evident_not_close_to_beach,cont,True,
588,,gt,Location,Positive,good_location,Excellent location close to everything.,(no literals),,False,json_parse_error: Expecting value: line 1 column 1 (char 0)
589,,gt,Check-in,Positive,good_check_in,"The owners left us clear and precise information for our arrival, sending us photos.",(no literals),,False,json_parse_error: Expecting value: line 1 column 1 (char 0)
589,,gt,Staff,Positive,good_staff,"The owners left us clear and precise information for our arrival, sending us photos.
  Sympathy of the owners in the morning who made the effort to speak French to us.",(no literals),,False,json_parse_error: Expecting value: line 1 column 1 (char 0)
589,,gt,Room,Positive,good_room,"Cleanliness, quality of bedding, size of the room, bottle of water available.",(no literals),,False,json_parse_error: Expecting value: line 1 column 1 (char 0)
589,,gt,Location,Positive,good_location,"distance from the airport,",distance_from_the_airport,body,True,
589,,gt,Location,Positive,good_location,"distance from the airport,",no_evident_not_distance_from_the_airport,cont,True,
589,,gt,Location,Negative,bad_location,"Works next door, but unfortunately the owners can't do anything about it",(no literals),,False,json_parse_error: Expecting value: line 1 column 1 (char 0)
590,,gt,Facility,Positive,good_facility,"Lovely, quiet and cozy hotel",lovely_hotel,body,True,
590,,gt,Facility,Positive,good_facility,"Lovely, quiet and cozy hotel",quiet_hotel,body,True,
590,,gt,Facility,Positive,good_facility,"Lovely, quiet and cozy hotel",cozy_hotel,body,True,
590,,gt,Facility,Positive,good_facility,"Lovely, quiet and cozy hotel",no_evident_not_lovely_hotel,cont,True,
590,,gt,Facility,Positive,good_facility,"Lovely, quiet and cozy hotel",no_evident_not_quiet_hotel,cont,True,
590,,gt,Facility,Positive,good_facility,"Lovely, quiet and cozy hotel",no_evident_not_cozy_hotel,cont,True,
590,,gt,Location,Positive,good_location,5 minutes from the beach and the airport.,close_to_beach,body,True,
590,,gt,Location,Positive,good_location,5 minutes from the beach and the airport.,close_to_airport,body,True,
590,,gt,Location,Positive,good_location,5 minutes from the beach and the airport.,no_evident_not_close_to_beach,cont,True,
590,,gt,Location,Positive,good_location,5 minutes from the beach and the airport.,no_evident_not_close_to_airport,cont,True,
590,,gt,Room,Positive,good_room,"Crisp white linens, small but cozy and very clean room.",(no literals),,False,json_parse_error: Expecting value: line 1 column 1 (char 0)
590,,gt,Room,Negative,bad_room,"Crisp white linens, small but cozy and very clean room.",(no literals),,False,json_parse_error: Expecting value: line 1 column 1 (char 0)
590,,gt,Price,Positive,good_price,"For a reasonable price,",reasonable_price,body,True,
590,,gt,Price,Positive,good_price,"For a reasonable price,",no_evident_not_reasonable_price,cont,True,
590,,gt,Staff,Positive,good_staff,and helpful staff!,helpful_staff,body,True,
590,,gt,Staff,Positive,good_staff,and helpful staff!,no_evident_not_helpful_staff,cont,True,
591,,gt,Food,Positive,good_food,Very varied breakfasts to choose from in the hotel restaurant.,varied_breakfasts,body,True,
591,,gt,Food,Positive,good_food,Very varied breakfasts to choose from in the hotel restaurant.,no_evident_not_varied_breakfasts,cont,True,
593,,gt,Food,Positive,good_food,"The dishes cooked to order are delicious, I recommend eating at Jasmine Garden.",delicious_dishes,body,True,
593,,gt,Food,Positive,good_food,"The dishes cooked to order are delicious, I recommend eating at Jasmine Garden.",cooked_to_order_dishes,body,True,
593,,gt,Food,Positive,good_food,"The dishes cooked to order are delicious, I recommend eating at Jasmine Garden.",no_evident_not_delicious_dishes,cont,True,
593,,gt,Food,Positive,good_food,"The dishes cooked to order are delicious, I recommend eating at Jasmine Garden.",no_evident_not_cooked_to_order_dishes,cont,True,
594,,gt,Facility,Positive,good_facility,"Newly refurbished, clean and tidy. There is a cozy courtyard. Parking.",newly_refurbished_facility,body,True,
594,,gt,Facility,Positive,good_facility,"Newly refurbished, clean and tidy. There is a cozy courtyard. Parking.",clean_facility,body,True,
594,,gt,Facility,Positive,good_facility,"Newly refurbished, clean and tidy. There is a cozy courtyard. Parking.",tidy_facility,body,True,
594,,gt,Facility,Positive,good_facility,"Newly refurbished, clean and tidy. There is a cozy courtyard. Parking.",cozy_courtyard,body,True,
594,,gt,Facility,Positive,good_facility,"Newly refurbished, clean and tidy. There is a cozy courtyard. Parking.",parking_facility,body,True,
594,,gt,Facility,Positive,good_facility,"Newly refurbished, clean and tidy. There is a cozy courtyard. Parking.",no_evident_not_newly_refurbished_facility,cont,True,
594,,gt,Facility,Positive,good_facility,"Newly refurbished, clean and tidy. There is a cozy courtyard. Parking.",no_evident_not_clean_facility,cont,True,
594,,gt,Facility,Positive,good_facility,"Newly refurbished, clean and tidy. There is a cozy courtyard. Parking.",no_evident_not_tidy_facility,cont,True,
594,,gt,Facility,Positive,good_facility,"Newly refurbished, clean and tidy. There is a cozy courtyard. Parking.",no_evident_not_cozy_courtyard,cont,True,
594,,gt,Facility,Positive,good_facility,"Newly refurbished, clean and tidy. There is a cozy courtyard. Parking.",no_evident_not_parking_facility,cont,True,
594,,gt,Staff,Positive,good_staff,Nice welcoming staff. Kindly settled early.,(no literals),,False,json_parse_error: Expecting value: line 1 column 1 (char 0)
594,,gt,Food,Positive,good_food,We had a delicious dinner at the hotel restaurant.,(no literals),,False,json_parse_error: Expecting value: line 1 column 1 (char 0)
594,,gt,Room,Negative,bad_room,"Very uncomfortable folding bed, the child at night could not fall asleep with it.",uncomfortable_room,body,True,
594,,gt,Room,Negative,bad_room,"Very uncomfortable folding bed, the child at night could not fall asleep with it.",have_evident_uncomfortable_room,cont,True,
594,,gt,Location,Negative,bad_location,"It is also quite noisy at night - you can hear airplanes and music from nightclubs, but I think this does not apply to the hotel, such a location, but it is close to the airport.",(no literals),,False,json_parse_error: Expecting value: line 1 column 1 (char 0)
595,,gt,Food,Negative,bad_food,The meal is not included in the price,(no literals),,False,json_parse_error: Expecting value: line 1 column 1 (char 0)
595,,gt,Price,Negative,bad_price,The meal is not included in the price,not_included_price,body,True,
595,,gt,Price,Negative,bad_price,The meal is not included in the price,have_evident_not_included_price,cont,True,
596,,gt,Room,Positive,good_room,"very clean cheap, modern room",(no literals),,False,json_parse_error: Expecting value: line 1 column 1 (char 0)
596,,gt,Price,Positive,good_price,"very clean cheap, modern room",(no literals),,False,json_parse_error: Expecting value: line 1 column 1 (char 0)
596,,gt,Location,Negative,bad_location,Noisy outside,(no literals),,False,json_parse_error: Expecting value: line 1 column 1 (char 0)
597,,gt,Location,Positive,good_location,"Excellent location, a few steps from the sea and from via dei premises, in 20 minutes on foot you can also reach the ""historic"" center.",(no literals),,False,json_parse_error: Expecting value: line 1 column 1 (char 0)
597,,gt,Food,Positive,good_food,"Excellent breakfast and meals in the restaurant, all freshly made.",excellent_food,body,True,
597,,gt,Food,Positive,good_food,"Excellent breakfast and meals in the restaurant, all freshly made.",freshly_made_food,body,True,
597,,gt,Food,Positive,good_food,"Excellent breakfast and meals in the restaurant, all freshly made.",no_evident_not_excellent_food,cont,True,
597,,gt,Food,Positive,good_food,"Excellent breakfast and meals in the restaurant, all freshly made.",no_evident_not_freshly_made_food,cont,True,
597,,gt,Room,Positive,good_room,"Modern and renovated rooms, very comfortable beds",(no literals),,False,json_parse_error: Expecting value: line 1 column 1 (char 0)
597,,gt,Room,Negative,bad_room,Slightly small bathroom but still ok,slightly_small_room,body,True,
597,,gt,Room,Negative,bad_room,Slightly small bathroom but still ok,have_evident_slightly_small_room,cont,True,
598,,gt,Staff,Positive,good_staff,Very nice staff,nice_staff,body,True,
598,,gt,Staff,Positive,good_staff,Very nice staff,no_evident_not_nice_staff,cont,True,
599,,gt,Location,Positive,good_location,Great transit hotel near the airport.,near_airport,body,True,
599,,gt,Location,Positive,good_location,Great transit hotel near the airport.,great_transit,body,True,
599,,gt,Location,Positive,good_location,Great transit hotel near the airport.,no_evident_not_near_airport,cont,True,
599,,gt,Location,Positive,good_location,Great transit hotel near the airport.,no_evident_not_great_transit,cont,True,
599,,gt,Room,Positive,good_room,The room is small but everything is new and very clean. Comfortable double bed and crisp white linen. Side sea view.,(no literals),,False,json_parse_error: Expecting value: line 1 column 1 (char 0)
599,,gt,Food,Positive,good_food,"Delicious breakfast in cafe,",delicious_breakfast,body,True,
599,,gt,Food,Positive,good_food,"Delicious breakfast in cafe,",no_evident_not_delicious_breakfast,cont,True,
599,,gt,Staff,Positive,good_staff,friendly staff.,friendly_staff,body,True,
599,,gt,Staff,Positive,good_staff,friendly staff.,no_evident_not_friendly_staff,cont,True,
599,,gt,Location,Negative,bad_location,Noise from a nightclub,(no literals),,False,json_parse_error: Expecting value: line 1 column 1 (char 0)
599,,gt,Room,Negative,bad_room,"The room is small but everything is new and very clean. and not a comfortable cot, my 12 child was very cramped there.",small_room,body,True,
599,,gt,Room,Negative,bad_room,"The room is small but everything is new and very clean. and not a comfortable cot, my 12 child was very cramped there.",new_room,body,True,
599,,gt,Room,Negative,bad_room,"The room is small but everything is new and very clean. and not a comfortable cot, my 12 child was very cramped there.",clean_room,body,True,
599,,gt,Room,Negative,bad_room,"The room is small but everything is new and very clean. and not a comfortable cot, my 12 child was very cramped there.",not_comfortable_cot,body,True,
599,,gt,Room,Negative,bad_room,"The room is small but everything is new and very clean. and not a comfortable cot, my 12 child was very cramped there.",cramped_room,body,True,
599,,gt,Room,Negative,bad_room,"The room is small but everything is new and very clean. and not a comfortable cot, my 12 child was very cramped there.",have_evident_small_room,cont,True,
599,,gt,Room,Negative,bad_room,"The room is small but everything is new and very clean. and not a comfortable cot, my 12 child was very cramped there.",have_evident_new_room,cont,True,
599,,gt,Room,Negative,bad_room,"The room is small but everything is new and very clean. and not a comfortable cot, my 12 child was very cramped there.",have_evident_clean_room,cont,True,
599,,gt,Room,Negative,bad_room,"The room is small but everything is new and very clean. and not a comfortable cot, my 12 child was very cramped there.",have_evident_not_comfortable_cot,cont,True,
599,,gt,Room,Negative,bad_room,"The room is small but everything is new and very clean. and not a comfortable cot, my 12 child was very cramped there.",have_evident_cramped_room,cont,True,
600,,gt,Price,Positive,good_price,"In general, we were satisfied, corresponds to the price,",satisfactory_price,body,True,
600,,gt,Price,Positive,good_price,"In general, we were satisfied, corresponds to the price,",no_evident_not_satisfactory_price,cont,True,
600,,gt,Room,Negative,bad_room,a small but clean cozy modern hotel,small_room,body,True,
600,,gt,Room,Negative,bad_room,a small but clean cozy modern hotel,clean_room,body,True,
600,,gt,Room,Negative,bad_room,a small but clean cozy modern hotel,cozy_room,body,True,
600,,gt,Room,Negative,bad_room,a small but clean cozy modern hotel,modern_room,body,True,
600,,gt,Room,Negative,bad_room,a small but clean cozy modern hotel,have_evident_small_room,cont,True,
600,,gt,Room,Negative,bad_room,a small but clean cozy modern hotel,have_evident_clean_room,cont,True,
600,,gt,Room,Negative,bad_room,a small but clean cozy modern hotel,have_evident_cozy_room,cont,True,
600,,gt,Room,Negative,bad_room,a small but clean cozy modern hotel,have_evident_modern_room,cont,True,
600,,gt,Room,Positive,good_room,a small but clean cozy modern hotel with a small number of people,(no literals),,False,json_parse_error: Expecting value: line 1 column 1 (char 0)
602,,gt,Staff,Positive,good_staff,"Excellent welcome,",(no literals),,False,json_parse_error: Expecting value: line 1 column 1 (char 0)
602,,gt,Room,Positive,good_room,"clean, quiet.",clean_room,body,True,
602,,gt,Room,Positive,good_room,"clean, quiet.",quiet_room,body,True,
602,,gt,Room,Positive,good_room,"clean, quiet.",no_evident_not_clean_room,cont,True,
602,,gt,Room,Positive,good_room,"clean, quiet.",no_evident_not_quiet_room,cont,True,
602,,gt,Location,Positive,good_location,Hotel very well located for the airport.,(no literals),,False,json_parse_error: Expecting value: line 1 column 1 (char 0)
603,,gt,Facility,Positive,good_facility,Very clean accommodation. Very pleasant terrace in the evening.,clean_accommodation,body,True,
603,,gt,Facility,Positive,good_facility,Very clean accommodation. Very pleasant terrace in the evening.,pleasant_terrace,body,True,
603,,gt,Facility,Positive,good_facility,Very clean accommodation. Very pleasant terrace in the evening.,no_evident_not_clean_accommodation,cont,True,
603,,gt,Facility,Positive,good_facility,Very clean accommodation. Very pleasant terrace in the evening.,no_evident_not_pleasant_terrace,cont,True,
603,,gt,Staff,Positive,good_staff,Friendly staff,friendly_staff,body,True,
603,,gt,Staff,Positive,good_staff,Friendly staff,no_evident_not_friendly_staff,cont,True,
603,,gt,Room,Negative,bad_room,The quality of the television image quite poor.,poor_image,body,True,
603,,gt,Room,Negative,bad_room,The quality of the television image quite poor.,have_evident_poor_image,cont,True,
605,,gt,Room,Positive,good_room,"Comfortable, clean, modern, pleasant.",(no literals),,False,json_parse_error: Expecting value: line 1 column 1 (char 0)
605,,gt,Staff,Positive,good_staff,"The hosts are very nice, they help in everything.",nice_staff,body,True,
605,,gt,Staff,Positive,good_staff,"The hosts are very nice, they help in everything.",helpful_staff,body,True,
605,,gt,Staff,Positive,good_staff,"The hosts are very nice, they help in everything.",no_evident_not_nice_staff,cont,True,
605,,gt,Staff,Positive,good_staff,"The hosts are very nice, they help in everything.",no_evident_not_helpful_staff,cont,True,
606,,gt,Staff,Positive,good_staff,"Amazing team, thinks of all the details and happy to help. Our flight was delayed and they took care of us both for late check-in and for an electrical adapter",(no literals),,False,json_parse_error: Expecting value: line 1 column 1 (char 0)
606,,gt,Check-in,Positive,good_check_in,Our flight was delayed and they took care of us both for late check-in,took_care_of_late_check_in,body,True,
606,,gt,Check-in,Positive,good_check_in,Our flight was delayed and they took care of us both for late check-in,no_evident_not_took_care_of_late_check_in,cont,True,
607,,gt,Room,Positive,good_room,"Clean, Somewhat small and sterile rooms.",clean_room,body,True,
607,,gt,Room,Positive,good_room,"Clean, Somewhat small and sterile rooms.",small_room,body,True,
607,,gt,Room,Positive,good_room,"Clean, Somewhat small and sterile rooms.",sterile_room,body,True,
607,,gt,Room,Positive,good_room,"Clean, Somewhat small and sterile rooms.",no_evident_not_clean_room,cont,True,
607,,gt,Room,Positive,good_room,"Clean, Somewhat small and sterile rooms.",no_evident_not_small_room,cont,True,
607,,gt,Room,Positive,good_room,"Clean, Somewhat small and sterile rooms.",no_evident_not_sterile_room,cont,True,
607,,gt,Staff,Positive,good_staff,friendly staff,friendly_staff,body,True,
607,,gt,Staff,Positive,good_staff,friendly staff,no_evident_not_friendly_staff,cont,True,
607,,gt,Location,Positive,good_location,"very close to the beach and the airport, lots of restaurants nearby, relatively quiet location.",(no literals),,False,json_parse_error: Expecting value: line 1 column 1 (char 0)
607,,gt,Room,Negative,bad_room,"The room is not sealed off from the corridor, you can hear everything. Somewhat small and sterile rooms.",(no literals),,False,json_parse_error: Expecting value: line 1 column 1 (char 0)
608,,gt,Room,Positive,good_room,clean and comfortable,clean_room,body,True,
608,,gt,Room,Positive,good_room,clean and comfortable,comfortable_room,body,True,
608,,gt,Room,Positive,good_room,clean and comfortable,no_evident_not_clean_room,cont,True,
608,,gt,Room,Positive,good_room,clean and comfortable,no_evident_not_comfortable_room,cont,True,
608,,gt,Room,Negative,bad_room,the view from my room..,(no literals),,False,json_parse_error: Expecting value: line 1 column 1 (char 0)
609,,gt,Room,Positive,good_room,The room was modern with a large and very comfortable bed. The shower really good. There was also great quiet and it was very easy to set up the room so you wouldn't be disturbed. Everything very clean.,(no literals),,False,json_parse_error: Expecting value: line 1 column 1 (char 0)
609,,gt,Room,Negative,bad_room,"The size of the room was just enough to spend one night, not much more. If I were to go with my partner we would have been disappointed due to the lack of space.",(no literals),,False,json_parse_error: Expecting value: line 1 column 1 (char 0)
609,,gt,Price,Negative,bad_price,The price is perhaps a little high for the comfort that a room gives you that is small as soon as you enter.,(no literals),,False,json_parse_error: Expecting value: line 1 column 1 (char 0)
610,,gt,Location,Positive,good_location,Close to Larnaca airport and 5min walk to the beach. Very quiet hotel with a restaurant in the enclosure which is very good.,(no literals),,False,json_parse_error: Expecting value: line 1 column 1 (char 0)
610,,gt,Facility,Positive,good_facility,Very quiet hotel with a restaurant in the enclosure which is very good.,(no literals),,False,json_parse_error: Expecting value: line 1 column 1 (char 0)
610,,gt,Food,Positive,good_food,The breakfast on the terrace is very nice too!,nice_breakfast,body,True,
610,,gt,Food,Positive,good_food,The breakfast on the terrace is very nice too!,no_evident_not_nice_breakfast,cont,True,
611,,gt,Staff,Positive,good_staff,"The kindness and availability of the staff,",(no literals),,False,json_parse_error: Expecting value: line 1 column 1 (char 0)
611,,gt,Food,Positive,good_food,the restaurant offering a good quality of dishes.,good_quality,body,True,
611,,gt,Food,Positive,good_food,the restaurant offering a good quality of dishes.,no_evident_not_good_quality,cont,True,
611,,gt,Room,Positive,good_room,The comfortable and very clean room. The calm,(no literals),,False,json_parse_error: Expecting value: line 1 column 1 (char 0)
611,,gt,Location,Positive,good_location,Proximity to the city center and the beach.,(no literals),,False,json_parse_error: Expecting value: line 1 column 1 (char 0)
611,,gt,Price,Positive,good_price,Very good value for money,good_value_for_money,body,True,
611,,gt,Price,Positive,good_price,Very good value for money,no_evident_not_good_value_for_money,cont,True,
612,,gt,Location,Positive,good_location,"the establishment is really close to the airport, i.e. 6 minutes by car.",(no literals),,False,json_parse_error: Expecting value: line 1 column 1 (char 0)
612,,gt,Staff,Positive,good_staff,"the managers of the hotel are extraordinarily kind and caring, they speak French and helped us find a rental car at a good price, they accompanied and advised us during our stay.",(no literals),,False,json_parse_error: Expecting value: line 1 column 1 (char 0)
612,,gt,Room,Positive,good_room,the room is nice and well furnished,(no literals),,False,json_parse_error: Expecting value: line 1 column 1 (char 0)
612,,gt,Location,Negative,bad_location,the small downside concerns the light from the outside at certain times,(no literals),,False,json_parse_error: Expecting value: line 1 column 1 (char 0)
613,,gt,Food,Positive,good_food,Very good breakfast!,(no literals),,False,json_parse_error: Expecting value: line 1 column 1 (char 0)
613,,gt,Room,Positive,good_room,Comfortable bed. Purely.,(no literals),,False,json_parse_error: Expecting value: line 1 column 1 (char 0)
613,,gt,Staff,Positive,good_staff,Friendly staff.,friendly_staff,body,True,
613,,gt,Staff,Positive,good_staff,Friendly staff.,no_evident_not_friendly_staff,cont,True,
613,,gt,Room,Negative,bad_room,"Not all rooms have a balcony. I did not have it. Staying for one day is fine, but if you live for a while, then how to dry your towel and swimsuit ...",(no literals),,False,json_parse_error: Expecting value: line 1 column 1 (char 0)
614,,gt,Staff,Positive,good_staff,"Very friendly staff, and communication with the hotel before our arrival very fluid.",friendly_staff,body,True,
614,,gt,Staff,Positive,good_staff,"Very friendly staff, and communication with the hotel before our arrival very fluid.",fluid_communication,body,True,
614,,gt,Staff,Positive,good_staff,"Very friendly staff, and communication with the hotel before our arrival very fluid.",no_evident_not_friendly_staff,cont,True,
614,,gt,Staff,Positive,good_staff,"Very friendly staff, and communication with the hotel before our arrival very fluid.",no_evident_not_fluid_communication,cont,True,
614,,gt,Check-in,Positive,good_check_in,"Very friendly staff, and communication with the hotel before our arrival very fluid.",friendly_staff,body,True,
614,,gt,Check-in,Positive,good_check_in,"Very friendly staff, and communication with the hotel before our arrival very fluid.",fluid_communication,body,True,
614,,gt,Check-in,Positive,good_check_in,"Very friendly staff, and communication with the hotel before our arrival very fluid.",no_evident_not_friendly_staff,cont,True,
614,,gt,Check-in,Positive,good_check_in,"Very friendly staff, and communication with the hotel before our arrival very fluid.",no_evident_not_fluid_communication,cont,True,
614,,gt,Room,Positive,good_room,The rooms are spacious and comfortable.,(no literals),,False,json_parse_error: Expecting value: line 1 column 1 (char 0)
614,,gt,Location,Positive,good_location,"It is ideally located near the airport, 5min by bus.",(no literals),,False,json_parse_error: Expecting value: line 1 column 1 (char 0)
614,,gt,Room,Negative,bad_room,"It's a detail, but we would have appreciated having 2 small bottles of water in the room when we arrived",(no literals),,False,json_parse_error: Expecting value: line 1 column 1 (char 0)
615,,gt,Staff,Positive,good_staff,"Very nice staff, restaurant and hotel very good.",nice_staff,body,True,
615,,gt,Staff,Positive,good_staff,"Very nice staff, restaurant and hotel very good.",no_evident_not_nice_staff,cont,True,
615,,gt,Food,Positive,good_food,"Very nice staff, restaurant and hotel very good.",(no literals),,False,json_parse_error: Expecting value: line 1 column 1 (char 0)
615,,gt,Facility,Positive,good_facility,"Very nice staff, restaurant and hotel very good.",(no literals),,False,json_parse_error: Expecting value: line 1 column 1 (char 0)
615,,gt,Room,Positive,good_room,very quiet and clean.,(no literals),,False,json_parse_error: Expecting value: line 1 column 1 (char 0)
615,,gt,Taxi-issue,Negative,bad_taxi_issue,"We had ordered a shuttle and thought it was specific to the hotel but it turned out to be just a lambda taxi, the problem is that we waited for it for 40 minutes because it was late but nobody warned us. We had to pay it straight away when we thought it would be included in the hotel bill at the end of the stay. It would be better to indicate directly that it is independent of the hotel, we would not have waited in front of other taxis and tried to reach everyone...",(no literals),,False,json_parse_error: Expecting value: line 1 column 1 (char 0)
615,,gt,Staff,Negative,bad_staff,"We had ordered a shuttle and thought it was specific to the hotel but it turned out to be just a lambda taxi, the problem is that we waited for it for 40 minutes because it was late but nobody warned us. We had to pay it straight away when we thought it would be included in the hotel bill at the end of the stay. It would be better to indicate directly that it is independent of the hotel, we would not have waited in front of other taxis and tried to reach everyone...",(no literals),,False,json_parse_error: Expecting value: line 1 column 1 (char 0)
616,,gt,Location,Positive,good_location,"Mackenzie Beach is super easy to reach, but not too close to be disturbed by the parties there at night.",(no literals),,False,json_parse_error: Expecting value: line 1 column 1 (char 0)
616,,gt,Staff,Positive,good_staff,Very friendly and helpful hotel staff.,(no literals),,False,json_parse_error: Expecting value: line 1 column 1 (char 0)
617,,gt,Location,Positive,good_location,Good central location.,good_location,body,True,
617,,gt,Location,Positive,good_location,Good central location.,central_location,body,True,
617,,gt,Location,Positive,good_location,Good central location.,no_evident_not_good_location,cont,True,
617,,gt,Location,Positive,good_location,Good central location.,no_evident_not_central_location,cont,True,
617,,gt,Staff,Positive,good_staff,Very nice staff.,nice_staff,body,True,
617,,gt,Staff,Positive,good_staff,Very nice staff.,no_evident_not_nice_staff,cont,True,
617,,gt,Facility,Positive,good_facility,Neat small hotel.,neat_hotel,body,True,
617,,gt,Facility,Positive,good_facility,Neat small hotel.,small_hotel,body,True,
617,,gt,Facility,Positive,good_facility,Neat small hotel.,no_evident_not_neat_hotel,cont,True,
617,,gt,Facility,Positive,good_facility,Neat small hotel.,no_evident_not_small_hotel,cont,True,
618,,gt,Room,Positive,good_room,"cleanliness, space,",clean_room,body,True,
618,,gt,Room,Positive,good_room,"cleanliness, space,",space_room,body,True,
618,,gt,Room,Positive,good_room,"cleanliness, space,",no_evident_not_clean_room,cont,True,
618,,gt,Room,Positive,good_room,"cleanliness, space,",no_evident_not_space_room,cont,True,
618,,gt,Location,Negative,bad_location,garbage truck at 3am making a lot of noise,(no literals),,False,json_parse_error: Expecting value: line 1 column 1 (char 0)
619,,gt,Staff,Positive,good_staff,Excellent welcome by the owner who speaks fluent French.,(no literals),,False,json_parse_error: Expecting value: line 1 column 1 (char 0)
619,,gt,Facility,Positive,good_facility,Quiet hotel,quiet_hotel,body,True,
619,,gt,Facility,Positive,good_facility,Quiet hotel,no_evident_not_quiet_hotel,cont,True,
619,,gt,Location,Positive,good_location,and extremely well located for the airport and Larnaca salt lake. For a night of transit before our return to France it was perfect.,(no literals),,False,json_parse_error: Expecting value: line 1 column 1 (char 0)
619,,gt,Price,Positive,good_price,Unbeatable value for money I think.,unbeatable_value,body,True,
619,,gt,Price,Positive,good_price,Unbeatable value for money I think.,value_for_money,body,True,
619,,gt,Price,Positive,good_price,Unbeatable value for money I think.,no_evident_not_unbeatable_value,cont,True,
619,,gt,Price,Positive,good_price,Unbeatable value for money I think.,no_evident_not_value_for_money,cont,True,
619,,gt,Food,Positive,good_food,Perfect and good dinner and lovely waiter.,perfect_dinner,body,True,
619,,gt,Food,Positive,good_food,Perfect and good dinner and lovely waiter.,good_dinner,body,True,
619,,gt,Food,Positive,good_food,Perfect and good dinner and lovely waiter.,no_evident_not_perfect_dinner,cont,True,
619,,gt,Food,Positive,good_food,Perfect and good dinner and lovely waiter.,no_evident_not_good_dinner,cont,True,
620,,gt,Facility,Positive,good_facility,Nice clean hotel near the airport.,nice_hotel,body,True,
620,,gt,Facility,Positive,good_facility,Nice clean hotel near the airport.,clean_hotel,body,True,
620,,gt,Facility,Positive,good_facility,Nice clean hotel near the airport.,near_airport_hotel,body,True,
620,,gt,Facility,Positive,good_facility,Nice clean hotel near the airport.,no_evident_not_nice_hotel,cont,True,
620,,gt,Facility,Positive,good_facility,Nice clean hotel near the airport.,no_evident_not_clean_hotel,cont,True,
620,,gt,Facility,Positive,good_facility,Nice clean hotel near the airport.,no_evident_not_near_airport_hotel,cont,True,
620,,gt,Location,Positive,good_location,Nice clean hotel near the airport. Also in 7-10 minutes you can walk to the embankment.,(no literals),,False,json_parse_error: Expecting value: line 1 column 1 (char 0)
620,,gt,Room,Positive,good_room,The room has everything you need.,everything_needed_room,body,True,
620,,gt,Room,Positive,good_room,The room has everything you need.,no_evident_not_everything_needed_room,cont,True,
620,,gt,Staff,Positive,good_staff,The staff are friendly and try to help.,friendly_staff,body,True,
620,,gt,Staff,Positive,good_staff,The staff are friendly and try to help.,helpful_staff,body,True,
620,,gt,Staff,Positive,good_staff,The staff are friendly and try to help.,no_evident_not_friendly_staff,cont,True,
620,,gt,Staff,Positive,good_staff,The staff are friendly and try to help.,no_evident_not_helpful_staff,cont,True,
621,,gt,Staff,Positive,good_staff,"The owner of the place is an amazing guy, nice and answers everything!",(no literals),,False,json_parse_error: Expecting value: line 1 column 1 (char 0)
621,,gt,Food,Positive,good_food,"There are breakfasts, not a big variety but tasty",(no literals),,False,json_parse_error: Expecting value: line 1 column 1 (char 0)
621,,gt,Food,Negative,bad_food,"There are breakfasts, not a big variety but tasty",tasty_breakfast,body,True,
621,,gt,Food,Negative,bad_food,"There are breakfasts, not a big variety but tasty",not_big_variety,body,True,
621,,gt,Food,Negative,bad_food,"There are breakfasts, not a big variety but tasty",have_evident_tasty_breakfast,cont,True,
621,,gt,Food,Negative,bad_food,"There are breakfasts, not a big variety but tasty",have_evident_not_big_variety,cont,True,
622,,gt,Staff,Positive,good_staff,super friendly staff,friendly_staff,body,True,
622,,gt,Staff,Positive,good_staff,super friendly staff,no_evident_not_friendly_staff,cont,True,
622,,gt,Room,Positive,good_room,"a clean, modern room",clean_room,body,True,
622,,gt,Room,Positive,good_room,"a clean, modern room",modern_room,body,True,
622,,gt,Room,Positive,good_room,"a clean, modern room",no_evident_not_clean_room,cont,True,
622,,gt,Room,Positive,good_room,"a clean, modern room",no_evident_not_modern_room,cont,True,
622,,gt,Room,Negative,bad_room,we didn't have a balcony.,(no literals),,False,json_parse_error: Expecting value: line 1 column 1 (char 0)
623,,gt,Location,Positive,good_location,Good location near the airport and the beach.,(no literals),,False,json_parse_error: Expecting value: line 1 column 1 (char 0)
623,,gt,Room,Negative,bad_room,Noisy air conditioning,(no literals),,False,json_parse_error: Expecting value: line 1 column 1 (char 0)
623,,gt,Location,Negative,bad_location,night traffic in the area.,(no literals),,False,json_parse_error: Expecting value: line 1 column 1 (char 0)
624,,gt,Room,Positive,good_room,Nice modern room.,nice_room,body,True,
624,,gt,Room,Positive,good_room,Nice modern room.,modern_room,body,True,
624,,gt,Room,Positive,good_room,Nice modern room.,no_evident_not_nice_room,cont,True,
624,,gt,Room,Positive,good_room,Nice modern room.,no_evident_not_modern_room,cont,True,
624,,gt,Staff,Positive,good_staff,"Boss and family take care of that
  Well-being of your guests!",take_care_of_guests,body,True,
624,,gt,Staff,Positive,good_staff,"Boss and family take care of that
  Well-being of your guests!",well_being_of_guests,body,True,
624,,gt,Staff,Positive,good_staff,"Boss and family take care of that
  Well-being of your guests!",no_evident_not_take_care_of_guests,cont,True,
624,,gt,Staff,Positive,good_staff,"Boss and family take care of that
  Well-being of your guests!",no_evident_not_well_being_of_guests,cont,True,
625,,gt,Location,Positive,good_location,Location very good for airport and beach.,good_for_airport,body,True,
625,,gt,Location,Positive,good_location,Location very good for airport and beach.,good_for_beach,body,True,
625,,gt,Location,Positive,good_location,Location very good for airport and beach.,no_evident_not_good_for_airport,cont,True,
625,,gt,Location,Positive,good_location,Location very good for airport and beach.,no_evident_not_good_for_beach,cont,True,
626,,gt,Staff,Positive,good_staff,The most important thing about the hotel is the incredible staff. Very soulful atmosphere.,(no literals),,False,json_parse_error: Expecting value: line 1 column 1 (char 0)
626,,gt,Food,Positive,good_food,"Definitely recommend trying the food in the restaurant. We took pasta, pizza, salads and burgers and everything was piping hot and very tasty and homemade.",(no literals),,False,json_parse_error: Expecting value: line 1 column 1 (char 0)
626,,gt,Room,Positive,good_room,"The rooms are clean, air-conditioned, balcony, mini-bar.",(no literals),,False,json_parse_error: Expecting value: line 1 column 1 (char 0)
627,,gt,Staff,Positive,good_staff,"I loved the staff, they always greeted us with a smile, they were really nice, they always responded to the help we needed, they called us a taxi, they didn't charge me again because I lost my room ticket,",nice_staff,body,True,
627,,gt,Staff,Positive,good_staff,"I loved the staff, they always greeted us with a smile, they were really nice, they always responded to the help we needed, they called us a taxi, they didn't charge me again because I lost my room ticket,",responsive_staff,body,True,
627,,gt,Staff,Positive,good_staff,"I loved the staff, they always greeted us with a smile, they were really nice, they always responded to the help we needed, they called us a taxi, they didn't charge me again because I lost my room ticket,",helpful_staff,body,True,
627,,gt,Staff,Positive,good_staff,"I loved the staff, they always greeted us with a smile, they were really nice, they always responded to the help we needed, they called us a taxi, they didn't charge me again because I lost my room ticket,",smiling_staff,body,True,
627,,gt,Staff,Positive,good_staff,"I loved the staff, they always greeted us with a smile, they were really nice, they always responded to the help we needed, they called us a taxi, they didn't charge me again because I lost my room ticket,",no_evident_not_nice_staff,cont,True,
627,,gt,Staff,Positive,good_staff,"I loved the staff, they always greeted us with a smile, they were really nice, they always responded to the help we needed, they called us a taxi, they didn't charge me again because I lost my room ticket,",no_evident_not_responsive_staff,cont,True,
627,,gt,Staff,Positive,good_staff,"I loved the staff, they always greeted us with a smile, they were really nice, they always responded to the help we needed, they called us a taxi, they didn't charge me again because I lost my room ticket,",no_evident_not_helpful_staff,cont,True,
627,,gt,Staff,Positive,good_staff,"I loved the staff, they always greeted us with a smile, they were really nice, they always responded to the help we needed, they called us a taxi, they didn't charge me again because I lost my room ticket,",no_evident_not_smiling_staff,cont,True,
627,,gt,Facility,Positive,good_facility,"a stunning hotel, an aesthetic and clean place with innovative and interesting service that you can really request at the push of a button that you won't be able to hear the bell,",(no literals),,False,json_parse_error: Expecting value: line 1 column 1 (char 0)
627,,gt,Location,Negative,bad_location,A bit far from the city center,(no literals),,False,json_parse_error: Expecting value: line 1 column 1 (char 0)
627,,gt,Location,Positive,good_location,but taxis cost us the same price from anywhere in the city,(no literals),,False,json_parse_error: Expecting value: line 1 column 1 (char 0)
628,,gt,Location,Positive,good_location,The hotel is located close to the airport (there is a bus with good frequency from the street next to the airport) and close to the city center. The hotel is located in a dead-end and quiet street,close_to_airport,body,True,
628,,gt,Location,Positive,good_location,The hotel is located close to the airport (there is a bus with good frequency from the street next to the airport) and close to the city center. The hotel is located in a dead-end and quiet street,close_to_city_center,body,True,
628,,gt,Location,Positive,good_location,The hotel is located close to the airport (there is a bus with good frequency from the street next to the airport) and close to the city center. The hotel is located in a dead-end and quiet street,quiet_street,body,True,
628,,gt,Location,Positive,good_location,The hotel is located close to the airport (there is a bus with good frequency from the street next to the airport) and close to the city center. The hotel is located in a dead-end and quiet street,dead_end_street,body,True,
628,,gt,Location,Positive,good_location,The hotel is located close to the airport (there is a bus with good frequency from the street next to the airport) and close to the city center. The hotel is located in a dead-end and quiet street,no_evident_not_close_to_airport,cont,True,
628,,gt,Location,Positive,good_location,The hotel is located close to the airport (there is a bus with good frequency from the street next to the airport) and close to the city center. The hotel is located in a dead-end and quiet street,no_evident_not_close_to_city_center,cont,True,
628,,gt,Location,Positive,good_location,The hotel is located close to the airport (there is a bus with good frequency from the street next to the airport) and close to the city center. The hotel is located in a dead-end and quiet street,no_evident_not_quiet_street,cont,True,
628,,gt,Location,Positive,good_location,The hotel is located close to the airport (there is a bus with good frequency from the street next to the airport) and close to the city center. The hotel is located in a dead-end and quiet street,no_evident_not_dead_end_street,cont,True,
628,,gt,Facility,Positive,good_facility,- we had plenty of parking.,plenty_of_parking_facility,body,True,
628,,gt,Facility,Positive,good_facility,- we had plenty of parking.,no_evident_not_plenty_of_parking_facility,cont,True,
628,,gt,Room,Positive,good_room,The rooms were very clean.,clean_room,body,True,
628,,gt,Room,Positive,good_room,The rooms were very clean.,no_evident_not_clean_room,cont,True,
628,,gt,Staff,Positive,good_staff,The staff at the hotel (Tony) was nice and gave a pleasant feeling - immediately after the booking we received a WhatsApp from him to confirm the time of arrival and to inform that they were waiting for us.,nice_staff,body,True,
628,,gt,Staff,Positive,good_staff,The staff at the hotel (Tony) was nice and gave a pleasant feeling - immediately after the booking we received a WhatsApp from him to confirm the time of arrival and to inform that they were waiting for us.,pleasant_staff,body,True,
628,,gt,Staff,Positive,good_staff,The staff at the hotel (Tony) was nice and gave a pleasant feeling - immediately after the booking we received a WhatsApp from him to confirm the time of arrival and to inform that they were waiting for us.,no_evident_not_nice_staff,cont,True,
628,,gt,Staff,Positive,good_staff,The staff at the hotel (Tony) was nice and gave a pleasant feeling - immediately after the booking we received a WhatsApp from him to confirm the time of arrival and to inform that they were waiting for us.,no_evident_not_pleasant_staff,cont,True,
629,,gt,Staff,Positive,good_staff,"We stayed literally for a few hours, the welcome was pleasant and they helped us order a taxi to the airport!",pleasant_welcome,body,True,
629,,gt,Staff,Positive,good_staff,"We stayed literally for a few hours, the welcome was pleasant and they helped us order a taxi to the airport!",helpful_staff,body,True,
629,,gt,Staff,Positive,good_staff,"We stayed literally for a few hours, the welcome was pleasant and they helped us order a taxi to the airport!",no_evident_not_pleasant_welcome,cont,True,
629,,gt,Staff,Positive,good_staff,"We stayed literally for a few hours, the welcome was pleasant and they helped us order a taxi to the airport!",no_evident_not_helpful_staff,cont,True,
630,,gt,Staff,Positive,good_staff,Very friendly and helpful Staff.,(no literals),,False,json_parse_error: Expecting value: line 1 column 1 (char 0)
630,,gt,Room,Negative,bad_room,Wifi was weak at times.,weak_wifi,body,True,
630,,gt,Room,Negative,bad_room,Wifi was weak at times.,have_evident_weak_wifi,cont,True,
631,,gt,Room,Positive,good_room,"It was very new, clean and quite modern.",(no literals),,False,json_parse_error: Expecting value: line 1 column 1 (char 0)
631,,gt,Price,Positive,good_price,Excellent price/quality ratio,excellent_price_ratio,body,True,
631,,gt,Price,Positive,good_price,Excellent price/quality ratio,no_evident_not_excellent_price_ratio,cont,True,
632,,gt,Location,Positive,good_location,as the end of our Cyprus trip to be as close to the airport as possible for the last night! It was perfect for that. The bus connection to the city center was just around the corner and we were able to get back to the hotel later in the evening without any problems using public transport. The location was also perfect for the trip to the airport the next morning (7:00 am). Mackenzie Beach is super close and so are lots of cool bars and restaurants.,(no literals),,False,json_parse_error: Expecting value: line 1 column 1 (char 0)
632,,gt,Room,Positive,good_room,"The room was very nicely furnished and, above all, super clean.",(no literals),,False,json_parse_error: Expecting value: line 1 column 1 (char 0)
633,,gt,Check-in,Positive,good_check_in,"Even though we arrived at 3 a.m., they waited for us.",(no literals),,False,json_parse_error: Expecting value: line 1 column 1 (char 0)
633,,gt,Staff,Positive,good_staff,"Even though we arrived at 3 a.m., they waited for us. Very friendly,",(no literals),,False,json_parse_error: Expecting value: line 1 column 1 (char 0)
633,,gt,Room,Positive,good_room,very clean!,clean_room,body,True,
633,,gt,Room,Positive,good_room,very clean!,no_evident_not_clean_room,cont,True,
633,,gt,Location,Positive,good_location,close to the airport!,close_to_airport,body,True,
633,,gt,Location,Positive,good_location,close to the airport!,no_evident_not_close_to_airport,cont,True,
634,,gt,Staff,Positive,good_staff,kindness,(no literals),,False,json_parse_error: Expecting value: line 1 column 1 (char 0)
635,,gt,Location,Positive,good_location,"Great location. 10 minutes by bus from and to the airport. 10 minutes walk to the beach and cafes by the beach. It takes 40 minutes to walk along the promenade to the city, but it's nice.",(no literals),,False,json_parse_error: Expecting value: line 1 column 1 (char 0)
635,,gt,Facility,Positive,good_facility,"The hotel is good,",good_hotel,body,True,
635,,gt,Facility,Positive,good_facility,"The hotel is good,",no_evident_not_good_hotel,cont,True,
635,,gt,Staff,Positive,good_staff,the staff is friendly.,friendly_staff,body,True,
635,,gt,Staff,Positive,good_staff,the staff is friendly.,no_evident_not_friendly_staff,cont,True,
636,,gt,Facility,Positive,good_facility,"A renovated, brilliant family hotel with a very friendly staff.",renovated_facility,body,True,
636,,gt,Facility,Positive,good_facility,"A renovated, brilliant family hotel with a very friendly staff.",brilliant_facility,body,True,
636,,gt,Facility,Positive,good_facility,"A renovated, brilliant family hotel with a very friendly staff.",family_facility,body,True,
636,,gt,Facility,Positive,good_facility,"A renovated, brilliant family hotel with a very friendly staff.",no_evident_not_renovated_facility,cont,True,
636,,gt,Facility,Positive,good_facility,"A renovated, brilliant family hotel with a very friendly staff.",no_evident_not_brilliant_facility,cont,True,
636,,gt,Facility,Positive,good_facility,"A renovated, brilliant family hotel with a very friendly staff.",no_evident_not_family_facility,cont,True,
636,,gt,Staff,Positive,good_staff,a very friendly staff.,friendly_staff,body,True,
636,,gt,Staff,Positive,good_staff,a very friendly staff.,no_evident_not_friendly_staff,cont,True,
636,,gt,Location,Positive,good_location,Suited us for a one night stay before a flight.,(no literals),,False,json_parse_error: Expecting value: line 1 column 1 (char 0)
636,,gt,Food,Positive,good_food,We had dinner at the hotel restaurant and it was excellent! The chef gave a personal touch to understand exactly what we want.,excellent_food,body,True,
636,,gt,Food,Positive,good_food,We had dinner at the hotel restaurant and it was excellent! The chef gave a personal touch to understand exactly what we want.,personal_touch,body,True,
636,,gt,Food,Positive,good_food,We had dinner at the hotel restaurant and it was excellent! The chef gave a personal touch to understand exactly what we want.,no_evident_not_excellent_food,cont,True,
636,,gt,Food,Positive,good_food,We had dinner at the hotel restaurant and it was excellent! The chef gave a personal touch to understand exactly what we want.,no_evident_not_personal_touch,cont,True,
637,,gt,Location,Positive,good_location,Perfect location to the airport.,perfect_location,body,True,
637,,gt,Location,Positive,good_location,Perfect location to the airport.,to_the_airport,body,True,
637,,gt,Location,Positive,good_location,Perfect location to the airport.,no_evident_not_perfect_location,cont,True,
637,,gt,Location,Positive,good_location,Perfect location to the airport.,no_evident_not_to_the_airport,cont,True,
637,,gt,Staff,Positive,good_staff,Very friendly reception.,friendly_staff,body,True,
637,,gt,Staff,Positive,good_staff,Very friendly reception.,no_evident_not_friendly_staff,cont,True,
637,,gt,Room,Positive,good_room,Very clean.,clean_room,body,True,
637,,gt,Room,Positive,good_room,Very clean.,no_evident_not_clean_room,cont,True,
638,,gt,Room,Positive,good_room,"room comfort,",room_comfort,body,True,
638,,gt,Room,Positive,good_room,"room comfort,",no_evident_not_room_comfort,cont,True,
638,,gt,Staff,Positive,good_staff,service and courtesy of the staff.,(no literals),,False,json_parse_error: Expecting value: line 1 column 1 (char 0)
639,,gt,Room,Positive,good_room,Small beautiful clean room.,small_room,body,True,
639,,gt,Room,Positive,good_room,Small beautiful clean room.,beautiful_room,body,True,
639,,gt,Room,Positive,good_room,Small beautiful clean room.,clean_room,body,True,
639,,gt,Room,Positive,good_room,Small beautiful clean room.,no_evident_not_small_room,cont,True,
639,,gt,Room,Positive,good_room,Small beautiful clean room.,no_evident_not_beautiful_room,cont,True,
639,,gt,Room,Positive,good_room,Small beautiful clean room.,no_evident_not_clean_room,cont,True,
639,,gt,Staff,Positive,good_staff,They accommodated us with an earlier check-in and earlier check-out. Staff very nice. The hotel arranged a transfer to the airport for us.,accommodated_staff,body,True,
639,,gt,Staff,Positive,good_staff,They accommodated us with an earlier check-in and earlier check-out. Staff very nice. The hotel arranged a transfer to the airport for us.,very_nice_staff,body,True,
639,,gt,Staff,Positive,good_staff,They accommodated us with an earlier check-in and earlier check-out. Staff very nice. The hotel arranged a transfer to the airport for us.,no_evident_not_accommodated_staff,cont,True,
639,,gt,Staff,Positive,good_staff,They accommodated us with an earlier check-in and earlier check-out. Staff very nice. The hotel arranged a transfer to the airport for us.,no_evident_not_very_nice_staff,cont,True,
639,,gt,Check-in,Positive,good_check_in,They accommodated us with an earlier check-in and earlier check-out. There is no problem with a later check-in either.,earlier_check-in,body,True,
639,,gt,Check-in,Positive,good_check_in,They accommodated us with an earlier check-in and earlier check-out. There is no problem with a later check-in either.,later_check-in,body,True,
639,,gt,Check-in,Positive,good_check_in,They accommodated us with an earlier check-in and earlier check-out. There is no problem with a later check-in either.,no_evident_not_earlier_check-in,cont,True,
639,,gt,Check-in,Positive,good_check_in,They accommodated us with an earlier check-in and earlier check-out. There is no problem with a later check-in either.,no_evident_not_later_check-in,cont,True,
639,,gt,Check-out,Positive,good_check_out,They accommodated us with an earlier check-in and earlier check-out.,earlier_check-out,body,True,
639,,gt,Check-out,Positive,good_check_out,They accommodated us with an earlier check-in and earlier check-out.,no_evident_not_earlier_check-out,cont,True,
639,,gt,Food,Positive,good_food,We had a small lunch here and it was delicious.,small_lunch,body,True,
639,,gt,Food,Positive,good_food,We had a small lunch here and it was delicious.,delicious_lunch,body,True,
639,,gt,Food,Positive,good_food,We had a small lunch here and it was delicious.,no_evident_not_small_lunch,cont,True,
639,,gt,Food,Positive,good_food,We had a small lunch here and it was delicious.,no_evident_not_delicious_lunch,cont,True,
639,,gt,Location,Positive,good_location,"A short distance from the beach, we also found starfish.",close_to_beach,body,True,
639,,gt,Location,Positive,good_location,"A short distance from the beach, we also found starfish.",short_distance,body,True,
639,,gt,Location,Positive,good_location,"A short distance from the beach, we also found starfish.",no_evident_not_close_to_beach,cont,True,
639,,gt,Location,Positive,good_location,"A short distance from the beach, we also found starfish.",no_evident_not_short_distance,cont,True,
640,,gt,Room,Positive,good_room,It was very clean.,(no literals),,False,json_parse_error: Expecting value: line 1 column 1 (char 0)
640,,gt,Staff,Positive,good_staff,The host was very nice. He gave us instructions on how to get to the hotel and then even picked us up at the bus stop because we were very late,(no literals),,False,json_parse_error: Expecting value: line 1 column 1 (char 0)
640,,gt,Room,Negative,bad_room,the humid air in the room. The air conditioning probably didn't work properly,(no literals),,False,json_parse_error: Expecting value: line 1 column 1 (char 0)
641,,gt,Staff,Positive,good_staff,"Very friendly staff,",friendly_staff,body,True,
641,,gt,Staff,Positive,good_staff,"Very friendly staff,",no_evident_not_friendly_staff,cont,True,
641,,gt,Room,Positive,good_room,very clean everywhere. Nice room with a nice balcony.,(no literals),,False,json_parse_error: Expecting value: line 1 column 1 (char 0)
641,,gt,Location,Positive,good_location,Quiet and peaceful area.,(no literals),,False,json_parse_error: Expecting value: line 1 column 1 (char 0)
642,,gt,Food,Positive,good_food,"Delicious homemade breakfast,",delicious_breakfast,body,True,
642,,gt,Food,Positive,good_food,"Delicious homemade breakfast,",homemade_breakfast,body,True,
642,,gt,Food,Positive,good_food,"Delicious homemade breakfast,",no_evident_not_delicious_breakfast,cont,True,
642,,gt,Food,Positive,good_food,"Delicious homemade breakfast,",no_evident_not_homemade_breakfast,cont,True,
642,,gt,Staff,Positive,good_staff,they speak French. Are very caring and welcome you 24 hours a day,(no literals),,False,json_parse_error: Expecting value: line 1 column 1 (char 0)
642,,gt,Location,Positive,good_location,and very close to the airport!,(no literals),,False,json_parse_error: Expecting value: line 1 column 1 (char 0)
643,,gt,Facility,Positive,good_facility,"Welcoming environment,",(no literals),,False,json_parse_error: Expecting value: line 1 column 1 (char 0)
643,,gt,Staff,Positive,good_staff,"courtesy,",courtesy_staff,body,True,
643,,gt,Staff,Positive,good_staff,"courtesy,",no_evident_not_courtesy_staff,cont,True,
643,,gt,Room,Positive,good_room,"cleanliness, modern room.",(no literals),,False,json_parse_error: Expecting value: line 1 column 1 (char 0)
643,,gt,Food,Negative,bad_food,"I would like more variety at breakfast.
  The price to food ratio was disproportionate.",(no literals),,False,json_parse_error: Expecting value: line 1 column 1 (char 0)
644,,gt,Room,Positive,good_room,"Very clean, comfortable bed, tea and coffee in the room.",clean_room,body,True,
644,,gt,Room,Positive,good_room,"Very clean, comfortable bed, tea and coffee in the room.",comfortable_bed,body,True,
644,,gt,Room,Positive,good_room,"Very clean, comfortable bed, tea and coffee in the room.",tea_and_coffee_in_room,body,True,
644,,gt,Room,Positive,good_room,"Very clean, comfortable bed, tea and coffee in the room.",no_evident_not_clean_room,cont,True,
644,,gt,Room,Positive,good_room,"Very clean, comfortable bed, tea and coffee in the room.",no_evident_not_comfortable_bed,cont,True,
644,,gt,Room,Positive,good_room,"Very clean, comfortable bed, tea and coffee in the room.",no_evident_not_tea_and_coffee_in_room,cont,True,
644,,gt,Location,Positive,good_location,perfect location (near the airport),perfect_location,body,True,
644,,gt,Location,Positive,good_location,perfect location (near the airport),near_the_airport,body,True,
644,,gt,Location,Positive,good_location,perfect location (near the airport),no_evident_not_perfect_location,cont,True,
644,,gt,Location,Positive,good_location,perfect location (near the airport),no_evident_not_near_the_airport,cont,True,
644,,gt,Staff,Positive,good_staff,"very friendly welcome,",(no literals),,False,json_parse_error: Expecting value: line 1 column 1 (char 0)
644,,gt,Room,Negative,bad_room,There was no hair dryer,(no literals),,False,json_parse_error: Expecting value: line 1 column 1 (char 0)
646,,gt,Facility,Positive,good_facility,"The hotel is clean, comfortable. I rented a car, there is a place to park.",clean_hotel,body,True,
646,,gt,Facility,Positive,good_facility,"The hotel is clean, comfortable. I rented a car, there is a place to park.",comfortable_hotel,body,True,
646,,gt,Facility,Positive,good_facility,"The hotel is clean, comfortable. I rented a car, there is a place to park.",no_evident_not_clean_hotel,cont,True,
646,,gt,Facility,Positive,good_facility,"The hotel is clean, comfortable. I rented a car, there is a place to park.",no_evident_not_comfortable_hotel,cont,True,
646,,gt,Location,Positive,good_location,"and a good location. Very close to Salt Lake and Mackenzie Beach. Very close to bus stop. Very close to the airport, From the hotel you can just walk along the entire promenade of Larnaca, you won’t miss anything. A calm step along the sea to the Church of St. Lazarus 30-40 minutes.",(no literals),,False,json_parse_error: Expecting value: line 1 column 1 (char 0)
646,,gt,Room,Positive,good_room,"The room was wonderful. White bed. The shower is wonderful, the air conditioner works,",(no literals),,False,json_parse_error: Expecting value: line 1 column 1 (char 0)
646,,gt,Food,Positive,good_food,Breakfast can be bought directly at the hotel for only 8 euros.,(no literals),,False,json_parse_error: Expecting value: line 1 column 1 (char 0)
646,,gt,Staff,Positive,good_staff,"The owner of the hotel was very friendly, allowed to leave things, even after we checked out,",(no literals),,False,json_parse_error: Expecting value: line 1 column 1 (char 0)
647,,gt,Room,Positive,good_room,"cleanliness, comfort",clean_room,body,True,
647,,gt,Room,Positive,good_room,"cleanliness, comfort",comfortable_room,body,True,
647,,gt,Room,Positive,good_room,"cleanliness, comfort",no_evident_not_clean_room,cont,True,
647,,gt,Room,Positive,good_room,"cleanliness, comfort",no_evident_not_comfortable_room,cont,True,
648,,gt,Staff,Positive,good_staff,Nice staff.,nice_staff,body,True,
648,,gt,Staff,Positive,good_staff,Nice staff.,no_evident_not_nice_staff,cont,True,
648,,gt,Facility,Negative,bad_facility,Maybe the reception needs improvement. It is very old furniture,(no literals),,False,json_parse_error: Expecting value: line 1 column 1 (char 0)
649,,gt,Facility,Positive,good_facility,New hotel.,new_hotel,body,True,
649,,gt,Facility,Positive,good_facility,New hotel.,no_evident_not_new_hotel,cont,True,
649,,gt,Room,Positive,good_room,Clean comfortable room.,clean_room,body,True,
649,,gt,Room,Positive,good_room,Clean comfortable room.,comfortable_room,body,True,
649,,gt,Room,Positive,good_room,Clean comfortable room.,no_evident_not_clean_room,cont,True,
649,,gt,Room,Positive,good_room,Clean comfortable room.,no_evident_not_comfortable_room,cont,True,
649,,gt,Staff,Positive,good_staff,Friendly staff.,friendly_staff,body,True,
649,,gt,Staff,Positive,good_staff,Friendly staff.,no_evident_not_friendly_staff,cont,True,
649,,gt,Location,Positive,good_location,"The hotel is located near the airport. but we traveled in the off season - there was no noise from the street, and the sound from landing / taking off planes did not particularly bother us.",(no literals),,False,json_parse_error: Expecting value: line 1 column 1 (char 0)
649,,gt,Room,Negative,bad_room,"The room was small, could have been a bit more spacious.",(no literals),,False,json_parse_error: Expecting value: line 1 column 1 (char 0)
650,,gt,Facility,Positive,good_facility,Cozy hotel,cozy_hotel,body,True,
650,,gt,Facility,Positive,good_facility,Cozy hotel,no_evident_not_cozy_hotel,cont,True,
650,,gt,Location,Positive,good_location,"in a quiet location. Walking distance to the beach,",(no literals),,False,json_parse_error: Expecting value: line 1 column 1 (char 0)
650,,gt,Room,Positive,good_room,"The room is very clean, comfortable mattresses, excellent clean bedding.",clean_room,body,True,
650,,gt,Room,Positive,good_room,"The room is very clean, comfortable mattresses, excellent clean bedding.",comfortable_mattresses,body,True,
650,,gt,Room,Positive,good_room,"The room is very clean, comfortable mattresses, excellent clean bedding.",excellent_clean_bedding,body,True,
650,,gt,Room,Positive,good_room,"The room is very clean, comfortable mattresses, excellent clean bedding.",no_evident_not_clean_room,cont,True,
650,,gt,Room,Positive,good_room,"The room is very clean, comfortable mattresses, excellent clean bedding.",no_evident_not_comfortable_mattresses,cont,True,
650,,gt,Room,Positive,good_room,"The room is very clean, comfortable mattresses, excellent clean bedding.",no_evident_not_excellent_clean_bedding,cont,True,
650,,gt,Room,Negative,bad_room,"There is only soap in the shower, no shower gel.",(no literals),,False,json_parse_error: Expecting value: line 1 column 1 (char 0)
650,,gt,Staff,Positive,good_staff,Very polite and pleasant staff.,(no literals),,False,json_parse_error: Expecting value: line 1 column 1 (char 0)
650,,gt,Food,Positive,good_food,We took breakfast once. I liked it.,(no literals),,False,json_parse_error: Expecting value: line 1 column 1 (char 0)
651,,gt,Staff,Positive,good_staff,Pleasant staff,pleasant_staff,body,True,
651,,gt,Staff,Positive,good_staff,Pleasant staff,no_evident_not_pleasant_staff,cont,True,
652,,gt,Room,Positive,good_room,"Cleanliness 10/10! everything is white, bright, cozy!",(no literals),,False,json_parse_error: Expecting value: line 1 column 1 (char 0)
652,,gt,Facility,Positive,good_facility,the accommodation is perfect,(no literals),,False,json_parse_error: Expecting value: line 1 column 1 (char 0)
652,,gt,Location,Positive,good_location,- close to the airport.,close_to_airport,body,True,
652,,gt,Location,Positive,good_location,- close to the airport.,no_evident_not_close_to_airport,cont,True,
653,,gt,Staff,Positive,good_staff,"Very nice staff,",nice_staff,body,True,
653,,gt,Staff,Positive,good_staff,"Very nice staff,",no_evident_not_nice_staff,cont,True,
653,,gt,Room,Positive,good_room,"comfortable beds, great shower.",(no literals),,False,json_parse_error: Expecting value: line 1 column 1 (char 0)
653,,gt,Facility,Positive,good_facility,"the option is excellent,",(no literals),,False,json_parse_error: Expecting value: line 1 column 1 (char 0)
653,,gt,Location,Positive,good_location,"close to the airport, near the lake with flamingos (in winter)",(no literals),,False,json_parse_error: Expecting value: line 1 column 1 (char 0)
654,,gt,Facility,Positive,good_facility,"Starting from the street terrace, the hall and up to the room itself - clean, comfortable, with a soft bed. and just drink their wonderful cappuccino on soft sofas, and then sleep the rest of the night on soft beds.",(no literals),,False,json_parse_error: Expecting value: line 1 column 1 (char 0)
654,,gt,Room,Positive,good_room,"Starting from the street terrace, the hall and up to the room itself - clean, comfortable, with a soft bed.",(no literals),,False,json_parse_error: Expecting value: line 1 column 1 (char 0)
654,,gt,Staff,Positive,good_staff,"Always friendly staff (it looks like a family business, but I will not say). Every day cleaning.",(no literals),,False,json_parse_error: Expecting value: line 1 column 1 (char 0)
654,,gt,Food,Positive,good_food,"At any time, you can go down to the veranda at the tables and just drink their wonderful cappuccino on soft sofas,",(no literals),,False,json_parse_error: Expecting value: line 1 column 1 (char 0)
654,,gt,Location,Positive,good_location,because there is a good Mackenzie beach.,(no literals),,False,json_parse_error: Expecting value: line 1 column 1 (char 0)
654,,gt,Location,Negative,bad_location,"Of the minuses: sometimes a car came to pick up garbage cans at night. More precisely, the car poured them into its depths, not worrying about the noise and sleeping expensive tourists.",(no literals),,False,json_parse_error: Expecting value: line 1 column 1 (char 0)
654,,gt,Room,Negative,bad_room,Also mirrors in the room. There are plenty of them and they all distorted the image. rather made you fatter)),(no literals),,False,json_parse_error: Expecting value: line 1 column 1 (char 0)
655,,gt,Staff,Positive,good_staff,Very warm and caring welcome.,warm_staff,body,True,
655,,gt,Staff,Positive,good_staff,Very warm and caring welcome.,caring_staff,body,True,
655,,gt,Staff,Positive,good_staff,Very warm and caring welcome.,no_evident_not_warm_staff,cont,True,
655,,gt,Staff,Positive,good_staff,Very warm and caring welcome.,no_evident_not_caring_staff,cont,True,
655,,gt,Room,Positive,good_room,"The room was very well equipped, clean, comfortable.",(no literals),,False,json_parse_error: Expecting value: line 1 column 1 (char 0)
655,,gt,Location,Positive,good_location,"The hotel is not far from the airport,",not_far_from_airport,body,True,
655,,gt,Location,Positive,good_location,"The hotel is not far from the airport,",no_evident_not_not_far_from_airport,cont,True,
655,,gt,Location,Negative,bad_location,but a bit far from city center.,far_from_city_center,body,True,
655,,gt,Location,Negative,bad_location,but a bit far from city center.,have_evident_far_from_city_center,cont,True,
656,,gt,Staff,Positive,good_staff,"nice staff,",nice_staff,body,True,
656,,gt,Staff,Positive,good_staff,"nice staff,",no_evident_not_nice_staff,cont,True,
656,,gt,Facility,Positive,good_facility,lobby and room very clean.,clean_lobby,body,True,
656,,gt,Facility,Positive,good_facility,lobby and room very clean.,clean_room,body,True,
656,,gt,Facility,Positive,good_facility,lobby and room very clean.,no_evident_not_clean_lobby,cont,True,
656,,gt,Facility,Positive,good_facility,lobby and room very clean.,no_evident_not_clean_room,cont,True,
656,,gt,Room,Positive,good_room,lobby and room very clean.,(no literals),,False,json_parse_error: Expecting value: line 1 column 1 (char 0)
657,,gt,Staff,Positive,good_staff,"Friendly staff,",friendly_staff,body,True,
657,,gt,Staff,Positive,good_staff,"Friendly staff,",no_evident_not_friendly_staff,cont,True,
657,,gt,Room,Positive,good_room,"cleanliness, nice rooms",clean_room,body,True,
657,,gt,Room,Positive,good_room,"cleanliness, nice rooms",nice_rooms,body,True,
657,,gt,Room,Positive,good_room,"cleanliness, nice rooms",no_evident_not_clean_room,cont,True,
657,,gt,Room,Positive,good_room,"cleanliness, nice rooms",no_evident_not_nice_rooms,cont,True,
658,,gt,Facility,Positive,good_facility,"Nice homely atmosphere,",(no literals),,False,json_parse_error: Expecting value: line 1 column 1 (char 0)
658,,gt,Food,Positive,good_food,"delicious food,",delicious_food,body,True,
658,,gt,Food,Positive,good_food,"delicious food,",no_evident_not_delicious_food,cont,True,
658,,gt,Staff,Positive,good_staff,the owner takes care of the guests to make them feel at home.,(no literals),,False,json_parse_error: Expecting value: line 1 column 1 (char 0)
659,,gt,Room,Positive,good_room,"It was the cleanest room I've ever been, cleanliness is top notch, cleaned every day, down to the taps, towels and white bedding,",(no literals),,False,json_parse_error: Expecting value: line 1 column 1 (char 0)
659,,gt,Staff,Positive,good_staff,"any problems are solved instantly. The staff is excellent, everyone is definitely polite and smiling",excellent_staff,body,True,
659,,gt,Staff,Positive,good_staff,"any problems are solved instantly. The staff is excellent, everyone is definitely polite and smiling",polite_staff,body,True,
659,,gt,Staff,Positive,good_staff,"any problems are solved instantly. The staff is excellent, everyone is definitely polite and smiling",smiling_staff,body,True,
659,,gt,Staff,Positive,good_staff,"any problems are solved instantly. The staff is excellent, everyone is definitely polite and smiling",no_evident_not_excellent_staff,cont,True,
659,,gt,Staff,Positive,good_staff,"any problems are solved instantly. The staff is excellent, everyone is definitely polite and smiling",no_evident_not_polite_staff,cont,True,
659,,gt,Staff,Positive,good_staff,"any problems are solved instantly. The staff is excellent, everyone is definitely polite and smiling",no_evident_not_smiling_staff,cont,True,
659,,gt,Location,Negative,bad_location,"very noisy, the area is ringing, the sounds accumulate with terrible force. At night, I constantly woke up either from the sounds of airplanes, or from passing cars or a slamming trunk, earplugs did not save (",(no literals),,False,json_parse_error: Expecting value: line 1 column 1 (char 0)
660,,gt,Staff,Positive,good_staff,Very available and caring for his customers.,available_staff,body,True,
660,,gt,Staff,Positive,good_staff,Very available and caring for his customers.,caring_staff,body,True,
660,,gt,Staff,Positive,good_staff,Very available and caring for his customers.,no_evident_not_available_staff,cont,True,
660,,gt,Staff,Positive,good_staff,Very available and caring for his customers.,no_evident_not_caring_staff,cont,True,
660,,gt,Room,Positive,good_room,The rooms are very well equipped,well_equipped_room,body,True,
660,,gt,Room,Positive,good_room,The rooms are very well equipped,no_evident_not_well_equipped_room,cont,True,
660,,gt,Food,Positive,good_food,and the breakfast very good and plentiful.,good_breakfast,body,True,
660,,gt,Food,Positive,good_food,and the breakfast very good and plentiful.,plentiful_breakfast,body,True,
660,,gt,Food,Positive,good_food,and the breakfast very good and plentiful.,no_evident_not_good_breakfast,cont,True,
660,,gt,Food,Positive,good_food,and the breakfast very good and plentiful.,no_evident_not_plentiful_breakfast,cont,True,
660,,gt,Taxi-issue,Positive,good_taxi_issue,"We arrived at 2:30 am at the airport, a shuttle taxi to the hotel was waiting for us.",waiting_taxi,body,True,
660,,gt,Taxi-issue,Positive,good_taxi_issue,"We arrived at 2:30 am at the airport, a shuttle taxi to the hotel was waiting for us.",shuttle_taxi,body,True,
660,,gt,Taxi-issue,Positive,good_taxi_issue,"We arrived at 2:30 am at the airport, a shuttle taxi to the hotel was waiting for us.",no_evident_not_waiting_taxi,cont,True,
660,,gt,Taxi-issue,Positive,good_taxi_issue,"We arrived at 2:30 am at the airport, a shuttle taxi to the hotel was waiting for us.",no_evident_not_shuttle_taxi,cont,True,
660,,gt,Check-in,Positive,good_check_in,"The hotel allowed us, at no extra cost, a late arrival and a late departure (at 1:30 p.m.).",late_arrival,body,True,
660,,gt,Check-in,Positive,good_check_in,"The hotel allowed us, at no extra cost, a late arrival and a late departure (at 1:30 p.m.).",late_departure,body,True,
660,,gt,Check-in,Positive,good_check_in,"The hotel allowed us, at no extra cost, a late arrival and a late departure (at 1:30 p.m.).",no_evident_not_late_arrival,cont,True,
660,,gt,Check-in,Positive,good_check_in,"The hotel allowed us, at no extra cost, a late arrival and a late departure (at 1:30 p.m.).",no_evident_not_late_departure,cont,True,
660,,gt,Check-out,Positive,good_check_out,"The hotel allowed us, at no extra cost, a late arrival and a late departure (at 1:30 p.m.).",(no literals),,False,json_parse_error: Expecting value: line 1 column 1 (char 0)
661,,gt,Location,Positive,good_location,"Proximity to the airport,",(no literals),,False,json_parse_error: Expecting value: line 1 column 1 (char 0)
661,,gt,Room,Negative,bad_room,"small but modern rooms,",small_room,body,True,
661,,gt,Room,Negative,bad_room,"small but modern rooms,",modern_room,body,True,
661,,gt,Room,Negative,bad_room,"small but modern rooms,",have_evident_small_room,cont,True,
661,,gt,Room,Negative,bad_room,"small but modern rooms,",have_evident_modern_room,cont,True,
661,,gt,Room,Positive,good_room,"small but modern rooms, good bed, very good bathroom.",(no literals),,False,json_parse_error: Expecting value: line 1 column 1 (char 0)
661,,gt,Location,Negative,bad_location,Those who sleep lightly will be disturbed by the aircraft noise.,(no literals),,False,json_parse_error: Expecting value: line 1 column 1 (char 0)
662,,gt,Facility,Positive,good_facility,"Nice accommodation, parking in the hotel area, Beautiful accommodation,",nice_accommodation,body,True,
662,,gt,Facility,Positive,good_facility,"Nice accommodation, parking in the hotel area, Beautiful accommodation,",beautiful_accommodation,body,True,
662,,gt,Facility,Positive,good_facility,"Nice accommodation, parking in the hotel area, Beautiful accommodation,",parking_in_hotel_area,body,True,
662,,gt,Facility,Positive,good_facility,"Nice accommodation, parking in the hotel area, Beautiful accommodation,",no_evident_not_nice_accommodation,cont,True,
662,,gt,Facility,Positive,good_facility,"Nice accommodation, parking in the hotel area, Beautiful accommodation,",no_evident_not_beautiful_accommodation,cont,True,
662,,gt,Facility,Positive,good_facility,"Nice accommodation, parking in the hotel area, Beautiful accommodation,",no_evident_not_parking_in_hotel_area,cont,True,
662,,gt,Location,Positive,good_location,"a beautiful beach within walking distance,",(no literals),,False,json_parse_error: Expecting value: line 1 column 1 (char 0)
662,,gt,Staff,Positive,good_staff,"very helpful staff, due to the delay of the plane they waited for us until 2 in the morning.",helpful_staff,body,True,
662,,gt,Staff,Positive,good_staff,"very helpful staff, due to the delay of the plane they waited for us until 2 in the morning.",no_evident_not_helpful_staff,cont,True,
662,,gt,Location,Negative,bad_location,"Beautiful accommodation, unfortunately at night it was fertilized in Larnaca and the whole city stank.",(no literals),,False,json_parse_error: Expecting value: line 1 column 1 (char 0)
663,,gt,Location,Positive,good_location,"1. Location
  Hotel near the airport. In total, close to the beach, although to get to the beach relatively quickly",near_airport,body,True,
663,,gt,Location,Positive,good_location,"1. Location
  Hotel near the airport. In total, close to the beach, although to get to the beach relatively quickly",close_to_beach,body,True,
663,,gt,Location,Positive,good_location,"1. Location
  Hotel near the airport. In total, close to the beach, although to get to the beach relatively quickly",no_evident_not_near_airport,cont,True,
663,,gt,Location,Positive,good_location,"1. Location
  Hotel near the airport. In total, close to the beach, although to get to the beach relatively quickly",no_evident_not_close_to_beach,cont,True,
663,,gt,Staff,Positive,good_staff,fast transfer organized by the hotel.,(no literals),,False,json_parse_error: Expecting value: line 1 column 1 (char 0)
663,,gt,Location,Negative,bad_location,"The center is quite far, about 2.5 km, a walk along the beach promenade.",quite_far,body,True,
663,,gt,Location,Negative,bad_location,"The center is quite far, about 2.5 km, a walk along the beach promenade.",about_2.5_km,body,True,
663,,gt,Location,Negative,bad_location,"The center is quite far, about 2.5 km, a walk along the beach promenade.",along_beach_promenade,body,True,
663,,gt,Location,Negative,bad_location,"The center is quite far, about 2.5 km, a walk along the beach promenade.",have_evident_quite_far,cont,True,
663,,gt,Location,Negative,bad_location,"The center is quite far, about 2.5 km, a walk along the beach promenade.",have_evident_about_2.5_km,cont,True,
663,,gt,Location,Negative,bad_location,"The center is quite far, about 2.5 km, a walk along the beach promenade.",have_evident_along_beach_promenade,cont,True,
663,,gt,Room,Positive,good_room,"2. Peace
  Great, modern design, comfortable bed, clean, large with a balcony. Large bathroom with shower. Equipped with a kettle plus a welcome pack (tea, coffee, water)",(no literals),,False,json_parse_error: Expecting value: line 1 column 1 (char 0)
663,,gt,Food,Positive,good_food,"3. Breakfast
  Served on site, on the ground floor in the dining room with access to the front terrace, delicious, homemade Greek taste.",served_on_site,body,True,
663,,gt,Food,Positive,good_food,"3. Breakfast
  Served on site, on the ground floor in the dining room with access to the front terrace, delicious, homemade Greek taste.",served_on_the_ground_floor,body,True,
663,,gt,Food,Positive,good_food,"3. Breakfast
  Served on site, on the ground floor in the dining room with access to the front terrace, delicious, homemade Greek taste.",in_the_dining_room,body,True,
663,,gt,Food,Positive,good_food,"3. Breakfast
  Served on site, on the ground floor in the dining room with access to the front terrace, delicious, homemade Greek taste.",with_access_to_the_front_terrace,body,True,
663,,gt,Food,Positive,good_food,"3. Breakfast
  Served on site, on the ground floor in the dining room with access to the front terrace, delicious, homemade Greek taste.",delicious,body,True,
663,,gt,Food,Positive,good_food,"3. Breakfast
  Served on site, on the ground floor in the dining room with access to the front terrace, delicious, homemade Greek taste.",homemade,body,True,
663,,gt,Food,Positive,good_food,"3. Breakfast
  Served on site, on the ground floor in the dining room with access to the front terrace, delicious, homemade Greek taste.",greek,body,True,
663,,gt,Food,Positive,good_food,"3. Breakfast
  Served on site, on the ground floor in the dining room with access to the front terrace, delicious, homemade Greek taste.",no_evident_not_served_on_site,cont,True,
663,,gt,Food,Positive,good_food,"3. Breakfast
  Served on site, on the ground floor in the dining room with access to the front terrace, delicious, homemade Greek taste.",no_evident_not_served_on_the_ground_floor,cont,True,
663,,gt,Food,Positive,good_food,"3. Breakfast
  Served on site, on the ground floor in the dining room with access to the front terrace, delicious, homemade Greek taste.",no_evident_not_in_the_dining_room,cont,True,
663,,gt,Food,Positive,good_food,"3. Breakfast
  Served on site, on the ground floor in the dining room with access to the front terrace, delicious, homemade Greek taste.",no_evident_not_with_access_to_the_front_terrace,cont,True,
663,,gt,Food,Positive,good_food,"3. Breakfast
  Served on site, on the ground floor in the dining room with access to the front terrace, delicious, homemade Greek taste.",no_evident_not_delicious,cont,True,
663,,gt,Food,Positive,good_food,"3. Breakfast
  Served on site, on the ground floor in the dining room with access to the front terrace, delicious, homemade Greek taste.",no_evident_not_homemade,cont,True,
663,,gt,Food,Positive,good_food,"3. Breakfast
  Served on site, on the ground floor in the dining room with access to the front terrace, delicious, homemade Greek taste.",no_evident_not_greek,cont,True,
664,,gt,Room,Positive,good_room,the cleanliness and the quality of the room.,(no literals),,False,json_parse_error: Expecting value: line 1 column 1 (char 0)
665,,gt,Location,Positive,good_location,"Location close to the airport, therefore during the day a lot of noise from planes taking off. Not heard at night.",(no literals),,False,json_parse_error: Expecting value: line 1 column 1 (char 0)
665,,gt,Location,Negative,bad_location,therefore during the day a lot of noise from planes taking off. Not heard at night.,(no literals),,False,json_parse_error: Expecting value: line 1 column 1 (char 0)
665,,gt,Food,Positive,good_food,"Breakfast was good, but not lavish.",(no literals),,False,json_parse_error: Expecting value: line 1 column 1 (char 0)
665,,gt,Food,Negative,bad_food,"Breakfast was good, but not lavish. Had to ask for bread.",good_breakfast,body,True,
665,,gt,Food,Negative,bad_food,"Breakfast was good, but not lavish. Had to ask for bread.",not_lavish_breakfast,body,True,
665,,gt,Food,Negative,bad_food,"Breakfast was good, but not lavish. Had to ask for bread.",have_evident_good_breakfast,cont,True,
665,,gt,Food,Negative,bad_food,"Breakfast was good, but not lavish. Had to ask for bread.",have_evident_not_lavish_breakfast,cont,True,
665,,gt,Room,Negative,bad_room,Beds are soft and with a lot of plastic therefore very sweaty.,(no literals),,False,json_parse_error: Expecting value: line 1 column 1 (char 0)
665,,gt,Location,Negative,bad_location,In the middle of the night the garbage containers were emptied with a lot of noise.,noisy_location,body,True,
665,,gt,Location,Negative,bad_location,In the middle of the night the garbage containers were emptied with a lot of noise.,have_evident_noisy_location,cont,True,
666,,gt,Location,Positive,good_location,"Great location, Quiet location,",great_location,body,True,
666,,gt,Location,Positive,good_location,"Great location, Quiet location,",quiet_location,body,True,
666,,gt,Location,Positive,good_location,"Great location, Quiet location,",no_evident_not_great_location,cont,True,
666,,gt,Location,Positive,good_location,"Great location, Quiet location,",no_evident_not_quiet_location,cont,True,
666,,gt,Staff,Positive,good_staff,very friendly and helpful staff/owners.,(no literals),,False,json_parse_error: Expecting value: line 1 column 1 (char 0)
666,,gt,Room,Negative,bad_room,bed a bit uncomfortable.,uncomfortable_bed,body,True,
666,,gt,Room,Negative,bad_room,bed a bit uncomfortable.,have_evident_uncomfortable_bed,cont,True,
666,,gt,Taxi-issue,Negative,bad_taxi_issue,"Unfortunately, the organized taxi came too late/ a bit chaotic.",late_taxi,body,True,
666,,gt,Taxi-issue,Negative,bad_taxi_issue,"Unfortunately, the organized taxi came too late/ a bit chaotic.",chaotic_taxi,body,True,
666,,gt,Taxi-issue,Negative,bad_taxi_issue,"Unfortunately, the organized taxi came too late/ a bit chaotic.",have_evident_late_taxi,cont,True,
666,,gt,Taxi-issue,Negative,bad_taxi_issue,"Unfortunately, the organized taxi came too late/ a bit chaotic.",have_evident_chaotic_taxi,cont,True,
667,,gt,Room,Positive,good_room,"Very clean new room, perfect bed and towels,",(no literals),,False,json_parse_error: Expecting value: line 1 column 1 (char 0)
667,,gt,Location,Positive,good_location,"close location to the bus stop, 10 minutes to the center and 5 minutes to the airport. An ideal place if you need to spend the night before departure from Larnaca.",(no literals),,False,json_parse_error: Expecting value: line 1 column 1 (char 0)
667,,gt,Staff,Positive,good_staff,"Friendly staff, all wishes and problematic situations are solved immediately.",(no literals),,False,json_parse_error: Expecting value: line 1 column 1 (char 0)
669,,gt,Room,Positive,good_room,"Very nice room. There was a kettle and a microwave, a spacious bath, a view of the beautiful houses.",(no literals),,False,json_parse_error: Expecting value: line 1 column 1 (char 0)
669,,gt,Food,Positive,good_food,Delicious breakfast for a fee,delicious_breakfast,body,True,
669,,gt,Food,Positive,good_food,Delicious breakfast for a fee,no_evident_not_delicious_breakfast,cont,True,
669,,gt,Facility,Positive,good_facility,"On request, there is a transfer from the airport and to the airport",(no literals),,False,json_parse_error: Expecting value: line 1 column 1 (char 0)
670,,gt,Room,Negative,bad_room,"The ""street side"" rooms are noisier than those facing the back.",street_side_room,body,True,
670,,gt,Room,Negative,bad_room,"The ""street side"" rooms are noisier than those facing the back.",noisy_room,body,True,
670,,gt,Room,Negative,bad_room,"The ""street side"" rooms are noisier than those facing the back.",have_evident_street_side_room,cont,True,
670,,gt,Room,Negative,bad_room,"The ""street side"" rooms are noisier than those facing the back.",have_evident_noisy_room,cont,True,
670,,gt,Staff,Positive,good_staff,The exceptional welcome in French,(no literals),,False,json_parse_error: Expecting value: line 1 column 1 (char 0)
670,,gt,Location,Positive,good_location,"Proximity to the airport, A nearby bus stop provides access to the city center and the airport",(no literals),,False,json_parse_error: Expecting value: line 1 column 1 (char 0)
670,,gt,Room,Positive,good_room,The cleanliness and design of the room,cleanliness_room,body,True,
670,,gt,Room,Positive,good_room,The cleanliness and design of the room,design_room,body,True,
670,,gt,Room,Positive,good_room,The cleanliness and design of the room,no_evident_not_cleanliness_room,cont,True,
670,,gt,Room,Positive,good_room,The cleanliness and design of the room,no_evident_not_design_room,cont,True,
671,,gt,Facility,Positive,good_facility,Pleasantly surprised as the hotel appears to have been renovated.,(no literals),,False,json_parse_error: Expecting value: line 1 column 1 (char 0)
671,,gt,Facility,Negative,bad_facility,Unfortunately the pool was closed.,pool_closed,body,True,
671,,gt,Facility,Negative,bad_facility,Unfortunately the pool was closed.,have_evident_pool_closed,cont,True,
672,,gt,Food,Positive,good_food,Breakfast was good,good_breakfast,body,True,
672,,gt,Food,Positive,good_food,Breakfast was good,no_evident_not_good_breakfast,cont,True,
673,,gt,Staff,Positive,good_staff,"Very friendly staff,",friendly_staff,body,True,
673,,gt,Staff,Positive,good_staff,"Very friendly staff,",no_evident_not_friendly_staff,cont,True,
673,,gt,Location,Positive,good_location,good walking distance to Mackenzie Beach.,(no literals),,False,json_parse_error: Expecting value: line 1 column 1 (char 0)
673,,gt,Food,Positive,good_food,We can highly recommend the breakfast offered.,highly_recommended_breakfast,body,True,
673,,gt,Food,Positive,good_food,We can highly recommend the breakfast offered.,no_evident_not_highly_recommended_breakfast,cont,True,
673,,gt,Facility,Positive,good_facility,Free parking in front of the hotel along the street.,free_parking,body,True,
673,,gt,Facility,Positive,good_facility,Free parking in front of the hotel along the street.,no_evident_not_free_parking,cont,True,
674,,gt,Staff,Positive,good_staff,Very competent staff,competent_staff,body,True,
674,,gt,Staff,Positive,good_staff,Very competent staff,no_evident_not_competent_staff,cont,True,
675,,gt,Facility,Positive,good_facility,"Very well-kept hotel,",well_kept_hotel,body,True,
675,,gt,Facility,Positive,good_facility,"Very well-kept hotel,",no_evident_not_well_kept_hotel,cont,True,
675,,gt,Staff,Positive,good_staff,"friendly service,",(no literals),,False,json_parse_error: Expecting value: line 1 column 1 (char 0)
675,,gt,Room,Positive,good_room,"very comfortable mattresses, fridge, kettle, very modern new equipment.",(no literals),,False,json_parse_error: Expecting value: line 1 column 1 (char 0)
676,,gt,Staff,Positive,good_staff,"Staff SUPER!!! Responsive, kind people, you feel at home)",responsive_staff,body,True,
676,,gt,Staff,Positive,good_staff,"Staff SUPER!!! Responsive, kind people, you feel at home)",kind_staff,body,True,
676,,gt,Staff,Positive,good_staff,"Staff SUPER!!! Responsive, kind people, you feel at home)",no_evident_not_responsive_staff,cont,True,
676,,gt,Staff,Positive,good_staff,"Staff SUPER!!! Responsive, kind people, you feel at home)",no_evident_not_kind_staff,cont,True,
676,,gt,Room,Positive,good_room,"The room has a refrigerator, kettle, mugs (small), safe (did not use), TV (2 channels in the local language, netflix and browser).",(no literals),,False,json_parse_error: Expecting value: line 1 column 1 (char 0)
676,,gt,Location,Positive,good_location,"Near the salt lake, about 10 minutes walk, 5-6 minutes to the sea. Quiet place. Near the airport about 4 km, by bus or car for 5-6 minutes, you can walk and walk for 50 minutes)))",(no literals),,False,json_parse_error: Expecting value: line 1 column 1 (char 0)
676,,gt,Room,Negative,bad_room,"The shower has no door or curtain. Wi-fi is enough for a phone, not enough for a laptop.",(no literals),,False,json_parse_error: Expecting value: line 1 column 1 (char 0)
676,,gt,Location,Positive,good_location,There are few shops nearby.,nearby,body,True,
676,,gt,Location,Positive,good_location,There are few shops nearby.,few_shops,body,True,
676,,gt,Location,Positive,good_location,There are few shops nearby.,no_evident_not_nearby,cont,True,
676,,gt,Location,Positive,good_location,There are few shops nearby.,no_evident_not_few_shops,cont,True,
677,,gt,Location,Positive,good_location,ok for the sea,(no literals),,False,json_parse_error: Expecting value: line 1 column 1 (char 0)
678,,gt,Facility,Positive,good_facility,Good hotel,good_hotel,body,True,
678,,gt,Facility,Positive,good_facility,Good hotel,no_evident_not_good_hotel,cont,True,
678,,gt,Location,Positive,good_location,next to Mackenzie beach and especially the airport. It is 5 minutes by car,close_to_beach,body,True,
678,,gt,Location,Positive,good_location,next to Mackenzie beach and especially the airport. It is 5 minutes by car,close_to_airport,body,True,
678,,gt,Location,Positive,good_location,next to Mackenzie beach and especially the airport. It is 5 minutes by car,short_travel_time,body,True,
678,,gt,Location,Positive,good_location,next to Mackenzie beach and especially the airport. It is 5 minutes by car,no_evident_not_close_to_beach,cont,True,
678,,gt,Location,Positive,good_location,next to Mackenzie beach and especially the airport. It is 5 minutes by car,no_evident_not_close_to_airport,cont,True,
678,,gt,Location,Positive,good_location,next to Mackenzie beach and especially the airport. It is 5 minutes by car,no_evident_not_short_travel_time,cont,True,
679,,gt,Room,Positive,good_room,"Superb room, bathroom and balcony, very comfortable,",(no literals),,False,json_parse_error: Expecting value: line 1 column 1 (char 0)
679,,gt,Staff,Positive,good_staff,the staff was top notch!,top_notch_staff,body,True,
679,,gt,Staff,Positive,good_staff,the staff was top notch!,no_evident_not_top_notch_staff,cont,True,
679,,gt,Room,Negative,bad_room,Lots of noise from the hallway,noisy_room,body,True,
679,,gt,Room,Negative,bad_room,Lots of noise from the hallway,have_evident_noisy_room,cont,True,
680,,gt,Location,Positive,good_location,"but the hotel is located 500 meters from the beach and an area with restaurants, bars... the town center is a little further 30' on foot. 5' from the airport.",(no literals),,False,json_parse_error: Expecting value: line 1 column 1 (char 0)
680,,gt,Staff,Positive,good_staff,"Very nice hosts,",nice_staff,body,True,
680,,gt,Staff,Positive,good_staff,"Very nice hosts,",no_evident_not_nice_staff,cont,True,
680,,gt,Facility,Positive,good_facility,very clean establishment.,clean_facility,body,True,
680,,gt,Facility,Positive,good_facility,very clean establishment.,no_evident_not_clean_facility,cont,True,
681,,gt,Facility,Positive,good_facility,"Very cozy and stylish hotel,",cozy_facility,body,True,
681,,gt,Facility,Positive,good_facility,"Very cozy and stylish hotel,",stylish_facility,body,True,
681,,gt,Facility,Positive,good_facility,"Very cozy and stylish hotel,",no_evident_not_cozy_facility,cont,True,
681,,gt,Facility,Positive,good_facility,"Very cozy and stylish hotel,",no_evident_not_stylish_facility,cont,True,
681,,gt,Location,Positive,good_location,"excellent location, bus stops nearby, salt lake, 5 minutes walk to the sea.",(no literals),,False,json_parse_error: Expecting value: line 1 column 1 (char 0)
682,,gt,Room,Negative,bad_room,"In addition to liquid soap, no other means. Bring along shampoos, soaps, gels, etc.",(no literals),,False,json_parse_error: Expecting value: line 1 column 1 (char 0)
683,,gt,Facility,Positive,good_facility,Clean and modern hotel,clean_facility,body,True,
683,,gt,Facility,Positive,good_facility,Clean and modern hotel,modern_facility,body,True,
683,,gt,Facility,Positive,good_facility,Clean and modern hotel,no_evident_not_clean_facility,cont,True,
683,,gt,Facility,Positive,good_facility,Clean and modern hotel,no_evident_not_modern_facility,cont,True,
683,,gt,Staff,Positive,good_staff,with very friendly staff.,friendly_staff,body,True,
683,,gt,Staff,Positive,good_staff,with very friendly staff.,no_evident_not_friendly_staff,cont,True,
684,,gt,Staff,Positive,good_staff,the sympathy of the restaurant manager,(no literals),,False,json_parse_error: Expecting value: line 1 column 1 (char 0)
684,,gt,Location,Negative,bad_location,The noise of the discotheque…,(no literals),,False,json_parse_error: Expecting value: line 1 column 1 (char 0)
685,,gt,Location,Positive,good_location,"Excellent location,",excellent_location,body,True,
685,,gt,Location,Positive,good_location,"Excellent location,",no_evident_not_excellent_location,cont,True,
685,,gt,Room,Positive,good_room,"perfect cleanliness,",(no literals),,False,json_parse_error: Expecting value: line 1 column 1 (char 0)
685,,gt,Food,Positive,good_food,"excellent breakfasts for only 8€,",excellent_breakfasts,body,True,
685,,gt,Food,Positive,good_food,"excellent breakfasts for only 8€,",no_evident_not_excellent_breakfasts,cont,True,
685,,gt,Staff,Positive,good_staff,super service,(no literals),,False,json_parse_error: Expecting value: line 1 column 1 (char 0)
686,,gt,Staff,Positive,good_staff,Very friendly reception.,(no literals),,False,json_parse_error: Expecting value: line 1 column 1 (char 0)
686,,gt,Room,Positive,good_room,Nice quiet room.,(no literals),,False,json_parse_error: Expecting value: line 1 column 1 (char 0)
687,,gt,Staff,Positive,good_staff,Excellent service staff. The owner and staff are always ready to help. Helped immediately with adapters.,(no literals),,False,json_parse_error: Expecting value: line 1 column 1 (char 0)
687,,gt,Location,Positive,good_location,"From the hotel to the beach is relatively close. 5-7 minutes at a calm pace. There is a bus stop nearby, which is also very important.",close_to_beach,body,True,
687,,gt,Location,Positive,good_location,"From the hotel to the beach is relatively close. 5-7 minutes at a calm pace. There is a bus stop nearby, which is also very important.",having_bus_stop_nearby,body,True,
687,,gt,Location,Positive,good_location,"From the hotel to the beach is relatively close. 5-7 minutes at a calm pace. There is a bus stop nearby, which is also very important.",takes_5_7_minutes,body,True,
687,,gt,Location,Positive,good_location,"From the hotel to the beach is relatively close. 5-7 minutes at a calm pace. There is a bus stop nearby, which is also very important.",no_evident_not_close_to_beach,cont,True,
687,,gt,Location,Positive,good_location,"From the hotel to the beach is relatively close. 5-7 minutes at a calm pace. There is a bus stop nearby, which is also very important.",no_evident_not_having_bus_stop_nearby,cont,True,
687,,gt,Location,Positive,good_location,"From the hotel to the beach is relatively close. 5-7 minutes at a calm pace. There is a bus stop nearby, which is also very important.",no_evident_not_takes_5_7_minutes,cont,True,
687,,gt,Food,Negative,bad_food,"Of the shortcomings, I would note the monotonous breakfast. Every day is the same.",(no literals),,False,json_parse_error: Expecting value: line 1 column 1 (char 0)
688,,gt,Staff,Positive,good_staff,"Very nice owner,",(no literals),,False,json_parse_error: Expecting value: line 1 column 1 (char 0)
688,,gt,Facility,Positive,good_facility,"great hotel,",(no literals),,False,json_parse_error: Expecting value: line 1 column 1 (char 0)
688,,gt,Location,Positive,good_location,close to the beach!!,close_to_beach,body,True,
688,,gt,Location,Positive,good_location,close to the beach!!,no_evident_not_close_to_beach,cont,True,
689,,gt,Taxi-issue,Negative,bad_taxi_issue,"When the booked taxi didn't show up at 3 in the morning, the Htl owner drove me to the airport himself after I rang him out of bed....",(no literals),,False,json_parse_error: Expecting value: line 1 column 1 (char 0)
689,,gt,Staff,Positive,good_staff,"When the booked taxi didn't show up at 3 in the morning, the Htl owner drove me to the airport himself after I rang him out of bed....",helpful_staff,body,True,
689,,gt,Staff,Positive,good_staff,"When the booked taxi didn't show up at 3 in the morning, the Htl owner drove me to the airport himself after I rang him out of bed....",no_evident_not_helpful_staff,cont,True,
690,,gt,Location,Positive,good_location,Very convenient location. Not far from the airport and from the sea.,(no literals),,False,json_parse_error: Expecting value: line 1 column 1 (char 0)
690,,gt,Room,Negative,bad_room,Very thin walls. Everything is heard.,(no literals),,False,json_parse_error: Expecting value: line 1 column 1 (char 0)
690,,gt,Location,Negative,bad_location,Everything is heard. At 3 o'clock in the morning we woke up from the fact that the garbage truck loaded the tanks.,(no literals),,False,json_parse_error: Expecting value: line 1 column 1 (char 0)
691,,gt,Room,Positive,good_room,very clean,clean_room,body,True,
691,,gt,Room,Positive,good_room,very clean,no_evident_not_clean_room,cont,True,
691,,gt,Facility,Positive,good_facility,Plenty of parking.,plenty_of_parking_facility,body,True,
691,,gt,Facility,Positive,good_facility,Plenty of parking.,no_evident_not_plenty_of_parking_facility,cont,True,
691,,gt,Staff,Positive,good_staff,Nice and kind staff.,nice_staff,body,True,
691,,gt,Staff,Positive,good_staff,Nice and kind staff.,kind_staff,body,True,
691,,gt,Staff,Positive,good_staff,Nice and kind staff.,no_evident_not_nice_staff,cont,True,
691,,gt,Staff,Positive,good_staff,Nice and kind staff.,no_evident_not_kind_staff,cont,True,
692,,gt,Staff,Positive,good_staff,"Very helpful staff. If you do not have adapters for sockets, ask at the reception..",(no literals),,False,json_parse_error: Expecting value: line 1 column 1 (char 0)
693,,gt,Location,Positive,good_location,"Hotel rather well placed, access to the beach by crossing a vacant lot. Airport nearby (but the taxi price is the same as from the center of Larnaca).",(no literals),,False,json_parse_error: Expecting value: line 1 column 1 (char 0)
693,,gt,Facility,Positive,good_facility,"Pleasant surprise, it is not in the photo but the accommodation has a swimming pool!",(no literals),,False,json_parse_error: Expecting value: line 1 column 1 (char 0)
693,,gt,Room,Positive,good_room,"Fridge filled with drinks and delicacies, even if it's paying it's nice to have some available",(no literals),,False,json_parse_error: Expecting value: line 1 column 1 (char 0)
694,,gt,Location,Positive,good_location,Close to the airport.,close_to_airport,body,True,
694,,gt,Location,Positive,good_location,Close to the airport.,no_evident_not_close_to_airport,cont,True,
694,,gt,Room,Negative,bad_room,"The room is very very small (3 beds at 18 meters),",small_room,body,True,
694,,gt,Room,Negative,bad_room,"The room is very very small (3 beds at 18 meters),",have_evident_small_room,cont,True,
694,,gt,Room,Positive,good_room,"but at the same time, clean and tidy.",clean_room,body,True,
694,,gt,Room,Positive,good_room,"but at the same time, clean and tidy.",tidy_room,body,True,
694,,gt,Room,Positive,good_room,"but at the same time, clean and tidy.",no_evident_not_clean_room,cont,True,
694,,gt,Room,Positive,good_room,"but at the same time, clean and tidy.",no_evident_not_tidy_room,cont,True,
694,,gt,Location,Negative,bad_location,The area near the hotel is a wasteland,(no literals),,False,json_parse_error: Expecting value: line 1 column 1 (char 0)
694,,gt,Staff,Positive,good_staff,The hosts are very friendly.,friendly_staff,body,True,
694,,gt,Staff,Positive,good_staff,The hosts are very friendly.,no_evident_not_friendly_staff,cont,True,
695,,gt,Facility,Positive,good_facility,"New hotel,",new_hotel,body,True,
695,,gt,Facility,Positive,good_facility,"New hotel,",no_evident_not_new_hotel,cont,True,
695,,gt,Room,Positive,good_room,with super clean rooms and comfortable beds.,(no literals),,False,json_parse_error: Expecting value: line 1 column 1 (char 0)
695,,gt,Staff,Positive,good_staff,Family business and the owners are very friendly!,(no literals),,False,json_parse_error: Expecting value: line 1 column 1 (char 0)
696,,gt,Location,Positive,good_location,The airport is 6 minutes by car. Near a good beach.,(no literals),,False,json_parse_error: Expecting value: line 1 column 1 (char 0)
696,,gt,Food,Positive,good_food,Liked the food at the cafe in the lobby.,(no literals),,False,json_parse_error: Expecting value: line 1 column 1 (char 0)
697,,gt,Staff,Positive,good_staff,Responsive staff.,responsive_staff,body,True,
697,,gt,Staff,Positive,good_staff,Responsive staff.,no_evident_not_responsive_staff,cont,True,
697,,gt,Room,Positive,good_room,"Very clean, fresh, comfortable. you can see it's new. Cleaning every day",(no literals),,False,json_parse_error: Expecting value: line 1 column 1 (char 0)
698,,gt,Location,Positive,good_location,The hotel is 10 minutes from the airport which is very convenient for not missing your flight. but the hotel is well located for the restaurants in the area.,(no literals),,False,json_parse_error: Expecting value: line 1 column 1 (char 0)
698,,gt,Staff,Positive,good_staff,The welcome was very warm and efficient.,warm_welcome,body,True,
698,,gt,Staff,Positive,good_staff,The welcome was very warm and efficient.,efficient_welcome,body,True,
698,,gt,Staff,Positive,good_staff,The welcome was very warm and efficient.,no_evident_not_warm_welcome,cont,True,
698,,gt,Staff,Positive,good_staff,The welcome was very warm and efficient.,no_evident_not_efficient_welcome,cont,True,
698,,gt,Room,Negative,bad_room,The electric kettle didn't seem to work.,(no literals),,False,json_parse_error: Expecting value: line 1 column 1 (char 0)
699,,gt,Staff,Positive,good_staff,The hotel staff was fantastic.,fantastic_staff,body,True,
699,,gt,Staff,Positive,good_staff,The hotel staff was fantastic.,no_evident_not_fantastic_staff,cont,True,
700,,gt,Room,Positive,good_room,"Great bed, excellent cleaning",(no literals),,False,json_parse_error: Expecting value: line 1 column 1 (char 0)
700,,gt,Location,Positive,good_location,great for the airport (it's attached),(no literals),,False,json_parse_error: Expecting value: line 1 column 1 (char 0)
700,,gt,Room,Negative,bad_room,"Small room, only one nescafe bag, no curtain in the bathroom.",(no literals),,False,json_parse_error: Expecting value: line 1 column 1 (char 0)
700,,gt,Facility,Negative,bad_facility,"Better remove the photo of the pool, since it's a hole...",(no literals),,False,json_parse_error: Expecting value: line 1 column 1 (char 0)
701,,gt,Staff,Positive,good_staff,"Very friendly and helpful staff,",(no literals),,False,json_parse_error: Expecting value: line 1 column 1 (char 0)
701,,gt,Location,Positive,good_location,walking distance to the beach with several restaurants.,(no literals),,False,json_parse_error: Expecting value: line 1 column 1 (char 0)
702,,gt,Staff,Positive,good_staff,Nice staff,nice_staff,body,True,
702,,gt,Staff,Positive,good_staff,Nice staff,no_evident_not_nice_staff,cont,True,
702,,gt,Food,Positive,good_food,good cook,good_cook,body,True,
702,,gt,Food,Positive,good_food,good cook,no_evident_not_good_cook,cont,True,
702,,gt,Room,Negative,bad_room,room a bit small.,small_room,body,True,
702,,gt,Room,Negative,bad_room,room a bit small.,have_evident_small_room,cont,True,
703,,gt,Facility,Positive,good_facility,"Hotel completely redone,",(no literals),,False,json_parse_error: Expecting value: line 1 column 1 (char 0)
703,,gt,Room,Positive,good_room,the rooms are clean and comfortable.,(no literals),,False,json_parse_error: Expecting value: line 1 column 1 (char 0)
703,,gt,Staff,Positive,good_staff,"Like the 2 managers of the hotel and the chef, the staff is extremely kind and helpful.",(no literals),,False,json_parse_error: Expecting value: line 1 column 1 (char 0)
703,,gt,Food,Positive,good_food,"Full breakfast and served without time limit, to good understanding :)",(no literals),,False,json_parse_error: Expecting value: line 1 column 1 (char 0)
704,,gt,Location,Positive,good_location,The hotel is close to Larnaca Airport and the beach.,(no literals),,False,json_parse_error: Expecting value: line 1 column 1 (char 0)
705,,gt,Staff,Positive,good_staff,"Pleasant staff,",pleasant_staff,body,True,
705,,gt,Staff,Positive,good_staff,"Pleasant staff,",no_evident_not_pleasant_staff,cont,True,
705,,gt,Room,Positive,good_room,clean and tidy.,clean_room,body,True,
705,,gt,Room,Positive,good_room,clean and tidy.,tidy_room,body,True,
705,,gt,Room,Positive,good_room,clean and tidy.,no_evident_not_clean_room,cont,True,
705,,gt,Room,Positive,good_room,clean and tidy.,no_evident_not_tidy_room,cont,True,
706,,gt,Facility,Positive,good_facility,"Very good accommodation in a perfect location, 7 minutes from the airport!",good_accommodation,body,True,
706,,gt,Facility,Positive,good_facility,"Very good accommodation in a perfect location, 7 minutes from the airport!",perfect_location,body,True,
706,,gt,Facility,Positive,good_facility,"Very good accommodation in a perfect location, 7 minutes from the airport!",no_evident_not_good_accommodation,cont,True,
706,,gt,Facility,Positive,good_facility,"Very good accommodation in a perfect location, 7 minutes from the airport!",no_evident_not_perfect_location,cont,True,
706,,gt,Location,Positive,good_location,"Very good accommodation in a perfect location, 7 minutes from the airport!",perfect_location,body,True,
706,,gt,Location,Positive,good_location,"Very good accommodation in a perfect location, 7 minutes from the airport!",close_to_airport,body,True,
706,,gt,Location,Positive,good_location,"Very good accommodation in a perfect location, 7 minutes from the airport!",no_evident_not_perfect_location,cont,True,
706,,gt,Location,Positive,good_location,"Very good accommodation in a perfect location, 7 minutes from the airport!",no_evident_not_close_to_airport,cont,True,
707,,gt,Facility,Positive,good_facility,"New hotel,",new_hotel,body,True,
707,,gt,Facility,Positive,good_facility,"New hotel,",no_evident_not_new_hotel,cont,True,
707,,gt,Room,Positive,good_room,"renovated, soft blankets",renovated_room,body,True,
707,,gt,Room,Positive,good_room,"renovated, soft blankets",soft_blankets_room,body,True,
707,,gt,Room,Positive,good_room,"renovated, soft blankets",no_evident_not_renovated_room,cont,True,
707,,gt,Room,Positive,good_room,"renovated, soft blankets",no_evident_not_soft_blankets_room,cont,True,
707,,gt,Room,Negative,bad_room,Small room for a family,(no literals),,False,json_parse_error: Expecting value: line 1 column 1 (char 0)
708,,gt,Location,Positive,good_location,Excellent location on the way to/from Larnaca airport.,(no literals),,False,json_parse_error: Expecting value: line 1 column 1 (char 0)
708,,gt,Staff,Positive,good_staff,Warm and cordial hospitality,warm_staff,body,True,
708,,gt,Staff,Positive,good_staff,Warm and cordial hospitality,cordial_staff,body,True,
708,,gt,Staff,Positive,good_staff,Warm and cordial hospitality,no_evident_not_warm_staff,cont,True,
708,,gt,Staff,Positive,good_staff,Warm and cordial hospitality,no_evident_not_cordial_staff,cont,True,
709,,gt,Facility,Positive,good_facility,"Very well-kept small hotel,",well_kept_hotel,body,True,
709,,gt,Facility,Positive,good_facility,"Very well-kept small hotel,",small_hotel,body,True,
709,,gt,Facility,Positive,good_facility,"Very well-kept small hotel,",no_evident_not_well_kept_hotel,cont,True,
709,,gt,Facility,Positive,good_facility,"Very well-kept small hotel,",no_evident_not_small_hotel,cont,True,
709,,gt,Staff,Positive,good_staff,with extraordinarily courteous hosts!,(no literals),,False,json_parse_error: Expecting value: line 1 column 1 (char 0)
710,,gt,Food,Positive,good_food,but we had dinner in the restaurant and it was very good.,very_good_food,body,True,
710,,gt,Food,Positive,good_food,but we had dinner in the restaurant and it was very good.,no_evident_not_very_good_food,cont,True,
711,,gt,Check-out,Positive,good_check_out,possibility for late check out,possibility_for_late_check_out,body,True,
711,,gt,Check-out,Positive,good_check_out,possibility for late check out,no_evident_not_possibility_for_late_check_out,cont,True,
711,,gt,Staff,Positive,good_staff,very nice staff,(no literals),,False,json_parse_error: Expecting value: line 1 column 1 (char 0)
711,,gt,Facility,Negative,bad_facility,"Swimming pool , small and dirty",small_facility,body,True,
711,,gt,Facility,Negative,bad_facility,"Swimming pool , small and dirty",dirty_facility,body,True,
711,,gt,Facility,Negative,bad_facility,"Swimming pool , small and dirty",have_evident_small_facility,cont,True,
711,,gt,Facility,Negative,bad_facility,"Swimming pool , small and dirty",have_evident_dirty_facility,cont,True,
712,,gt,Room,Positive,good_room,Comfortable room,comfortable_room,body,True,
712,,gt,Room,Positive,good_room,Comfortable room,no_evident_not_comfortable_room,cont,True,
713,,gt,Location,Positive,good_location,close to the airport,close_to_airport,body,True,
713,,gt,Location,Positive,good_location,close to the airport,no_evident_not_close_to_airport,cont,True,
714,,gt,Facility,Positive,good_facility,a comfortable place.,comfortable_facility,body,True,
714,,gt,Facility,Positive,good_facility,a comfortable place.,no_evident_not_comfortable_facility,cont,True,
714,,gt,Staff,Positive,good_staff,Quiet friendly staff.,quiet_staff,body,True,
714,,gt,Staff,Positive,good_staff,Quiet friendly staff.,friendly_staff,body,True,
714,,gt,Staff,Positive,good_staff,Quiet friendly staff.,no_evident_not_quiet_staff,cont,True,
714,,gt,Staff,Positive,good_staff,Quiet friendly staff.,no_evident_not_friendly_staff,cont,True,
714,,gt,Room,Positive,good_room,Quiet and spacious.,(no literals),,False,json_parse_error: Expecting value: line 1 column 1 (char 0)
715,,gt,Facility,Positive,good_facility,Great place,great_facility,body,True,
715,,gt,Facility,Positive,good_facility,Great place,no_evident_not_great_facility,cont,True,
715,,gt,Price,Positive,good_price,worth the price,(no literals),,False,json_parse_error: Expecting value: line 1 column 1 (char 0)
716,,gt,Staff,Positive,good_staff,Very pleasant staff.,(no literals),,False,json_parse_error: Expecting value: line 1 column 1 (char 0)
716,,gt,Room,Positive,good_room,New and clean rooms.,new_room,body,True,
716,,gt,Room,Positive,good_room,New and clean rooms.,clean_room,body,True,
716,,gt,Room,Positive,good_room,New and clean rooms.,no_evident_not_new_room,cont,True,
716,,gt,Room,Positive,good_room,New and clean rooms.,no_evident_not_clean_room,cont,True,
716,,gt,Room,Negative,bad_room,Lack of adapters for sockets in the rooms.,(no literals),,False,json_parse_error: Expecting value: line 1 column 1 (char 0)
717,,gt,Staff,Positive,good_staff,Very accommodating and nice staff. Helpful. Top,(no literals),,False,json_parse_error: Expecting value: line 1 column 1 (char 0)
718,,gt,Facility,Positive,good_facility,"Great place,",great_facility,body,True,
718,,gt,Facility,Positive,good_facility,"Great place,",no_evident_not_great_facility,cont,True,
718,,gt,Staff,Positive,good_staff,very nice staff.,nice_staff,body,True,
718,,gt,Staff,Positive,good_staff,very nice staff.,no_evident_not_nice_staff,cont,True,
718,,gt,Location,Positive,good_location,Close to Mackenzie beach and salt lake. 10 minutes to the airport by bus or taxi.,close_to_Mackenzie_beach,body,True,
718,,gt,Location,Positive,good_location,Close to Mackenzie beach and salt lake. 10 minutes to the airport by bus or taxi.,close_to_salt_lake,body,True,
718,,gt,Location,Positive,good_location,Close to Mackenzie beach and salt lake. 10 minutes to the airport by bus or taxi.,close_to_airport,body,True,
718,,gt,Location,Positive,good_location,Close to Mackenzie beach and salt lake. 10 minutes to the airport by bus or taxi.,no_evident_not_close_to_Mackenzie_beach,cont,True,
718,,gt,Location,Positive,good_location,Close to Mackenzie beach and salt lake. 10 minutes to the airport by bus or taxi.,no_evident_not_close_to_salt_lake,cont,True,
718,,gt,Location,Positive,good_location,Close to Mackenzie beach and salt lake. 10 minutes to the airport by bus or taxi.,no_evident_not_close_to_airport,cont,True,
718,,gt,Room,Negative,bad_room,No trash can in the room,(no literals),,False,json_parse_error: Expecting value: line 1 column 1 (char 0)
719,,gt,Room,Positive,good_room,Super clean modern room and bathroom with balcony. Wonderful air conditioning that also stays on when you leave the room or open the balcony door.,(no literals),,False,json_parse_error: Expecting value: line 1 column 1 (char 0)
719,,gt,Location,Negative,bad_location,The street on which the hotel is located.,(no literals),,False,json_parse_error: Expecting value: line 1 column 1 (char 0)
720,,gt,Facility,Positive,good_facility,"Clean, modern hotel,",(no literals),,False,json_parse_error: Expecting value: line 1 column 1 (char 0)
720,,gt,Room,Positive,good_room,comfortable rooms.,comfortable_room,body,True,
720,,gt,Room,Positive,good_room,comfortable rooms.,no_evident_not_comfortable_room,cont,True,
721,,gt,Room,Positive,good_room,"Clean, nice atmosphere,",clean_room,body,True,
721,,gt,Room,Positive,good_room,"Clean, nice atmosphere,",nice_atmosphere,body,True,
721,,gt,Room,Positive,good_room,"Clean, nice atmosphere,",no_evident_not_clean_room,cont,True,
721,,gt,Room,Positive,good_room,"Clean, nice atmosphere,",no_evident_not_nice_atmosphere,cont,True,
721,,gt,Staff,Positive,good_staff,"helpful people, Nice staff",helpful_staff,body,True,
721,,gt,Staff,Positive,good_staff,"helpful people, Nice staff",nice_staff,body,True,
721,,gt,Staff,Positive,good_staff,"helpful people, Nice staff",no_evident_not_helpful_staff,cont,True,
721,,gt,Staff,Positive,good_staff,"helpful people, Nice staff",no_evident_not_nice_staff,cont,True,
722,,gt,Staff,Positive,good_staff,"Super polite and helpful staff,",polite_staff,body,True,
722,,gt,Staff,Positive,good_staff,"Super polite and helpful staff,",helpful_staff,body,True,
722,,gt,Staff,Positive,good_staff,"Super polite and helpful staff,",no_evident_not_polite_staff,cont,True,
722,,gt,Staff,Positive,good_staff,"Super polite and helpful staff,",no_evident_not_helpful_staff,cont,True,
722,,gt,Room,Positive,good_room,"clean comfortable room with good new furniture,",clean_room,body,True,
722,,gt,Room,Positive,good_room,"clean comfortable room with good new furniture,",comfortable_room,body,True,
722,,gt,Room,Positive,good_room,"clean comfortable room with good new furniture,",good_room,body,True,
722,,gt,Room,Positive,good_room,"clean comfortable room with good new furniture,",new_room,body,True,
722,,gt,Room,Positive,good_room,"clean comfortable room with good new furniture,",no_evident_not_clean_room,cont,True,
722,,gt,Room,Positive,good_room,"clean comfortable room with good new furniture,",no_evident_not_comfortable_room,cont,True,
722,,gt,Room,Positive,good_room,"clean comfortable room with good new furniture,",no_evident_not_good_room,cont,True,
722,,gt,Room,Positive,good_room,"clean comfortable room with good new furniture,",no_evident_not_new_room,cont,True,
722,,gt,Food,Positive,good_food,delicious breakfast on the veranda.,delicious_breakfast,body,True,
722,,gt,Food,Positive,good_food,delicious breakfast on the veranda.,no_evident_not_delicious_breakfast,cont,True,
722,,gt,Location,Positive,good_location,"Walking distance to Makenzie beach. In the absence of a car, it is very easy to get here by bus from the airport. If you are worried about the proximity of the airport, then during the entire stay we did not notice the noise and did not experience any discomfort because of this.",(no literals),,False,json_parse_error: Expecting value: line 1 column 1 (char 0)
722,,gt,Room,Negative,bad_room,Shower water often overflowed into the bathroom. Drain is not working well.,(no literals),,False,json_parse_error: Expecting value: line 1 column 1 (char 0)
723,,gt,Room,Negative,bad_room,There were no TV channels,(no literals),,False,json_parse_error: Expecting value: line 1 column 1 (char 0)
724,,gt,Room,Positive,good_room,Clean,clean_room,body,True,
724,,gt,Room,Positive,good_room,Clean,no_evident_not_clean_room,cont,True,
725,,gt,Room,Negative,bad_room,Extremely thick bedding for the weather,(no literals),,False,json_parse_error: Expecting value: line 1 column 1 (char 0)
725,,gt,Staff,Positive,good_staff,Constructive attitude of the staff.,(no literals),,False,json_parse_error: Expecting value: line 1 column 1 (char 0)
726,,gt,Location,Positive,good_location,Mackenzie is 5 minutes walk. The hotel is very conveniently located.,(no literals),,False,json_parse_error: Expecting value: line 1 column 1 (char 0)
726,,gt,Staff,Positive,good_staff,Friendly staff.,friendly_staff,body,True,
726,,gt,Staff,Positive,good_staff,Friendly staff.,no_evident_not_friendly_staff,cont,True,
726,,gt,Room,Positive,good_room,The room is clean. Bed is comfortable,clean_room,body,True,
726,,gt,Room,Positive,good_room,The room is clean. Bed is comfortable,comfortable_bed,body,True,
726,,gt,Room,Positive,good_room,The room is clean. Bed is comfortable,no_evident_not_clean_room,cont,True,
726,,gt,Room,Positive,good_room,The room is clean. Bed is comfortable,no_evident_not_comfortable_bed,cont,True,
726,,gt,Location,Negative,bad_location,Can be noisy from discos on Mackenzie,(no literals),,False,json_parse_error: Expecting value: line 1 column 1 (char 0)
727,,gt,Location,Positive,good_location,"Great option for if you arrive at Larnaca airport, close,",(no literals),,False,json_parse_error: Expecting value: line 1 column 1 (char 0)
727,,gt,Room,Positive,good_room,very clean.,clean_room,body,True,
727,,gt,Room,Positive,good_room,very clean.,no_evident_not_clean_room,cont,True,
727,,gt,Facility,Positive,good_facility,It is possible with animals.,(no literals),,False,json_parse_error: Expecting value: line 1 column 1 (char 0)
727,,gt,Staff,Positive,good_staff,"Everyone at the hotel was very friendly, tried to help and explain.",friendly_staff,body,True,
727,,gt,Staff,Positive,good_staff,"Everyone at the hotel was very friendly, tried to help and explain.",helpful_staff,body,True,
727,,gt,Staff,Positive,good_staff,"Everyone at the hotel was very friendly, tried to help and explain.",explanatory_staff,body,True,
727,,gt,Staff,Positive,good_staff,"Everyone at the hotel was very friendly, tried to help and explain.",no_evident_not_friendly_staff,cont,True,
727,,gt,Staff,Positive,good_staff,"Everyone at the hotel was very friendly, tried to help and explain.",no_evident_not_helpful_staff,cont,True,
727,,gt,Staff,Positive,good_staff,"Everyone at the hotel was very friendly, tried to help and explain.",no_evident_not_explanatory_staff,cont,True,
727,,gt,Location,Negative,bad_location,To restaurants and the beach go through an intensive road.,(no literals),,False,json_parse_error: Expecting value: line 1 column 1 (char 0)
729,,gt,Facility,Positive,good_facility,This hotel is very very clean very well equipped,clean_hotel,body,True,
729,,gt,Facility,Positive,good_facility,This hotel is very very clean very well equipped,well_equipped_hotel,body,True,
729,,gt,Facility,Positive,good_facility,This hotel is very very clean very well equipped,no_evident_not_clean_hotel,cont,True,
729,,gt,Facility,Positive,good_facility,This hotel is very very clean very well equipped,no_evident_not_well_equipped_hotel,cont,True,
729,,gt,Food,Positive,good_food,excellent breakfast.,excellent_breakfast,body,True,
729,,gt,Food,Positive,good_food,excellent breakfast.,no_evident_not_excellent_breakfast,cont,True,
729,,gt,Staff,Positive,good_staff,The managers are extremely nice and helpful.,(no literals),,False,json_parse_error: Expecting value: line 1 column 1 (char 0)
730,,gt,Location,Positive,good_location,Location: close to airport and beach.,close_to_airport,body,True,
730,,gt,Location,Positive,good_location,Location: close to airport and beach.,close_to_beach,body,True,
730,,gt,Location,Positive,good_location,Location: close to airport and beach.,no_evident_not_close_to_airport,cont,True,
730,,gt,Location,Positive,good_location,Location: close to airport and beach.,no_evident_not_close_to_beach,cont,True,
730,,gt,Facility,Positive,good_facility,"Newly refurbished hotel,",newly_refurbished_hotel,body,True,
730,,gt,Facility,Positive,good_facility,"Newly refurbished hotel,",new_hotel,body,True,
730,,gt,Facility,Positive,good_facility,"Newly refurbished hotel,",no_evident_not_newly_refurbished_hotel,cont,True,
730,,gt,Facility,Positive,good_facility,"Newly refurbished hotel,",no_evident_not_new_hotel,cont,True,
730,,gt,Room,Positive,good_room,rooms with balconies and clean.,balconies_room,body,True,
730,,gt,Room,Positive,good_room,rooms with balconies and clean.,clean_room,body,True,
730,,gt,Room,Positive,good_room,rooms with balconies and clean.,no_evident_not_balconies_room,cont,True,
730,,gt,Room,Positive,good_room,rooms with balconies and clean.,no_evident_not_clean_room,cont,True,
730,,gt,Location,Negative,bad_location,"Proximity to the airport has its own nuances: the noise of planes taking off and the smell of jet fuel are very audible. Near the beach at night there is a disco, which also makes it very difficult to sleep.",proximity_to_airport,body,True,
730,,gt,Location,Negative,bad_location,"Proximity to the airport has its own nuances: the noise of planes taking off and the smell of jet fuel are very audible. Near the beach at night there is a disco, which also makes it very difficult to sleep.",noise_of_planes_taking_off,body,True,
730,,gt,Location,Negative,bad_location,"Proximity to the airport has its own nuances: the noise of planes taking off and the smell of jet fuel are very audible. Near the beach at night there is a disco, which also makes it very difficult to sleep.",smell_of_jet_fuel,body,True,
730,,gt,Location,Negative,bad_location,"Proximity to the airport has its own nuances: the noise of planes taking off and the smell of jet fuel are very audible. Near the beach at night there is a disco, which also makes it very difficult to sleep.",presence_of_disco_near_beach,body,True,
730,,gt,Location,Negative,bad_location,"Proximity to the airport has its own nuances: the noise of planes taking off and the smell of jet fuel are very audible. Near the beach at night there is a disco, which also makes it very difficult to sleep.",have_evident_proximity_to_airport,cont,True,
730,,gt,Location,Negative,bad_location,"Proximity to the airport has its own nuances: the noise of planes taking off and the smell of jet fuel are very audible. Near the beach at night there is a disco, which also makes it very difficult to sleep.",have_evident_noise_of_planes_taking_off,cont,True,
730,,gt,Location,Negative,bad_location,"Proximity to the airport has its own nuances: the noise of planes taking off and the smell of jet fuel are very audible. Near the beach at night there is a disco, which also makes it very difficult to sleep.",have_evident_smell_of_jet_fuel,cont,True,
730,,gt,Location,Negative,bad_location,"Proximity to the airport has its own nuances: the noise of planes taking off and the smell of jet fuel are very audible. Near the beach at night there is a disco, which also makes it very difficult to sleep.",have_evident_presence_of_disco_near_beach,cont,True,
732,,gt,Staff,Positive,good_staff,Very welcoming and friendly staff.,(no literals),,False,json_parse_error: Expecting value: line 1 column 1 (char 0)
732,,gt,Room,Positive,good_room,"Everything is clean, white, freshly renovated.",(no literals),,False,json_parse_error: Expecting value: line 1 column 1 (char 0)
732,,gt,Location,Positive,good_location,"Near Mackenzie beach, airport, salt lake.",near_mackenzie_beach,body,True,
732,,gt,Location,Positive,good_location,"Near Mackenzie beach, airport, salt lake.",near_airport,body,True,
732,,gt,Location,Positive,good_location,"Near Mackenzie beach, airport, salt lake.",near_salt_lake,body,True,
732,,gt,Location,Positive,good_location,"Near Mackenzie beach, airport, salt lake.",no_evident_not_near_mackenzie_beach,cont,True,
732,,gt,Location,Positive,good_location,"Near Mackenzie beach, airport, salt lake.",no_evident_not_near_airport,cont,True,
732,,gt,Location,Positive,good_location,"Near Mackenzie beach, airport, salt lake.",no_evident_not_near_salt_lake,cont,True,
733,,gt,Facility,Positive,good_facility,Everything in the hotel is new.,new_facility,body,True,
733,,gt,Facility,Positive,good_facility,Everything in the hotel is new.,no_evident_not_new_facility,cont,True,
733,,gt,Location,Positive,good_location,Located close to the waterfront.,close_to_waterfront,body,True,
733,,gt,Location,Positive,good_location,Located close to the waterfront.,no_evident_not_close_to_waterfront,cont,True,
733,,gt,Staff,Positive,good_staff,The staff is very friendly. but the staff does everything possible to compensate for all inconveniences.,(no literals),,False,json_parse_error: Expecting value: line 1 column 1 (char 0)
733,,gt,Room,Positive,good_room,Very clean.,clean_room,body,True,
733,,gt,Room,Positive,good_room,Very clean.,no_evident_not_clean_room,cont,True,
733,,gt,Facility,Negative,bad_facility,You can see that the hotel is young. Not everything is perfect yet,young_hotel,body,True,
733,,gt,Facility,Negative,bad_facility,You can see that the hotel is young. Not everything is perfect yet,not_perfect_hotel,body,True,
733,,gt,Facility,Negative,bad_facility,You can see that the hotel is young. Not everything is perfect yet,have_evident_young_hotel,cont,True,
733,,gt,Facility,Negative,bad_facility,You can see that the hotel is young. Not everything is perfect yet,have_evident_not_perfect_hotel,cont,True,
735,,gt,Location,Positive,good_location,"LOCATION CLOSE TO EVERYTHING. ALYKI BEACH CLUB, RESTAURANTS, CAFÉS.",(no literals),,False,json_parse_error: Expecting value: line 1 column 1 (char 0)
735,,gt,Food,Positive,good_food,BREAKFAST WONDERFUL.,wonderful_breakfast,body,True,
735,,gt,Food,Positive,good_food,BREAKFAST WONDERFUL.,no_evident_not_wonderful_breakfast,cont,True,
735,,gt,Staff,Positive,good_staff,WE HAVE ALREADY TALKED TO THE STAFF THEY ARE PREPARING A LOT. POOL. Play room. Roof garden.,(no literals),,False,json_parse_error: Expecting value: line 1 column 1 (char 0)
736,,gt,Staff,Positive,good_staff,The staff is very friendly,friendly_staff,body,True,
736,,gt,Staff,Positive,good_staff,The staff is very friendly,no_evident_not_friendly_staff,cont,True,
737,,gt,Location,Positive,good_location,Close to the beach.,(no literals),,False,json_parse_error: Expecting value: line 1 column 1 (char 0)
737,,gt,Food,Positive,good_food,Pleasant breakfast.,pleasant_breakfast,body,True,
737,,gt,Food,Positive,good_food,Pleasant breakfast.,no_evident_not_pleasant_breakfast,cont,True,
737,,gt,Price,Positive,good_price,Excellent value for money!,(no literals),,False,json_parse_error: Expecting value: line 1 column 1 (char 0)
738,,gt,Facility,Positive,good_facility,"all the furniture in the hotel is new,",(no literals),,False,json_parse_error: Expecting value: line 1 column 1 (char 0)
738,,gt,Room,Positive,good_room,the bed is comfortable,comfortable_bed,body,True,
738,,gt,Room,Positive,good_room,the bed is comfortable,no_evident_not_comfortable_bed,cont,True,
738,,gt,Food,Positive,good_food,and the breakfast is excellent.,excellent_breakfast,body,True,
738,,gt,Food,Positive,good_food,and the breakfast is excellent.,no_evident_not_excellent_breakfast,cont,True,
739,,gt,Facility,Positive,good_facility,"Nice accommodation, extremely clean",(no literals),,False,json_parse_error: Expecting value: line 1 column 1 (char 0)
739,,gt,Location,Positive,good_location,and with a very good location near the beach and the center.,(no literals),,False,json_parse_error: Expecting value: line 1 column 1 (char 0)
739,,gt,Room,Positive,good_room,"With their vanilla styles, the rooms offer a very pleasant atmosphere in which to relax and unwind. Also, one thing that sets this hotel apart is their generosity so that they offer a bottle of water, tea bags and coffee for free, not to mention the affordable prices of the mini-bar.",(no literals),,False,json_parse_error: Expecting value: line 1 column 1 (char 0)
739,,gt,Staff,Positive,good_staff,"Also note that the staff communicates well in French,",(no literals),,False,json_parse_error: Expecting value: line 1 column 1 (char 0)
741,,gt,Room,Negative,bad_room,",Noise
  Uncomfortable beds",noise_room,body,True,
741,,gt,Room,Negative,bad_room,",Noise
  Uncomfortable beds",uncomfortable_beds,body,True,
741,,gt,Room,Negative,bad_room,",Noise
  Uncomfortable beds",have_evident_noise_room,cont,True,
741,,gt,Room,Negative,bad_room,",Noise
  Uncomfortable beds",have_evident_uncomfortable_beds,cont,True,
742,,gt,Room,Positive,good_room,comfortable bed,comfortable_room,body,True,
742,,gt,Room,Positive,good_room,comfortable bed,no_evident_not_comfortable_room,cont,True,
742,,gt,Room,Negative,bad_room,not clean,not_clean_room,body,True,
742,,gt,Room,Negative,bad_room,not clean,have_evident_not_clean_room,cont,True,
743,,gt,Room,Positive,good_room,Clean and nice room,clean_room,body,True,
743,,gt,Room,Positive,good_room,Clean and nice room,nice_room,body,True,
743,,gt,Room,Positive,good_room,Clean and nice room,no_evident_not_clean_room,cont,True,
743,,gt,Room,Positive,good_room,Clean and nice room,no_evident_not_nice_room,cont,True,
743,,gt,Location,Negative,bad_location,Not as close to the airport as advertised.,(no literals),,False,json_parse_error: Expecting value: line 1 column 1 (char 0)
744,,gt,Location,Negative,bad_location,The sounds of the airport,(no literals),,False,json_parse_error: Expecting value: line 1 column 1 (char 0)
745,,gt,Room,Positive,good_room,clean and functional,clean_room,body,True,
745,,gt,Room,Positive,good_room,clean and functional,functional_room,body,True,
745,,gt,Room,Positive,good_room,clean and functional,no_evident_not_clean_room,cont,True,
745,,gt,Room,Positive,good_room,clean and functional,no_evident_not_functional_room,cont,True,
746,,gt,Room,Positive,good_room,The room was satisfactory,satisfactory_room,body,True,
746,,gt,Room,Positive,good_room,The room was satisfactory,no_evident_not_satisfactory_room,cont,True,
746,,gt,Staff,Positive,good_staff,the lady at the reception who spoke Cypriot was kind and willing for any help.,(no literals),,False,json_parse_error: Expecting value: line 1 column 1 (char 0)
746,,gt,Staff,Negative,bad_staff,"I did not like the behavior of the gentleman in the reservations. I was assured of breakfast in the price of the room. Upon arrival he refused to provide breakfast in an unacceptable manner, and without even speaking the Cypriot language.",unacceptable_behavior,body,True,
746,,gt,Staff,Negative,bad_staff,"I did not like the behavior of the gentleman in the reservations. I was assured of breakfast in the price of the room. Upon arrival he refused to provide breakfast in an unacceptable manner, and without even speaking the Cypriot language.",not_speaking_cypriot_language,body,True,
746,,gt,Staff,Negative,bad_staff,"I did not like the behavior of the gentleman in the reservations. I was assured of breakfast in the price of the room. Upon arrival he refused to provide breakfast in an unacceptable manner, and without even speaking the Cypriot language.",refusing_to_provide_breakfast,body,True,
746,,gt,Staff,Negative,bad_staff,"I did not like the behavior of the gentleman in the reservations. I was assured of breakfast in the price of the room. Upon arrival he refused to provide breakfast in an unacceptable manner, and without even speaking the Cypriot language.",have_evident_unacceptable_behavior,cont,True,
746,,gt,Staff,Negative,bad_staff,"I did not like the behavior of the gentleman in the reservations. I was assured of breakfast in the price of the room. Upon arrival he refused to provide breakfast in an unacceptable manner, and without even speaking the Cypriot language.",have_evident_not_speaking_cypriot_language,cont,True,
746,,gt,Staff,Negative,bad_staff,"I did not like the behavior of the gentleman in the reservations. I was assured of breakfast in the price of the room. Upon arrival he refused to provide breakfast in an unacceptable manner, and without even speaking the Cypriot language.",have_evident_refusing_to_provide_breakfast,cont,True,
747,,gt,Room,Positive,good_room,A clean room that really serves the purpose for which we came,(no literals),,False,json_parse_error: Expecting value: line 1 column 1 (char 0)
747,,gt,Room,Negative,bad_room,The frozen water in the bath,(no literals),,False,json_parse_error: Expecting value: line 1 column 1 (char 0)
748,,gt,Location,Positive,good_location,"close to the airport but no aircraft noise. bus station nearby
  salt lake nearby",close_to_airport,body,True,
748,,gt,Location,Positive,good_location,"close to the airport but no aircraft noise. bus station nearby
  salt lake nearby",no_aircraft_noise,body,True,
748,,gt,Location,Positive,good_location,"close to the airport but no aircraft noise. bus station nearby
  salt lake nearby",bus_station_nearby,body,True,
748,,gt,Location,Positive,good_location,"close to the airport but no aircraft noise. bus station nearby
  salt lake nearby",salt_lake_nearby,body,True,
748,,gt,Location,Positive,good_location,"close to the airport but no aircraft noise. bus station nearby
  salt lake nearby",no_evident_not_close_to_airport,cont,True,
748,,gt,Location,Positive,good_location,"close to the airport but no aircraft noise. bus station nearby
  salt lake nearby",no_evident_not_no_aircraft_noise,cont,True,
748,,gt,Location,Positive,good_location,"close to the airport but no aircraft noise. bus station nearby
  salt lake nearby",no_evident_not_bus_station_nearby,cont,True,
748,,gt,Location,Positive,good_location,"close to the airport but no aircraft noise. bus station nearby
  salt lake nearby",no_evident_not_salt_lake_nearby,cont,True,
748,,gt,Room,Positive,good_room,clean,clean_room,body,True,
748,,gt,Room,Positive,good_room,clean,no_evident_not_clean_room,cont,True,
748,,gt,Room,Negative,bad_room,Minibar was empty and not working,(no literals),,False,json_parse_error: Expecting value: line 1 column 1 (char 0)
749,,gt,Location,Positive,good_location,The location is close to the field.,close_to_field,body,True,
749,,gt,Location,Positive,good_location,The location is close to the field.,no_evident_not_close_to_field,cont,True,
749,,gt,Room,Positive,good_room,The room is clean.,(no literals),,False,json_parse_error: Expecting value: line 1 column 1 (char 0)
749,,gt,Facility,Positive,good_facility,A hotel that is suitable for an overnight stay.,(no literals),,False,json_parse_error: Expecting value: line 1 column 1 (char 0)
749,,gt,Room,Negative,bad_room,Small rooms. There is no view.,(no literals),,False,json_parse_error: Expecting value: line 1 column 1 (char 0)
750,,gt,Location,Positive,good_location,Location close to the field.,(no literals),,False,json_parse_error: Expecting value: line 1 column 1 (char 0)
750,,gt,Staff,Negative,bad_staff,No staff at night..,(no literals),,False,json_parse_error: Extra data: line 2 column 1 (char 54)
751,,gt,Location,Negative,bad_location,"The room was next to another property's pool. Despite too much noise, shouting. Unable to rest",(no literals),,False,json_parse_error: Expecting value: line 1 column 1 (char 0)
752,,gt,Room,Positive,good_room,comfortable room for one night before departure,(no literals),,False,json_parse_error: Expecting value: line 1 column 1 (char 0)
752,,gt,Room,Negative,bad_room,It was extremely noisy,noisy_room,body,True,
752,,gt,Room,Negative,bad_room,It was extremely noisy,have_evident_noisy_room,cont,True,
753,,gt,Room,Positive,good_room,"Cleanliness
  Spacious",clean_room,body,True,
753,,gt,Room,Positive,good_room,"Cleanliness
  Spacious",spacious_room,body,True,
753,,gt,Room,Positive,good_room,"Cleanliness
  Spacious",no_evident_not_clean_room,cont,True,
753,,gt,Room,Positive,good_room,"Cleanliness
  Spacious",no_evident_not_spacious_room,cont,True,
754,,gt,Location,Positive,good_location,Very good if you have an early morning flight.,good_for_early_morning_flight,body,True,
754,,gt,Location,Positive,good_location,Very good if you have an early morning flight.,no_evident_not_good_for_early_morning_flight,cont,True,
754,,gt,Location,Negative,bad_location,"You should only sleep with air conditioning in the summer, because there is a lot of noise from the nearby beach until early morning.",nearby_beach,body,True,
754,,gt,Location,Negative,bad_location,"You should only sleep with air conditioning in the summer, because there is a lot of noise from the nearby beach until early morning.",noisy_location,body,True,
754,,gt,Location,Negative,bad_location,"You should only sleep with air conditioning in the summer, because there is a lot of noise from the nearby beach until early morning.",have_evident_nearby_beach,cont,True,
754,,gt,Location,Negative,bad_location,"You should only sleep with air conditioning in the summer, because there is a lot of noise from the nearby beach until early morning.",have_evident_noisy_location,cont,True,
755,,gt,Room,Positive,good_room,Very clean,clean_room,body,True,
755,,gt,Room,Positive,good_room,Very clean,no_evident_not_clean_room,cont,True,
756,,gt,Location,Positive,good_location,"central location between the beach, the party mile, the airport and the old town",(no literals),,False,json_parse_error: Expecting value: line 1 column 1 (char 0)
756,,gt,Food,Negative,bad_food,it would be nice if there was a breakfast buffet,breakfast_buffet,body,True,
756,,gt,Food,Negative,bad_food,it would be nice if there was a breakfast buffet,have_evident_breakfast_buffet,cont,True,
757,,gt,Room,Positive,good_room,"Cleaning,",clean_room,body,True,
757,,gt,Room,Positive,good_room,"Cleaning,",no_evident_not_clean_room,cont,True,
757,,gt,Food,Negative,bad_food,"After 20 minutes of waiting bad and half raw croissant
  Watery cappuccino",bad_croissant,body,True,
757,,gt,Food,Negative,bad_food,"After 20 minutes of waiting bad and half raw croissant
  Watery cappuccino",half_raw_croissant,body,True,
757,,gt,Food,Negative,bad_food,"After 20 minutes of waiting bad and half raw croissant
  Watery cappuccino",watery_cappuccino,body,True,
757,,gt,Food,Negative,bad_food,"After 20 minutes of waiting bad and half raw croissant
  Watery cappuccino",have_evident_bad_croissant,cont,True,
757,,gt,Food,Negative,bad_food,"After 20 minutes of waiting bad and half raw croissant
  Watery cappuccino",have_evident_half_raw_croissant,cont,True,
757,,gt,Food,Negative,bad_food,"After 20 minutes of waiting bad and half raw croissant
  Watery cappuccino",have_evident_watery_cappuccino,cont,True,
758,,gt,Room,Positive,good_room,Big room,big_room,body,True,
758,,gt,Room,Positive,good_room,Big room,no_evident_not_big_room,cont,True,
758,,gt,Staff,Negative,bad_staff,Receptionist didn't understand English very well and the staff could not give me any information about the bus to the airport,(no literals),,False,json_parse_error: Expecting value: line 1 column 1 (char 0)
759,,gt,Room,Negative,bad_room,The lack of adapters for sockets,lack_of_adapters_for_sockets,body,True,
759,,gt,Room,Negative,bad_room,The lack of adapters for sockets,have_evident_lack_of_adapters_for_sockets,cont,True,
761,,gt,Room,Positive,good_room,Large spacious suite. Comfortable beds. Good for large family 5 people. Light interior.,(no literals),,False,json_parse_error: Expecting value: line 1 column 1 (char 0)
761,,gt,Room,Negative,bad_room,Warm blankets. Slightly untidy floor. Smelled a little sewage,(no literals),,False,json_parse_error: Expecting value: line 1 column 1 (char 0)
762,,gt,Room,Negative,bad_room,"The room smelled of sewage,",smelled_of_sewage_room,body,True,
762,,gt,Room,Negative,bad_room,"The room smelled of sewage,",have_evident_smelled_of_sewage_room,cont,True,
763,,gt,Staff,Positive,good_staff,The warm welcome in French.,warm_welcome,body,True,
763,,gt,Staff,Positive,good_staff,The warm welcome in French.,in_french,body,True,
763,,gt,Staff,Positive,good_staff,The warm welcome in French.,no_evident_not_warm_welcome,cont,True,
763,,gt,Staff,Positive,good_staff,The warm welcome in French.,no_evident_not_in_french,cont,True,
763,,gt,Room,Positive,good_room,"the comfort of the beds, the cleanliness.",comfortable_beds,body,True,
763,,gt,Room,Positive,good_room,"the comfort of the beds, the cleanliness.",cleanliness,body,True,
763,,gt,Room,Positive,good_room,"the comfort of the beds, the cleanliness.",no_evident_not_comfortable_beds,cont,True,
763,,gt,Room,Positive,good_room,"the comfort of the beds, the cleanliness.",no_evident_not_cleanliness,cont,True,
763,,gt,Room,Negative,bad_room,The noise emanating from the terrace when located on the 1st floor.,(no literals),,False,json_parse_error: Expecting value: line 1 column 1 (char 0)
764,,gt,Food,Positive,good_food,Breakfast ok.,(no literals),,False,json_parse_error: Expecting value: line 1 column 1 (char 0)
764,,gt,Room,Positive,good_room,"Clean room, comfortable bed.",clean_room,body,True,
764,,gt,Room,Positive,good_room,"Clean room, comfortable bed.",comfortable_room,body,True,
764,,gt,Room,Positive,good_room,"Clean room, comfortable bed.",no_evident_not_clean_room,cont,True,
764,,gt,Room,Positive,good_room,"Clean room, comfortable bed.",no_evident_not_comfortable_room,cont,True,
764,,gt,Staff,Negative,bad_staff,"With the exception of one gentleman at the reception, no other employee was wearing a mask.",(no literals),,False,json_parse_error: Expecting value: line 1 column 1 (char 0)
764,,gt,Room,Negative,bad_room,"The small room, with almost non-existent storage spaces, an extremely small balcony.
  Thin walls, all night I heard how other travelers checked in. The adapter found in the room burned/melted 2 phone chargers.",(no literals),,False,json_parse_error: Expecting value: line 1 column 1 (char 0)
764,,gt,Location,Negative,bad_location,"At 3 o'clock in the morning, the garbage was picked up from the street, in an infernal mess....
  At 7 o'clock in the morning I tried to open the door to the balcony and I was very close to throwing up instantly. It seems that there are some farms nearby... it smelled like concentrated manure....",(no literals),,False,json_parse_error: Expecting value: line 1 column 1 (char 0)
765,,gt,Room,Positive,good_room,Very comfortable bed. Very good shower. The furniture and bathroom are all new and impeccable. Very good WiFi connection.,(no literals),,False,json_parse_error: Expecting value: line 1 column 1 (char 0)
765,,gt,Staff,Positive,good_staff,Excellent attention,excellent_attention,body,True,
765,,gt,Staff,Positive,good_staff,Excellent attention,no_evident_not_excellent_attention,cont,True,
765,,gt,Location,Positive,good_location,Bars and restaurants nearby.,(no literals),,False,json_parse_error: Expecting value: line 1 column 1 (char 0)
765,,gt,Room,Negative,bad_room,"In the photo of the room on Booking, you can't see a column that takes up space and is uncomfortable. The balcony on the first floor is very low, not very intimate, close to the street. The safe does not make sense since it is not walled, They could put shampoo in the bathroom, not just soap. they could put 2 coffee sachets and 2 tea sachets, not just 1.",(no literals),,False,json_parse_error: Expecting value: line 1 column 1 (char 0)
765,,gt,Location,Negative,bad_location,"and the hotel lobby, you can even smell the smoke from the cigarettes that smoke there.",smoke_in_lobby,body,True,
765,,gt,Location,Negative,bad_location,"and the hotel lobby, you can even smell the smoke from the cigarettes that smoke there.",have_evident_smoke_in_lobby,cont,True,
766,,gt,Room,Positive,good_room,Cleanliness,clean_room,body,True,
766,,gt,Room,Positive,good_room,Cleanliness,no_evident_not_clean_room,cont,True,
766,,gt,Room,Negative,bad_room,The room given was not the one booked. small corner,(no literals),,False,json_parse_error: Expecting value: line 1 column 1 (char 0)
767,,gt,Room,Positive,good_room,Clean and spacious room,clean_room,body,True,
767,,gt,Room,Positive,good_room,Clean and spacious room,spacious_room,body,True,
767,,gt,Room,Positive,good_room,Clean and spacious room,no_evident_not_clean_room,cont,True,
767,,gt,Room,Positive,good_room,Clean and spacious room,no_evident_not_spacious_room,cont,True,
767,,gt,Location,Negative,bad_location,"Far from the beach., The windows overlooked the courtyard, where it was quite noisy.",(no literals),,False,json_parse_error: Expecting value: line 1 column 1 (char 0)
767,,gt,Price,Negative,bad_price,The hotel is average (3 stars) 400 euros for 3 nights a bit expensive.,(no literals),,False,json_parse_error: Expecting value: line 1 column 1 (char 0)
767,,gt,Room,Negative,bad_room,"The windows overlooked the courtyard, where it was quite noisy.",(no literals),,False,json_parse_error: Expecting value: line 1 column 1 (char 0)
768,,gt,Room,Positive,good_room,"- terrace in the room,
  - well-furnished room and bathroom,",(no literals),,False,json_parse_error: Expecting value: line 1 column 1 (char 0)
768,,gt,Food,Negative,bad_food,monotonous breakfasts (everyday the same set:,monotonous_breakfasts,body,True,
768,,gt,Food,Negative,bad_food,monotonous breakfasts (everyday the same set:,have_evident_monotonous_breakfasts,cont,True,
768,,gt,Facility,Negative,bad_facility,"the relaxation zone (swimming pool, deckchairs, billiards) definitely did not encourage you to use it.",(no literals),,False,json_parse_error: Expecting value: line 1 column 1 (char 0)
769,,gt,Room,Positive,good_room,"Pros: cleanliness, (cleaning and change of towels daily)",(no literals),,False,json_parse_error: Expecting value: line 1 column 1 (char 0)
769,,gt,Location,Positive,good_location,"2. the beach is within walking distance.
  3. a couple of taverns in the area
  4. near the airport",within_walking_distance,body,True,
769,,gt,Location,Positive,good_location,"2. the beach is within walking distance.
  3. a couple of taverns in the area
  4. near the airport",near_the_airport,body,True,
769,,gt,Location,Positive,good_location,"2. the beach is within walking distance.
  3. a couple of taverns in the area
  4. near the airport",in_the_area,body,True,
769,,gt,Location,Positive,good_location,"2. the beach is within walking distance.
  3. a couple of taverns in the area
  4. near the airport",no_evident_not_within_walking_distance,cont,True,
769,,gt,Location,Positive,good_location,"2. the beach is within walking distance.
  3. a couple of taverns in the area
  4. near the airport",no_evident_not_near_the_airport,cont,True,
769,,gt,Location,Positive,good_location,"2. the beach is within walking distance.
  3. a couple of taverns in the area
  4. near the airport",no_evident_not_in_the_area,cont,True,
769,,gt,Room,Negative,bad_room,"1. Bed linen was never changed ; 3. the refrigerator is full of minibar for money, I had to pull everything out so that my products would fit;",(no literals),,False,json_parse_error: Expecting value: line 1 column 1 (char 0)
769,,gt,Check-out,Negative,bad_check_out,4. the hotel did not allow to turn over a couple of hours before the delayed plane;,(no literals),,False,json_parse_error: Expecting value: line 1 column 1 (char 0)
769,,gt,Location,Negative,bad_location,"5. walk to the promenade of Larnaca for about 20 minutes, to Lidl for an hour and a half.",(no literals),,False,json_parse_error: Expecting value: line 1 column 1 (char 0)
770,,gt,Room,Positive,good_room,"Clean, daily change of towels,",(no literals),,False,json_parse_error: Expecting value: line 1 column 1 (char 0)
770,,gt,Price,Positive,good_price,value for money,value_for_money,body,True,
770,,gt,Price,Positive,good_price,value for money,no_evident_not_value_for_money,cont,True,
770,,gt,Staff,Positive,good_staff,"pleasant and helpful staff,",(no literals),,False,json_parse_error: Expecting value: line 1 column 1 (char 0)
770,,gt,Location,Negative,bad_location,"There was a constant stench coming from outside,",(no literals),,False,json_parse_error: Expecting value: line 1 column 1 (char 0)
770,,gt,Room,Negative,bad_room,lack of storage spaces,(no literals),,False,json_parse_error: Expecting value: line 1 column 1 (char 0)
771,,gt,Room,Positive,good_room,"Clean, comfortable,",clean_room,body,True,
771,,gt,Room,Positive,good_room,"Clean, comfortable,",comfortable_room,body,True,
771,,gt,Room,Positive,good_room,"Clean, comfortable,",no_evident_not_clean_room,cont,True,
771,,gt,Room,Positive,good_room,"Clean, comfortable,",no_evident_not_comfortable_room,cont,True,
771,,gt,Staff,Positive,good_staff,nice staff.,nice_staff,body,True,
771,,gt,Staff,Positive,good_staff,nice staff.,no_evident_not_nice_staff,cont,True,
771,,gt,Food,Positive,good_food,The breakfast is delicious but the same.,delicious_breakfast,body,True,
771,,gt,Food,Positive,good_food,The breakfast is delicious but the same.,same_breakfast,body,True,
771,,gt,Food,Positive,good_food,The breakfast is delicious but the same.,no_evident_not_delicious_breakfast,cont,True,
771,,gt,Food,Positive,good_food,The breakfast is delicious but the same.,no_evident_not_same_breakfast,cont,True,
771,,gt,Food,Negative,bad_food,The breakfast is delicious but the same. Eat what they bring you.,delicious_breakfast,body,True,
771,,gt,Food,Negative,bad_food,The breakfast is delicious but the same. Eat what they bring you.,same_breakfast,body,True,
771,,gt,Food,Negative,bad_food,The breakfast is delicious but the same. Eat what they bring you.,have_evident_delicious_breakfast,cont,True,
771,,gt,Food,Negative,bad_food,The breakfast is delicious but the same. Eat what they bring you.,have_evident_same_breakfast,cont,True,
771,,gt,Location,Negative,bad_location,A fruit van drove under the windows almost every day from early morning and the seller shouted into the mouthpiece.,under_windows,body,True,
771,,gt,Location,Negative,bad_location,A fruit van drove under the windows almost every day from early morning and the seller shouted into the mouthpiece.,almost_every_day,body,True,
771,,gt,Location,Negative,bad_location,A fruit van drove under the windows almost every day from early morning and the seller shouted into the mouthpiece.,early_morning,body,True,
771,,gt,Location,Negative,bad_location,A fruit van drove under the windows almost every day from early morning and the seller shouted into the mouthpiece.,have_evident_under_windows,cont,True,
771,,gt,Location,Negative,bad_location,A fruit van drove under the windows almost every day from early morning and the seller shouted into the mouthpiece.,have_evident_almost_every_day,cont,True,
771,,gt,Location,Negative,bad_location,A fruit van drove under the windows almost every day from early morning and the seller shouted into the mouthpiece.,have_evident_early_morning,cont,True,
771,,gt,Location,Positive,good_location,"Walking distance to the center, but within walking distance of Mackenzie beach and all party cafes.",(no literals),,False,json_parse_error: Expecting value: line 1 column 1 (char 0)
771,,gt,Room,Negative,bad_room,Poor soundproofing from corridor.,(no literals),,False,json_parse_error: Expecting value: line 1 column 1 (char 0)
772,,gt,Room,Positive,good_room,"new equipment,",new_equipment,body,True,
772,,gt,Room,Positive,good_room,"new equipment,",no_evident_not_new_equipment,cont,True,
772,,gt,Room,Negative,bad_room,couldn't close one window,(no literals),,False,json_parse_error: Expecting value: line 1 column 1 (char 0)
773,,gt,Room,Positive,good_room,"Great, compact room and hotel. Clean and modern. 3+ stars for sure.",(no literals),,False,json_parse_error: Expecting value: line 1 column 1 (char 0)
773,,gt,Facility,Positive,good_facility,"Great, compact room and hotel. Clean and modern. 3+ stars for sure.",(no literals),,False,json_parse_error: Expecting value: line 1 column 1 (char 0)
773,,gt,Location,Positive,good_location,Mackenzie Beach is 10-15 minutes on asphalt and 5-7 off-road. From the airport 7 - 10 minutes drive.,(no literals),,False,json_parse_error: Expecting value: line 1 column 1 (char 0)
774,,gt,Room,Positive,good_room,comfortable and clean room,(no literals),,False,json_parse_error: Expecting value: line 1 column 1 (char 0)
774,,gt,Staff,Positive,good_staff,kind staff,kind_staff,body,True,
774,,gt,Staff,Positive,good_staff,kind staff,no_evident_not_kind_staff,cont,True,
774,,gt,Room,Negative,bad_room,difficulties with the different sockets as they provided devices without adapters.,(no literals),,False,json_parse_error: Expecting value: line 1 column 1 (char 0)
775,,gt,Staff,Positive,good_staff,perfect welcome even arriving at 4am,perfect_welcome,body,True,
775,,gt,Staff,Positive,good_staff,perfect welcome even arriving at 4am,no_evident_not_perfect_welcome,cont,True,
775,,gt,Check-in,Positive,good_check_in,perfect welcome even arriving at 4am,(no literals),,False,json_parse_error: Expecting value: line 1 column 1 (char 0)
775,,gt,Price,Positive,good_price,what we expect for this perfect price!,perfect_price,body,True,
775,,gt,Price,Positive,good_price,what we expect for this perfect price!,no_evident_not_perfect_price,cont,True,
776,,gt,Room,Positive,good_room,Cleanliness,clean_room,body,True,
776,,gt,Room,Positive,good_room,Cleanliness,no_evident_not_clean_room,cont,True,
776,,gt,Location,Positive,good_location,"proximity to the airport, walk to the sea",(no literals),,False,json_parse_error: Expecting value: line 1 column 1 (char 0)
777,,gt,Facility,Positive,good_facility,Wonderful hotel with a cozy homely atmosphere.,(no literals),,False,json_parse_error: Expecting value: line 1 column 1 (char 0)
777,,gt,Staff,Positive,good_staff,Responsive staff. Always with a smile.,responsive_staff,body,True,
777,,gt,Staff,Positive,good_staff,Responsive staff. Always with a smile.,with_a_smile_staff,body,True,
777,,gt,Staff,Positive,good_staff,Responsive staff. Always with a smile.,no_evident_not_responsive_staff,cont,True,
777,,gt,Staff,Positive,good_staff,Responsive staff. Always with a smile.,no_evident_not_with_a_smile_staff,cont,True,
777,,gt,Food,Positive,good_food,Delicious inexpensive breakfast options,delicious,body,True,
777,,gt,Food,Positive,good_food,Delicious inexpensive breakfast options,inexpensive,body,True,
777,,gt,Food,Positive,good_food,Delicious inexpensive breakfast options,no_evident_not_delicious,cont,True,
777,,gt,Food,Positive,good_food,Delicious inexpensive breakfast options,no_evident_not_inexpensive,cont,True,
778,,gt,Check-in,Positive,good_check_in,Perfect welcome at 1:30 in the morning!,(no literals),,False,json_parse_error: Expecting value: line 1 column 1 (char 0)
778,,gt,Price,Positive,good_price,Excellent value.,excellent_price,body,True,
778,,gt,Price,Positive,good_price,Excellent value.,no_evident_not_excellent_price,cont,True,
778,,gt,Location,Positive,good_location,Close to the airport.,close_to_airport,body,True,
778,,gt,Location,Positive,good_location,Close to the airport.,no_evident_not_close_to_airport,cont,True,
779,,gt,Location,Positive,good_location,"The location close to the airport, while being quiet. The proximity to the beach and the city is a significant asset. There is a bus stop near the hotel which allows you to go to the city center and to the airport.",(no literals),,False,json_parse_error: Expecting value: line 1 column 1 (char 0)
779,,gt,Check-in,Positive,good_check_in,Check-in at 4am,(no literals),,False,json_parse_error: Expecting value: line 1 column 1 (char 0)
779,,gt,Staff,Positive,good_staff,An exceptional welcome in French,(no literals),,False,json_parse_error: Expecting value: line 1 column 1 (char 0)
779,,gt,Room,Positive,good_room,"The room is clean, large enough and recent
  The outdoor balcony is a plus",(no literals),,False,json_parse_error: Expecting value: line 1 column 1 (char 0)
779,,gt,Food,Negative,bad_food,Nothing except the breakfast served at the bar next door (too frugal for the price and very slow service!).,(no literals),,False,json_parse_error: Expecting value: line 1 column 1 (char 0)
780,,gt,Facility,Positive,good_facility,"Cozy hotel,",cozy_hotel,body,True,
780,,gt,Facility,Positive,good_facility,"Cozy hotel,",no_evident_not_cozy_hotel,cont,True,
780,,gt,Room,Positive,good_room,"nice room, large room size",nice_room,body,True,
780,,gt,Room,Positive,good_room,"nice room, large room size",large_room,body,True,
780,,gt,Room,Positive,good_room,"nice room, large room size",no_evident_not_nice_room,cont,True,
780,,gt,Room,Positive,good_room,"nice room, large room size",no_evident_not_large_room,cont,True,
780,,gt,Location,Positive,good_location,location near mackenzie beach.,near_mackenzie_beach,body,True,
780,,gt,Location,Positive,good_location,location near mackenzie beach.,no_evident_not_near_mackenzie_beach,cont,True,
781,,gt,Food,Positive,good_food,"A friendly, nice and sympathetic man serving breakfast.",(no literals),,False,json_parse_error: Expecting value: line 1 column 1 (char 0)
781,,gt,Room,Negative,bad_room,"Bed frame structure dangerous, sharp corners.",(no literals),,False,json_parse_error: Expecting value: line 1 column 1 (char 0)
782,,gt,Food,Positive,good_food,Delicious breakfast,delicious_breakfast,body,True,
782,,gt,Food,Positive,good_food,Delicious breakfast,no_evident_not_delicious_breakfast,cont,True,
782,,gt,Room,Positive,good_room,"clean room, excellent renovation with taste, stylish and beautiful!",(no literals),,False,json_parse_error: Expecting value: line 1 column 1 (char 0)
783,,gt,Staff,Positive,good_staff,Great staff ... great willingness!,great_staff,body,True,
783,,gt,Staff,Positive,good_staff,Great staff ... great willingness!,great_willingness,body,True,
783,,gt,Staff,Positive,good_staff,Great staff ... great willingness!,no_evident_not_great_staff,cont,True,
783,,gt,Staff,Positive,good_staff,Great staff ... great willingness!,no_evident_not_great_willingness,cont,True,
783,,gt,Facility,Positive,good_facility,"The hotel itself was tidy and modern,",tidy_hotel,body,True,
783,,gt,Facility,Positive,good_facility,"The hotel itself was tidy and modern,",modern_hotel,body,True,
783,,gt,Facility,Positive,good_facility,"The hotel itself was tidy and modern,",no_evident_not_tidy_hotel,cont,True,
783,,gt,Facility,Positive,good_facility,"The hotel itself was tidy and modern,",no_evident_not_modern_hotel,cont,True,
784,,gt,Staff,Positive,good_staff,Very friendly and warm service.,friendly_staff,body,True,
784,,gt,Staff,Positive,good_staff,Very friendly and warm service.,warm_staff,body,True,
784,,gt,Staff,Positive,good_staff,Very friendly and warm service.,no_evident_not_friendly_staff,cont,True,
784,,gt,Staff,Positive,good_staff,Very friendly and warm service.,no_evident_not_warm_staff,cont,True,
784,,gt,Room,Positive,good_room,very clean and new rooms.,(no literals),,False,json_parse_error: Expecting value: line 1 column 1 (char 0)
784,,gt,Location,Positive,good_location,Proximity to the beach and airport.,proximity_to_beach,body,True,
784,,gt,Location,Positive,good_location,Proximity to the beach and airport.,proximity_to_airport,body,True,
784,,gt,Location,Positive,good_location,Proximity to the beach and airport.,no_evident_not_proximity_to_beach,cont,True,
784,,gt,Location,Positive,good_location,Proximity to the beach and airport.,no_evident_not_proximity_to_airport,cont,True,
785,,gt,Staff,Positive,good_staff,Very kind and helpful staff.,(no literals),,False,json_parse_error: Expecting value: line 1 column 1 (char 0)
785,,gt,Location,Negative,bad_location,Bad-degraded area. Garbage heap in the bin next to the hotel.,(no literals),,False,json_parse_error: Expecting value: line 1 column 1 (char 0)
785,,gt,Room,Negative,bad_room,Not as clean as it should be inside. Misleading photos.,not_clean_room,body,True,
785,,gt,Room,Negative,bad_room,Not as clean as it should be inside. Misleading photos.,misleading_photos,body,True,
785,,gt,Room,Negative,bad_room,Not as clean as it should be inside. Misleading photos.,have_evident_not_clean_room,cont,True,
785,,gt,Room,Negative,bad_room,Not as clean as it should be inside. Misleading photos.,have_evident_misleading_photos,cont,True,
