Review ID,Run,Source,Topic,Sentiment,Head,Selected Content,Literal,Literal Type,Valid,Errors
1,,gt,Facility,Positive,good_facility,"New, comfortable apartments",(no literals),,False,json_parse_error: Extra data: line 1 column 12 (char 11)
1,,gt,Location,Positive,good_location,"close to the airport, to very clean beach.",(no literals),,False,json_parse_error: Extra data: line 1 column 19 (char 18)
1,,gt,Staff,Positive,good_staff,Staff is extremely helpful and easy to communicate with,(no literals),,False,json_parse_error: Extra data: line 1 column 16 (char 15)
1,,gt,Food,Positive,good_food,"Tasty food on the first floor, comfortable restaurant for both cozy evenings and calm work to escape the heat in the midday",(no literals),,False,json_parse_error: Extra data: line 1 column 13 (char 12)
2,,gt,Staff,Positive,good_staff,The staff was very nice and helpful!,(no literals),,False,json_parse_error: Extra data: line 1 column 13 (char 12)
2,,gt,Room,Positive,good_room,"The room was very clean, well decorated and modern, although not big.",(no literals),,False,json_parse_error: Extra data: line 1 column 13 (char 12)
2,,gt,Room,Negative,bad_room,"The room was very clean, well decorated and modern, although not big.",(no literals),,False,'not_big_room' is not of type 'object'
2,,gt,Food,Positive,good_food,"Also, the breakfast was amazing, fresh and handmade! Especially vegetarian version with humus. The cook is great, and all staff was very kind and helpful.",(no literals),,False,json_parse_error: Extra data: line 1 column 20 (char 19)
2,,gt,Facility,Negative,bad_facility,"We had a really pleasant stay!, although not big,",(no literals),,False,'not_big_hotel' is not of type 'object'
2,,gt,Facility,Positive,good_facility,"I like hotels with a family atmosphere, cozy and not big,",(no literals),,False,json_parse_error: Extra data: line 1 column 15 (char 14)
3,,gt,Location,Positive,good_location,the location is great and near the airport. bus stop is very close.,(no literals),,False,json_parse_error: Extra data: line 1 column 17 (char 16)
4,,gt,Staff,Positive,good_staff,Great stuff,(no literals),,False,'great_stuff' is not of type 'object'
4,,gt,Price,Positive,good_price,Great Quality/price,(no literals),,False,'great_quality/price' is not of type 'object'
4,,gt,Room,Positive,good_room,Clean,(no literals),,False,'clean_room' is not of type 'object'
5,,gt,Room,Positive,good_room,Clean and modern with very comfortable beds,(no literals),,False,json_parse_error: Extra data: line 1 column 13 (char 12)
5,,gt,Location,Positive,good_location,in a very convenient location.  An easy stroll to numerous nice restaurants and a great beach.,(no literals),,False,json_parse_error: Extra data: line 1 column 22 (char 21)
6,,gt,Room,Positive,good_room,The room was exceptionally clean with a really comfortable bed,(no literals),,False,json_parse_error: Extra data: line 1 column 27 (char 26)
8,,gt,Location,Positive,good_location,nice location,(no literals),,False,'nice_location' is not of type 'object'
8,,gt,Staff,Positive,good_staff,lovely personal,(no literals),,False,'lovely_personal' is not of type 'object'
9,,gt,Staff,Positive,good_staff,very helpful host showed us how nearby bus takes to town-cntre (and airport by the way,(no literals),,False,'helpful_host' is not of type 'object'
10,,gt,Room,Positive,good_room,Great modern room comfortable bed,(no literals),,False,json_parse_error: Extra data: line 1 column 13 (char 12)
10,,gt,Location,Positive,good_location,quiet location,(no literals),,False,'quiet_location' is not of type 'object'
11,,gt,Staff,Positive,good_staff,"The staff here are amazing beyond expectations..*****
  Maria at reception is just great she really took time to explain where to go how to get there and so helpful ... 🙏
  Richard the chef this guy is like the friendliest guy ever, such a nice guy with a permanent. Even the cleaning lady is so friendly and so nice to talk to. The owners are also great",(no literals),,False,json_parse_error: Extra data: line 1 column 16 (char 15)
11,,gt,Food,Positive,good_food,Oh yeah the food is great to and very reasonable prices ..,(no literals),,False,json_parse_error: Extra data: line 1 column 13 (char 12)
11,,gt,Room,Positive,good_room,The rooms are spacious and clean great to stay .. I even got an upgrade,(no literals),,False,json_parse_error: Extra data: line 1 column 17 (char 16)
11,,gt,Location,Positive,good_location,The bus stop which goes to and from the airport as well as the town center is a minutes walk away and just 2 euros,(no literals),,False,json_parse_error: Extra data: line 1 column 29 (char 28)
12,,gt,Staff,Positive,good_staff,The staff were exceptional. So helpful and friendly. Went out of their way for us.,(no literals),,False,json_parse_error: Extra data: line 1 column 20 (char 19)
12,,gt,Food,Positive,good_food,The breakfast was lovely with room service too.,(no literals),,False,'lovely_breakfast' is not of type 'object'
12,,gt,Room,Positive,good_room,Very clean and comfortable.,(no literals),,False,json_parse_error: Extra data: line 1 column 13 (char 12)
13,,gt,Room,Positive,good_room,"The rooms are lovely and new, very clean and comfortable. The mattress was to my taste.",(no literals),,False,json_parse_error: Extra data: line 1 column 15 (char 14)
13,,gt,Location,Positive,good_location,"Short drive to the airport and very well located, just a short walk from the promenade, coffee shops restaurants.",(no literals),,False,json_parse_error: Extra data: line 1 column 25 (char 24)
13,,gt,Staff,Positive,good_staff,"The staff are so welcoming, we felt like staying with family.",(no literals),,False,'welcoming_staff' is not of type 'object'
14,,gt,Location,Positive,good_location,We wanted a hotel for a night that is close to the airport and this hotel did that purpose more than fair. There are some restaurants and bars next to the beach just 10min of walking distance from the hotel.,(no literals),,False,json_parse_error: Extra data: line 1 column 19 (char 18)
14,,gt,Staff,Negative,bad_staff,The receptionist didn't speak English properly,(no literals),,False,"""didn't_speak_english_properly_receptionist"" is not of type 'object'"
14,,gt,Room,Negative,bad_room,You can hear the airplanes coming and leaving from the airport all the time,(no literals),,False,'hear_the_airplanes_room' is not of type 'object'
15,,gt,Location,Positive,good_location,"Chose really because it was reasonably close to the Airport for an early morning flight, yet could have a stroll along the nearby beach.",(no literals),,False,json_parse_error: Extra data: line 1 column 30 (char 29)
15,,gt,Staff,Positive,good_staff,The staff make it,(no literals),,False,json_parse_error: Expecting value: line 1 column 1 (char 0)
15,,gt,Location,Negative,bad_location,it is a bit on the edge of Larnaca - with frequent busses to the centre.,(no literals),,False,'bit_on_the_edge_of_larnaca' is not of type 'object'
16,,gt,Room,Positive,good_room,"I liked the rooms- they are spacious, clean, the window view is nice too.",(no literals),,False,json_parse_error: Extra data: line 1 column 17 (char 16)
16,,gt,Food,Positive,good_food,"The restaurant downstairs is amazing- the food there is very very tasty and made with a lot of care- they care a lot about the details: olive oil galore, herbs- absolutely delicious!",(no literals),,False,json_parse_error: Extra data: line 1 column 21 (char 20)
17,,gt,Staff,Positive,good_staff,The owner and staff were exceptionally friendly and supportive and helped with all our wishes.,(no literals),,False,json_parse_error: Extra data: line 1 column 17 (char 16)
17,,gt,Room,Positive,good_room,Our room had a balcony with great view of the sea and surrounding area.,(no literals),,False,json_parse_error: Extra data: line 1 column 15 (char 14)
18,,gt,Staff,Positive,good_staff,"with extremely friendly reception and dining staff,",(no literals),,False,json_parse_error: Extra data: line 1 column 21 (char 20)
18,,gt,Food,Positive,good_food,Meals well prepared and good value.,(no literals),,False,json_parse_error: Extra data: line 1 column 22 (char 21)
18,,gt,Location,Positive,good_location,Bus every 20 minutes to the centre of Larnaka.,(no literals),,False,'bus_every_20_minutes' is not of type 'object'
19,,gt,Location,Positive,good_location,Close to airport,(no literals),,False,'close_to_airport' is not of type 'object'
20,,gt,Room,Positive,good_room,clean,(no literals),,False,'clean_room' is not of type 'object'
20,,gt,Staff,Positive,good_staff,friendly stuff,(no literals),,False,'friendly_stuff' is not of type 'object'
21,,gt,Room,Positive,good_room,The hotel is impressive how clean nice and comfortable it is,(no literals),,False,json_parse_error: Extra data: line 1 column 19 (char 18)
21,,gt,Staff,Positive,good_staff,however what will bring me back is the staff and the owners. Richard (the chef) is personally buying super fresh food for the restaurant. The owners have been super kind to me :),(no literals),,False,'super_kind_owners' is not of type 'object'
21,,gt,Food,Positive,good_food,Everything from breakfast to dinner is absolutely delicious.,(no literals),,False,json_parse_error: Extra data: line 1 column 22 (char 21)
22,,gt,Room,Positive,good_room,"Room was perfect, looked new, clean shiny tiled floors and bathroom tiles, just every inch perfect and clean. Bed was really comfortable, lots of room for me to put my things",(no literals),,False,json_parse_error: Extra data: line 1 column 15 (char 14)
22,,gt,Room,Negative,bad_room,"although might have needed another set of drawers if there were two of us. Fridge could have been put on beforehand, the shower took a while to get hot,",(no literals),,False,json_parse_error: Extra data: line 1 column 32 (char 31)
22,,gt,Food,Negative,bad_food,"Ordered pizza one night and was not great, too stodgy",(no literals),,False,json_parse_error: Extra data: line 1 column 18 (char 17)
22,,gt,Food,Positive,good_food,The restaurant area is nice,(no literals),,False,'nice_restaurant_area' is not of type 'object'
22,,gt,Staff,Positive,good_staff,the staff very accomodating.,(no literals),,False,'accomodating_staff' is not of type 'object'
23,,gt,Room,Positive,good_room,the beds were very comfortable,(no literals),,False,'comfortable_beds' is not of type 'object'
24,,gt,Room,Positive,good_room,I loved the mattress!!!,(no literals),,False,'loved_mattress' is not of type 'object'
25,,gt,Room,Positive,good_room,Clean and quiet,(no literals),,False,json_parse_error: Extra data: line 1 column 13 (char 12)
26,,gt,Location,Positive,good_location,The hotel is 5 minutes from the beach and the location is also near the lake.,(no literals),,False,json_parse_error: Extra data: line 1 column 27 (char 26)
26,,gt,Room,Positive,good_room,"The rooms are a good size and are laid out very well with a good size bathroom
  The room also has a great sized balcony to take a tea/coffee and 
  chill",(no literals),,False,json_parse_error: Extra data: line 1 column 18 (char 17)
26,,gt,Food,Positive,good_food,There is a great restaurant inside where the food is good and not to pricey.,(no literals),,False,json_parse_error: Extra data: line 1 column 19 (char 18)
26,,gt,Staff,Positive,good_staff,The staff are super wonderful really friendly all of them the receptionist Maria is so nice she's amazing,(no literals),,False,json_parse_error: Extra data: line 1 column 24 (char 23)
27,,gt,Room,Positive,good_room,"so comfortable, clean",(no literals),,False,json_parse_error: Extra data: line 1 column 19 (char 18)
27,,gt,Staff,Positive,good_staff,friendly staff,(no literals),,False,'friendly_staff' is not of type 'object'
27,,gt,Location,Positive,good_location,perfect for overnight stay before flying from Larnaca Airport.,(no literals),,False,'perfect_for_overnight_stay' is not of type 'object'
28,,gt,Staff,Positive,good_staff,Staff is very polite and caring.,(no literals),,False,json_parse_error: Extra data: line 1 column 15 (char 14)
28,,gt,Location,Negative,bad_location,Surrounding buildings are under construction and poorly lit.,(no literals),,False,json_parse_error: Extra data: line 1 column 27 (char 26)
29,,gt,Room,Positive,good_room,very clean functional rooms,(no literals),,False,json_parse_error: Extra data: line 1 column 14 (char 13)
29,,gt,Staff,Positive,good_staff,lovely and very helpful staff.,(no literals),,False,json_parse_error: Extra data: line 1 column 15 (char 14)
30,,gt,Staff,Positive,good_staff,Staff were lovely. Service was great.,(no literals),,False,json_parse_error: Extra data: line 1 column 15 (char 14)
30,,gt,Room,Positive,good_room,The room was spotless.,(no literals),,False,'spotless_room' is not of type 'object'
30,,gt,Location,Positive,good_location,Great location for restaurants. Great location for a short drive to the airport.,(no literals),,False,json_parse_error: Extra data: line 1 column 33 (char 32)
31,,gt,Room,Positive,good_room,"Clean, comfortable,",(no literals),,False,json_parse_error: Extra data: line 1 column 13 (char 12)
31,,gt,Staff,Positive,good_staff,friendly staff.,(no literals),,False,'friendly_staff' is not of type 'object'
31,,gt,Food,Positive,good_food,Great restaurant beneath the hotel - food excellent & reasonably priced.,(no literals),,False,json_parse_error: Extra data: line 1 column 19 (char 18)
31,,gt,Location,Positive,good_location,Very close to Mackenzy beach & Larnaca airport.,(no literals),,False,json_parse_error: Extra data: line 1 column 26 (char 25)
32,,gt,Room,Positive,good_room,The bed was great. Rooms clean.,(no literals),,False,json_parse_error: Extra data: line 1 column 12 (char 11)
32,,gt,Staff,Positive,good_staff,Staff were so kind.,(no literals),,False,'kind_staff' is not of type 'object'
33,,gt,Staff,Positive,good_staff,Very helpful staff,(no literals),,False,'helpful_staff' is not of type 'object'
33,,gt,Room,Positive,good_room,super clean room with modern furniture all together make your stay max comfortable,(no literals),,False,json_parse_error: Extra data: line 1 column 19 (char 18)
33,,gt,Food,Positive,good_food,Option to have a good breakfast within the hotel save your time.,(no literals),,False,'good_breakfast' is not of type 'object'
33,,gt,Room,Negative,bad_room,Little bit noisy during evening time from the street side.,(no literals),,False,'noisy_room' is not of type 'object'
34,,gt,Staff,Positive,good_staff,welcoming,(no literals),,False,'welcoming_staff' is not of type 'object'
34,,gt,Price,Positive,good_price,value for money,(no literals),,False,'value_for_money' is not of type 'object'
34,,gt,Room,Negative,bad_room,more hooks on walls for towels etc.,(no literals),,False,'more_hooks_on_walls' is not of type 'object'
35,,gt,Room,Negative,bad_room,"There was a problem with heating water at that time and we can understand, but eventually we couldn't manage to have a proper shower with hot water.",(no literals),,False,json_parse_error: Extra data: line 1 column 29 (char 28)
36,,gt,Location,Negative,bad_location,"we were surprised at the location in a small side street,",(no literals),,False,'small_side_street_location' is not of type 'object'
36,,gt,Location,Positive,good_location,but it was only a 10-minute walk to the sea front.,(no literals),,False,'10-minute_walk_to_sea_front' is not of type 'object'
36,,gt,Staff,Positive,good_staff,The receptionist on check in was very good and explained the information very clearly to us.,(no literals),,False,json_parse_error: Extra data: line 1 column 25 (char 24)
36,,gt,Room,Negative,bad_room,The room was smaller than I expected but as we were only there a few days it was acceptable. I am very fussy about beds and pillows,(no literals),,False,'smaller_room' is not of type 'object'
36,,gt,Room,Positive,good_room,"I had no problem as they were very clean, and the bed was really comfortable.",(no literals),,False,json_parse_error: Extra data: line 1 column 13 (char 12)
36,,gt,Food,Positive,good_food,"The chef was very polite, and his food was excellent, he had passion and it showed in his presentation.",(no literals),,False,json_parse_error: Extra data: line 1 column 17 (char 16)
36,,gt,Food,Negative,bad_food,We may have missed it but there was no opening and closing times of the bar on display.,(no literals),,False,'no_opening_and_closing_times_of_the_bar' is not of type 'object'
37,,gt,Room,Positive,good_room,Really clean,(no literals),,False,'clean_room' is not of type 'object'
37,,gt,Staff,Positive,good_staff,lovely caring staff.,(no literals),,False,json_parse_error: Extra data: line 1 column 15 (char 14)
37,,gt,Location,Positive,good_location,The bus to the airport is close by and runs every 15 minutes.,(no literals),,False,'close_by_bus' is not of type 'object'
38,,gt,Room,Positive,good_room,great rooms - nice and cool,(no literals),,False,json_parse_error: Extra data: line 1 column 14 (char 13)
39,,gt,Room,Positive,good_room,It was really clean and spacious,(no literals),,False,json_parse_error: Extra data: line 1 column 13 (char 12)
40,,gt,Location,Positive,good_location,"Nice location, not far from Airport and Mackenzie beach.",(no literals),,False,json_parse_error: Extra data: line 1 column 16 (char 15)
40,,gt,Room,Negative,bad_room,"My only real observation was that there was no net curtain or blind so one needed to ensure that the curtain was closed,",(no literals),,False,json_parse_error: Extra data: line 1 column 17 (char 16)
41,,gt,Staff,Positive,good_staff,Super friendly and helpful staff.,(no literals),,False,json_parse_error: Extra data: line 1 column 17 (char 16)
41,,gt,Location,Positive,good_location,"A good location 5 lins away from the airport by car, 5 mins walk to the beach.",(no literals),,False,json_parse_error: Extra data: line 1 column 16 (char 15)
41,,gt,Location,Negative,bad_location,"It is typical of all restaurants in the area - the kitchen shuts at 22:30 or so, and there is no food to be had afterwards.",(no literals),,False,'no_food_in_area' is not of type 'object'
41,,gt,Room,Positive,good_room,"Clean modern rooms,",(no literals),,False,json_parse_error: Extra data: line 1 column 14 (char 13)
41,,gt,Food,Positive,good_food,very nice breakfast.,(no literals),,False,'nice_breakfast' is not of type 'object'
42,,gt,Room,Positive,good_room,clean,(no literals),,False,'clean_room' is not of type 'object'
42,,gt,Staff,Positive,good_staff,"hospitality,",(no literals),,False,'hospitality_staff' is not of type 'object'
43,,gt,Room,Positive,good_room,clean spacious practical,(no literals),,False,json_parse_error: Extra data: line 1 column 13 (char 12)
44,,gt,Price,Positive,good_price,"The facilities were really good, particularly for the tariff charged.",(no literals),,False,'good_tariff_charged' is not of type 'object'
44,,gt,Staff,Positive,good_staff,Was met with a warm welcome at reception and then again by the dining staff.,(no literals),,False,json_parse_error: Extra data: line 1 column 25 (char 24)
44,,gt,Location,Negative,bad_location,"Outside was a but noisy later in the evening,",(no literals),,False,'noisy_outside' is not of type 'object'
45,,gt,Room,Positive,good_room,"Recently updated, everything was me and clean.",(no literals),,False,json_parse_error: Extra data: line 1 column 30 (char 29)
45,,gt,Food,Positive,good_food,"Restaurant was a surprise hit: good food, very reasonably priced, so an easy choice to eat at the hotel when we wouldn't usually.",(no literals),,False,json_parse_error: Extra data: line 1 column 26 (char 25)
45,,gt,Location,Positive,good_location,The beach is about 5 minutes walk away.,(no literals),,False,'5_minutes_walk_beach' is not of type 'object'
45,,gt,Location,Negative,bad_location,There is a bit of plane noise in the afternoon and evening because it is right near the takeoff end of the runway,(no literals),,False,json_parse_error: Extra data: line 1 column 23 (char 22)
46,,gt,Price,Positive,good_price,Great value for money,(no literals),,False,'great_value_for_money' is not of type 'object'
47,,gt,Staff,Positive,good_staff,very helpful staff who organised a taxi to collect us in the morning.,(no literals),,False,'helpful_staff' is not of type 'object'
47,,gt,Price,Positive,good_price,Good value for money.,(no literals),,False,'good_value_for_money' is not of type 'object'
48,,gt,Room,Positive,good_room,Clean and comfortable rooms,(no literals),,False,json_parse_error: Extra data: line 1 column 14 (char 13)
48,,gt,Staff,Positive,good_staff,lovely owner,(no literals),,False,'lovely_owner' is not of type 'object'
49,,gt,Location,Positive,good_location,Great location close to the airport and a short walk to the sea.,(no literals),,False,json_parse_error: Extra data: line 1 column 17 (char 16)
49,,gt,Price,Positive,good_price,Great value for money.,(no literals),,False,'great_value_for_money' is not of type 'object'
49,,gt,Room,Positive,good_room,The 2 rooms were big enough for a family of 5.,(no literals),,False,'big_enough_rooms' is not of type 'object'
50,,gt,Location,Positive,good_location,Great little hotel close to airport,(no literals),,False,'close_to_airport' is not of type 'object'
50,,gt,Room,Negative,bad_room,Not very Soundproof,(no literals),,False,'not_very_soundproof_room' is not of type 'object'
51,,gt,Location,Positive,good_location,"Near airport,",(no literals),,False,'near_airport' is not of type 'object'
51,,gt,Room,Positive,good_room,"nice clean room, very well kept",(no literals),,False,json_parse_error: Extra data: line 1 column 12 (char 11)
51,,gt,Staff,Positive,good_staff,staff very helpful and friendly.,(no literals),,False,json_parse_error: Extra data: line 1 column 16 (char 15)
53,,gt,Facility,Positive,good_facility,"nice, renovated hotel",(no literals),,False,json_parse_error: Extra data: line 1 column 13 (char 12)
53,,gt,Room,Positive,good_room,comfortable bed,(no literals),,False,'comfortable_bed' is not of type 'object'
53,,gt,Location,Positive,good_location,"close to the airport and Mackenzie Beach,",(no literals),,False,json_parse_error: Extra data: line 1 column 19 (char 18)
53,,gt,Food,Positive,good_food,"delicious breakfasts in the hotel restaurant,",(no literals),,False,'delicious_breakfasts' is not of type 'object'
54,,gt,Room,Positive,good_room,Very nice and clean room.,(no literals),,False,json_parse_error: Extra data: line 1 column 12 (char 11)
55,,gt,Location,Positive,good_location,Good for airport transfers,(no literals),,False,'good_airport_transfers' is not of type 'object'
55,,gt,Room,Negative,bad_room,A lot of mosquitos,(no literals),,False,'lot_of_mosquitos' is not of type 'object'
56,,gt,Location,Positive,good_location,"Perfect place to stay for early morning / late night flights as it’s situated within 5 minutes from the airport. given that a lot of guests book here for its prime location near the airport,",(no literals),,False,json_parse_error: Extra data: line 1 column 16 (char 15)
56,,gt,Room,Positive,good_room,beds are extremely comfortable,(no literals),,False,'comfortable_beds' is not of type 'object'
56,,gt,Staff,Positive,good_staff,amazing hospitality from the staff.,(no literals),,False,'amazing_hospitality_staff' is not of type 'object'
56,,gt,Food,Negative,bad_food,it would’ve been great if breakfast started at 7 rather than 8.,(no literals),,False,'started_at_8_breakfast' is not of type 'object'
57,,gt,Room,Positive,good_room,"Very clean, very comfortable room.",(no literals),,False,json_parse_error: Extra data: line 1 column 13 (char 12)
57,,gt,Staff,Positive,good_staff,Staff was extremely helpful. They ordered a taxi for us to get to the airport very early in the morning.,(no literals),,False,'helpful_staff' is not of type 'object'
57,,gt,Location,Positive,good_location,"We were able to enjoy a very nice, short walk to the beach where there were many restaurants available to choose from.",(no literals),,False,json_parse_error: Extra data: line 1 column 21 (char 20)
58,,gt,Location,Positive,good_location,"Close to the airport,",(no literals),,False,'close_to_airport' is not of type 'object'
58,,gt,Staff,Positive,good_staff,the staff were nice and helpful.,(no literals),,False,json_parse_error: Extra data: line 1 column 13 (char 12)
58,,gt,Room,Negative,bad_room,The room wasn't soundproof so you can hear the planes.,(no literals),,False,"""wasn't_soundproof_room"" is not of type 'object'"
58,,gt,Location,Negative,bad_location,The room wasn't soundproof so you can hear the planes.,(no literals),,False,'hear_the_planes' is not of type 'object'
59,,gt,Location,Positive,good_location,Close to airport so very convenient for overnight stay.,(no literals),,False,json_parse_error: Extra data: line 1 column 19 (char 18)
59,,gt,Check-in,Positive,good_check_in,Also very easy to check-in if you arrive late at night,(no literals),,False,'easy_to_check-in' is not of type 'object'
60,,gt,Check-in,Positive,good_check_in,clear instructions left access to our room made easy,(no literals),,False,json_parse_error: Extra data: line 1 column 21 (char 20)
61,,gt,Food,Positive,good_food,Excellent range of food offered,(no literals),,False,'excellent_range_of_food' is not of type 'object'
61,,gt,Staff,Positive,good_staff,good service.,(no literals),,False,'good_service' is not of type 'object'
62,,gt,Location,Positive,good_location,"Comfortable location near the airport, and near the beach.",(no literals),,False,json_parse_error: Extra data: line 1 column 23 (char 22)
62,,gt,Staff,Positive,good_staff,Caring and helpful host.,(no literals),,False,json_parse_error: Extra data: line 1 column 14 (char 13)
62,,gt,Food,Positive,good_food,Restaurant on site,(no literals),,False,'restaurant_on_site' is not of type 'object'
62,,gt,Room,Positive,good_room,"Comfortable beds, the best linen and duvets I had
  in my entire 10 day trip.
  In room mini bar+ tea/ coffee. Clean modern bathroom.
  Good AC.",(no literals),,False,json_parse_error: Extra data: line 1 column 19 (char 18)
62,,gt,Room,Negative,bad_room,"Our son had a folding bed which could have been better, especially considering how comfortable the regular beds were.",(no literals),,False,'could_have_been_better_folding_bed' is not of type 'object'
63,,gt,Facility,Positive,good_facility,"It’s been renovated to a exceptionally high standard , it really is well up to 4* standard.",(no literals),,False,json_parse_error: Extra data: line 1 column 36 (char 35)
63,,gt,Price,Positive,good_price,Exceptional value .,(no literals),,False,'exceptional_value' is not of type 'object'
64,,gt,Location,Positive,good_location,"We were looking for the hotel close to the airport, and it was a perfect match. The hotel is located in a close proximity to the airport (5 min by car or 10 min by bus).",(no literals),,False,json_parse_error: Extra data: line 1 column 19 (char 18)
64,,gt,Food,Positive,good_food,"Even though the kitchen was closing, they made us a pizza which was really nice.",(no literals),,False,'nice_pizza' is not of type 'object'
64,,gt,Room,Positive,good_room,"The room was new and clean,",(no literals),,False,json_parse_error: Extra data: line 1 column 11 (char 10)
64,,gt,Staff,Positive,good_staff,the staff reached out in advance and provided us with the detailed instructions of how to get to the room when reception closes.,(no literals),,False,json_parse_error: Extra data: line 1 column 20 (char 19)
64,,gt,Location,Negative,bad_location,"you can hear all the noise from the planes. If you are looking for a quiet stay, you should be aware that the hotel is really close to the airport,",(no literals),,False,json_parse_error: Extra data: line 1 column 20 (char 19)
65,,gt,Room,Positive,good_room,"The property was clean, bed was comfortable",(no literals),,False,json_parse_error: Extra data: line 1 column 14 (char 13)
65,,gt,Location,Positive,good_location,Location was great and easy to get to and from.,(no literals),,False,json_parse_error: Extra data: line 1 column 17 (char 16)
66,,gt,Location,Positive,good_location,"The location was perfect for the airport as we were flying out to uk, The fish and steak restaurant around the corner was also great value and friendly.",(no literals),,False,'perfect_location' is not of type 'object'
66,,gt,Facility,Positive,good_facility,The entrance to the hotel is welcoming,(no literals),,False,'welcoming_entrance' is not of type 'object'
66,,gt,Food,Positive,good_food,the bar and coffee shop chic,(no literals),,False,json_parse_error: Extra data: line 1 column 11 (char 10)
66,,gt,Staff,Positive,good_staff,The gentleman in reception was very friendly and had a lovely smile.,(no literals),,False,json_parse_error: Extra data: line 1 column 21 (char 20)
66,,gt,Room,Positive,good_room,The place was spotless and very comfortable.,(no literals),,False,json_parse_error: Extra data: line 1 column 17 (char 16)
67,,gt,Staff,Positive,good_staff,friendly staff,(no literals),,False,'friendly_staff' is not of type 'object'
68,,gt,Staff,Positive,good_staff,Friendly,(no literals),,False,'friendly_staff' is not of type 'object'
68,,gt,Price,Positive,good_price,"good value,",(no literals),,False,'good_value' is not of type 'object'
68,,gt,Room,Positive,good_room,clean,(no literals),,False,'clean_room' is not of type 'object'
69,,gt,Facility,Positive,good_facility,The place and the people are lovely,(no literals),,False,'lovely_hotel' is not of type 'object'
69,,gt,Staff,Positive,good_staff,The place and the people are lovely,(no literals),,False,json_parse_error: Extra data: line 1 column 15 (char 14)
70,,gt,Facility,Positive,good_facility,Peaceful and clean,(no literals),,False,json_parse_error: Extra data: line 1 column 17 (char 16)
70,,gt,Room,Positive,good_room,Peaceful and clean,(no literals),,False,json_parse_error: Extra data: line 1 column 16 (char 15)
70,,gt,Staff,Positive,good_staff,friendly helpful staff,(no literals),,False,json_parse_error: Extra data: line 1 column 17 (char 16)
71,,gt,Check-in,Positive,good_check_in,Got very clear instructions how to get access to our room.,(no literals),,False,'clear_instructions' is not of type 'object'
71,,gt,Staff,Positive,good_staff,The staff of the hotel is extremely friendly and nice.,(no literals),,False,json_parse_error: Extra data: line 1 column 17 (char 16)
71,,gt,Location,Positive,good_location,"The bus stop with direct access to the airport is a few steps from the accommodation. the airport can be reached in a few minutes. at the same time, Mackenzie beach is also easily accessible on foot.",(no literals),,False,json_parse_error: Extra data: line 1 column 23 (char 22)
71,,gt,Location,Negative,bad_location,"there is no shop or pharmacy in the area,",(no literals),,False,json_parse_error: Extra data: line 1 column 18 (char 17)
72,,gt,Check-in,Positive,good_check_in,I received very clear instructions how to enter the hotel and access my room.,(no literals),,False,'clear_instructions' is not of type 'object'
73,,gt,Staff,Positive,good_staff,Lovely staff doing best to assist always.,(no literals),,False,'lovely_staff' is not of type 'object'
73,,gt,Room,Positive,good_room,wonderful room.,(no literals),,False,'wonderful_room' is not of type 'object'
74,,gt,Location,Positive,good_location,"The hotel is based on a quiet place near to the airport, beach and the Salt Lake in the city. The location is excellent, as there are lots of parking places around, as well.",(no literals),,False,json_parse_error: Extra data: line 1 column 14 (char 13)
74,,gt,Room,Positive,good_room,"Regarding the rooms - very clean and cozy ones, with comfortable beds.",(no literals),,False,json_parse_error: Extra data: line 1 column 14 (char 13)
74,,gt,Food,Positive,good_food,"Furthermore, there is a restaurant in the hotel with delicious food.",(no literals),,False,'delicious_food' is not of type 'object'
74,,gt,Staff,Positive,good_staff,The staff of the hotel is extremely friendly and nice.,(no literals),,False,json_parse_error: Extra data: line 1 column 17 (char 16)
75,,gt,Room,Negative,bad_room,Disappointed we didn't have a balcony,(no literals),,False,"""didn't_have_balcony"" is not of type 'object'"
76,,gt,Facility,Positive,good_facility,Feels new and clean,(no literals),,False,json_parse_error: Extra data: line 1 column 12 (char 11)
76,,gt,Room,Positive,good_room,Feels new and clean,(no literals),,False,json_parse_error: Extra data: line 1 column 11 (char 10)
76,,gt,Location,Positive,good_location,perfect location nearby the beach,(no literals),,False,json_parse_error: Extra data: line 1 column 19 (char 18)
77,,gt,Staff,Positive,good_staff,The staff is very VERY helpful and eager to assist,(no literals),,False,json_parse_error: Extra data: line 1 column 16 (char 15)
78,,gt,Staff,Positive,good_staff,Nice friendly staff.,(no literals),,False,json_parse_error: Extra data: line 1 column 13 (char 12)
78,,gt,Room,Positive,good_room,"clean, nice room, big bathroom",(no literals),,False,json_parse_error: Extra data: line 1 column 13 (char 12)
79,,gt,Room,Positive,good_room,New clean setup,(no literals),,False,json_parse_error: Extra data: line 1 column 12 (char 11)
79,,gt,Staff,Positive,good_staff,friendly helpful staff,(no literals),,False,json_parse_error: Extra data: line 1 column 17 (char 16)
80,,gt,Facility,Positive,good_facility,It is a new hotel. Everything was clean.,(no literals),,False,json_parse_error: Extra data: line 1 column 12 (char 11)
80,,gt,Food,Positive,good_food,We had dinner. It was delicious and inexpensive.,(no literals),,False,json_parse_error: Extra data: line 1 column 19 (char 18)
80,,gt,Location,Positive,good_location,Mc Kenzie Beach within walking distance.,(no literals),,False,'walking_distance_beach' is not of type 'object'
81,,gt,Location,Positive,good_location,Close to the airport,(no literals),,False,'close_to_airport' is not of type 'object'
81,,gt,Room,Positive,good_room,clean spacious rooms.,(no literals),,False,json_parse_error: Extra data: line 1 column 14 (char 13)
81,,gt,Facility,Negative,bad_facility,No 24 hour reception so not easy to access entry at odd hours.,(no literals),,False,json_parse_error: Extra data: line 1 column 23 (char 22)
82,,gt,Staff,Positive,good_staff,Amazing staff,(no literals),,False,'amazing_staff' is not of type 'object'
82,,gt,Room,Positive,good_room,"super clean 
  modern",(no literals),,False,json_parse_error: Extra data: line 1 column 19 (char 18)
82,,gt,Location,Positive,good_location,great location,(no literals),,False,'great_location' is not of type 'object'
83,,gt,Staff,Positive,good_staff,Staff was very nice and friendly.,(no literals),,False,json_parse_error: Extra data: line 1 column 13 (char 12)
83,,gt,Room,Positive,good_room,Room was clean and comfortable.,(no literals),,False,json_parse_error: Extra data: line 1 column 13 (char 12)
83,,gt,Location,Negative,bad_location,The location was a little bit far from the centre.,(no literals),,False,'far_from_the_centre_location' is not of type 'object'
84,,gt,Food,Positive,good_food,The breakfast was very good plenty of selection. Every thing was spotless clean in the breakfast room,(no literals),,False,json_parse_error: Extra data: line 1 column 22 (char 21)
84,,gt,Staff,Positive,good_staff,"and very good staff serving you as a values customer and so very polite and caring at all times. Could not seem to do enough for their guests,",(no literals),,False,json_parse_error: Extra data: line 1 column 13 (char 12)
84,,gt,Facility,Positive,good_facility,Every thing was spotless clean everywhere too. had plenty of chairs to sit on outside in the garden which also was spotlessly clean everywhere too.,(no literals),,False,json_parse_error: Extra data: line 1 column 29 (char 28)
84,,gt,Facility,Negative,bad_facility,"The only thing was they did not a have pool,",(no literals),,False,'did_not_have_pool' is not of type 'object'
85,,gt,Staff,Positive,good_staff,friendly personnel.,(no literals),,False,'friendly_personnel' is not of type 'object'
85,,gt,Staff,Negative,bad_staff,So they finished the cleaning after our complaint,(no literals),,False,'finished_cleaning_after_complaint' is not of type 'object'
85,,gt,Room,Negative,bad_room,The room wasn't clean when we checked in.,(no literals),,False,"""wasn't_clean_room"" is not of type 'object'"
86,,gt,Facility,Positive,good_facility,Lovely little hotel with very friendly staff.,(no literals),,False,'lovely_little_hotel' is not of type 'object'
86,,gt,Staff,Positive,good_staff,Lovely little hotel with very friendly staff.,(no literals),,False,'friendly_staff' is not of type 'object'
86,,gt,Food,Positive,good_food,Breakfast was excellent.,(no literals),,False,'excellent_breakfast' is not of type 'object'
87,,gt,Staff,Positive,good_staff,Super friendly staff,(no literals),,False,'super_friendly_staff' is not of type 'object'
87,,gt,Food,Positive,good_food,nice restaurant.,(no literals),,False,'nice_restaurant' is not of type 'object'
88,,gt,Facility,Positive,good_facility,Clean comfortable little hotel.,(no literals),,False,json_parse_error: Extra data: line 1 column 14 (char 13)
88,,gt,Staff,Positive,good_staff,Lovely friendly staff.,(no literals),,False,json_parse_error: Extra data: line 1 column 15 (char 14)
88,,gt,Location,Positive,good_location,Good location and easily reached from the airport.,(no literals),,False,json_parse_error: Extra data: line 1 column 16 (char 15)
89,,gt,Check-in,Positive,good_check_in,instructions for access were sent in advance and absolutely perfect.,(no literals),,False,'perfect_instructions_for_access' is not of type 'object'
89,,gt,Room,Positive,good_room,"In a clean, comfortable bed within minutes of arrival.",(no literals),,False,json_parse_error: Extra data: line 1 column 12 (char 11)
90,,gt,Room,Positive,good_room,very clean,(no literals),,False,'clean_room' is not of type 'object'
90,,gt,Facility,Negative,bad_facility,parking not always easy,(no literals),,False,'not_always_easy_parking' is not of type 'object'
91,,gt,Location,Positive,good_location,Close to Larnaca airport.,(no literals),,False,'close_to_larnaca_airport' is not of type 'object'
91,,gt,Room,Positive,good_room,Very nice rooms that were very clean.,(no literals),,False,json_parse_error: Extra data: line 1 column 13 (char 12)
91,,gt,Staff,Positive,good_staff,"helpful, friendly staff.",(no literals),,False,json_parse_error: Extra data: line 1 column 16 (char 15)
92,,gt,Check-in,Positive,good_check_in,"we did late night check in, that was super easy and comfortable",(no literals),,False,json_parse_error: Extra data: line 1 column 22 (char 21)
92,,gt,Room,Negative,bad_room,it was a bit badly soundproofed,(no literals),,False,'badly_soundproofed_it' is not of type 'object'
93,,gt,Room,Positive,good_room,"New room, very comfortable.",(no literals),,False,json_parse_error: Extra data: line 1 column 11 (char 10)
93,,gt,Food,Positive,good_food,Nice restaurant in the same building very welcoming with nice offer.,(no literals),,False,json_parse_error: Extra data: line 1 column 18 (char 17)
93,,gt,Location,Positive,good_location,Bus stop for the airport walkable.,(no literals),,False,'walkable_bus_stop' is not of type 'object'
94,,gt,Staff,Positive,good_staff,"Amazing staff,",(no literals),,False,'amazing_staff' is not of type 'object'
94,,gt,Facility,Positive,good_facility,modern facility,(no literals),,False,'modern_facility' is not of type 'object'
94,,gt,Food,Positive,good_food,very tasty food with a super service at the restaurant by the hotel.,(no literals),,False,json_parse_error: Extra data: line 1 column 13 (char 12)
95,,gt,Room,Positive,good_room,clean and quiet,(no literals),,False,json_parse_error: Extra data: line 1 column 13 (char 12)
95,,gt,Location,Positive,good_location,perfect location for the airport,(no literals),,False,'perfect_location' is not of type 'object'
96,,gt,Staff,Positive,good_staff,"the staff is very nice,",(no literals),,False,'nice_staff' is not of type 'object'
96,,gt,Room,Positive,good_room,the room is very comfortable.,(no literals),,False,'comfortable_room' is not of type 'object'
96,,gt,Room,Negative,bad_room,some of the towels were dirty,(no literals),,False,'dirty_towels' is not of type 'object'
97,,gt,Food,Positive,good_food,The food we had was excellent,(no literals),,False,'excellent_food' is not of type 'object'
97,,gt,Staff,Positive,good_staff,service was excellent,(no literals),,False,'excellent_service' is not of type 'object'
98,,gt,Location,Positive,good_location,"because it is close to the airport. but i must admit the location offers some nice places for at least a two-nights stay for sure. The nearby beach (mackenzie) is nice, long, with some cool and fancy bars. there is also the salt lake",(no literals),,False,json_parse_error: Extra data: line 1 column 19 (char 18)
98,,gt,Facility,Positive,good_facility,"The Hotel itself was very nice, spacious, clean and modern.",(no literals),,False,json_parse_error: Extra data: line 1 column 13 (char 12)
98,,gt,Room,Negative,bad_room,Only thing I didn't like were the blankets - too thick for this incredible hot hot hot weather.,(no literals),,False,'too_thick_blankets' is not of type 'object'
99,,gt,Room,Positive,good_room,very clean,(no literals),,False,'clean_room' is not of type 'object'
99,,gt,Staff,Positive,good_staff,the staff was wonderful,(no literals),,False,'wonderful_staff' is not of type 'object'
100,,gt,Room,Positive,good_room,"really clean,",(no literals),,False,'clean_room' is not of type 'object'
100,,gt,Staff,Positive,good_staff,"exceptional staff, incredibly polite",(no literals),,False,json_parse_error: Extra data: line 1 column 20 (char 19)
101,,gt,Staff,Positive,good_staff,The staff were very hospitable and very helpful.,(no literals),,False,json_parse_error: Extra data: line 1 column 19 (char 18)
101,,gt,Room,Negative,bad_room,The cupboards/wardrobes need doors and they should be drawers in the room to keep the rooms tidy.,(no literals),,False,json_parse_error: Extra data: line 1 column 33 (char 32)
102,,gt,Room,Positive,good_room,Nice modern and clean rooms.,(no literals),,False,json_parse_error: Extra data: line 1 column 13 (char 12)
102,,gt,Location,Positive,good_location,"The location is excellent close to Airport, Makenzie beach and touristic area, and bus stop going from Airport to town is few meters away.",(no literals),,False,json_parse_error: Extra data: line 1 column 21 (char 20)
102,,gt,Staff,Positive,good_staff,Very friendly staff.,(no literals),,False,'friendly_staff' is not of type 'object'
103,,gt,Room,Positive,good_room,The room was recently refurbished and very spatious. Nice view of the salt lake by the terrace. Sinks and toilette separated by a door inside the bathroom.,(no literals),,False,json_parse_error: Extra data: line 1 column 28 (char 27)
103,,gt,Room,Negative,bad_room,No soap or shampoo in the shower. There was hand soap instead.,(no literals),,False,json_parse_error: Extra data: line 1 column 17 (char 16)
104,,gt,Location,Positive,good_location,"Quiet place,",(no literals),,False,'quiet_hotel' is not of type 'object'
105,,gt,Staff,Positive,good_staff,The staff was super nice,(no literals),,False,'super_nice_staff' is not of type 'object'
105,,gt,Room,Positive,good_room,the rooms were very clean and the bathroom was spacious.,(no literals),,False,json_parse_error: Extra data: line 1 column 14 (char 13)
106,,gt,Location,Positive,good_location,The advantage is the proximity to the airport,(no literals),,False,'proximity_to_the_airport' is not of type 'object'
106,,gt,Room,Positive,good_room,very comfortable beds.,(no literals),,False,'comfortable_beds' is not of type 'object'
106,,gt,Staff,Negative,bad_staff,The hotel staff should learn better English,(no literals),,False,'better_english_staff' is not of type 'object'
107,,gt,Room,Positive,good_room,Rooms large and newly redecorated in a contemporary style. Bed very comfortable,(no literals),,False,json_parse_error: Extra data: line 1 column 14 (char 13)
107,,gt,Location,Positive,good_location,Very convenient for the airport,(no literals),,False,'convenient_for_the_airport' is not of type 'object'
107,,gt,Food,Positive,good_food,Breakfast was excellent.,(no literals),,False,'excellent_breakfast' is not of type 'object'
109,,gt,Facility,Positive,good_facility,"Clean hotel,",(no literals),,False,'clean_hotel' is not of type 'object'
109,,gt,Room,Positive,good_room,lovely rooms with comfortable beds.,(no literals),,False,json_parse_error: Extra data: line 1 column 15 (char 14)
109,,gt,Location,Positive,good_location,Great location for overnight stay for late flights.,(no literals),,False,'great_location' is not of type 'object'
109,,gt,Staff,Positive,good_staff,Very helpful staff,(no literals),,False,'helpful_staff' is not of type 'object'
110,,gt,Facility,Positive,good_facility,"the building is completely refurbished, it is confortable",(no literals),,False,json_parse_error: Extra data: line 1 column 31 (char 30)
110,,gt,Check-in,Positive,good_check_in,the self check in was very easy.,(no literals),,False,'easy_self_check_in' is not of type 'object'
111,,gt,Room,Positive,good_room,spotlessly clean.,(no literals),,False,'spotlessly_clean_room' is not of type 'object'
111,,gt,Location,Positive,good_location,Excellent for airport and Mackenzie beach,(no literals),,False,json_parse_error: Extra data: line 1 column 24 (char 23)
112,,gt,Facility,Positive,good_facility,recently refurbished,(no literals),,False,'recently_refurbished_hotel' is not of type 'object'
112,,gt,Food,Positive,good_food,"very nice restaurant, good food and service",(no literals),,False,json_parse_error: Extra data: line 1 column 18 (char 17)
113,,gt,Staff,Positive,good_staff,Staff excellent and accommodating.,(no literals),,False,json_parse_error: Extra data: line 1 column 18 (char 17)
113,,gt,Room,Positive,good_room,Very nice clean rooms,(no literals),,False,json_parse_error: Extra data: line 1 column 13 (char 12)
114,,gt,Facility,Negative,bad_facility,It didn't have a pool,(no literals),,False,"""didn't_have_pool"" is not of type 'object'"
114,,gt,Facility,Positive,good_facility,and the hotel was immaculately clean.,(no literals),,False,'immaculately_clean_hotel' is not of type 'object'
114,,gt,Location,Positive,good_location,"but it was 10 minutes from the airport by taxi, 15 by shuttle bus. There are also connecting buses from ayia napa to this hotel via Larnaca which we used for our early morning start from Larnaca Airport. McKenzie beach is close by, and the food restaurants off the opposite beach were only a ten minute walk.",(no literals),,False,json_parse_error: Extra data: line 1 column 17 (char 16)
114,,gt,Room,Positive,good_room,Air con and fridge in rooms with a bottle of water provided.,(no literals),,False,json_parse_error: Extra data: line 1 column 16 (char 15)
114,,gt,Staff,Positive,good_staff,"I was particularly impressed when the staff emailed me via booking.com and after asking me what time I was arriving (the hotel is not manned 24/7 but arrangements are made to collect your room key in the hotel if you are arriving outside of normal hours), told me which bus routes I needed to take.",(no literals),,False,'impressed_staff' is not of type 'object'
115,,gt,Staff,Positive,good_staff,"Stuff in the hotel were very helpful and nice,",(no literals),,False,json_parse_error: Extra data: line 1 column 16 (char 15)
115,,gt,Location,Positive,good_location,"mackenzie beach is few minutes, airport near, best location in larnaca.",(no literals),,False,json_parse_error: Extra data: line 1 column 30 (char 29)
116,,gt,Room,Positive,good_room,"clean, air conditioned, close to the airport",(no literals),,False,json_parse_error: Extra data: line 1 column 13 (char 12)
116,,gt,Location,Positive,good_location,"clean, air conditioned, close to the airport",(no literals),,False,'close_to_the_airport' is not of type 'object'
117,,gt,Location,Positive,good_location,"The location next to the airport is great for flights very early in the morning, because it only takes you 5 minutes to get to the airport. 
  The beach is a 10 minutes walk away",(no literals),,False,json_parse_error: Extra data: line 1 column 17 (char 16)
118,,gt,Location,Positive,good_location,location near the airport and beach 10/10.,(no literals),,False,json_parse_error: Extra data: line 1 column 28 (char 27)
118,,gt,Staff,Positive,good_staff,front desk are absolutely perfect 10/10,(no literals),,False,'perfect_front_desk' is not of type 'object'
118,,gt,Food,Positive,good_food,hotel restaurant delicious! 10/10,(no literals),,False,'delicious_restaurant' is not of type 'object'
118,,gt,Room,Positive,good_room,the room perfect!,(no literals),,False,'perfect_room' is not of type 'object'
119,,gt,Room,Positive,good_room,"The room was clean and comfortable with everything I needed including a fridge and kettle. The shower was great, the air con worked well.",(no literals),,False,json_parse_error: Extra data: line 1 column 13 (char 12)
119,,gt,Location,Positive,good_location,It's in a great location for the airport and the beach.,(no literals),,False,'great_location' is not of type 'object'
119,,gt,Staff,Positive,good_staff,"But what made La Veranda stand out was the fantastic service, they couldn't have been friendlier, kinder or more helpful. they were able to accommodate my specific needs",(no literals),,False,json_parse_error: Extra data: line 1 column 20 (char 19)
120,,gt,Staff,Positive,good_staff,Helpful staff,(no literals),,False,'helpful_staff' is not of type 'object'
120,,gt,Location,Positive,good_location,close to airport,(no literals),,False,'close_to_airport' is not of type 'object'
120,,gt,Room,Negative,bad_room,The room was small but adequate,(no literals),,False,'small_room' is not of type 'object'
122,,gt,Room,Positive,good_room,Very clean,(no literals),,False,'clean_room' is not of type 'object'
122,,gt,Staff,Positive,good_staff,super friendly staff.,(no literals),,False,'super_friendly_staff' is not of type 'object'
123,,gt,Facility,Positive,good_facility,Nice and simple hotel.,(no literals),,False,json_parse_error: Extra data: line 1 column 13 (char 12)
123,,gt,Location,Positive,good_location,Very convenient location close to the airport.,(no literals),,False,json_parse_error: Extra data: line 1 column 22 (char 21)
123,,gt,Staff,Positive,good_staff,The front desk was very friendly and helpful.,(no literals),,False,json_parse_error: Extra data: line 1 column 22 (char 21)
123,,gt,Location,Negative,bad_location,The area was a little noisy when we stayed there.,(no literals),,False,'little_noisy_area' is not of type 'object'
124,,gt,Staff,Positive,good_staff,Very friendly staff,(no literals),,False,'friendly_staff' is not of type 'object'
125,,gt,Room,Positive,good_room,"Clean as hospital, super comfy,",(no literals),,False,json_parse_error: Extra data: line 1 column 13 (char 12)
125,,gt,Location,Positive,good_location,"close to one of the best beaches of Larnaca region, perfectly connect by public transport with Larnaca city centre,",(no literals),,False,json_parse_error: Extra data: line 1 column 24 (char 23)
125,,gt,Price,Positive,good_price,all that with quite reasonable price.,(no literals),,False,'reasonable_price' is not of type 'object'
125,,gt,Taxi-issue,Negative,bad_taxi_issue,"Taxi drivers who cooperate with hotel, both times, from airport and back, charged 2-3 EUR above the price agreed with the hotel (20 EUR). To clarify, it is not about the money, I would certainly give that money as a tip, but feeling that someone is cheating you and stilling money from you is really awkward and ugly, especially when you are alone with small child in the middle of the night and have no alternative way of transport.",(no literals),,False,json_parse_error: Extra data: line 1 column 24 (char 23)
126,,gt,Food,Positive,good_food,The food was very tasty,(no literals),,False,'tasty_food' is not of type 'object'
126,,gt,Staff,Positive,good_staff,"staff very helpful and friendly,",(no literals),,False,json_parse_error: Extra data: line 1 column 16 (char 15)
126,,gt,Room,Positive,good_room,"very nice bathroom, and the room was well equipped and also smelled very nice.",(no literals),,False,json_parse_error: Extra data: line 1 column 16 (char 15)
126,,gt,Location,Negative,bad_location,It was a bit loud outside,(no literals),,False,'bit_loud_outside' is not of type 'object'
127,,gt,Room,Positive,good_room,very clean and modern,(no literals),,False,json_parse_error: Extra data: line 1 column 13 (char 12)
128,,gt,Room,Positive,good_room,"very clean and comfortable,",(no literals),,False,json_parse_error: Extra data: line 1 column 13 (char 12)
128,,gt,Location,Positive,good_location,close to the airport,(no literals),,False,'close_to_airport' is not of type 'object'
129,,gt,Staff,Positive,good_staff,The guy at the reception was very kind and helpful!,(no literals),,False,json_parse_error: Extra data: line 1 column 11 (char 10)
129,,gt,Room,Positive,good_room,The room and bathroom were of very good size and clean! Our bed was so comfortable!,(no literals),,False,json_parse_error: Extra data: line 1 column 22 (char 21)
129,,gt,Location,Positive,good_location,We wanted something close to Makenzie as we had plans for the night and this place was just perfect!,(no literals),,False,json_parse_error: Extra data: line 1 column 20 (char 19)
130,,gt,Facility,Positive,good_facility,that your hotel allowed to stay with animals,(no literals),,False,'allowed_to_stay_with_animals_hotel' is not of type 'object'
131,,gt,Room,Positive,good_room,The room was very clean.,(no literals),,False,'clean_room' is not of type 'object'
131,,gt,Staff,Positive,good_staff,The staff was very nice.,(no literals),,False,'nice_staff' is not of type 'object'
131,,gt,Location,Negative,bad_location,"The location of the hotel was a bit far from the city centre,",(no literals),,False,'bit_far_location' is not of type 'object'
132,,gt,Food,Positive,good_food,The breakfast prepared by Richard was delicious and freshly prepared. As well there are many choices from Cyprus to English breakfast.,(no literals),,False,json_parse_error: Extra data: line 1 column 22 (char 21)
132,,gt,Staff,Positive,good_staff,"Very friendly and the most helpful host. Impeccable service,",(no literals),,False,json_parse_error: Extra data: line 1 column 16 (char 15)
132,,gt,Room,Positive,good_room,"very comfortable bed,",(no literals),,False,'comfortable_bed' is not of type 'object'
133,,gt,Room,Positive,good_room,the room was clean & the bed were comfortable,(no literals),,False,json_parse_error: Extra data: line 1 column 13 (char 12)
133,,gt,Staff,Positive,good_staff,the lady in reception (Maria) was VERY helpful,(no literals),,False,'helpful_lady' is not of type 'object'
133,,gt,Price,Positive,good_price,good value for money,(no literals),,False,'good_value_for_money' is not of type 'object'
133,,gt,Facility,Negative,bad_facility,no swimming pool,(no literals),,False,'no_swimming_pool' is not of type 'object'
134,,gt,Facility,Positive,good_facility,"La veranda was lovely and clean,",(no literals),,False,json_parse_error: Extra data: line 1 column 20 (char 19)
134,,gt,Room,Positive,good_room,"La veranda was lovely and clean,",(no literals),,False,json_parse_error: Extra data: line 1 column 17 (char 16)
134,,gt,Staff,Positive,good_staff,great friendly staff,(no literals),,False,json_parse_error: Extra data: line 1 column 14 (char 13)
134,,gt,Food,Positive,good_food,great chef.,(no literals),,False,'great_chef' is not of type 'object'
134,,gt,Location,Positive,good_location,Brilliant location for beach and bars.,(no literals),,False,'brilliant_location' is not of type 'object'
135,,gt,Facility,Positive,good_facility,"Modern, clean accommodation.",(no literals),,False,json_parse_error: Extra data: line 1 column 15 (char 14)
135,,gt,Staff,Positive,good_staff,great staff. Richard is a star!,(no literals),,False,json_parse_error: Extra data: line 1 column 14 (char 13)
136,,gt,Price,Positive,good_price,I did not expect such a beautiful hotel for such a cheap price,(no literals),,False,'cheap_price' is not of type 'object'
136,,gt,Facility,Negative,bad_facility,Disgusting on the outside,(no literals),,False,'disgusting_outside' is not of type 'object'
136,,gt,Facility,Positive,good_facility,but clean and beautiful on the inside,(no literals),,False,json_parse_error: Extra data: line 1 column 15 (char 14)
137,,gt,Room,Positive,good_room,Room was clean and the bed was comfortable,(no literals),,False,json_parse_error: Extra data: line 1 column 13 (char 12)
137,,gt,Staff,Positive,good_staff,Friendly staff,(no literals),,False,'friendly_staff' is not of type 'object'
137,,gt,Location,Positive,good_location,great location,(no literals),,False,'great_location' is not of type 'object'
137,,gt,Room,Negative,bad_room,The smell in the bathroom,(no literals),,False,'smell_bathroom' is not of type 'object'
138,,gt,Staff,Positive,good_staff,"very helpful and kind personel,",(no literals),,False,json_parse_error: Extra data: line 1 column 19 (char 18)
138,,gt,Room,Positive,good_room,"very clean room and bathroom,",(no literals),,False,json_parse_error: Extra data: line 1 column 13 (char 12)
139,,gt,Location,Positive,good_location,the proximity to the airport,(no literals),,False,'proximity_to_airport' is not of type 'object'
139,,gt,Food,Positive,good_food,nice restaurant at the hotel with a external balcony,(no literals),,False,'nice_restaurant' is not of type 'object'
139,,gt,Facility,Negative,bad_facility,slow elevators,(no literals),,False,'slow_elevators' is not of type 'object'
140,,gt,Room,Positive,good_room,"Very clean, comfy bed,",(no literals),,False,json_parse_error: Extra data: line 1 column 13 (char 12)
140,,gt,Location,Positive,good_location,"close to the airport,",(no literals),,False,'close_to_airport' is not of type 'object'
140,,gt,Check-in,Positive,good_check_in,"easy self check-in,",(no literals),,False,'easy_self_check-in' is not of type 'object'
140,,gt,Food,Positive,good_food,great breakfast.,(no literals),,False,'great_breakfast' is not of type 'object'
141,,gt,Facility,Positive,good_facility,Fantastic hotel,(no literals),,False,'fantastic_hotel' is not of type 'object'
141,,gt,Staff,Positive,good_staff,with wonderful staff.,(no literals),,False,'wonderful_staff' is not of type 'object'
142,,gt,Staff,Positive,good_staff,very convenient friendly staff,(no literals),,False,json_parse_error: Extra data: line 1 column 19 (char 18)
142,,gt,Location,Positive,good_location,near mackenzie beach,(no literals),,False,'near_mackenzie_beach' is not of type 'object'
143,,gt,Location,Positive,good_location,perfect overnight stay close to the airport,(no literals),,False,'close_to_the_airport' is not of type 'object'
144,,gt,Room,Positive,good_room,nice and clean,(no literals),,False,json_parse_error: Extra data: line 1 column 12 (char 11)
145,,gt,Location,Positive,good_location,Close to the airport and also a 5 min walk from Makenzie blue flag beach.,(no literals),,False,json_parse_error: Extra data: line 1 column 19 (char 18)
145,,gt,Room,Positive,good_room,"The room was super clean, everything new and cosy, the bathroom with a spacious cabin shower. The bed and pillows were very comfy. T",(no literals),,False,json_parse_error: Extra data: line 1 column 19 (char 18)
145,,gt,Staff,Positive,good_staff,The staff was super super friendly and made everything possible for our stay to be perfect.,(no literals),,False,'friendly_staff' is not of type 'object'
145,,gt,Food,Positive,good_food,Rich breakfast with various local food. Also we ate dinner a couple of times at the terrace and everything was very tasty.,(no literals),,False,json_parse_error: Extra data: line 1 column 17 (char 16)
146,,gt,Staff,Positive,good_staff,the staff were so incredibly friendly. But it’s the staff who make this hotel:,(no literals),,False,'friendly_staff' is not of type 'object'
146,,gt,Room,Positive,good_room,"such a nice hotel with good rooms , clean, smart and comfortable.",(no literals),,False,json_parse_error: Extra data: line 1 column 13 (char 12)
147,,gt,Staff,Positive,good_staff,Amazing staff!,(no literals),,False,'amazing_staff' is not of type 'object'
148,,gt,Location,Positive,good_location,Very close of the airport.,(no literals),,False,'close_of_the_airport' is not of type 'object'
148,,gt,Room,Positive,good_room,Very comfortable bed.,(no literals),,False,'comfortable_bed' is not of type 'object'
149,,gt,Location,Positive,good_location,Great place for a night before a flight. just the quick path down to the beachside cafes is a bit treacherous.,(no literals),,False,'great_hotel' is not of type 'object'
149,,gt,Staff,Positive,good_staff,"Very friendly staff, let us into room as soon as it was ready. Arranged airport taxi for 6am too.",(no literals),,False,'friendly_staff' is not of type 'object'
149,,gt,Room,Positive,good_room,"verything was super clean, modern and comfortable.",(no literals),,False,json_parse_error: Extra data: line 1 column 13 (char 12)
149,,gt,Price,Positive,good_price,Great for the price.,(no literals),,False,'great_price' is not of type 'object'
149,,gt,Facility,Negative,bad_facility,"Nothing to do with the hotel,",(no literals),,False,'nothing_to_do_hotel' is not of type 'object'
150,,gt,Facility,Positive,good_facility,"Everything was new, beautiful and clean.",(no literals),,False,json_parse_error: Extra data: line 1 column 17 (char 16)
150,,gt,Facility,Negative,bad_facility,That there is no kiosk open 24 hours close to the hotel.,(no literals),,False,'no_kiosk_open_24_hours' is not of type 'object'
152,,gt,Location,Positive,good_location,"Close to the bars near the sea, close to the airport,",(no literals),,False,json_parse_error: Extra data: line 1 column 16 (char 15)
152,,gt,Room,Positive,good_room,clean rooms.,(no literals),,False,'clean_rooms' is not of type 'object'
152,,gt,Check-in,Negative,bad_check_in,We had a late check in and there was no one in the hotel to give us keys and the door was locked.,(no literals),,False,json_parse_error: Extra data: line 1 column 16 (char 15)
153,,gt,Location,Positive,good_location,"very close to the airport after a late flight,",(no literals),,False,'very_close_to_airport' is not of type 'object'
153,,gt,Staff,Positive,good_staff,"lovely friendly staff who checked us in quickly, also stored luggage and called a taxi for us.",(no literals),,False,json_parse_error: Extra data: line 1 column 15 (char 14)
153,,gt,Check-in,Positive,good_check_in,"lovely friendly staff who checked us in quickly,",(no literals),,False,json_parse_error: Extra data: line 1 column 15 (char 14)
153,,gt,Room,Positive,good_room,"and beautiful, spotless room. really comfortable nights sleep in an air conditioned room after a great shower.",(no literals),,False,json_parse_error: Extra data: line 1 column 17 (char 16)
153,,gt,Food,Positive,good_food,beautiful fresh breakfast which was very reasonably priced.,(no literals),,False,json_parse_error: Extra data: line 1 column 22 (char 21)
154,,gt,Staff,Positive,good_staff,Lovely staff.,(no literals),,False,'lovely_staff' is not of type 'object'
154,,gt,Room,Negative,bad_room,Would have liked more TV channels like RT Russia Today,(no literals),,False,'more_tv_channels' is not of type 'object'
155,,gt,Facility,Positive,good_facility,"A comfortable, nice and clean hotel, The facilities are wonderful, brand new and full equiped.",(no literals),,False,json_parse_error: Extra data: line 1 column 20 (char 19)
155,,gt,Location,Positive,good_location,near the airport.,(no literals),,False,'near_the_airport' is not of type 'object'
155,,gt,Food,Positive,good_food,We really enjoyed the dinner in the restaurant. Everything was freshmade and prepare by the cheff...,(no literals),,False,json_parse_error: Extra data: line 1 column 23 (char 22)
155,,gt,Room,Positive,good_room,nice shower and bed.,(no literals),,False,json_parse_error: Extra data: line 1 column 14 (char 13)
155,,gt,Price,Positive,good_price,Excellent value for money,(no literals),,False,'excellent_value_for_money' is not of type 'object'
156,,gt,Location,Positive,good_location,I needed a place to stay near the airport for a few hours before catching my plane.,(no literals),,False,'near_the_airport_hotel' is not of type 'object'
156,,gt,Room,Positive,good_room,"it was great, comfy, air conditioned and clean.",(no literals),,False,json_parse_error: Extra data: line 1 column 13 (char 12)
156,,gt,Price,Positive,good_price,very good value for money,(no literals),,False,'good_value_for_money' is not of type 'object'
157,,gt,Location,Positive,good_location,"7 minutes walking to the beach,",(no literals),,False,'7_minutes_walking_to_the_beach' is not of type 'object'
157,,gt,Room,Positive,good_room,"modern new rooms, very clean.",(no literals),,False,json_parse_error: Extra data: line 1 column 19 (char 18)
158,,gt,Location,Positive,good_location,Fantastic location for the airport on the beach.,(no literals),,False,'fantastic_location' is not of type 'object'
158,,gt,Check-in,Positive,good_check_in,Easy check in at 3am.,(no literals),,False,'easy_check_in' is not of type 'object'
158,,gt,Staff,Positive,good_staff,"Staff are great,",(no literals),,False,'great_staff' is not of type 'object'
158,,gt,Facility,Positive,good_facility,hotel is clean and service fantastic.,(no literals),,False,json_parse_error: Extra data: line 1 column 14 (char 13)
158,,gt,Food,Positive,good_food,The breakfasts were amazing.,(no literals),,False,'amazing_breakfasts' is not of type 'object'
159,,gt,Room,Positive,good_room,"Clean rooms,",(no literals),,False,'clean_rooms' is not of type 'object'
159,,gt,Staff,Positive,good_staff,very friendly staff,(no literals),,False,'friendly_staff' is not of type 'object'
159,,gt,Location,Positive,good_location,and great location as it is close to the airport.,(no literals),,False,json_parse_error: Extra data: line 1 column 17 (char 16)
160,,gt,Facility,Positive,good_facility,The perfect hotel.,(no literals),,False,'perfect_hotel' is not of type 'object'
161,,gt,Room,Positive,good_room,"the cleanness,",(no literals),,False,'cleanness_room' is not of type 'object'
161,,gt,Check-out,Positive,good_check_out,check out time,(no literals),,False,json_parse_error: Expecting value: line 1 column 1 (char 0)
162,,gt,Facility,Positive,good_facility,This hotel was amazing.,(no literals),,False,'amazing_hotel' is not of type 'object'
162,,gt,Staff,Positive,good_staff,Exceptional friendly stuff,(no literals),,False,'exceptional_friendly_stuff' is not of type 'object'
162,,gt,Food,Positive,good_food,and the breakfast was really delicious.,(no literals),,False,'delicious_breakfast' is not of type 'object'
163,,gt,Check-in,Positive,good_check_in,Easy late night check in,(no literals),,False,'easy_late_night_check_in' is not of type 'object'
164,,gt,Staff,Positive,good_staff,All the staff were so accommodating and friendly.,(no literals),,False,json_parse_error: Extra data: line 1 column 22 (char 21)
164,,gt,Facility,Positive,good_facility,"This is a really well run, family establishment",(no literals),,False,json_parse_error: Extra data: line 1 column 17 (char 16)
165,,gt,Room,Positive,good_room,"Clean, modern,",(no literals),,False,json_parse_error: Extra data: line 1 column 13 (char 12)
165,,gt,Staff,Positive,good_staff,friendly staff,(no literals),,False,'friendly_staff' is not of type 'object'
166,,gt,Room,Positive,good_room,very clean and homely,(no literals),,False,json_parse_error: Extra data: line 1 column 13 (char 12)
167,,gt,Room,Positive,good_room,"Super clean place ,",(no literals),,False,'super_clean_hotel' is not of type 'object'
167,,gt,Facility,Positive,good_facility,"Super clean place ,",(no literals),,False,'super_clean_hotel' is not of type 'object'
167,,gt,Staff,Positive,good_staff,excellent staff and service,(no literals),,False,json_parse_error: Extra data: line 1 column 18 (char 17)
167,,gt,Food,Positive,good_food,"And on top of everything is the food , the food is SUPER EXCELLENT",(no literals),,False,'super_excellent_food' is not of type 'object'
168,,gt,Room,Positive,good_room,and room is clean.,(no literals),,False,'clean_room' is not of type 'object'
168,,gt,Location,Positive,good_location,"We liked the location, near the airport and at the same time short walking distance to the beach and restaurants,",(no literals),,False,json_parse_error: Extra data: line 1 column 19 (char 18)
168,,gt,Food,Positive,good_food,"The food at the restaurant is a must try, pretty delicious.",(no literals),,False,json_parse_error: Extra data: line 1 column 16 (char 15)
169,,gt,Facility,Positive,good_facility,"Great accomodation, clean, quiet,",(no literals),,False,json_parse_error: Extra data: line 1 column 14 (char 13)
169,,gt,Staff,Positive,good_staff,friendly and helpful.,(no literals),,False,json_parse_error: Extra data: line 1 column 17 (char 16)
169,,gt,Food,Positive,good_food,"We ate 2 meals at the onsite small restaurant, both were delish and the service was great.",(no literals),,False,json_parse_error: Extra data: line 1 column 15 (char 14)
169,,gt,Location,Positive,good_location,"Ours was a 1 night stay prior to our departure flight to be close to airport, 5 min drive to airport.",(no literals),,False,json_parse_error: Extra data: line 1 column 19 (char 18)
170,,gt,Food,Positive,good_food,"The food was excellent. Richard, the chef prepared the fish, which was the best that I ever tasted.",(no literals),,False,json_parse_error: Extra data: line 1 column 17 (char 16)
171,,gt,Location,Positive,good_location,just few steps from the salt lake and the McKenzie Beach. a lot of cafes and bars nearby,(no literals),,False,json_parse_error: Extra data: line 1 column 27 (char 26)
171,,gt,Staff,Positive,good_staff,The staff was very welcoming as well.,(no literals),,False,'welcoming_staff' is not of type 'object'
171,,gt,Room,Positive,good_room,Another plus is the electronic system for saying if you want to clean-up your room or you don't want to be disturbed.,(no literals),,False,'electronic_system_room' is not of type 'object'
171,,gt,Facility,Negative,bad_facility,when I came but the hotel doesn't have it's own parking lot so sometimes it might be difficult to find a parking spot.,(no literals),,False,json_parse_error: Extra data: line 1 column 27 (char 26)
172,,gt,Staff,Positive,good_staff,Personal was friendly..,(no literals),,False,'friendly_personal' is not of type 'object'
172,,gt,Facility,Positive,good_facility,Everything was clean.,(no literals),,False,'clean_everything' is not of type 'object'
173,,gt,Room,Positive,good_room,IMMACULATELY CLEAN!!! The bedding and floors were SOO CLEAN. how clean it was and the bed and linens were soo comfy and everything smelled good,(no literals),,False,json_parse_error: Extra data: line 1 column 21 (char 20)
173,,gt,Staff,Positive,good_staff,The staff so friendly and kind and helpful!!!,(no literals),,False,json_parse_error: Extra data: line 1 column 17 (char 16)
176,,gt,Room,Positive,good_room,The room was spacious enough for two people and it was very clean.,(no literals),,False,json_parse_error: Extra data: line 1 column 23 (char 22)
177,,gt,Location,Positive,good_location,It’s close to the beach and the airport.,(no literals),,False,json_parse_error: Extra data: line 1 column 17 (char 16)
177,,gt,Staff,Positive,good_staff,The staff was nice and helpful. Extremely agile to respond.,(no literals),,False,json_parse_error: Extra data: line 1 column 13 (char 12)
178,,gt,Room,Positive,good_room,Relaxing and comfortable.,(no literals),,False,json_parse_error: Extra data: line 1 column 16 (char 15)
179,,gt,Location,Positive,good_location,"Close to local restaurants and beach.
  Quiet.",(no literals),,False,json_parse_error: Extra data: line 1 column 29 (char 28)
179,,gt,Room,Positive,good_room,Very clean.,(no literals),,False,'clean_room' is not of type 'object'
179,,gt,Room,Negative,bad_room,Better TV channel selection would have been good for evening.,(no literals),,False,'better_tv_channel_selection' is not of type 'object'
180,,gt,Room,Positive,good_room,"Sparkling clean, comfy bed,",(no literals),,False,json_parse_error: Extra data: line 1 column 23 (char 22)
180,,gt,Staff,Positive,good_staff,"friendly staff,",(no literals),,False,'friendly_staff' is not of type 'object'
180,,gt,Food,Positive,good_food,delicious breakfast (great freshly made croissants),(no literals),,False,json_parse_error: Extra data: line 1 column 22 (char 21)
180,,gt,Room,Negative,bad_room,AC was a bit loud and the people in the next hotel were also loud to be heard from our room,(no literals),,False,json_parse_error: Extra data: line 1 column 10 (char 9)
181,,gt,Room,Positive,good_room,big clean rooms,(no literals),,False,json_parse_error: Extra data: line 1 column 12 (char 11)
181,,gt,Staff,Positive,good_staff,"warm welcoming, great staff.",(no literals),,False,json_parse_error: Extra data: line 1 column 23 (char 22)
182,,gt,Location,Positive,good_location,Closure to the Airport,(no literals),,False,'closure_to_airport' is not of type 'object'
182,,gt,Staff,Positive,good_staff,Hospitality,(no literals),,False,'hospitality_staff' is not of type 'object'
183,,gt,Location,Positive,good_location,Very close to the beach,(no literals),,False,'close_to_the_beach' is not of type 'object'
183,,gt,Facility,Positive,good_facility,"very clean hotel,",(no literals),,False,'clean_hotel' is not of type 'object'
183,,gt,Staff,Positive,good_staff,the Team is very friendly,(no literals),,False,'friendly_Team' is not of type 'object'
183,,gt,Food,Positive,good_food,and the food is terrific.,(no literals),,False,'terrific_food' is not of type 'object'
184,,gt,Food,Positive,good_food,"The chef was very kind and friendly, also the food was delicious, especially the jasmine burger.",(no literals),,False,'delicious_food' is not of type 'object'
185,,gt,Staff,Positive,good_staff,The staff accommodated my arrival at 3 a.m. with very clear instructions. The building manager/owner is exceptionally congenial. Also the manager of the kitchen.,(no literals),,False,json_parse_error: Extra data: line 1 column 21 (char 20)
185,,gt,Check-in,Positive,good_check_in,The staff accommodated my arrival at 3 a.m. with very clear instructions.,(no literals),,False,'clear_instructions' is not of type 'object'
185,,gt,Food,Positive,good_food,And breakfast was served until noon!,(no literals),,False,'served_until_noon_breakfast' is not of type 'object'
185,,gt,Location,Positive,good_location,"It was located near the airport, which is what I was looking for.",(no literals),,False,'near_the_airport' is not of type 'object'
185,,gt,Location,Negative,bad_location,You just need access to a car if you are doing to use the hotel as your base.,(no literals),,False,'need_access_to_car_hotel' is not of type 'object'
186,,gt,Staff,Positive,good_staff,Very friendly staff.,(no literals),,False,'friendly_staff' is not of type 'object'
189,,gt,Room,Positive,good_room,"it was clean and modern, ideal for our large family",(no literals),,False,json_parse_error: Extra data: line 1 column 13 (char 12)
190,,gt,Location,Positive,good_location,Conveniently located.,(no literals),,False,'conveniently_located' is not of type 'object'
190,,gt,Facility,Positive,good_facility,A very modern and contemporary hotel.,(no literals),,False,json_parse_error: Extra data: line 1 column 15 (char 14)
190,,gt,Food,Positive,good_food,Excellent breakfast.,(no literals),,False,'excellent_breakfast' is not of type 'object'
190,,gt,Check-in,Positive,good_check_in,We had a very late (1am) self check-in self check-in which worked very well.,(no literals),,False,'worked_very_well_self_check-in' is not of type 'object'
190,,gt,Room,Negative,bad_room,"Our room was rather small and lacked a balcony,",(no literals),,False,json_parse_error: Extra data: line 1 column 20 (char 19)
191,,gt,Room,Positive,good_room,Very clean,(no literals),,False,'clean_room' is not of type 'object'
191,,gt,Location,Positive,good_location,and beside the airport,(no literals),,False,'beside_the_airport' is not of type 'object'
192,,gt,Staff,Positive,good_staff,staff was amazing.,(no literals),,False,'amazing_staff' is not of type 'object'
192,,gt,Room,Positive,good_room,and cleanliness.,(no literals),,False,'cleanliness_room' is not of type 'object'
193,,gt,Room,Positive,good_room,Room clean and spacious.,(no literals),,False,json_parse_error: Extra data: line 1 column 13 (char 12)
193,,gt,Staff,Positive,good_staff,Staff very helpful.,(no literals),,False,'helpful_staff' is not of type 'object'
193,,gt,Location,Positive,good_location,Excellent location for beach and airport transfer.,(no literals),,False,'excellent_location' is not of type 'object'
194,,gt,Staff,Positive,good_staff,friendly people,(no literals),,False,'friendly_people' is not of type 'object'
194,,gt,Room,Positive,good_room,good a/c,(no literals),,False,'good_a/c' is not of type 'object'
195,,gt,Room,Positive,good_room,"Clean, spacious, friendly, new and modern",(no literals),,False,json_parse_error: Extra data: line 1 column 13 (char 12)
195,,gt,Staff,Positive,good_staff,friendly,(no literals),,False,'friendly_staff' is not of type 'object'
195,,gt,Location,Negative,bad_location,Not too close to the beach,(no literals),,False,'not_too_close_to_the_beach' is not of type 'object'
195,,gt,Location,Positive,good_location,Perfect for pre or post airport stays,(no literals),,False,'perfect_airport_stays' is not of type 'object'
196,,gt,Room,Negative,bad_room,The mattresses were hard.,(no literals),,False,'hard_mattresses' is not of type 'object'
196,,gt,Booking-issue,Negative,bad_booking_issue,When we were booking the room there was a promotion from booking.com which didn't apply and we payed 80 euro more. After that I checked a new dates to book and we had similar number and if we do it it will be the same. This is a big fraud.,(no literals),,False,json_parse_error: Extra data: line 1 column 25 (char 24)
197,,gt,Location,Positive,good_location,"Perfect if you want to stay close to the airport.
  Mackenzy beach with restaurants is not that far away.",(no literals),,False,json_parse_error: Extra data: line 1 column 19 (char 18)
198,,gt,Room,Positive,good_room,clean and well organized.,(no literals),,False,json_parse_error: Extra data: line 1 column 13 (char 12)
198,,gt,Staff,Positive,good_staff,The staff were so friendly that we really felt we are at home with our relatives.,(no literals),,False,'friendly_staff' is not of type 'object'
198,,gt,Food,Positive,good_food,"The food at the restaurant was amazing. Richard as the head of Hotel's restaurant, cooks with passion and almost everything from scratch. So fresh and good looking. He makes a simple breakfast amazing and his lunch table, looks like a feast.",(no literals),,False,json_parse_error: Extra data: line 1 column 15 (char 14)
199,,gt,Room,Positive,good_room,"it is clean, beautiful",(no literals),,False,json_parse_error: Extra data: line 1 column 13 (char 12)
199,,gt,Location,Positive,good_location,"perfectly located being 5 minute walk from the beach, restaurants and cafés.",(no literals),,False,json_parse_error: Extra data: line 1 column 20 (char 19)
199,,gt,Staff,Positive,good_staff,kind service with a smile!,(no literals),,False,'kind_service' is not of type 'object'
200,,gt,Room,Positive,good_room,"Very clean and new,",(no literals),,False,json_parse_error: Extra data: line 1 column 13 (char 12)
200,,gt,Food,Positive,good_food,food was 5 star! The best club sandwich ever!!,(no literals),,False,json_parse_error: Extra data: line 1 column 14 (char 13)
202,,gt,Room,Positive,good_room,"Super clean,",(no literals),,False,'super_clean_room' is not of type 'object'
202,,gt,Location,Positive,good_location,"close to the beach and great restaurants,",(no literals),,False,json_parse_error: Extra data: line 1 column 17 (char 16)
202,,gt,Staff,Positive,good_staff,"the staff is exceptionally nice,",(no literals),,False,'nice_staff' is not of type 'object'
203,,gt,Room,Positive,good_room,The room was very clean and ac worked well.,(no literals),,False,json_parse_error: Extra data: line 1 column 13 (char 12)
203,,gt,Staff,Positive,good_staff,Staff was very friendly.,(no literals),,False,'friendly_staff' is not of type 'object'
203,,gt,Price,Positive,good_price,Definitely worth the price.,(no literals),,False,'worth_the_price' is not of type 'object'
204,,gt,Staff,Positive,good_staff,Staff were very friendly.,(no literals),,False,'friendly_staff' is not of type 'object'
204,,gt,Location,Positive,good_location,Great to come to from the airport.,(no literals),,False,'great_to_come_to_from_the_airport' is not of type 'object'
206,,gt,Price,Positive,good_price,Good value.,(no literals),,False,'good_value' is not of type 'object'
206,,gt,Staff,Positive,good_staff,Welcoming owners,(no literals),,False,'welcoming_owners' is not of type 'object'
206,,gt,Location,Positive,good_location,great location. The beach is less than 5 minutes away.,(no literals),,False,json_parse_error: Extra data: line 1 column 17 (char 16)
207,,gt,Staff,Positive,good_staff,The WONDERFUL staff at this place makes all the difference.,(no literals),,False,'wonderful_staff' is not of type 'object'
208,,gt,Location,Positive,good_location,"quiet area , easy find parking places",(no literals),,False,json_parse_error: Extra data: line 1 column 13 (char 12)
208,,gt,Room,Negative,bad_room,"there was hair on the floor from previous visitors, it should be better cleaner .",(no literals),,False,json_parse_error: Extra data: line 1 column 20 (char 19)
209,,gt,Room,Positive,good_room,it was a really nice room,(no literals),,False,'nice_room' is not of type 'object'
209,,gt,Food,Positive,good_food,we loved the breakfast,(no literals),,False,'loved_breakfast' is not of type 'object'
209,,gt,Staff,Positive,good_staff,very friendly people,(no literals),,False,'friendly_people' is not of type 'object'
209,,gt,Room,Negative,bad_room,"it was a bit noisy
  we could here everything",(no literals),,False,'bit_noisy_it' is not of type 'object'
210,,gt,Room,Positive,good_room,"Clean, comfortable, friendly",(no literals),,False,json_parse_error: Extra data: line 1 column 13 (char 12)
210,,gt,Staff,Positive,good_staff,"friendly,",(no literals),,False,'friendly_staff' is not of type 'object'
210,,gt,Location,Positive,good_location,fine location,(no literals),,False,'fine_location' is not of type 'object'
211,,gt,Staff,Positive,good_staff,The stuff was very friendly and helpfull. They exceeded my expectations.,(no literals),,False,json_parse_error: Extra data: line 1 column 17 (char 16)
211,,gt,Food,Positive,good_food,Breakfast for charge same as anywhere else was enormous size and very delicious.,(no literals),,False,json_parse_error: Extra data: line 1 column 26 (char 25)
211,,gt,Location,Positive,good_location,Liked everythingz close to airport and town,(no literals),,False,json_parse_error: Extra data: line 1 column 19 (char 18)
211,,gt,Location,Negative,bad_location,half an hour walking to town,(no literals),,False,'half_an_hour_walking_to_town' is not of type 'object'
212,,gt,Staff,Positive,good_staff,Very friendly and helpful staff !,(no literals),,False,json_parse_error: Extra data: line 1 column 17 (char 16)
212,,gt,Facility,Positive,good_facility,Beautiful hotel,(no literals),,False,'beautiful_hotel' is not of type 'object'
212,,gt,Price,Positive,good_price,and very cheap,(no literals),,False,'very_cheap_price' is not of type 'object'
213,,gt,Food,Positive,good_food,"The food was very good,the chef is kind.",(no literals),,False,json_parse_error: Extra data: line 1 column 17 (char 16)
213,,gt,Room,Negative,bad_room,In the bathroom smelled bad,(no literals),,False,'smelled_bad_bathroom' is not of type 'object'
214,,gt,Staff,Positive,good_staff,The hotell organised a taxi for me,(no literals),,False,'organised_taxi_hotell' is not of type 'object'
214,,gt,Check-in,Positive,good_check_in,I arrived late at night. The hotell made sure I could check in.,(no literals),,False,'could_check_in_hotell' is not of type 'object'
215,,gt,Room,Positive,good_room,clean and simple,(no literals),,False,json_parse_error: Extra data: line 1 column 13 (char 12)
216,,gt,Room,Positive,good_room,"the room is very clean，the bed is comfortable,",(no literals),,False,json_parse_error: Extra data: line 1 column 13 (char 12)
216,,gt,Facility,Positive,good_facility,"the facilities are new,",(no literals),,False,'new_facilities' is not of type 'object'
218,,gt,Room,Positive,good_room,"Nice clean room, comfortable bed",(no literals),,False,json_parse_error: Extra data: line 1 column 12 (char 11)
219,,gt,Room,Positive,good_room,"very clean room, comfy beds, very nice showers. all freshly renovated.",(no literals),,False,json_parse_error: Extra data: line 1 column 13 (char 12)
219,,gt,Location,Negative,bad_location,it is sometimes a bit noisy because of the air traffic,(no literals),,False,'bit_noisy_location' is not of type 'object'
220,,gt,Check-in,Positive,good_check_in,"Excellent communication on late check in process,",(no literals),,False,'excellent_communication_check_in_process' is not of type 'object'
220,,gt,Room,Positive,good_room,"airy and comfortable room, super fast wifi,",(no literals),,False,json_parse_error: Extra data: line 1 column 12 (char 11)
220,,gt,Location,Positive,good_location,"This hotel is only 4km from the airport. If travelling light you can walk it in 40 minutes, saving a rip off cab fare. Just off the b4 highway.",(no literals),,False,json_parse_error: Extra data: line 1 column 19 (char 18)
220,,gt,Room,Negative,bad_room,TV very light on choice only news channel in English.,(no literals),,False,'light_on_choice_tv' is not of type 'object'
221,,gt,Check-in,Positive,good_check_in,We arrived later than planned due to flight issues but the owner was aware as he had tracked our flight;,(no literals),,False,'aware_owner' is not of type 'object'
221,,gt,Staff,Positive,good_staff,We arrived later than planned due to flight issues but the owner was aware as he had tracked our flight; despite being late we were offered food and drink in the bar which was most welcome. The staff were all friendly and welcoming - especially the restaurant owner.,(no literals),,False,json_parse_error: Extra data: line 1 column 17 (char 16)
221,,gt,Facility,Positive,good_facility,despite being late we were offered food and drink in the bar which was most welcome.,(no literals),,False,'most_welcome_bar' is not of type 'object'
221,,gt,Room,Positive,good_room,The room was clean and an adequate size with a nice balcony.,(no literals),,False,json_parse_error: Extra data: line 1 column 13 (char 12)
221,,gt,Food,Positive,good_food,Breakfast was outstanding.,(no literals),,False,'outstanding_breakfast' is not of type 'object'
221,,gt,Room,Negative,bad_room,We could not turn on the mini fridge to cool our water bottles overnight ready for the following day.,(no literals),,False,'could_not_turn_on_mini_fridge' is not of type 'object'
222,,gt,Facility,Positive,good_facility,Its was a nice place clean,(no literals),,False,json_parse_error: Extra data: line 1 column 13 (char 12)
222,,gt,Room,Positive,good_room,and the room was nice,(no literals),,False,'nice_room' is not of type 'object'
223,,gt,Staff,Positive,good_staff,The indications at the desk were very helpful,(no literals),,False,'helpful_indications' is not of type 'object'
224,,gt,Staff,Positive,good_staff,Staff very friendly and very helpful.,(no literals),,False,json_parse_error: Extra data: line 1 column 17 (char 16)
224,,gt,Room,Positive,good_room,Very comfortable nights sleep,(no literals),,False,'comfortable_nights_sleep' is not of type 'object'
224,,gt,Facility,Positive,good_facility,No complaints about the hotel.,(no literals),,False,'no_complaints_hotel' is not of type 'object'
224,,gt,Facility,Negative,bad_facility,Parking in the area is always possible but not necessarily the most convenient,(no literals),,False,'not_necessarily_the_most_convenient_parking' is not of type 'object'
226,,gt,Staff,Positive,good_staff,Excellent staff in this family driven hotel. Very helpful and pleasant people who speak perfect English and couldn't have been better -- all the way from the booking process and online dialog to putting us on a taxi to the airport!,(no literals),,False,json_parse_error: Extra data: line 1 column 18 (char 17)
226,,gt,Room,Positive,good_room,"Rooms and hotel in general are very clean, aircon modern and quiet, and room service is also excellent. ""Plenty of electricity outlets in the room, also by the bed, but remember the UK-adapter to use standard EU-plugs ;-)
  The double bed, although nothing fancy, was probably the best hotel bed we've slept in ... ever!!!""",(no literals),,False,json_parse_error: Extra data: line 1 column 14 (char 13)
226,,gt,Room,Negative,bad_room,"although nothing fancy, there is not much extra in this hotel or in the room. The small fridge in the room was warm (turned off) upon arrival and completely empty, and no local shop/kiosk nearby to fill it up. One small bottle of water upon arrival to double room feels a little poor. Would gladly have paid those 2€ more per day to have 2 bottles initially and being refilled daily with room service. A couple of cents more, to have even tea on the small welcome tray ;-) Bathroom floor gets completely wet when (carefully) showering, as only half a glass wall covers the shower. 
  - Bed frame has very sharp/hard corners, and it's easy to get hurt. Apply baby safety corners?",(no literals),,False,json_parse_error: Extra data: line 1 column 23 (char 22)
226,,gt,Location,Negative,bad_location,"The small fridge in the room was warm (turned off) upon arrival and completely empty, and no local shop/kiosk nearby to fill it up.",(no literals),,False,'no_local_shop/kiosk_nearby' is not of type 'object'
226,,gt,Food,Positive,good_food,"Except excellent staff/owners and an ok restaurant,",(no literals),,False,'ok_restaurant' is not of type 'object'
226,,gt,Facility,Negative,bad_facility,"Veranda door and main door doesn't close entirely tight so main door slams in the night when it's windy. However fixable in MacGyver way using the bed cover and a tea spoon, although a professional seal attached to the door frame would probably be a better fix long-term ;-), Beach towel services would also have been nice and useful, to avoid using lots of space/weight in baggage.",(no literals),,False,json_parse_error: Extra data: line 1 column 36 (char 35)
227,,gt,Facility,Positive,good_facility,Very clean and fresh.,(no literals),,False,json_parse_error: Extra data: line 1 column 17 (char 16)
227,,gt,Room,Positive,good_room,Perfect room for family.,(no literals),,False,'perfect_room' is not of type 'object'
227,,gt,Location,Positive,good_location,Close to airport.,(no literals),,False,'close_to_airport' is not of type 'object'
227,,gt,Staff,Positive,good_staff,Very kind hosts made late check in simple.,(no literals),,False,'kind_hosts' is not of type 'object'
227,,gt,Check-in,Positive,good_check_in,Very kind hosts made late check in simple.,(no literals),,False,json_parse_error: Extra data: line 1 column 13 (char 12)
228,,gt,Staff,Positive,good_staff,"the Cyprus hospitality at the highest level. Feel at home in 1 minute with owners welcoming you with a big smile., hospitality",(no literals),,False,json_parse_error: Extra data: line 1 column 28 (char 27)
228,,gt,Location,Positive,good_location,"the location is convenient, quiet",(no literals),,False,json_parse_error: Extra data: line 1 column 22 (char 21)
228,,gt,Room,Positive,good_room,and the room had a big balcony,(no literals),,False,'big_balcony' is not of type 'object'
229,,gt,Staff,Positive,good_staff,Exceptionally friendly service of hotel and restarant in same building. Attention and service superb.,(no literals),,False,json_parse_error: Extra data: line 1 column 33 (char 32)
230,,gt,Room,Positive,good_room,clean,(no literals),,False,'clean_room' is not of type 'object'
230,,gt,Price,Positive,good_price,and very good value,(no literals),,False,'good_value' is not of type 'object'
231,,gt,Staff,Positive,good_staff,"very friendly staff,",(no literals),,False,'friendly_staff' is not of type 'object'
231,,gt,Room,Positive,good_room,rooms were clean,(no literals),,False,'clean_rooms' is not of type 'object'
231,,gt,Location,Positive,good_location,and ideally situated for the airport,(no literals),,False,'ideally_situated_airport' is not of type 'object'
232,,gt,Location,Positive,good_location,"Great location for a late flight,",(no literals),,False,'great_location' is not of type 'object'
232,,gt,Room,Positive,good_room,everything was clean and nice in the room.,(no literals),,False,json_parse_error: Extra data: line 1 column 13 (char 12)
232,,gt,Check-in,Positive,good_check_in,We arrived late and got great instructions on how to get in on our own.,(no literals),,False,'great_instructions' is not of type 'object'
232,,gt,Food,Positive,good_food,"Terrific late breakfast at the café downstairs, the manager catered to our every need",(no literals),,False,'terrific_late_breakfast' is not of type 'object'
232,,gt,Price,Positive,good_price,Great for the price and our purpose of a late night flight arrival,(no literals),,False,'great_price' is not of type 'object'
233,,gt,Facility,Positive,good_facility,"Beautiful property, super clean,",(no literals),,False,json_parse_error: Extra data: line 1 column 18 (char 17)
233,,gt,Room,Positive,good_room,rooms where really spacious and fresh and clean.,(no literals),,False,json_parse_error: Extra data: line 1 column 17 (char 16)
233,,gt,Food,Positive,good_food,Breakfast was amazing in a beautiful setting and the management are wonderful. a little far from local shop but have everything we need in the cafe.,(no literals),,False,'amazing_breakfast' is not of type 'object'
233,,gt,Location,Negative,bad_location,a little far from local shop but have everything we need in the cafe.,(no literals),,False,'little_far_from_local_shop' is not of type 'object'
234,,gt,Location,Positive,good_location,"great location for bars, restaurants and beach",(no literals),,False,'great_location' is not of type 'object'
234,,gt,Price,Positive,good_price,at a very good rate for the excellent standard of accommodation,(no literals),,False,'very_good_rate' is not of type 'object'
235,,gt,Location,Positive,good_location,Great location,(no literals),,False,'great_location' is not of type 'object'
235,,gt,Staff,Positive,good_staff,"with very welcoming staff,",(no literals),,False,'welcoming_staff' is not of type 'object'
235,,gt,Room,Positive,good_room,and very clean,(no literals),,False,'clean_room' is not of type 'object'
236,,gt,Facility,Positive,good_facility,Modern hotel with good facilities.,(no literals),,False,json_parse_error: Extra data: line 1 column 15 (char 14)
236,,gt,Room,Positive,good_room,"Although small, the room was comfortable. However, the bathroom was a good size and well appointed.",(no literals),,False,json_parse_error: Extra data: line 1 column 19 (char 18)
236,,gt,Food,Positive,good_food,Breakfast as an extra was good.,(no literals),,False,'good_breakfast' is not of type 'object'
236,,gt,Location,Positive,good_location,"The hotel is about 100m from the 425 bus route which runs to the airport, about 10 minutes away.",(no literals),,False,json_parse_error: Extra data: line 1 column 22 (char 21)
237,,gt,Room,Positive,good_room,clean and comfortable,(no literals),,False,json_parse_error: Extra data: line 1 column 13 (char 12)
238,,gt,Location,Positive,good_location,close to the airport,(no literals),,False,'close_to_airport' is not of type 'object'
238,,gt,Room,Negative,bad_room,"stingy smell from the bathroom
  quite small room",(no literals),,False,json_parse_error: Extra data: line 1 column 24 (char 23)
239,,gt,Room,Positive,good_room,Light and airy and clean room.,(no literals),,False,json_parse_error: Extra data: line 1 column 13 (char 12)
239,,gt,Location,Positive,good_location,Not far from the sea.,(no literals),,False,'not_far_from_sea' is not of type 'object'
239,,gt,Facility,Negative,bad_facility,There should be a safety strip on the step to each floor coming up the stairs. You are unaware of it and could possibly trip as I did.,(no literals),,False,'no_safety_strip_step' is not of type 'object'
240,,gt,Staff,Positive,good_staff,Thank you so much for a very warm welcome and comfortable stay. The hotel manager was reachable at all times due to my flight times and further delays. I couldn't have asked for more informative and reassuring service. 5 star service!,(no literals),,False,json_parse_error: Extra data: line 1 column 15 (char 14)
240,,gt,Room,Positive,good_room,Thank you so much for a very warm welcome and comfortable stay. Most importantly it is very clean!,(no literals),,False,json_parse_error: Extra data: line 1 column 20 (char 19)
240,,gt,Location,Positive,good_location,The location is very nice of this hotel due to such close proximity to the beach and restaurants.,(no literals),,False,json_parse_error: Extra data: line 1 column 16 (char 15)
241,,gt,Room,Positive,good_room,spacious room and minifridge; large bathroom; very clean and comfy bed and lovely little balcony;,(no literals),,False,json_parse_error: Extra data: line 1 column 16 (char 15)
241,,gt,Staff,Positive,good_staff,staff was very friendly and lend me an adaptor several times.,(no literals),,False,'friendly_staff' is not of type 'object'
241,,gt,Location,Positive,good_location,i didnt want to be in the center so for me the location was perfect! walking distance to airport and close to the more luxurious beach strip with delicious restaurants.,(no literals),,False,json_parse_error: Extra data: line 1 column 19 (char 18)
241,,gt,Room,Negative,bad_room,"for the price that it was, it only had some random unlabeled shampoo dispenser attached to the shower wall. dont know if it was body or hair shampoo but it wasnt very nice at all,",(no literals),,False,json_parse_error: Extra data: line 1 column 37 (char 36)
241,,gt,Price,Negative,bad_price,"for the price that it was, it only had some random unlabeled shampoo dispenser attached to the shower wall. dont know if it was body or hair shampoo but it wasnt very nice at all, and seemed a little cheap considering the hotel cost.",(no literals),,False,'little_cheap_hotel_cost' is not of type 'object'
242,,gt,Room,Positive,good_room,"Very clean, comfortable and pleasant!",(no literals),,False,json_parse_error: Extra data: line 1 column 13 (char 12)
242,,gt,Staff,Positive,good_staff,The staff were very accommodating and kind.,(no literals),,False,json_parse_error: Extra data: line 1 column 22 (char 21)
243,,gt,Facility,Positive,good_facility,Very modern clean beautifully kept hotel,(no literals),,False,json_parse_error: Extra data: line 1 column 15 (char 14)
243,,gt,Location,Positive,good_location,near beaches and restaurants,(no literals),,False,json_parse_error: Extra data: line 1 column 15 (char 14)
245,,gt,Facility,Positive,good_facility,We booked this hotel last minute and we were extremely happy with the service.,(no literals),,False,'happy_with_service' is not of type 'object'
245,,gt,Staff,Positive,good_staff,"They have great staff, are very welcoming",(no literals),,False,json_parse_error: Extra data: line 1 column 14 (char 13)
245,,gt,Food,Positive,good_food,and the restaurant at floor level is awesome - Richard is a great chef and his friendliness will make you want to extend your vacation for sure. We felt like we were part of their community and this is due to their opennes.,(no literals),,False,json_parse_error: Extra data: line 1 column 21 (char 20)
245,,gt,Room,Positive,good_room,"The room was extremely clean and their room service makes sure to keep it this way,",(no literals),,False,'clean_room' is not of type 'object'
246,,gt,Staff,Positive,good_staff,The owners were very friendly and helpful.,(no literals),,False,json_parse_error: Extra data: line 1 column 18 (char 17)
246,,gt,Facility,Positive,good_facility,"The hotel is small, which we liked,",(no literals),,False,'small_hotel' is not of type 'object'
246,,gt,Location,Positive,good_location,and is about 10 minutes from the airport.,(no literals),,False,'10_minutes_from_airport' is not of type 'object'
246,,gt,Room,Positive,good_room,"The rooms were a nice size, very clean, and modern. We had both a family room and a double room, and they were perfect for our quick stay.",(no literals),,False,json_parse_error: Extra data: line 1 column 18 (char 17)
246,,gt,Location,Negative,bad_location,"The taxi driver had a hard time finding it to drop us off, as it’s amongst several apartment buildings on a small side street. That’s the only negative. The location is a bit hard to find. The taxi drivers GPS had trouble finding it, but eventually we did. It’s amongst several apartment buildings on a small side street.",(no literals),,False,json_parse_error: Extra data: line 1 column 24 (char 23)
246,,gt,Food,Positive,good_food,"We also had dinner there, and the food was very good and the chef was very friendly.",(no literals),,False,json_parse_error: Extra data: line 1 column 17 (char 16)
247,,gt,Room,Positive,good_room,cleanliness,(no literals),,False,'cleanliness_room' is not of type 'object'
248,,gt,Staff,Positive,good_staff,"Staff super kind, professional, polite and helpful.",(no literals),,False,json_parse_error: Extra data: line 1 column 19 (char 18)
248,,gt,Room,Positive,good_room,"Bed was soooooooo comfortable,",(no literals),,False,'comfortable_bed' is not of type 'object'
248,,gt,Room,Negative,bad_room,"Lack of decent TV channels, only in the evening (past 9 pm) you can actually find something to watch. There are only ~10 channels, half in Greek and half in Russian, and maybe one or two in English (in the evenings)",(no literals),,False,'lack_of_decent_tv_channels' is not of type 'object'
250,,gt,Location,Positive,good_location,The location allowed us to walk to the beach and restaurants.,(no literals),,False,json_parse_error: Extra data: line 1 column 25 (char 24)
250,,gt,Staff,Positive,good_staff,"The family that runs the hotel was incredibly friendly and very, very nice.",(no literals),,False,json_parse_error: Extra data: line 1 column 18 (char 17)
250,,gt,Room,Positive,good_room,"The rooms, lobby and restaurant were lovely; exceedlingly modern, and comfortable.",(no literals),,False,json_parse_error: Extra data: line 1 column 15 (char 14)
250,,gt,Food,Positive,good_food,"The rooms, lobby and restaurant were lovely; exceedlingly modern, and comfortable. We ate dinner at the hotel because we were so impressed with ""chef Richard"" and the food was fabulous.",(no literals),,False,json_parse_error: Extra data: line 1 column 20 (char 19)
250,,gt,Facility,Positive,good_facility,"The rooms, lobby and restaurant were lovely; exceedlingly modern, and comfortable.",(no literals),,False,json_parse_error: Extra data: line 1 column 15 (char 14)
251,,gt,Staff,Positive,good_staff,friendly staff,(no literals),,False,'friendly_staff' is not of type 'object'
252,,gt,Room,Positive,good_room,Exceptionally clean and brand new.,(no literals),,False,json_parse_error: Extra data: line 1 column 27 (char 26)
252,,gt,Facility,Positive,good_facility,Exceptionally clean and brand new.,(no literals),,False,json_parse_error: Extra data: line 1 column 31 (char 30)
252,,gt,Food,Positive,good_food,Breakfast was freshly made and delicious.,(no literals),,False,json_parse_error: Extra data: line 1 column 25 (char 24)
252,,gt,Staff,Positive,good_staff,Everyone very friendly,(no literals),,False,'friendly_everyone' is not of type 'object'
253,,gt,Room,Positive,good_room,cleanliness and quietness,(no literals),,False,json_parse_error: Extra data: line 1 column 19 (char 18)
253,,gt,Location,Positive,good_location,cleanliness and quietness,(no literals),,False,json_parse_error: Extra data: line 1 column 23 (char 22)
254,,gt,Facility,Positive,good_facility,Wonderful modern family run small hotel.,(no literals),,False,json_parse_error: Extra data: line 1 column 18 (char 17)
254,,gt,Location,Positive,good_location,It’s very close to the airport which worked for us.,(no literals),,False,'close_to_airport' is not of type 'object'
254,,gt,Room,Positive,good_room,"The rooms are spotless, the shower fantastic. The pictures are very true to life.",(no literals),,False,json_parse_error: Extra data: line 1 column 17 (char 16)
254,,gt,Staff,Positive,good_staff,The family were so helpful.,(no literals),,False,'helpful_family' is not of type 'object'
255,,gt,Facility,Positive,good_facility,"Very cozy, modern, clean hotel close to the airport.",(no literals),,False,json_parse_error: Extra data: line 1 column 13 (char 12)
255,,gt,Location,Positive,good_location,"Very cozy, modern, clean hotel close to the airport. The location is super convenient, only few steps from the beach.",(no literals),,False,json_parse_error: Extra data: line 1 column 19 (char 18)
255,,gt,Staff,Positive,good_staff,The staff is super friendly and attentive.,(no literals),,False,json_parse_error: Extra data: line 1 column 17 (char 16)
255,,gt,Room,Positive,good_room,The room is spacious and new.,(no literals),,False,json_parse_error: Extra data: line 1 column 16 (char 15)
256,,gt,Room,Positive,good_room,clean and modern,(no literals),,False,json_parse_error: Extra data: line 1 column 13 (char 12)
257,,gt,Facility,Positive,good_facility,"Very modern, clean hotel",(no literals),,False,json_parse_error: Extra data: line 1 column 15 (char 14)
257,,gt,Location,Positive,good_location,"Great location, quiet",(no literals),,False,json_parse_error: Extra data: line 1 column 17 (char 16)
257,,gt,Staff,Positive,good_staff,Lovely staff,(no literals),,False,'lovely_staff' is not of type 'object'
258,,gt,Facility,Positive,good_facility,"Great accommodation,",(no literals),,False,'great_hotel' is not of type 'object'
258,,gt,Staff,Positive,good_staff,"wonderful staff,",(no literals),,False,'wonderful_staff' is not of type 'object'
258,,gt,Food,Positive,good_food,"delicious food, tranquility!",(no literals),,False,'delicious_food' is not of type 'object'
259,,gt,Location,Positive,good_location,excellent location near airport then easy drive into larnaca.,(no literals),,False,json_parse_error: Extra data: line 1 column 21 (char 20)
259,,gt,Staff,Positive,good_staff,very friendly and helpful staff.,(no literals),,False,json_parse_error: Extra data: line 1 column 17 (char 16)
259,,gt,Room,Negative,bad_room,only thing was the bathroom floor got wet from the shower and became very slippery. needs two foot towels rather than just one.,(no literals),,False,json_parse_error: Extra data: line 1 column 21 (char 20)
260,,gt,Staff,Positive,good_staff,"Friendly staff,",(no literals),,False,'friendly_staff' is not of type 'object'
260,,gt,Food,Positive,good_food,delicious breakfast.,(no literals),,False,'delicious_breakfast' is not of type 'object'
260,,gt,Room,Positive,good_room,Very comfortable beds.,(no literals),,False,'comfortable_beds' is not of type 'object'
260,,gt,Location,Positive,good_location,10 mins walk to Mackenzie Beach and 40 mins (3 km) walk to downtown on a nice promenade.,(no literals),,False,json_parse_error: Extra data: line 1 column 34 (char 33)
261,,gt,Room,Positive,good_room,Everything was clean and cozy.,(no literals),,False,json_parse_error: Extra data: line 1 column 19 (char 18)
261,,gt,Facility,Positive,good_facility,Everything was clean and cozy.,(no literals),,False,json_parse_error: Extra data: line 1 column 19 (char 18)
262,,gt,Room,Positive,good_room,"Clean, We slept well in a comfy clean bed",(no literals),,False,json_parse_error: Extra data: line 1 column 13 (char 12)
262,,gt,Staff,Positive,good_staff,"great attentive staff, The staff could not be more helpful and showed us to a really nice room with a balcony over the front of the hotel, before they arranged a car for us to get back to the airport to collect our hire car.",(no literals),,False,json_parse_error: Extra data: line 1 column 14 (char 13)
262,,gt,Location,Positive,good_location,The hotel was close to the airport - 6 minutes by taxi (€20) - and we arrived late.,(no literals),,False,'close_to_the_airport' is not of type 'object'
262,,gt,Food,Positive,good_food,and had a terrific breakfast on the terrace,(no literals),,False,'terrific_breakfast' is not of type 'object'
263,,gt,Room,Positive,good_room,room was big enough with comfy beds for family of four; liked having a small balcony for outdoor space.,(no literals),,False,json_parse_error: Extra data: line 1 column 18 (char 17)
264,,gt,Staff,Positive,good_staff,Friendly staff.,(no literals),,False,'friendly_staff' is not of type 'object'
264,,gt,Room,Positive,good_room,clean and comfortable beds.,(no literals),,False,json_parse_error: Extra data: line 1 column 13 (char 12)
265,,gt,Staff,Positive,good_staff,Very warm welcome,(no literals),,False,'warm_welcome' is not of type 'object'
265,,gt,Room,Positive,good_room,and very clean and comfortable-,(no literals),,False,json_parse_error: Extra data: line 1 column 13 (char 12)
265,,gt,Price,Positive,good_price,as good a hotel as I’ve stayed at for £50 a night.,(no literals),,False,'good_hotel' is not of type 'object'
266,,gt,Room,Positive,good_room,it’s clean,(no literals),,False,'clean_it' is not of type 'object'
266,,gt,Staff,Positive,good_staff,and very nice crew,(no literals),,False,'nice_crew' is not of type 'object'
267,,gt,Staff,Positive,good_staff,Helpful staff arranged a taxi for us from the airport to the hotel.,(no literals),,False,'helpful_staff' is not of type 'object'
267,,gt,Facility,Positive,good_facility,The hotel was basic but clean and comfortable.,(no literals),,False,json_parse_error: Extra data: line 1 column 14 (char 13)
268,,gt,Facility,Positive,good_facility,La Veranda has been recently refurbished,(no literals),,False,'recently_refurbished_la_veranda' is not of type 'object'
268,,gt,Room,Positive,good_room,"and the rooms and bathroom, were both modern and comfortable, balcony with sea view.",(no literals),,False,json_parse_error: Extra data: line 1 column 15 (char 14)
268,,gt,Location,Positive,good_location,Easy walk to Mackenzie Beach and short journey from airport.,(no literals),,False,json_parse_error: Extra data: line 1 column 31 (char 30)
268,,gt,Food,Positive,good_food,"Good breakfast available if required,",(no literals),,False,'good_breakfast' is not of type 'object'
268,,gt,Staff,Positive,good_staff,staff extremely helpful and friendly.,(no literals),,False,json_parse_error: Extra data: line 1 column 16 (char 15)
269,,gt,Room,Positive,good_room,"clean,",(no literals),,False,'clean_room' is not of type 'object'
269,,gt,Staff,Positive,good_staff,"super friendly,",(no literals),,False,'super_friendly_staff' is not of type 'object'
270,,gt,Facility,Positive,good_facility,It was easy at the time to park car outside.,(no literals),,False,'easy_to_park_car' is not of type 'object'
270,,gt,Room,Positive,good_room,"Clean rooms,",(no literals),,False,'clean_rooms' is not of type 'object'
270,,gt,Staff,Positive,good_staff,helpful staff.,(no literals),,False,'helpful_staff' is not of type 'object'
271,,gt,Location,Positive,good_location,Location very convenient. Near the beach and the Restaurants. Public Bus station at 30 meters from the hotel. Also very close to the airport.,(no literals),,False,json_parse_error: Extra data: line 1 column 22 (char 21)
272,,gt,Facility,Positive,good_facility,La Veranda Hotel is very comfortable and clean.,(no literals),,False,json_parse_error: Extra data: line 1 column 20 (char 19)
272,,gt,Staff,Positive,good_staff,The staff is very nice,(no literals),,False,'nice_staff' is not of type 'object'
272,,gt,Food,Positive,good_food,The Breakfast is so delicious,(no literals),,False,'delicious_Breakfast' is not of type 'object'
272,,gt,Location,Positive,good_location,Great location !! Near Mackenzie beach and very close to the center.,(no literals),,False,json_parse_error: Extra data: line 1 column 17 (char 16)
274,,gt,Staff,Positive,good_staff,"Every staff member I encountered, from the valet to the check- in to the cleaning staff were delightful and eager to help!",(no literals),,False,json_parse_error: Extra data: line 1 column 26 (char 25)
275,,gt,Room,Positive,good_room,"The rooms were clean, very comfortable,",(no literals),,False,json_parse_error: Extra data: line 1 column 14 (char 13)
275,,gt,Staff,Positive,good_staff,and the staff was amazing. They went over and beyond to help make my stay enjoyable.,(no literals),,False,json_parse_error: Extra data: line 1 column 16 (char 15)
276,,gt,Staff,Positive,good_staff,"friendly staff who allow you to check in the early hours of morning ,",(no literals),,False,'friendly_staff' is not of type 'object'
276,,gt,Check-in,Positive,good_check_in,"friendly staff who allow you to check in the early hours of morning ,",(no literals),,False,'friendly_staff' is not of type 'object'
276,,gt,Location,Positive,good_location,45 min walk to airport,(no literals),,False,json_parse_error: Expecting value: line 1 column 1 (char 0)
276,,gt,Room,Negative,bad_room,locks on windows didn’t seem secure,(no literals),,False,'not_secure_locks_on_windows' is not of type 'object'
277,,gt,Staff,Positive,good_staff,"The staff is always very helpful, exceptional!",(no literals),,False,json_parse_error: Extra data: line 1 column 16 (char 15)
277,,gt,Room,Negative,bad_room,"Wanted to have in the shower shampoo, body soap and hair conditioner. The staff explained that the dispancer in the shower holds 3 in 1. Really?!",(no literals),,False,'3_in_1_dispancer' is not of type 'object'
278,,gt,Staff,Positive,good_staff,"The staff were wonderful, so friendly and welcoming",(no literals),,False,json_parse_error: Extra data: line 1 column 18 (char 17)
278,,gt,Food,Positive,good_food,and the food was superb.,(no literals),,False,'superb_food' is not of type 'object'
278,,gt,Facility,Positive,good_facility,The hotel was clean,(no literals),,False,'clean_hotel' is not of type 'object'
278,,gt,Location,Positive,good_location,and easy for the airport.,(no literals),,False,'easy_for_the_airport' is not of type 'object'
279,,gt,Facility,Positive,good_facility,The hotel is in a residential neighborhood of apartments and is modern.,(no literals),,False,'modern_hotel' is not of type 'object'
279,,gt,Room,Positive,good_room,The bed linens were wonderful and the mattress was neither too hard or soft.,(no literals),,False,json_parse_error: Extra data: line 1 column 23 (char 22)
279,,gt,Food,Negative,bad_food,Breakfast is not included in the hotel cost. (no menu - you get whatever is served).,(no literals),,False,json_parse_error: Extra data: line 1 column 25 (char 24)
279,,gt,Food,Positive,good_food,"However, there is small restaurant within the hotel lobby that charged $10 euros for a very nice hot breakfast",(no literals),,False,'nice_hot_breakfast' is not of type 'object'
279,,gt,Location,Positive,good_location,The hotel is in a residential neighborhood of apartments and is modern. The hotel is approx 10 minute drive from the airport and 20 minute drive from the historical area.,(no literals),,False,json_parse_error: Extra data: line 1 column 15 (char 14)
280,,gt,Room,Positive,good_room,"Very smart, modern rooms and everything you need. Family feel and very friendly. Having a family suite was a big bonus and lots of space.",(no literals),,False,json_parse_error: Extra data: line 1 column 14 (char 13)
280,,gt,Location,Negative,bad_location,Immediate location wasn’t inspiring but lovely restaurants very close in the sea front and handy for Limassol and airport.,(no literals),,False,'wasn’t_inspiring_location' is not of type 'object'
280,,gt,Location,Positive,good_location,Immediate location wasn’t inspiring but lovely restaurants very close in the sea front and handy for Limassol and airport.,(no literals),,False,json_parse_error: Extra data: line 1 column 21 (char 20)
281,,gt,Location,Positive,good_location,This hotel is in a great location for the airport and restaurants.,(no literals),,False,'great_location' is not of type 'object'
281,,gt,Staff,Positive,good_staff,"The owner and staff are so welcoming and helpful. Taking time to print off flight documentation, booking taxis and even when my flight was cancelled, I was able to keep my room for longer without a problem.",(no literals),,False,json_parse_error: Extra data: line 1 column 18 (char 17)
282,,gt,Facility,Positive,good_facility,"Very nice hotel,",(no literals),,False,'nice_hotel' is not of type 'object'
282,,gt,Location,Positive,good_location,"close to the beach, but situated in a quiet place",(no literals),,False,json_parse_error: Extra data: line 1 column 21 (char 20)
282,,gt,Staff,Positive,good_staff,"Helpful, friendly staff.",(no literals),,False,json_parse_error: Extra data: line 1 column 16 (char 15)
282,,gt,Food,Positive,good_food,Tasty breakfast.,(no literals),,False,'tasty_breakfast' is not of type 'object'
283,,gt,Facility,Positive,good_facility,Everything was very clean and modern,(no literals),,False,json_parse_error: Extra data: line 1 column 19 (char 18)
283,,gt,Room,Positive,good_room,Everything was very clean and modern,(no literals),,False,json_parse_error: Extra data: line 1 column 19 (char 18)
283,,gt,Staff,Positive,good_staff,staff was very friendly. They also were very responsive to any pre-arrival questions,(no literals),,False,json_parse_error: Extra data: line 1 column 17 (char 16)
283,,gt,Check-in,Positive,good_check_in,"I arrived late at night and it was not a problem,",(no literals),,False,'not_a_problem_arrived_late' is not of type 'object'
284,,gt,Facility,Positive,good_facility,"La Veranda was very clean, and was flexible with our schedule.",(no literals),,False,json_parse_error: Extra data: line 1 column 19 (char 18)
284,,gt,Room,Positive,good_room,"provided everything needed (even a bottle of water in the room!),",(no literals),,False,'everything_needed_room' is not of type 'object'
284,,gt,Staff,Positive,good_staff,The staff was excellent.,(no literals),,False,'excellent_staff' is not of type 'object'
284,,gt,Location,Positive,good_location,"There are a series of delicious and fun restaurants on the beach quite close to the hotel, which the staff of the hotel kindly told us about.",(no literals),,False,json_parse_error: Extra data: line 1 column 24 (char 23)
284,,gt,Room,Negative,bad_room,The view from the rooms,(no literals),,False,json_parse_error: Expecting value: line 1 column 1 (char 0)
285,,gt,Facility,Positive,good_facility,Clean and nice place,(no literals),,False,json_parse_error: Extra data: line 1 column 14 (char 13)
285,,gt,Room,Negative,bad_room,It takes too long hot water to reach tap/shower in the room,(no literals),,False,'too_long_hot_water' is not of type 'object'
286,,gt,Location,Positive,good_location,Very convenient location for arriving at the airport.,(no literals),,False,'convenient_location' is not of type 'object'
287,,gt,Room,Positive,good_room,"Very clean, nice bed and linen.",(no literals),,False,json_parse_error: Extra data: line 1 column 13 (char 12)
287,,gt,Price,Positive,good_price,Good value.,(no literals),,False,'good_value' is not of type 'object'
287,,gt,Facility,Positive,good_facility,Allowed to take dog was the reason for booking.,(no literals),,False,'allowed_to_take_dog' is not of type 'object'
287,,gt,Room,Negative,bad_room,Some smell from bathroom/water.,(no literals),,False,json_parse_error: Extra data: line 1 column 22 (char 21)
288,,gt,Facility,Positive,good_facility,Boutique hotel,(no literals),,False,'boutique_hotel' is not of type 'object'
288,,gt,Location,Positive,good_location,"Boutique hotel in the quiet area, Only few kilometers from the airport but quite distant from the city center. On the other hand - close to salt lake to have opportunity to watch flamings.",(no literals),,False,json_parse_error: Extra data: line 1 column 13 (char 12)
288,,gt,Location,Negative,bad_location,but quite distant from the city center.,(no literals),,False,'quite_distant_from_city_center' is not of type 'object'
288,,gt,Staff,Positive,good_staff,Staff was friendly and helpful,(no literals),,False,json_parse_error: Extra data: line 1 column 17 (char 16)
288,,gt,Food,Positive,good_food,"Good, tasty breakfest.",(no literals),,False,json_parse_error: Extra data: line 1 column 17 (char 16)
289,,gt,Facility,Positive,good_facility,A nice and clean boutique hotel.,(no literals),,False,json_parse_error: Extra data: line 1 column 22 (char 21)
289,,gt,Location,Positive,good_location,Close to airport and Makenzie beach area. Taxi fare to airport around 15-18 euro.,(no literals),,False,json_parse_error: Extra data: line 1 column 19 (char 18)
289,,gt,Room,Negative,bad_room,The room does not maintain well noise insulation. but this is typical in the area,(no literals),,False,'not_maintain_well_noise_insulation_room' is not of type 'object'
290,,gt,Staff,Positive,good_staff,"Staff were happy to go above and beyond to help me with Covid restrictions for the airport, which was very close by.",(no literals),,False,'happy_to_go_above_and_beyond_staff' is not of type 'object'
290,,gt,Food,Positive,good_food,The breakfast was good.,(no literals),,False,'good_breakfast' is not of type 'object'
290,,gt,Room,Positive,good_room,"The room and location were excellent value for money- I was also upgraded a room free of charge, Lovely balcony view of the ocean.",(no literals),,False,json_parse_error: Extra data: line 1 column 33 (char 32)
290,,gt,Location,Positive,good_location,The room and location were excellent value for money,(no literals),,False,'excellent_value_for_money_location' is not of type 'object'
290,,gt,Price,Positive,good_price,"The room and location were excellent value for money- I was also upgraded a room free of charge, Lovely balcony view of the ocean.",(no literals),,False,json_parse_error: Extra data: line 1 column 28 (char 27)
291,,gt,Staff,Positive,good_staff,Friendly staff,(no literals),,False,'friendly_staff' is not of type 'object'
291,,gt,Room,Positive,good_room,Very clean and cozy,(no literals),,False,json_parse_error: Extra data: line 1 column 13 (char 12)
291,,gt,Location,Positive,good_location,Close to the airport,(no literals),,False,'close_to_airport' is not of type 'object'
292,,gt,Location,Positive,good_location,"Good location for airport , only 8 minutes by car",(no literals),,False,json_parse_error: Extra data: line 1 column 28 (char 27)
292,,gt,Room,Negative,bad_room,The Smart television did not work,(no literals),,False,'did_not_work_Smart_television' is not of type 'object'
293,,gt,Staff,Positive,good_staff,helpful and friendly staff.,(no literals),,False,json_parse_error: Extra data: line 1 column 16 (char 15)
294,,gt,Room,Positive,good_room,clean basic,(no literals),,False,json_parse_error: Extra data: line 1 column 13 (char 12)
295,,gt,Facility,Positive,good_facility,"everything was just great, the new and well furnished hotel with comfortable rooms;, the atmosphere there makes you feel like home,",(no literals),,False,json_parse_error: Extra data: line 1 column 12 (char 11)
295,,gt,Location,Positive,good_location,"the location is good, only 20 minutes away from the centre but located in a quiet area;",(no literals),,False,json_parse_error: Extra data: line 1 column 16 (char 15)
295,,gt,Room,Positive,good_room,"the new and well furnished hotel with comfortable rooms, room was cleaned every day; wifi is strong all the time;",(no literals),,False,json_parse_error: Extra data: line 1 column 12 (char 11)
295,,gt,Staff,Positive,good_staff,"the staff is polite and helpful;, the hosts are very kind and smiling people;",(no literals),,False,json_parse_error: Extra data: line 1 column 15 (char 14)
295,,gt,Food,Positive,good_food,"the Garnish restaurant downstairs is a very warm and cosy place with tasty breakfasts every morning. Mr. Richard and Sendi are awesome, it’s such a pleasure to start a day with their smiles.",(no literals),,False,json_parse_error: Extra data: line 1 column 13 (char 12)
295,,gt,Price,Positive,good_price,Worth every Euro you spend.,(no literals),,False,'worth_every_euro' is not of type 'object'
296,,gt,Room,Negative,bad_room,TV CHANNELS TO BE FIXED :),(no literals),,False,'to_be_fixed_tv_channels' is not of type 'object'
297,,gt,Facility,Positive,good_facility,recently refurbished and very clean!,(no literals),,False,json_parse_error: Extra data: line 1 column 32 (char 31)
297,,gt,Room,Positive,good_room,recently refurbished and very clean!,(no literals),,False,json_parse_error: Extra data: line 1 column 28 (char 27)
298,,gt,Location,Positive,good_location,location is good you can take bus 425 from the airport to somewhere close enough to the hotel.,(no literals),,False,json_parse_error: Extra data: line 1 column 16 (char 15)
298,,gt,Staff,Positive,good_staff,stuff were super nice!,(no literals),,False,'super_nice_stuff' is not of type 'object'
298,,gt,Room,Positive,good_room,"room is spacious and clean, bed is comfy too.",(no literals),,False,json_parse_error: Extra data: line 1 column 16 (char 15)
299,,gt,Staff,Positive,good_staff,"The staff was very welcoming and friendly,",(no literals),,False,json_parse_error: Extra data: line 1 column 18 (char 17)
299,,gt,Room,Positive,good_room,"the room is just as in the pictures; newly renovated, fully functional and most importantly comfortable and clean.",(no literals),,False,json_parse_error: Extra data: line 1 column 23 (char 22)
299,,gt,Location,Positive,good_location,"The hotel's location is convenient. Very easy to catch public transportations, many café around and close to the center.",(no literals),,False,json_parse_error: Extra data: line 1 column 22 (char 21)
300,,gt,Staff,Positive,good_staff,"The staff was so helpful, friendly and welcoming. My one night stay felt like home!",(no literals),,False,json_parse_error: Extra data: line 1 column 16 (char 15)
300,,gt,Location,Positive,good_location,"Great location very close to the airport, 1 minute walk to the bus station, beach and restaurants.",(no literals),,False,json_parse_error: Extra data: line 1 column 17 (char 16)
300,,gt,Room,Positive,good_room,"The room was very clean and spacious. The mini bar was rich and very well priced,",(no literals),,False,json_parse_error: Extra data: line 1 column 13 (char 12)
300,,gt,Food,Positive,good_food,even breakfast was presentable and tasty!,(no literals),,False,json_parse_error: Extra data: line 1 column 24 (char 23)
300,,gt,Facility,Negative,bad_facility,It was cold for a swim:),(no literals),,False,'cold_swim' is not of type 'object'
301,,gt,Facility,Positive,good_facility,"Christmas vibes, nice ambiance.",(no literals),,False,json_parse_error: Extra data: line 1 column 24 (char 23)
301,,gt,Staff,Positive,good_staff,Staff make you feel at home.,(no literals),,False,'feel_at_home_staff' is not of type 'object'
301,,gt,Location,Positive,good_location,Quiet area.,(no literals),,False,'quiet_area' is not of type 'object'
302,,gt,Room,Positive,good_room,It was very clean.,(no literals),,False,'clean_it' is not of type 'object'
303,,gt,Staff,Positive,good_staff,"Very welcoming couple, helpful, and happy to help for any situation or question.",(no literals),,False,json_parse_error: Extra data: line 1 column 19 (char 18)
304,,gt,Room,Positive,good_room,"What i liked most about the hotel is the room, bed sheets and toilet are super clean. Bed is very comfortable.",(no literals),,False,json_parse_error: Extra data: line 1 column 19 (char 18)
304,,gt,Location,Positive,good_location,"On top of that, the hotel is less than a minute away on foot from the bus station. 
  The city is nice, a lot of restaurants, bars and shops in the area. And of course lots and lots of beach shores to relax at, one of which you can get on foot for less than 5 minutes.",(no literals),,False,json_parse_error: Extra data: line 1 column 38 (char 37)
304,,gt,Staff,Positive,good_staff,"The staff was nice, they gave me recommendations on what places to visit and how to roam around.",(no literals),,False,json_parse_error: Extra data: line 1 column 13 (char 12)
305,,gt,Staff,Positive,good_staff,"First off, the staff. They have been so accommodating and easy to deal with and have gone above and beyond to help us out.",(no literals),,False,json_parse_error: Extra data: line 1 column 22 (char 21)
305,,gt,Food,Positive,good_food,all the restaurants were closed. Richard was amazing and whipped us up an excellent pizza even though they were long since closed.,(no literals),,False,'excellent_pizza' is not of type 'object'
306,,gt,Facility,Positive,good_facility,"Good place ,",(no literals),,False,'good_hotel' is not of type 'object'
306,,gt,Staff,Positive,good_staff,"excellent stuff,",(no literals),,False,'excellent_stuff' is not of type 'object'
307,,gt,Facility,Positive,good_facility,"The modern, nice hotel,",(no literals),,False,json_parse_error: Extra data: line 1 column 15 (char 14)
307,,gt,Location,Positive,good_location,accommodation for one night before departure.,(no literals),,False,json_parse_error: Expecting value: line 1 column 1 (char 0)
307,,gt,Staff,Positive,good_staff,The hotel arranged a taxi to the airport for 15 €,(no literals),,False,'arranged_taxi_hotel' is not of type 'object'
308,,gt,Staff,Positive,good_staff,Wonderful people on reception and in the restaurant :) always smiling and glad to help,(no literals),,False,json_parse_error: Extra data: line 1 column 19 (char 18)
308,,gt,Facility,Positive,good_facility,"it was soo nice and cosy, made me feel welcome from the first moment of arrival",(no literals),,False,json_parse_error: Extra data: line 1 column 13 (char 12)
309,,gt,Staff,Positive,good_staff,The management/husband and wife/were fantastic as were all the staff!,(no literals),,False,json_parse_error: Extra data: line 1 column 23 (char 22)
310,,gt,Location,Positive,good_location,"close proximity to Larnaca airport. close to Mckenzie beach with lots of restaurants for dinner,",(no literals),,False,json_parse_error: Extra data: line 1 column 37 (char 36)
310,,gt,Check-out,Positive,good_check_out,hotel allowed us to check out later prior to our flight.,(no literals),,False,'check_out_later_hotel' is not of type 'object'
310,,gt,Food,Positive,good_food,breakfasts were nice. very clean.,(no literals),,False,'nice_breakfasts' is not of type 'object'
310,,gt,Room,Positive,good_room,very clean.,(no literals),,False,'clean_room' is not of type 'object'
311,,gt,Room,Positive,good_room,"Very clean, Nice freshly decorated rooms.",(no literals),,False,json_parse_error: Extra data: line 1 column 14 (char 13)
311,,gt,Staff,Positive,good_staff,"staff very welcoming and helpful, quick response when asking about bringing them.",(no literals),,False,json_parse_error: Extra data: line 1 column 18 (char 17)
311,,gt,Facility,Positive,good_facility,"Pet friendly hotel, highly recommended we had no extra charge for our dogs,",(no literals),,False,json_parse_error: Extra data: line 1 column 21 (char 20)
312,,gt,Facility,Positive,good_facility,"the place was very clean, and everything was very clean.",(no literals),,False,'clean_hotel' is not of type 'object'
312,,gt,Staff,Positive,good_staff,and there’s an incredibly kind and helpful staff. they were very flexible about our strange schedule.,(no literals),,False,json_parse_error: Extra data: line 1 column 13 (char 12)
312,,gt,Food,Positive,good_food,food was delicious,(no literals),,False,'delicious_food' is not of type 'object'
312,,gt,Location,Positive,good_location,the airport is very close and the beach is a five minute walk away.,(no literals),,False,json_parse_error: Extra data: line 1 column 21 (char 20)
312,,gt,Facility,Negative,bad_facility,the pool is tiny,(no literals),,False,'tiny_pool' is not of type 'object'
312,,gt,Room,Negative,bad_room,and the bathrooms can smell like bad plumbing.,(no literals),,False,'smell_like_bad_plumbing_bathrooms' is not of type 'object'
313,,gt,Staff,Positive,good_staff,Super friendly staff.,(no literals),,False,'super_friendly_staff' is not of type 'object'
313,,gt,Facility,Positive,good_facility,"Nicely renovated and clean hotel, Quiet street with sufficient parking facilities.",(no literals),,False,json_parse_error: Extra data: line 1 column 25 (char 24)
313,,gt,Location,Positive,good_location,Quiet street with sufficient parking facilities.,(no literals),,False,json_parse_error: Extra data: line 1 column 15 (char 14)
313,,gt,Price,Positive,good_price,Fantastic value for money.,(no literals),,False,'fantastic_value_for_money' is not of type 'object'
314,,gt,Facility,Positive,good_facility,"fresh just renovated, with good wifi,",(no literals),,False,json_parse_error: Extra data: line 1 column 14 (char 13)
314,,gt,Location,Positive,good_location,"in 5 minutes from airport,",(no literals),,False,'5_minutes_from_airport' is not of type 'object'
314,,gt,Check-in,Positive,good_check_in,super fast checkin/checkout,(no literals),,False,json_parse_error: Extra data: line 1 column 21 (char 20)
314,,gt,Check-out,Positive,good_check_out,super fast checkin/checkout,(no literals),,False,'super_fast_checkout' is not of type 'object'
315,,gt,Room,Positive,good_room,it’s was exceptionally clean,(no literals),,False,'exceptionally_clean_it' is not of type 'object'
315,,gt,Staff,Positive,good_staff,and staff all very friendly,(no literals),,False,'friendly_staff' is not of type 'object'
316,,gt,Location,Positive,good_location,Perfect location to McKenzie Beach and only a 30 minute walk to the central marina.,(no literals),,False,json_parse_error: Extra data: line 1 column 19 (char 18)
316,,gt,Staff,Positive,good_staff,Everyone was very accommodating and welcoming.,(no literals),,False,json_parse_error: Extra data: line 1 column 25 (char 24)
316,,gt,Room,Positive,good_room,A nice addition to the very clean and tidy room is Netflix.,(no literals),,False,json_parse_error: Extra data: line 1 column 13 (char 12)
318,,gt,Staff,Positive,good_staff,Staff were very friendly and extremely helpful.,(no literals),,False,json_parse_error: Extra data: line 1 column 17 (char 16)
318,,gt,Facility,Positive,good_facility,"A lovely family hotel, refurbished during the main Corona period.",(no literals),,False,json_parse_error: Extra data: line 1 column 22 (char 21)
318,,gt,Location,Positive,good_location,In a quiet area 10 minutes from Larnaca airport. Only 6 minutes walk down to the beach & restaurants.,(no literals),,False,json_parse_error: Extra data: line 1 column 13 (char 12)
318,,gt,Room,Negative,bad_room,"Refurbishment not totally complete, so safety box wasn’t working., so could do with one more double hook in bathroom for towels.",(no literals),,False,json_parse_error: Extra data: line 1 column 37 (char 36)
319,,gt,Staff,Positive,good_staff,"The receptionist was waiting for me to arrive, even though it was after the usual open hours.",(no literals),,False,'waiting_receptionist' is not of type 'object'
319,,gt,Room,Positive,good_room,"The room was very clean, a bit small though, but the bathroom was spacious and the bed was comfortable.",(no literals),,False,json_parse_error: Extra data: line 1 column 13 (char 12)
319,,gt,Room,Negative,bad_room,"The room was very clean, a bit small though,",(no literals),,False,'bit_small_room' is not of type 'object'
321,,gt,Room,Positive,good_room,Well organised and clean,(no literals),,False,json_parse_error: Extra data: line 1 column 22 (char 21)
322,,gt,Facility,Positive,good_facility,"Excellent everything., The place was clean, spacious and really nice.",(no literals),,False,json_parse_error: Extra data: line 1 column 23 (char 22)
322,,gt,Staff,Positive,good_staff,"We got there early, around 10 am and they had our room ready.",(no literals),,False,'room_ready_staff' is not of type 'object'
322,,gt,Location,Positive,good_location,It was a pleasant walk to the sea,(no literals),,False,'pleasant_walk_to_the_sea' is not of type 'object'
322,,gt,Location,Negative,bad_location,but there was not much else to do close by.,(no literals),,False,'not_much_to_do_close_by' is not of type 'object'
322,,gt,Food,Negative,bad_food,More restaurants.,(no literals),,False,'more_restaurants' is not of type 'object'
323,,gt,Location,Positive,good_location,"I stayed in this hotel (twice) because of the location to the airport., It is a 10 minute walk to Makenzie Beach and those restaurants, but it also has a nice patio restaurant for a meal or cocktail.",(no literals),,False,json_parse_error: Extra data: line 1 column 26 (char 25)
323,,gt,Room,Positive,good_room,"But, I found it be clean, modern, comfortable, but they have nice amenities (fridge, coffee making, AC, nice balcony) and are spotless and comfortable.",(no literals),,False,json_parse_error: Extra data: line 1 column 11 (char 10)
323,,gt,Price,Positive,good_price,and great value for money.,(no literals),,False,'great_value_for_money' is not of type 'object'
323,,gt,Room,Negative,bad_room,"The rooms are a bit small,",(no literals),,False,'bit_small_rooms' is not of type 'object'
323,,gt,Staff,Positive,good_staff,The staff is nice and it's very welcoming.,(no literals),,False,json_parse_error: Extra data: line 1 column 13 (char 12)
324,,gt,Room,Positive,good_room,"Room was excellent, very clean and everything seems fairly new.",(no literals),,False,json_parse_error: Extra data: line 1 column 17 (char 16)
324,,gt,Staff,Positive,good_staff,Staff was very helpful.,(no literals),,False,'helpful_staff' is not of type 'object'
324,,gt,Location,Positive,good_location,"Location is also very good if you have a morning flight, airport is a 7 min drive away.",(no literals),,False,json_parse_error: Extra data: line 1 column 21 (char 20)
324,,gt,Room,Negative,bad_room,"The noise from the hallway was very loud, the doors are not sound proofed at all and we couldn't sleep because of the noise that was coming around 11, 12, 1 AM.",(no literals),,False,json_parse_error: Extra data: line 1 column 13 (char 12)
325,,gt,Facility,Positive,good_facility,"nice small hotel, everything was good.",(no literals),,False,json_parse_error: Extra data: line 1 column 13 (char 12)
325,,gt,Location,Positive,good_location,"not far from the airport., and 5 min walk to the beach.",(no literals),,False,json_parse_error: Extra data: line 1 column 23 (char 22)
325,,gt,Room,Positive,good_room,"clean and fresh rooms,",(no literals),,False,json_parse_error: Extra data: line 1 column 14 (char 13)
325,,gt,Location,Negative,bad_location,"smell from the lake, but it doesn’t depend on the hotel.",(no literals),,False,'smell_from_lake' is not of type 'object'
326,,gt,Room,Positive,good_room,Clean and freshly renovated room,(no literals),,False,json_parse_error: Extra data: line 1 column 13 (char 12)
327,,gt,Location,Positive,good_location,It’s location was ideal for the purpose of our stay because it’s close to the Larnaca AirPort.,(no literals),,False,json_parse_error: Extra data: line 1 column 17 (char 16)
327,,gt,Staff,Positive,good_staff,The host of the Hotel was so kind and helpful. Always a smile on his face with great energy and amazing hospitality making sure we had a great stay.,(no literals),,False,json_parse_error: Extra data: line 1 column 12 (char 11)
328,,gt,Room,Positive,good_room,"Everything was very clean, the bed was comfortable, spacious bathroom.",(no literals),,False,json_parse_error: Extra data: line 1 column 19 (char 18)
328,,gt,Location,Positive,good_location,The beach is very close and the bus to the airport is only 50 meters away.,(no literals),,False,json_parse_error: Extra data: line 1 column 19 (char 18)
328,,gt,Room,Negative,bad_room,"The room was a bit cramped, but we could fit. It may have been a unique case, but a rather disturbing odor of sewage came out of the drains.",(no literals),,False,json_parse_error: Extra data: line 1 column 19 (char 18)
328,,gt,Location,Negative,bad_location,but a rather disturbing odor of sewage came out of the drains. The smell could be felt on the street that day as well.,(no literals),,False,json_parse_error: Extra data: line 1 column 28 (char 27)
329,,gt,Location,Positive,good_location,and quiet,(no literals),,False,'quiet_location' is not of type 'object'
330,,gt,Staff,Positive,good_staff,The staff was exceptional. They were really customer-centric and kind.,(no literals),,False,json_parse_error: Extra data: line 1 column 20 (char 19)
330,,gt,Food,Positive,good_food,The breakfast was really delicious too 😊,(no literals),,False,'delicious_breakfast' is not of type 'object'
331,,gt,Room,Positive,good_room,Clean fresh nice and peaceful,(no literals),,False,json_parse_error: Extra data: line 1 column 13 (char 12)
331,,gt,Staff,Positive,good_staff,Very welcoming,(no literals),,False,'welcoming_staff' is not of type 'object'
332,,gt,Staff,Positive,good_staff,"The staff was super nice!
  We needed a taxi for the airport and they've helped us book it for a really good price (better than everything we've seen online).",(no literals),,False,json_parse_error: Extra data: line 1 column 19 (char 18)
332,,gt,Room,Positive,good_room,"The room was really clean and the bed was comfortable,",(no literals),,False,json_parse_error: Extra data: line 1 column 13 (char 12)
332,,gt,Room,Negative,bad_room,"The wifi in the room wasn't great. We had to work that day so we needed a strong wifi,",(no literals),,False,"""wasn't_great_wifi"" is not of type 'object'"
332,,gt,Location,Positive,good_location,but there is a Cafe Nero 10 minutes away which was perfect.,(no literals),,False,'perfect_cafe_nero' is not of type 'object'
333,,gt,Food,Positive,good_food,Breakfast was exceptional,(no literals),,False,'exceptional_breakfast' is not of type 'object'
333,,gt,Room,Negative,bad_room,Size of room was a bit small,(no literals),,False,'bit_small_size_of_room' is not of type 'object'
334,,gt,Room,Positive,good_room,"Absolutely clean, Ultimate hygiene. Very clean .",(no literals),,False,json_parse_error: Extra data: line 1 column 13 (char 12)
334,,gt,Staff,Positive,good_staff,"and friendly staff., Staff and owners very friendly and helpful .",(no literals),,False,json_parse_error: Extra data: line 1 column 17 (char 16)
334,,gt,Price,Positive,good_price,Very economic .,(no literals),,False,'economic_price' is not of type 'object'
334,,gt,Location,Positive,good_location,Location is great .,(no literals),,False,'great_location' is not of type 'object'
335,,gt,Room,Positive,good_room,"A modern, clean, friendly",(no literals),,False,json_parse_error: Extra data: line 1 column 14 (char 13)
335,,gt,Staff,Positive,good_staff,friendly,(no literals),,False,'friendly_staff' is not of type 'object'
335,,gt,Facility,Positive,good_facility,and all you need for a great Holiday.,(no literals),,False,'great_holiday' is not of type 'object'
336,,gt,Staff,Positive,good_staff,Exceptionally friendly and helpful.,(no literals),,False,json_parse_error: Extra data: line 1 column 17 (char 16)
336,,gt,Room,Positive,good_room,Tastefully decorated room and super comfy bed.,(no literals),,False,json_parse_error: Extra data: line 1 column 28 (char 27)
336,,gt,Food,Positive,good_food,Dinner and breakfast were freshly made and very tasty.,(no literals),,False,json_parse_error: Extra data: line 1 column 22 (char 21)
337,,gt,Facility,Positive,good_facility,"Excellent hotel, clean",(no literals),,False,json_parse_error: Extra data: line 1 column 18 (char 17)
337,,gt,Staff,Positive,good_staff,and with excellent owners,(no literals),,False,'excellent_owners' is not of type 'object'
338,,gt,Staff,Positive,good_staff,The family running this hotel are very friendly and welcoming! They gave us a free room upgrade.,(no literals),,False,json_parse_error: Extra data: line 1 column 18 (char 17)
338,,gt,Facility,Positive,good_facility,The building and the hotel are brand new. Spotlessly clean.,(no literals),,False,json_parse_error: Extra data: line 1 column 18 (char 17)
338,,gt,Location,Positive,good_location,"Walking distance to the beach, restaurants and shops. It is away from traffic.",(no literals),,False,json_parse_error: Extra data: line 1 column 28 (char 27)
338,,gt,Room,Positive,good_room,Fully stocked minibar with coffee and tea-making facilities.,(no literals),,False,json_parse_error: Extra data: line 1 column 24 (char 23)
338,,gt,Price,Positive,good_price,Value for money.,(no literals),,False,'value_for_money' is not of type 'object'
338,,gt,Room,Negative,bad_room,On the 4th floor with all the windows and balcony doors locked we could still hear some outside noise.,(no literals),,False,'outside_noise_room' is not of type 'object'
339,,gt,Facility,Positive,good_facility,It’s definitely one of the best accommodations I’ve ever been in. Very friendly and comfortable atmosphere.,(no literals),,False,json_parse_error: Extra data: line 1 column 13 (char 12)
339,,gt,Room,Positive,good_room,"Everything was just good:
  Clean rooms, cleaning every day; Strong wi-fi at any time;",(no literals),,False,json_parse_error: Extra data: line 1 column 14 (char 13)
339,,gt,Staff,Positive,good_staff,Great staff and very pleasant hosts;,(no literals),,False,json_parse_error: Extra data: line 1 column 14 (char 13)
339,,gt,Food,Positive,good_food,Garnish restaurant on the ground is amazing! The owner is a very kind person and creative chef.,(no literals),,False,json_parse_error: Extra data: line 1 column 21 (char 20)
340,,gt,Price,Positive,good_price,"Very good value for money,",(no literals),,False,'good_value_for_money' is not of type 'object'
340,,gt,Room,Positive,good_room,"the room was nice, with a big balcony.",(no literals),,False,json_parse_error: Extra data: line 1 column 12 (char 11)
340,,gt,Location,Negative,bad_location,A bit farther away than most hotels so it's a bit of a trek to get to get to the busier beach and bars. But the area its in is good for water sports and is where the quieter beaches are.,(no literals),,False,json_parse_error: Extra data: line 1 column 22 (char 21)
341,,gt,Staff,Positive,good_staff,The owners were absolutely lovely and made sure we had everything we needed!,(no literals),,False,'lovely_owners' is not of type 'object'
341,,gt,Facility,Positive,good_facility,Property was clean and modern,(no literals),,False,json_parse_error: Extra data: line 1 column 14 (char 13)
342,,gt,Staff,Positive,good_staff,Extremely friendly people work at La Veranda! they helped us in any possible way.,(no literals),,False,json_parse_error: Extra data: line 1 column 18 (char 17)
343,,gt,Staff,Positive,good_staff,"great friendly staff, very welcoming, the owner took me personally to our room, and gave me a prime parking spot.
  he introduced us to his daughter who was learning the trade and she was super nice and helpful.
  couldn't have been more pleased",(no literals),,False,json_parse_error: Extra data: line 1 column 14 (char 13)
344,,gt,Location,Positive,good_location,Great location 5 min walk to beach,(no literals),,False,json_parse_error: Extra data: line 1 column 17 (char 16)
344,,gt,Staff,Positive,good_staff,"And amenities , staff very good and helpful,",(no literals),,False,json_parse_error: Extra data: line 1 column 13 (char 12)
344,,gt,Room,Positive,good_room,rooms were comfortable snd very clean,(no literals),,False,json_parse_error: Extra data: line 1 column 20 (char 19)
345,,gt,Room,Positive,good_room,Very modern and clean,(no literals),,False,json_parse_error: Extra data: line 1 column 14 (char 13)
346,,gt,Room,Positive,good_room,Clean,(no literals),,False,'clean_room' is not of type 'object'
346,,gt,Staff,Positive,good_staff,and good communication.,(no literals),,False,'good_communication' is not of type 'object'
346,,gt,Taxi-issue,Negative,bad_taxi_issue,Booked a taxi from the airport was a no show.,(no literals),,False,'no_show_taxi' is not of type 'object'
347,,gt,Facility,Positive,good_facility,A family run hotel.,(no literals),,False,'family_run_hotel' is not of type 'object'
347,,gt,Staff,Positive,good_staff,Exceptional staff who were so friendly and keen to please.,(no literals),,False,json_parse_error: Extra data: line 1 column 20 (char 19)
347,,gt,Room,Positive,good_room,Rooms were also exceptional in their cleanliness and although compact had everything that you might need for your stay. I,(no literals),,False,json_parse_error: Extra data: line 1 column 32 (char 31)
347,,gt,Room,Negative,bad_room,Rooms were also exceptional in their cleanliness and although compact,(no literals),,False,'compact_rooms' is not of type 'object'
347,,gt,Location,Positive,good_location,Also only 10 minutes walk from beach and loads of restaurants.,(no literals),,False,json_parse_error: Extra data: line 1 column 29 (char 28)
348,,gt,Staff,Positive,good_staff,"Staff and owners were very welcoming,",(no literals),,False,json_parse_error: Extra data: line 1 column 18 (char 17)
348,,gt,Food,Positive,good_food,"breakfast was a typical Cypriot one,",(no literals),,False,'typical_cypriot_breakfast' is not of type 'object'
348,,gt,Facility,Positive,good_facility,the inside is excellent compared to the view from outside,(no literals),,False,'excellent_inside' is not of type 'object'
348,,gt,Facility,Negative,bad_facility,"not much parking around the property which was an apartment before being converted into this hotel, the inside is excellent compared to the view from outside",(no literals),,False,'not_much_parking' is not of type 'object'
348,,gt,Location,Negative,bad_location,Aircraft noise does not bother me but the noise from aircraft landing and taking off may be an issue if you have young family or just want a quiet area,(no literals),,False,json_parse_error: Extra data: line 1 column 22 (char 21)
349,,gt,Staff,Positive,good_staff,Very friendly and helpful staff.,(no literals),,False,json_parse_error: Extra data: line 1 column 17 (char 16)
349,,gt,Room,Positive,good_room,Clean rooms. Comfortable bed.,(no literals),,False,json_parse_error: Extra data: line 1 column 14 (char 13)
349,,gt,Location,Positive,good_location,Close to bus stop.,(no literals),,False,'close_to_bus_stop' is not of type 'object'
349,,gt,Room,Negative,bad_room,Slight smell from toilet after night.,(no literals),,False,'slight_smell_from_toilet' is not of type 'object'
349,,gt,Location,Negative,bad_location,Pretty far from major tourist spots.,(no literals),,False,'far_from_tourist_spots' is not of type 'object'
350,,gt,Location,Positive,good_location,6 mins drive from the airport,(no literals),,False,'6_mins_drive_from_the_airport' is not of type 'object'
350,,gt,Room,Positive,good_room,"Lovely clean room
  Comfortable bed",(no literals),,False,json_parse_error: Extra data: line 1 column 20 (char 19)
350,,gt,Facility,Positive,good_facility,Easy parking,(no literals),,False,'easy_parking' is not of type 'object'
350,,gt,Staff,Positive,good_staff,Lovely helpful staff,(no literals),,False,json_parse_error: Extra data: line 1 column 15 (char 14)
351,,gt,Room,Positive,good_room,"Clean, modern room, with comfy bed and great air conditioning.",(no literals),,False,json_parse_error: Extra data: line 1 column 13 (char 12)
351,,gt,Location,Positive,good_location,Fab location Close to Mackenzie beach and bars.,(no literals),,False,json_parse_error: Extra data: line 1 column 15 (char 14)
352,,gt,Room,Positive,good_room,"Super clean, good beds.",(no literals),,False,json_parse_error: Extra data: line 1 column 19 (char 18)
353,,gt,Room,Positive,good_room,Very clean and comfy room with balcony,(no literals),,False,json_parse_error: Extra data: line 1 column 13 (char 12)
353,,gt,Facility,Positive,good_facility,"Simple clear contemporary decoration, This hotel being new",(no literals),,False,json_parse_error: Extra data: line 1 column 20 (char 19)
353,,gt,Location,Positive,good_location,Near the airport,(no literals),,False,'near_the_airport' is not of type 'object'
353,,gt,Staff,Positive,good_staff,Friendly staff.,(no literals),,False,'friendly_staff' is not of type 'object'
353,,gt,Food,Positive,good_food,Healthy breakfast.,(no literals),,False,'healthy_breakfast' is not of type 'object'
353,,gt,Room,Negative,bad_room,Weak WiFi,(no literals),,False,'weak_wifi' is not of type 'object'
353,,gt,Staff,Negative,bad_staff,"the staff , although very friendly , still needs to improve its organisation and collaboration",(no literals),,False,json_parse_error: Extra data: line 1 column 29 (char 28)
353,,gt,Facility,Negative,bad_facility,Pool is very tiny.,(no literals),,False,'tiny_pool' is not of type 'object'
353,,gt,Location,Negative,bad_location,Far from centre town.,(no literals),,False,'far_from_centre_town' is not of type 'object'
354,,gt,Staff,Positive,good_staff,"Very nice staff,",(no literals),,False,'nice_staff' is not of type 'object'
354,,gt,Room,Positive,good_room,very clean and a home-experience.,(no literals),,False,json_parse_error: Extra data: line 1 column 13 (char 12)
355,,gt,Location,Positive,good_location,"We’ve chosen La Veranda as we had an early flight from Larnaka airport, There is a beach strip nearby with various restaurants for every taste",(no literals),,False,json_parse_error: Extra data: line 1 column 21 (char 20)
355,,gt,Food,Positive,good_food,"Breakfast in the hotel was great,",(no literals),,False,'great_breakfast' is not of type 'object'
356,,gt,Staff,Positive,good_staff,"The communication prior to arriving was brilliant. The staff at the hotel were friendly, polite and nothing was too much for them. Always willing to help in anyway which made our stay enjoyable.",(no literals),,False,json_parse_error: Extra data: line 1 column 26 (char 25)
356,,gt,Room,Positive,good_room,Extremely clean too.,(no literals),,False,'clean_room' is not of type 'object'
357,,gt,Staff,Positive,good_staff,"Staff is friendly,",(no literals),,False,'friendly_staff' is not of type 'object'
357,,gt,Facility,Positive,good_facility,hotel is comfortable and clean,(no literals),,False,json_parse_error: Extra data: line 1 column 20 (char 19)
358,,gt,Location,Positive,good_location,Location close to airport,(no literals),,False,'close_to_airport' is not of type 'object'
359,,gt,Facility,Positive,good_facility,and nice atmosphere,(no literals),,False,'nice_hotel' is not of type 'object'
361,,gt,Location,Positive,good_location,The location near Makanzie Beach6,(no literals),,False,'near_makanzie_beach6_location' is not of type 'object'
362,,gt,Staff,Positive,good_staff,"Excellent service, very kind and helpful staff,",(no literals),,False,json_parse_error: Extra data: line 1 column 20 (char 19)
362,,gt,Room,Positive,good_room,the room with a balcony overlooking Makenzy and Salt Lake made an amazing impression.,(no literals),,False,'amazing_impression_room' is not of type 'object'
362,,gt,Food,Positive,good_food,"I recommend the breakfasts, which are really delicious.",(no literals),,False,'delicious_breakfasts' is not of type 'object'
363,,gt,Staff,Positive,good_staff,"The staff were exceptionally attentive to ensuring that our stay was pleasent. Hospitality was great,",(no literals),,False,json_parse_error: Extra data: line 1 column 32 (char 31)
364,,gt,Location,Positive,good_location,Loads of bars and restaurants 5 mins walk away on the beach.,(no literals),,False,json_parse_error: Extra data: line 1 column 16 (char 15)
364,,gt,Staff,Positive,good_staff,Really friendly and accomodating hosts.,(no literals),,False,json_parse_error: Extra data: line 1 column 17 (char 16)
365,,gt,Check-in,Positive,good_check_in,We arrived in the night and were checked-in quickly,(no literals),,False,'quickly_checked-in' is not of type 'object'
365,,gt,Facility,Positive,good_facility,"The hotel had been just renovated, very convenient for our short stay in Larnaka.",(no literals),,False,json_parse_error: Extra data: line 1 column 23 (char 22)
366,,gt,Food,Positive,good_food,"Especially,the chef of La Vernada Hotel is perfest,he made delicious breakfast,lunch and dinner and his food is better than a 5star hotel. and the prices of the food are very good and are not expensive.Absolutely fantastic hotel with an excellent chef that make this hotel perfect.",(no literals),,False,json_parse_error: Extra data: line 1 column 22 (char 21)
366,,gt,Price,Positive,good_price,"Moreover,the price of his hotel and the prices of the food are very good and are not expensive.",(no literals),,False,json_parse_error: Extra data: line 1 column 31 (char 30)
367,,gt,Staff,Positive,good_staff,Friendly Staff.,(no literals),,False,'friendly_staff' is not of type 'object'
367,,gt,Room,Positive,good_room,Nice room with comfortable beds and nice bathroom.,(no literals),,False,json_parse_error: Extra data: line 1 column 12 (char 11)
367,,gt,Location,Positive,good_location,Good choice for travelers in larnaca,(no literals),,False,'good_choice_for_travelers' is not of type 'object'
368,,gt,Room,Positive,good_room,Clean,(no literals),,False,'clean_room' is not of type 'object'
368,,gt,Location,Positive,good_location,and perfect location.,(no literals),,False,'perfect_location' is not of type 'object'
369,,gt,Food,Positive,good_food,The food was amazing at the restaurant,(no literals),,False,'amazing_food' is not of type 'object'
369,,gt,Room,Negative,bad_room,Mostly the bathroom floor sink was closed with tapes and there was bugs under it.,(no literals),,False,json_parse_error: Extra data: line 1 column 40 (char 39)
370,,gt,Room,Positive,good_room,"Extremely clean, newly renovated, efficiently run,",(no literals),,False,json_parse_error: Extra data: line 1 column 23 (char 22)
370,,gt,Location,Positive,good_location,good location from the airport and sea.,(no literals),,False,'good_location' is not of type 'object'
371,,gt,Staff,Positive,good_staff,People working here are the best ever,(no literals),,False,'best_ever_people' is not of type 'object'
372,,gt,Facility,Positive,good_facility,"Bright, cozy, looks like almost new hotel in silent part of town.",(no literals),,False,json_parse_error: Extra data: line 1 column 15 (char 14)
372,,gt,Staff,Positive,good_staff,Very helpful staff.,(no literals),,False,'helpful_staff' is not of type 'object'
372,,gt,Location,Positive,good_location,"15 minutes drive from the airport, 15 walk to the city center, about 300 meters to the nice beach.",(no literals),,False,json_parse_error: Extra data: line 1 column 27 (char 26)
372,,gt,Room,Negative,bad_room,TV with only 3 channels.,(no literals),,False,'only_3_channels_tv' is not of type 'object'
373,,gt,Location,Positive,good_location,I stayed for a couple of nights so that I could quickly get to the airport.,(no literals),,False,'quickly_get_to_airport' is not of type 'object'
373,,gt,Facility,Positive,good_facility,"Cozy, clean hotel, Nice place,",(no literals),,False,json_parse_error: Extra data: line 1 column 13 (char 12)
373,,gt,Staff,Positive,good_staff,with wonderful staff.,(no literals),,False,'wonderful_staff' is not of type 'object'
373,,gt,Food,Positive,good_food,"Can also enjoy delicious breakfast, if desired.",(no literals),,False,'delicious_breakfast' is not of type 'object'
374,,gt,Location,Positive,good_location,Location is great.,(no literals),,False,'great_location' is not of type 'object'
374,,gt,Room,Positive,good_room,"Rooms were a great size, very clean, modern and comfy.",(no literals),,False,json_parse_error: Extra data: line 1 column 19 (char 18)
374,,gt,Facility,Negative,bad_facility,Pool could of been bigger,(no literals),,False,'bigger_pool' is not of type 'object'
375,,gt,Food,Positive,good_food,The food he creates is outstanding and delicious. Even the simplest of food ie. chicken burger and salad was made to taste exceptional. Richard cooks from the heart.,(no literals),,False,json_parse_error: Extra data: line 1 column 19 (char 18)
375,,gt,Facility,Positive,good_facility,"Overall the hotel is well situated,",(no literals),,False,'well_situated_hotel' is not of type 'object'
375,,gt,Room,Positive,good_room,the rooms are stylish and the beds very comfortable.,(no literals),,False,json_parse_error: Extra data: line 1 column 16 (char 15)
375,,gt,Staff,Positive,good_staff,The staff are helpful and friendly.,(no literals),,False,json_parse_error: Extra data: line 1 column 16 (char 15)
376,,gt,Facility,Positive,good_facility,"It was very clean, very comfortable easily a 5 star hotel. Very welcoming,",(no literals),,False,json_parse_error: Extra data: line 1 column 14 (char 13)
376,,gt,Location,Positive,good_location,5 minute walk to the beach.,(no literals),,False,'5_minute_walk_to_beach' is not of type 'object'
376,,gt,Food,Positive,good_food,"The chef is incredible and very friendly, the kind of person who loves nothing more than you enjoying his food!",(no literals),,False,json_parse_error: Extra data: line 1 column 18 (char 17)
377,,gt,Staff,Positive,good_staff,Staff very polite and helpful.,(no literals),,False,json_parse_error: Extra data: line 1 column 15 (char 14)
377,,gt,Room,Positive,good_room,Rooms are clean.,(no literals),,False,'clean_rooms' is not of type 'object'
377,,gt,Food,Positive,good_food,Breakfast was delicious.,(no literals),,False,'delicious_breakfast' is not of type 'object'
377,,gt,Location,Positive,good_location,"Hotel is near to the beach, airport and bus station.",(no literals),,False,json_parse_error: Extra data: line 1 column 16 (char 15)
378,,gt,Staff,Positive,good_staff,The staff was very friendly.,(no literals),,False,'friendly_staff' is not of type 'object'
378,,gt,Room,Positive,good_room,The room was very clean and comfortable.,(no literals),,False,json_parse_error: Extra data: line 1 column 13 (char 12)
378,,gt,Food,Positive,good_food,The food was delicious.,(no literals),,False,'delicious_food' is not of type 'object'
379,,gt,Staff,Positive,good_staff,"were pleased by staff, Hotel administrator helped us with taxi.",(no literals),,False,json_parse_error: Extra data: line 1 column 19 (char 18)
379,,gt,Food,Positive,good_food,and got early breakfast as well as had nice evening in bar.,(no literals),,False,json_parse_error: Extra data: line 1 column 18 (char 17)
379,,gt,Room,Positive,good_room,"Clean rooms, comfortable beds -",(no literals),,False,json_parse_error: Extra data: line 1 column 14 (char 13)
380,,gt,Staff,Positive,good_staff,Very nice and helpful staff able to go an extra mile for your satisfaction. I was very satisfied with their service,(no literals),,False,json_parse_error: Extra data: line 1 column 13 (char 12)
380,,gt,Location,Positive,good_location,"This hotel has great location, because it is very close to the airport, beaches and entertainment.",(no literals),,False,json_parse_error: Extra data: line 1 column 17 (char 16)
380,,gt,Room,Positive,good_room,"Rooms vere very spacy, quiet, tidy with a modern design.",(no literals),,False,json_parse_error: Extra data: line 1 column 14 (char 13)
380,,gt,Food,Positive,good_food,Breakfasts were tasty!,(no literals),,False,'tasty_breakfasts' is not of type 'object'
380,,gt,Food,Negative,bad_food,More options for breakfast.,(no literals),,False,'more_options_for_breakfast' is not of type 'object'
381,,gt,Location,Positive,good_location,"great location,walking distance to the beach and close to the airport.",(no literals),,False,json_parse_error: Extra data: line 1 column 17 (char 16)
381,,gt,Facility,Positive,good_facility,interior was clearly recently renovated.,(no literals),,False,'recently_renovated_interior' is not of type 'object'
381,,gt,Staff,Positive,good_staff,staff was very friendly,(no literals),,False,'friendly_staff' is not of type 'object'
382,,gt,Room,Positive,good_room,The room was clean.,(no literals),,False,'clean_room' is not of type 'object'
382,,gt,Staff,Positive,good_staff,The hotel facilitated shuttle service from the airport for an additional cost based on my request. Maha was responsive and reachable via whatsap and was able to accommodate the needs for my stay.,(no literals),,False,json_parse_error: Extra data: line 1 column 18 (char 17)
382,,gt,Facility,Positive,good_facility,The hotel also very kindly received a package on my behalf prior to my arrival.,(no literals),,False,'kindly_received_package_hotel' is not of type 'object'
382,,gt,Location,Positive,good_location,The hotel is good for a layover in Larnaca as it is close to the airport and also allows you access to the beach at 7min walking distance.,(no literals),,False,json_parse_error: Extra data: line 1 column 19 (char 18)
383,,gt,Staff,Positive,good_staff,Very friendly and helpful staff.,(no literals),,False,json_parse_error: Extra data: line 1 column 17 (char 16)
383,,gt,Facility,Positive,good_facility,Clean facilities.,(no literals),,False,'clean_facilities' is not of type 'object'
383,,gt,Food,Positive,good_food,Good breakfast,(no literals),,False,'good_breakfast' is not of type 'object'
384,,gt,Facility,Positive,good_facility,"Amazing hotel,",(no literals),,False,'amazing_hotel' is not of type 'object'
384,,gt,Room,Positive,good_room,"new, clean,",(no literals),,False,json_parse_error: Extra data: line 1 column 11 (char 10)
384,,gt,Staff,Positive,good_staff,staff & management are great,(no literals),,False,json_parse_error: Extra data: line 1 column 14 (char 13)
385,,gt,Staff,Positive,good_staff,Excellent service.,(no literals),,False,'excellent_service' is not of type 'object'
386,,gt,Staff,Positive,good_staff,"The owners, Tony and Joanna were very friendly, welcoming and accommodating as was Richard at the bar/restaurant. Coming off of a US based cruise ship, we had forgotten converters to charge our phones but Tony had multiple for us to borrow. He even had a luggage scale for us as we prepared our suitcases for our departure back home.",(no literals),,False,json_parse_error: Extra data: line 1 column 18 (char 17)
386,,gt,Food,Positive,good_food,"friendly, welcoming and accommodating as was Richard at the bar/restaurant.",(no literals),,False,json_parse_error: Extra data: line 1 column 26 (char 25)
386,,gt,Room,Positive,good_room,The rooms were completely renovated and stunning with brand new air conditioning systems that chilled the rooms within minutes (we rented a 2 bedroom suite).,(no literals),,False,json_parse_error: Extra data: line 1 column 29 (char 28)
386,,gt,Facility,Positive,good_facility,"Finally, the place was spotlessly clean!",(no literals),,False,'spotlessly_clean_hotel' is not of type 'object'
388,,gt,Staff,Positive,good_staff,Very friendly and effective employees and owners.,(no literals),,False,json_parse_error: Extra data: line 1 column 21 (char 20)
388,,gt,Facility,Positive,good_facility,Brand new fittings and furniture.,(no literals),,False,json_parse_error: Extra data: line 1 column 21 (char 20)
388,,gt,Location,Positive,good_location,Excellent location near the airport and the beach.,(no literals),,False,json_parse_error: Extra data: line 1 column 21 (char 20)
388,,gt,Room,Positive,good_room,Very clean and quite.,(no literals),,False,json_parse_error: Extra data: line 1 column 13 (char 12)
389,,gt,Location,Positive,good_location,"Great location! Convenient to the airport and the beach. 5 minutes away from the airport and within walking distance to the beach, restaurants, and other amenities this is the place for you",(no literals),,False,json_parse_error: Extra data: line 1 column 17 (char 16)
389,,gt,Staff,Positive,good_staff,Professional and friendly staff.,(no literals),,False,json_parse_error: Extra data: line 1 column 21 (char 20)
389,,gt,Facility,Positive,good_facility,"If you are looking to an affordable, clean hotel this is the place for you",(no literals),,False,json_parse_error: Extra data: line 1 column 19 (char 18)
390,,gt,Staff,Positive,good_staff,Very good service,(no literals),,False,'good_service' is not of type 'object'
391,,gt,Facility,Positive,good_facility,it is recently renovated building,(no literals),,False,'recently_renovated_hotel' is not of type 'object'
391,,gt,Room,Positive,good_room,therefore the rooms were nice and clean.,(no literals),,False,json_parse_error: Extra data: line 1 column 13 (char 12)
391,,gt,Location,Positive,good_location,Mackenzie Beach promenade is 5 min walk.,(no literals),,False,'5_min_walk_promenade' is not of type 'object'
391,,gt,Location,Negative,bad_location,close surroundings are not that exciting and clean,(no literals),,False,json_parse_error: Extra data: line 1 column 33 (char 32)
392,,gt,Location,Positive,good_location,"Nice location,",(no literals),,False,'nice_location' is not of type 'object'
392,,gt,Room,Positive,good_room,"excellent rooms,",(no literals),,False,'excellent_rooms' is not of type 'object'
392,,gt,Staff,Positive,good_staff,very friendly staff!,(no literals),,False,'friendly_staff' is not of type 'object'
393,,gt,Room,Positive,good_room,"Very clean & modern,",(no literals),,False,json_parse_error: Extra data: line 1 column 13 (char 12)
393,,gt,Staff,Positive,good_staff,good customer service,(no literals),,False,'good_customer_service' is not of type 'object'
393,,gt,Food,Positive,good_food,and restaurant/bar very reasonably priced and quality,(no literals),,False,json_parse_error: Extra data: line 1 column 35 (char 34)
394,,gt,Check-in,Positive,good_check_in,Check in was quick and easy,(no literals),,False,json_parse_error: Extra data: line 1 column 17 (char 16)
394,,gt,Staff,Positive,good_staff,"Check in was quick and easy by polite, friendly hotel managers.",(no literals),,False,json_parse_error: Extra data: line 1 column 24 (char 23)
394,,gt,Food,Positive,good_food,Great service by Richard (bar manager).,(no literals),,False,'great_service' is not of type 'object'
394,,gt,Room,Positive,good_room,"Rooms very clean, good quality bed linen and towels, A/C, flat screen tv.",(no literals),,False,json_parse_error: Extra data: line 1 column 14 (char 13)
394,,gt,Location,Positive,good_location,"Located 7 minutes walk from beach, restaurants and supermarket. Airport 10 mins by taxi. Larnaca centre 10 mins by bus or about 30 mins walking.",(no literals),,False,json_parse_error: Extra data: line 1 column 28 (char 27)
395,,gt,Facility,Positive,good_facility,Amazing place to be honest!,(no literals),,False,'amazing_hotel' is not of type 'object'
396,,gt,Room,Positive,good_room,"Very clean, nice renovated rooms,",(no literals),,False,json_parse_error: Extra data: line 1 column 14 (char 13)
396,,gt,Staff,Positive,good_staff,staff was fantastic,(no literals),,False,'fantastic_staff' is not of type 'object'
396,,gt,Price,Positive,good_price,and price was great,(no literals),,False,'great_price' is not of type 'object'
396,,gt,Facility,Negative,bad_facility,"Need some renovation in lobby and common areas, as well as for the elevator.
  During night lights in common areas didn't work well.",(no literals),,False,json_parse_error: Extra data: line 1 column 24 (char 23)
398,,gt,Room,Positive,good_room,"Very modern and clean. Netflix in room an unexpected surprise, No views",(no literals),,False,json_parse_error: Extra data: line 1 column 14 (char 13)
398,,gt,Room,Negative,bad_room,"Netflix in room an unexpected surprise, but beware, difficult to sign back out of your account!, No views, Room small. But I had the smallest I think.",(no literals),,False,json_parse_error: Extra data: line 1 column 11 (char 10)
398,,gt,Location,Positive,good_location,but a short walk to nice beach bars. Close to airport.,(no literals),,False,json_parse_error: Extra data: line 1 column 32 (char 31)
399,,gt,Staff,Positive,good_staff,Amazing staff. I met the owners at the reception and they took care of my girl,(no literals),,False,json_parse_error: Extra data: line 1 column 16 (char 15)
399,,gt,Room,Positive,good_room,and the room was clean and ready by 12 to check in.,(no literals),,False,json_parse_error: Extra data: line 1 column 13 (char 12)
399,,gt,Check-in,Positive,good_check_in,and the room was clean and ready by 12 to check in.,(no literals),,False,'ready_room' is not of type 'object'
400,,gt,Food,Positive,good_food,"the personnel, especially the Chief. He is real professional, was always trying to prepare for us traditional vegan dishes of local cuisine (always delicious!).",(no literals),,False,json_parse_error: Extra data: line 1 column 27 (char 26)
400,,gt,Staff,Positive,good_staff,"More over, he was very friendly and kind-hearted to us, recommending places of interest, routes e.t.c.",(no literals),,False,json_parse_error: Extra data: line 1 column 14 (char 13)
400,,gt,Room,Negative,bad_room,"It would be great to have a clothes dryer at the balcony or in the bathroom, because after the swimming nowhere to dry the wet clothes and towels. After the room cleaning, most hotels provide a bottle of water. We had one bottle only after check in and none for the rest 5 nights.",(no literals),,False,json_parse_error: Extra data: line 1 column 25 (char 24)
401,,gt,Room,Positive,good_room,The room was fresh and clean.,(no literals),,False,json_parse_error: Extra data: line 1 column 13 (char 12)
401,,gt,Staff,Positive,good_staff,Friendly staff.,(no literals),,False,'friendly_staff' is not of type 'object'
402,,gt,Location,Positive,good_location,near Mackenzie Beach just 2 min walk.,(no literals),,False,json_parse_error: Extra data: line 1 column 23 (char 22)
402,,gt,Staff,Positive,good_staff,"The staff is superb,",(no literals),,False,'superb_staff' is not of type 'object'
402,,gt,Room,Positive,good_room,clean and spacious rooms.,(no literals),,False,json_parse_error: Extra data: line 1 column 14 (char 13)
403,,gt,Staff,Positive,good_staff,"Very good team
  Good hospitality
 Smiling and willing people.",(no literals),,False,json_parse_error: Extra data: line 1 column 12 (char 11)
404,,gt,Room,Negative,bad_room,A bit small rooms,(no literals),,False,'bit_small_rooms' is not of type 'object'
405,,gt,Staff,Positive,good_staff,The owners (mum&children from lebanon) are very kind and ready to help even they invite you to sit with them and relax with a drink at night!,(no literals),,False,json_parse_error: Extra data: line 1 column 14 (char 13)
405,,gt,Room,Positive,good_room,The rooms are brand new very good bedding!,(no literals),,False,json_parse_error: Extra data: line 1 column 18 (char 17)
405,,gt,Food,Positive,good_food,"Furthermore, i can speak about richard the chef of the hotel! He makes you feel like you know each other years before..!he is kind polite ready to help you with whatever you want to eat and drink! Delicious food",(no literals),,False,'delicious_food' is not of type 'object'
405,,gt,Facility,Positive,good_facility,Delicious food and 5* facilities!,(no literals),,False,'5*_facilities' is not of type 'object'
406,,gt,Facility,Positive,good_facility,New hotel,(no literals),,False,'new_hotel' is not of type 'object'
406,,gt,Room,Positive,good_room,"so everything is modern and clean (and good bed linen, furniture)",(no literals),,False,json_parse_error: Extra data: line 1 column 20 (char 19)
406,,gt,Location,Positive,good_location,5 minutes walk to Makkenzy beach (with planes landing just above you),(no literals),,False,'5_minutes_walk_to_Makkenzy_beach' is not of type 'object'
406,,gt,Room,Negative,bad_room,"The lock on the balcony's door was broken (however they sayd ""we repaired it"" when I asked it wasn't done, the lock wasn't closing as it should), and the noise from the street was entering to my room through the ""crack"". I almost broke the showers door, cause when you open the shower the door touches the toilet",(no literals),,False,json_parse_error: Extra data: line 1 column 14 (char 13)
407,,gt,Room,Positive,good_room,"Nice modern bedroom,",(no literals),,False,json_parse_error: Extra data: line 1 column 15 (char 14)
407,,gt,Food,Positive,good_food,nice greek breakfast,(no literals),,False,'nice_greek_breakfast' is not of type 'object'
407,,gt,Location,Positive,good_location,"and hotel great location,",(no literals),,False,'great_location' is not of type 'object'
408,,gt,Facility,Positive,good_facility,A wonderful place run by wonderful people!,(no literals),,False,'wonderful_hotel' is not of type 'object'
408,,gt,Staff,Positive,good_staff,A wonderful place run by wonderful people!,(no literals),,False,json_parse_error: Extra data: line 1 column 18 (char 17)
409,,gt,Facility,Positive,good_facility,This hotel was excellent and exceeded all my expectations.,(no literals),,False,'excellent_hotel' is not of type 'object'
409,,gt,Food,Positive,good_food,"The restaurant had delicious food, the service was incredible,",(no literals),,False,'delicious_food' is not of type 'object'
409,,gt,Room,Positive,good_room,rooms were to a very high standard and clean.,(no literals),,False,json_parse_error: Extra data: line 1 column 22 (char 21)
409,,gt,Staff,Positive,good_staff,"I am very pleased to stay here and grateful for the staff, they have been helpful, kind and professional.",(no literals),,False,json_parse_error: Extra data: line 1 column 16 (char 15)
410,,gt,Location,Positive,good_location,"The location is amazing. Being close to the airport in Larnaka makes travelling easier. Also being right next to the Salt Lake is a must-see especially if there is a good sunset. 
  Within a 10 minute walk you can be on MacKenzie beach which is well maintained and cleaner than other beaches we seen in Larnaka. The hotel is next to a bus stop for travelling between downtown and other locations. Very handy since we didn’t hire a car.",(no literals),,False,json_parse_error: Extra data: line 1 column 19 (char 18)
410,,gt,Staff,Positive,good_staff,"The staff make this hotel great. They are friendly, warm, helpful. Always willing to do more to make the guest have a better stay.",(no literals),,False,json_parse_error: Extra data: line 1 column 14 (char 13)
410,,gt,Room,Positive,good_room,"The recently renovated room is about as clean as it could be. The facilities are modern and new. The shower is amazing for couples to use together. The balcony is a nice addition to an already fresh, well presented room. 
  The double bed is extremely comfortable and the new bedding was a delight. It is hard to get a comfortable sheet to sleep with in a country as warm as Cyprus but we were happy with everything offered by the hotel. 
  The minibar was extremely reasonably priced and well stocked. 
  Aircon perfect, easy to use. 
  Wifi great when we used it.",(no literals),,False,json_parse_error: Extra data: line 1 column 26 (char 25)
410,,gt,Facility,Positive,good_facility,The front of the hotel is an extremely nice place to unwind in the evening.,(no literals),,False,'nice_hotel' is not of type 'object'
410,,gt,Room,Negative,bad_room,Minor point: a bar for hanging clothes in the room was the only thing we felt was missing to improve our stay.,(no literals),,False,'missing_bar_for_hanging_clothes' is not of type 'object'
412,,gt,Room,Positive,good_room,"Superbly refurbished, with high-tech displays “clean/DnD” outside.",(no literals),,False,json_parse_error: Extra data: line 1 column 28 (char 27)
412,,gt,Facility,Negative,bad_facility,Taller people be careful of doorway leading to elevator - being 190 i head-bumped…,(no literals),,False,'head-bumped_doorway' is not of type 'object'
414,,gt,Staff,Positive,good_staff,"Great staff,",(no literals),,False,'great_staff' is not of type 'object'
414,,gt,Room,Positive,good_room,"very clean and modern rooms,",(no literals),,False,json_parse_error: Extra data: line 1 column 14 (char 13)
414,,gt,Price,Positive,good_price,great value,(no literals),,False,'great_value' is not of type 'object'
415,,gt,Location,Positive,good_location,"Walking distance from the Mackenzie beach, beach lounges and restaurants..",(no literals),,False,json_parse_error: Extra data: line 1 column 35 (char 34)
415,,gt,Facility,Positive,good_facility,the hotel and room were super clean.,(no literals),,False,json_parse_error: Extra data: line 1 column 20 (char 19)
415,,gt,Room,Positive,good_room,the hotel and room were super clean.,(no literals),,False,json_parse_error: Extra data: line 1 column 20 (char 19)
415,,gt,Staff,Positive,good_staff,The staff were really welcoming,(no literals),,False,'welcoming_staff' is not of type 'object'
415,,gt,Food,Positive,good_food,and breakfast was awesome.,(no literals),,False,'awesome_breakfast' is not of type 'object'
416,,gt,Staff,Positive,good_staff,The staff and hosts were great!,(no literals),,False,json_parse_error: Extra data: line 1 column 14 (char 13)
416,,gt,Facility,Positive,good_facility,Quiet place! Pet friendly!,(no literals),,False,json_parse_error: Extra data: line 1 column 14 (char 13)
416,,gt,Price,Positive,good_price,Value for money!,(no literals),,False,'value_for_money' is not of type 'object'
417,,gt,Location,Positive,good_location,Close to airport - just 7-10 min by taxi (15€).,(no literals),,False,'close_to_airport' is not of type 'object'
417,,gt,Room,Positive,good_room,"Clean, fresh rooms with all you need for overnight stay.",(no literals),,False,json_parse_error: Extra data: line 1 column 14 (char 13)
417,,gt,Staff,Positive,good_staff,Very friendly staff.,(no literals),,False,'friendly_staff' is not of type 'object'
418,,gt,Room,Negative,bad_room,The bottle with hair/body wash was empty. Aircon had just one uncontrolled speed. There were no adapters for CY sockets. The blanket was too warm for summer night.,(no literals),,False,json_parse_error: Extra data: line 1 column 15 (char 14)
419,,gt,Staff,Positive,good_staff,"Very friendly and helpful staff,",(no literals),,False,json_parse_error: Extra data: line 1 column 17 (char 16)
419,,gt,Room,Positive,good_room,"comfortable rooms,",(no literals),,False,'comfortable_rooms' is not of type 'object'
419,,gt,Location,Positive,good_location,great location.,(no literals),,False,'great_location' is not of type 'object'
420,,gt,Location,Negative,bad_location,A LITTLE BIT FAR FROM SEA,(no literals),,False,'little_bit_far_from_sea' is not of type 'object'
421,,gt,Location,Positive,good_location,"steps to Makenzy beach, cafés, and restaurants. Easy access to nightlife.",(no literals),,False,json_parse_error: Extra data: line 1 column 25 (char 24)
421,,gt,Facility,Positive,good_facility,The building is very clean and made for a comfortable stay.,(no literals),,False,json_parse_error: Extra data: line 1 column 14 (char 13)
421,,gt,Staff,Positive,good_staff,The staff made me feel welcome and was very helpful when asking about things to do.,(no literals),,False,json_parse_error: Extra data: line 1 column 16 (char 15)
422,,gt,Facility,Positive,good_facility,"This hotel is very new and completely renovated. It’s spotless clean, comfortable. Free parking,",(no literals),,False,json_parse_error: Extra data: line 1 column 12 (char 11)
422,,gt,Staff,Positive,good_staff,and very good service from the family that owns it. We felt very welcome.,(no literals),,False,json_parse_error: Extra data: line 1 column 15 (char 14)
422,,gt,Room,Positive,good_room,he room is completely new and very clean. The mini bar was really well equipped and very cheap.,(no literals),,False,json_parse_error: Extra data: line 1 column 11 (char 10)
422,,gt,Location,Positive,good_location,close to the city and very accessible by any transportation.,(no literals),,False,json_parse_error: Extra data: line 1 column 20 (char 19)
423,,gt,Staff,Positive,good_staff,Staff was amazing and very welcoming.,(no literals),,False,json_parse_error: Extra data: line 1 column 16 (char 15)
423,,gt,Room,Positive,good_room,Rooms are so clean and comfortable with variety of snacks at very affordable price.,(no literals),,False,json_parse_error: Extra data: line 1 column 14 (char 13)
423,,gt,Location,Positive,good_location,Walking distance from the beach and very easy access to public transportation,(no literals),,False,json_parse_error: Extra data: line 1 column 30 (char 29)
424,,gt,Room,Positive,good_room,Family room that fits a family of five.,(no literals),,False,'fits_a_family_of_five_room' is not of type 'object'
424,,gt,Food,Positive,good_food,Fantastic breakfast.,(no literals),,False,'fantastic_breakfast' is not of type 'object'
424,,gt,Location,Positive,good_location,Close to jogging trails along the lake and close to the airport.,(no literals),,False,json_parse_error: Extra data: line 1 column 26 (char 25)
424,,gt,Staff,Positive,good_staff,Plus a super friendly staff.,(no literals),,False,'super_friendly_staff' is not of type 'object'
425,,gt,Room,Positive,good_room,The room sizes were excellent for the wheelchair.,(no literals),,False,'excellent_room_sizes' is not of type 'object'
425,,gt,Facility,Positive,good_facility,"The hotel was airy and light.
  The hotel was nice and very clean.",(no literals),,False,json_parse_error: Extra data: line 1 column 13 (char 12)
425,,gt,Location,Positive,good_location,It was great accessibility to where we wanted to be.,(no literals),,False,'great_accessibility' is not of type 'object'
425,,gt,Food,Negative,bad_food,The breakfast could have had more variety. They had no cereal on offer at all. They had no ordinary tea on offer. It was al Earl Grey. No proper plan tea.,(no literals),,False,json_parse_error: Extra data: line 1 column 25 (char 24)
425,,gt,Facility,Negative,bad_facility,This hotel is accessible to wheelchairs but there ramps are not to EU regulations. VERY STEEP. They really need to sort this. The ramp right outside is very dangerous. I am surprised I wasn't wheeled of this ramp.,(no literals),,False,json_parse_error: Extra data: line 1 column 30 (char 29)
426,,gt,Room,Positive,good_room,comfortable bed lovely soft duvet and pillows.good shower,(no literals),,False,json_parse_error: Extra data: line 1 column 18 (char 17)
426,,gt,Location,Negative,bad_location,2 times noise in week 4 a.m from people picking rubbish into large lorries .,(no literals),,False,'noise_location' is not of type 'object'
427,,gt,Room,Positive,good_room,spotlessly clean,(no literals),,False,'spotlessly_clean_room' is not of type 'object'
427,,gt,Staff,Positive,good_staff,and the staff were so helpful.,(no literals),,False,'helpful_staff' is not of type 'object'
427,,gt,Location,Negative,bad_location,it was not on the beach front as we were under the impression it was.,(no literals),,False,'not_on_the_beach_front_hotel' is not of type 'object'
428,,gt,Room,Positive,good_room,very clean,(no literals),,False,'clean_room' is not of type 'object'
428,,gt,Room,Negative,bad_room,not enough pillows,(no literals),,False,'not_enough_pillows' is not of type 'object'
429,,gt,Location,Positive,good_location,Quiet location.,(no literals),,False,'quiet_location' is not of type 'object'
429,,gt,Room,Negative,bad_room,Bed was very soft and uncomfortable for me.,(no literals),,False,json_parse_error: Extra data: line 1 column 11 (char 10)
429,,gt,Facility,Negative,bad_facility,Parking was very limited.,(no literals),,False,'limited_parking' is not of type 'object'
430,,gt,Room,Negative,bad_room,"Windows should be closed, as the front building looks right into your room.",(no literals),,False,'front_building_looks_into_room' is not of type 'object'
431,,gt,Room,Positive,good_room,The room was large and had a nice balcony.,(no literals),,False,json_parse_error: Extra data: line 1 column 13 (char 12)
431,,gt,Location,Positive,good_location,The bus stop into town was around the corner.,(no literals),,False,'around_the_corner_bus_stop' is not of type 'object'
431,,gt,Location,Negative,bad_location,There was nothing close by for a mini Mart.,(no literals),,False,'nothing_close_by_mini_Mart' is not of type 'object'
431,,gt,Food,Positive,good_food,The restaurant was decent.,(no literals),,False,'decent_restaurant' is not of type 'object'
432,,gt,Room,Positive,good_room,Clean and comfortable. Cute balconies.,(no literals),,False,json_parse_error: Extra data: line 1 column 13 (char 12)
432,,gt,Location,Positive,good_location,Short walk to Mckenzie beach.,(no literals),,False,'short_walk_to_mckenzie_beach' is not of type 'object'
432,,gt,Facility,Negative,bad_facility,Street parking.,(no literals),,False,'street_parking' is not of type 'object'
433,,gt,Staff,Positive,good_staff,"I really liked how polite and friendly the staff was,",(no literals),,False,json_parse_error: Extra data: line 1 column 15 (char 14)
433,,gt,Room,Positive,good_room,I also liked the size of the room an the bed,(no literals),,False,json_parse_error: Extra data: line 1 column 19 (char 18)
433,,gt,Room,Negative,bad_room,"- the shower of our room is very inconviniently placed, making a mess because of insufficient coverage of the bathroom glass
  - the edges of the shower (between wall tiles and the shower floor) need replacement - they are hollow and seem moldy
  - the bin is rusty
  - the mirror is weirdly placed, on the right of the sink
  - due to the placement of the curtains, a lot of light gets in the room in the morning",(no literals),,False,json_parse_error: Extra data: line 1 column 31 (char 30)
433,,gt,Facility,Negative,bad_facility,"there is no designated parking, you just park wherever you find",(no literals),,False,'no_designated_parking' is not of type 'object'
433,,gt,Staff,Negative,bad_staff,"- we have requested late check out (1pm) which we got and we appreciate it. However, we got a call that prompted us to check out at the normal time (12pm) as the next customers would arrive. I exllained thay we have been granted late check out and the clerk apologised. No problem for this, but I find it important to keep staff updated about these things.",(no literals),,False,'not_updated_staff' is not of type 'object'
434,,gt,Location,Positive,good_location,Near to the airport,(no literals),,False,'near_to_the_airport' is not of type 'object'
434,,gt,Room,Negative,bad_room,There was some kind of unpleasant smell in the bathroom,(no literals),,False,'unpleasant_smell_bathroom' is not of type 'object'
435,,gt,Location,Positive,good_location,close to the airports,(no literals),,False,'close_to_the_airports' is not of type 'object'
435,,gt,Price,Negative,bad_price,this is a guesthouse that is priced like a hotel,(no literals),,False,'priced_like_a_hotel' is not of type 'object'
436,,gt,Staff,Positive,good_staff,Maria and Richard are really great hosts! Very kind and hospitable. Maria has offered an adapter immediately.,(no literals),,False,json_parse_error: Extra data: line 1 column 14 (char 13)
436,,gt,Room,Positive,good_room,The room was perfectly clean.,(no literals),,False,'perfectly_clean_room' is not of type 'object'
436,,gt,Location,Positive,good_location,"This is a good transitioning for one night, like I had. Or just to sleep over.
  Central location.",(no literals),,False,'central_location' is not of type 'object'
436,,gt,Room,Negative,bad_room,"Size of the room is one of the smallest I have ever seen. There is no space for the suitcase nor a wardrobe. No sitting area.
  There is a terrace which Sun hits all the time,",(no literals),,False,json_parse_error: Extra data: line 1 column 28 (char 27)
436,,gt,Price,Negative,bad_price,For that money for which I used to pay better hotels in Valencia you get one small water bottle.,(no literals),,False,'one_small_water_bottle' is not of type 'object'
437,,gt,Room,Positive,good_room,"It was clean, the beds were comfortable.",(no literals),,False,json_parse_error: Extra data: line 1 column 11 (char 10)
437,,gt,Price,Negative,bad_price,For what you get it was a bit expensive.,(no literals),,False,'bit_expensive_price' is not of type 'object'
437,,gt,Room,Negative,bad_room,The rooms were a bit small for a suite.,(no literals),,False,'bit_small_rooms' is not of type 'object'
437,,gt,Food,Negative,bad_food,No breakfast included. We tried it one time at their restaurant and it was low quality compared to an original greek breakfast.,(no literals),,False,json_parse_error: Extra data: line 1 column 24 (char 23)
438,,gt,Staff,Positive,good_staff,Very friendly people.,(no literals),,False,'friendly_people' is not of type 'object'
438,,gt,Room,Positive,good_room,Very spacious and clean room.,(no literals),,False,json_parse_error: Extra data: line 1 column 16 (char 15)
438,,gt,Location,Positive,good_location,Very close to the Larnaka airport as we needed it to be.,(no literals),,False,'close_to_larnaka_airport' is not of type 'object'
438,,gt,Room,Negative,bad_room,"The duvet was for the winter and even with 23 degrees Celsius on the a/c it was unbearable!
  No simple sheets on the bed either...we could not open the windows because it was very very noisy. 
  Also the windows had no soundproofing whatsoever because the noise was too much!! Also the room had a hair dryer and a kettle that we could not use because the plugs did not fit the sockets and the hotel didn't provide adaptors...So no use of that service in the room either!",(no literals),,False,json_parse_error: Extra data: line 1 column 19 (char 18)
439,,gt,Location,Positive,good_location,Usefully located hotel in between city centre and airport.,(no literals),,False,'usefully_located_hotel' is not of type 'object'
439,,gt,Food,Positive,good_food,Restaurant stayed open reasonably late so I could eat after an evening arrival in Cyprus.,(no literals),,False,'open_reasonably_late_restaurant' is not of type 'object'
439,,gt,Food,Negative,bad_food,Restaurant was offering a rather narrow set of choices compared to what was listed on the menu.,(no literals),,False,'narrow_set_of_choices' is not of type 'object'
439,,gt,Room,Negative,bad_room,Room quite small.,(no literals),,False,'quite_small_room' is not of type 'object'
440,,gt,Staff,Positive,good_staff,Friendly Staff!,(no literals),,False,'friendly_staff' is not of type 'object'
440,,gt,Room,Positive,good_room,Very modern rooms,(no literals),,False,'modern_rooms' is not of type 'object'
440,,gt,Room,Negative,bad_room,"Bath room was cleaned rather superficially, so that medium nice with hair not being removed.",(no literals),,False,json_parse_error: Extra data: line 1 column 41 (char 40)
441,,gt,Food,Positive,good_food,"Break fast was PERFECT,",(no literals),,False,'perfect_break fast' is not of type 'object'
441,,gt,Room,Positive,good_room,the room was PERFECT.,(no literals),,False,'perfect_room' is not of type 'object'
441,,gt,Facility,Negative,bad_facility,Some issues with internet,(no literals),,False,'issues_with_internet' is not of type 'object'
441,,gt,Location,Negative,bad_location,"Some issues with internet and location, bit far from the center,",(no literals),,False,json_parse_error: Extra data: line 1 column 22 (char 21)
441,,gt,Location,Positive,good_location,but very quite Area around.,(no literals),,False,'quite_Area' is not of type 'object'
441,,gt,Room,Negative,bad_room,Cold floor in the room :-),(no literals),,False,'cold_floor_room' is not of type 'object'
442,,gt,Food,Positive,good_food,Breakfast was very filling. It was located on the table in front of us (funny question).,(no literals),,False,'filling_breakfast' is not of type 'object'
442,,gt,Room,Negative,bad_room,Room was a little cold.,(no literals),,False,'little_cold_room' is not of type 'object'
442,,gt,Facility,Negative,bad_facility,The hotel hadn’t yet opened up for the season.,(no literals),,False,'hadn’t_yet_opened_hotel' is not of type 'object'
442,,gt,Location,Negative,bad_location,It was a little hard to find.,(no literals),,False,'hard_to_find_location' is not of type 'object'
443,,gt,Room,Positive,good_room,"clean room,",(no literals),,False,'clean_room' is not of type 'object'
443,,gt,Staff,Positive,good_staff,friendly staff,(no literals),,False,'friendly_staff' is not of type 'object'
443,,gt,Facility,Negative,bad_facility,"off season, so no bar / restaurant/ pool, which was not clear on booking.",(no literals),,False,json_parse_error: Extra data: line 1 column 9 (char 8)
444,,gt,Room,Positive,good_room,nice and very clean.,(no literals),,False,json_parse_error: Extra data: line 1 column 12 (char 11)
444,,gt,Staff,Negative,bad_staff,that they couldn’t wait for 15min as i had just fractured my ankle and need to change my bandage and the Lady of the house was literally standing next to the door with a cleaner to clean the room. so i left without changing my bandage and had to do it outside on the street.,(no literals),,False,'couldn’t_wait_staff' is not of type 'object'
445,,gt,Facility,Positive,good_facility,Nice clean little hotel,(no literals),,False,json_parse_error: Extra data: line 1 column 13 (char 12)
445,,gt,Location,Positive,good_location,next to the airport,(no literals),,False,'next_to_the_airport' is not of type 'object'
445,,gt,Food,Negative,bad_food,Breakfast was below average,(no literals),,False,'below_average_breakfast' is not of type 'object'
446,,gt,Food,Negative,bad_food,didn't have breakfast but the evening meal was poor as it isn't really a bar or a restaurant.,(no literals),,False,'poor_evening_meal' is not of type 'object'
447,,gt,Staff,Positive,good_staff,the staff were lovely,(no literals),,False,'lovely_staff' is not of type 'object'
447,,gt,Room,Negative,bad_room,The bed and pillows were very uncomfortable and the telly was not working properly,(no literals),,False,json_parse_error: Extra data: line 1 column 20 (char 19)
448,,gt,Room,Positive,good_room,Clean room. comfortable bed,(no literals),,False,json_parse_error: Extra data: line 1 column 13 (char 12)
448,,gt,Location,Positive,good_location,Good location for makenzie beach.,(no literals),,False,'good_location' is not of type 'object'
448,,gt,Staff,Positive,good_staff,Staff was excellent,(no literals),,False,'excellent_staff' is not of type 'object'
448,,gt,Room,Negative,bad_room,"Complimentary coffee/tea in our bedroom was not replenished after the first night. Only one coffee sachet for a double room. 
  Whatever was used from the fridge was also not replenished.
  There were no thin curtains to allow for some light to come through into the bedroom; and so you had to draw the thick curtains if you wanted privacy.",(no literals),,False,json_parse_error: Extra data: line 1 column 29 (char 28)
449,,gt,Location,Positive,good_location,Close to the airport,(no literals),,False,'close_to_airport' is not of type 'object'
449,,gt,Staff,Negative,bad_staff,We booked a taxi at 04:30 in the morning to go to the airport. Very frustrating that the host didnt inform us that his taxi had a double Booking instead of ordening another for us.,(no literals),,False,'didnt_inform_us_host' is not of type 'object'
450,,gt,Staff,Positive,good_staff,Friendly and Helpful Staff.,(no literals),,False,json_parse_error: Extra data: line 1 column 17 (char 16)
450,,gt,Room,Positive,good_room,Room Cleanliness,(no literals),,False,'cleanliness_room' is not of type 'object'
451,,gt,Location,Positive,good_location,Property is perfectly located close from the airport and close to the famous Makenzie Beach.,(no literals),,False,json_parse_error: Extra data: line 1 column 26 (char 25)
451,,gt,Facility,Positive,good_facility,Neat and modern hotel facility.,(no literals),,False,json_parse_error: Extra data: line 1 column 22 (char 21)
451,,gt,Facility,Negative,bad_facility,"Property feels cold without an warm inviting atmosphere, as it’s to minimalistic.",(no literals),,False,json_parse_error: Extra data: line 1 column 13 (char 12)
451,,gt,Room,Negative,bad_room,Rooms are a nice size but is unfortunately situated on top of the outside bar area. Twin beds are provided and the pillows is not comfortable at all. The shower in the bathroom is open in-front which results in the whole floor being wet. Property have a great potential with some care.,(no literals),,False,json_parse_error: Extra data: line 1 column 31 (char 30)
452,,gt,Location,Positive,good_location,Chose this hotel because of it’s proximity to airport. Very quiet neighbourhood,(no literals),,False,json_parse_error: Extra data: line 1 column 23 (char 22)
452,,gt,Staff,Positive,good_staff,"Friendly welcoming staff,",(no literals),,False,json_parse_error: Extra data: line 1 column 17 (char 16)
452,,gt,Check-in,Positive,good_check_in,easy check-in.,(no literals),,False,'easy_check-in' is not of type 'object'
452,,gt,Facility,Positive,good_facility,"The hotel itself is spotlessly clean, COVID prevention measures taken.",(no literals),,False,json_parse_error: Extra data: line 1 column 25 (char 24)
453,,gt,Location,Positive,good_location,close to mackenzie beach,(no literals),,False,'close_to_mackenzie_beach' is not of type 'object'
453,,gt,Room,Negative,bad_room,"Safe didn’t work, back door balcony in other bedroom wouldn’t lock, do not disturb sign didn’t work (electronic), very noisy guests.",(no literals),,False,json_parse_error: Extra data: line 1 column 19 (char 18)
453,,gt,Staff,Negative,bad_staff,asked for double bed and got two single beds next to eachother,(no literals),,False,json_parse_error: Expecting value: line 1 column 1 (char 0)
453,,gt,Check-in,Negative,bad_check_in,"Waited 10 minutes for someone to come greet us for check in, no one on desk 
  Guy on desk told us we had not paid but we did 
  then he took a picture of my passport which no hotel does at all which was very strange ?????",(no literals),,False,json_parse_error: Extra data: line 1 column 29 (char 28)
454,,gt,Location,Negative,bad_location,Very noisy neighborhood,(no literals),,False,'noisy_neighborhood' is not of type 'object'
455,,gt,Room,Positive,good_room,It’s clean. The pictures of the room are accurate,(no literals),,False,json_parse_error: Extra data: line 1 column 13 (char 12)
455,,gt,Location,Negative,bad_location,"The location was not great, It’s in front of a pension and so close that people could see the colour of my underwear.",(no literals),,False,json_parse_error: Extra data: line 1 column 21 (char 20)
455,,gt,Facility,Negative,bad_facility,"the pool not even to be considered, the overall hotel installation is badly maintained. It’s in front of a pension. The lift broke. The pictures of the room are accurate but fot the hotel installation and pool have a look to ‘Pasithea Apartments’",(no literals),,False,json_parse_error: Extra data: line 1 column 33 (char 32)
455,,gt,Room,Negative,bad_room,"The aircon was too strong so we’d opened the windows, big mistake! Very noisy (I’ve asked quiet room).",(no literals),,False,json_parse_error: Extra data: line 1 column 20 (char 19)
455,,gt,Staff,Negative,bad_staff,the guy was offended becawe asked to see the room before paying….,(no literals),,False,'offended_guy' is not of type 'object'
456,,gt,Food,Negative,bad_food,-No free breakfast option.,(no literals),,False,'no_free_breakfast_option' is not of type 'object'
456,,gt,Room,Negative,bad_room,"They need to put a lock to the bathroom and a shower glass door inside or else it gets messy.
  -wifi is not good",(no literals),,False,json_parse_error: Extra data: line 1 column 19 (char 18)
456,,gt,Location,Positive,good_location,"Location is good. Convenient by taxi to city Center,airport and beach.",(no literals),,False,json_parse_error: Extra data: line 1 column 16 (char 15)
456,,gt,Room,Positive,good_room,rooms are very well maintained.,(no literals),,False,'well_maintained_rooms' is not of type 'object'
456,,gt,Food,Positive,good_food,-The sandwiches and hummus by the chef were delicious.,(no literals),,False,json_parse_error: Extra data: line 1 column 23 (char 22)
456,,gt,Staff,Positive,good_staff,Mrs Tony does a fabulous job keeping the place spotless and making the guests comfortable. The helps are amazing too. Thanks to all at the hotel who work hard to keep it in good condition.,(no literals),,False,json_parse_error: Extra data: line 1 column 15 (char 14)
456,,gt,Staff,Negative,bad_staff,However when I booked this property in advance it was a higher price but booking.com reduced the price before my travel date and the hotel refused to accept the lower price which I felt was unfair for me as they charged twice for cancellation and rebooking. Maybe this was a booking.com issue or the hotel but I was quite unhappy about this since it was not justified by the owner. I spoke to Ali from booking.com and he said there was no cancellation charge but they charged me,(no literals),,False,'not_justified_by_owner' is not of type 'object'
456,,gt,Booking-issue,Negative,bad_booking_issue,However when I booked this property in advance it was a higher price but booking.com reduced the price before my travel date and the hotel refused to accept the lower price which I felt was unfair for me as they charged twice for cancellation and rebooking. Maybe this was a booking.com issue or the hotel but I was quite unhappy about this since it was not justified by the owner. I spoke to Ali from booking.com and he said there was no cancellation charge but they charged me,(no literals),,False,json_parse_error: Extra data: line 1 column 15 (char 14)
457,,gt,Location,Positive,good_location,I like the quietness and it’s close to airport,(no literals),,False,json_parse_error: Extra data: line 1 column 21 (char 20)
457,,gt,Room,Negative,bad_room,The way room are furnished is not comfortable,(no literals),,False,'not_comfortable_room' is not of type 'object'
458,,gt,Facility,Negative,bad_facility,facilities are limited.,(no literals),,False,'limited_facilities' is not of type 'object'
458,,gt,Room,Negative,bad_room,"Noisy. Probably renovation work was in progress so, some items were not ready. Example, there is no rod for hangers in the wardrobe, the safe wasn’t fixed.",(no literals),,False,json_parse_error: Extra data: line 1 column 13 (char 12)
458,,gt,Food,Negative,bad_food,Limited food options,(no literals),,False,'limited_food_options' is not of type 'object'
459,,gt,Room,Positive,good_room,"Very comfortable bed, room very new and comfortable.",(no literals),,False,json_parse_error: Extra data: line 1 column 18 (char 17)
459,,gt,Room,Negative,bad_room,"TV did not work,",(no literals),,False,'did_not_work_TV' is not of type 'object'
459,,gt,Location,Negative,bad_location,garbage truck passes at 3 a.m with an incredible noise.,(no literals),,False,'incredible_noise_location' is not of type 'object'
460,,gt,Location,Positive,good_location,Location was excellent,(no literals),,False,'excellent_location' is not of type 'object'
460,,gt,Staff,Positive,good_staff,and staff was very polite.,(no literals),,False,'polite_staff' is not of type 'object'
460,,gt,Room,Positive,good_room,Room was very clean upon arrival,(no literals),,False,'clean_room' is not of type 'object'
460,,gt,Price,Negative,bad_price,Rate was very expensive for what it offered.,(no literals),,False,'expensive_rate' is not of type 'object'
460,,gt,Room,Negative,bad_room,"No cleaning service the 4 days I stayed, no emptying garbage can and also had to ask for fresh towels. There were not even hangers for clothes in the closet",(no literals),,False,json_parse_error: Extra data: line 1 column 22 (char 21)
461,,gt,Staff,Positive,good_staff,The people working there were kind and responsive. I feel bad writing a negative review because they were kind,(no literals),,False,json_parse_error: Extra data: line 1 column 14 (char 13)
461,,gt,Room,Negative,bad_room,Our plumbing had complications twice.,(no literals),,False,'complications_plumbing' is not of type 'object'
461,,gt,Staff,Negative,bad_staff,"Moreover, the cleaning crew cleaned out our rooms and threw out a box of cookies next to our bags that was meant to be a gift. These cookies are only made in Thessaloniki and cost us 25 euros. When we asked if they had seem them, the owners brought them out of the trash room and offered to spray them as if that would be acceptable for an edible gift during COVID pandemic cautions. It was nice that they tried, but they should be refunding us for the cookies we lost. I feel bad writing a negative review because they were kind; however, only things near the garbage should be thrown out. Not stuff next to guests' belongings. I was extremely disappointed in how they dealt with the situation, and that they thought it was acceptable to take an edible gift out of a trash room and continue as if nothing happened.",(no literals),,False,'disappointed_in_how_they_dealt_with_the_situation' is not of type 'object'
462,,gt,Location,Positive,good_location,"excellent location,",(no literals),,False,'excellent_location' is not of type 'object'
462,,gt,Room,Positive,good_room,clean and modern.,(no literals),,False,json_parse_error: Extra data: line 1 column 13 (char 12)
463,,gt,Room,Positive,good_room,cleanliness,(no literals),,False,'cleanliness_room' is not of type 'object'
464,,gt,Room,Positive,good_room,"The room was nice and clean, the two beds were set up as we requested",(no literals),,False,json_parse_error: Extra data: line 1 column 12 (char 11)
464,,gt,Room,Negative,bad_room,There wasn’t a fan in the bathroom so opening the window was required,(no literals),,False,'wasn’t_a_fan_bathroom' is not of type 'object'
465,,gt,Room,Positive,good_room,"Room fresh, clean and modern. Same as shown in photos.",(no literals),,False,json_parse_error: Extra data: line 1 column 13 (char 12)
465,,gt,Location,Positive,good_location,"Calm area, close to the beach, many restaurants and coffee shops there. 
  Bus station very close.",(no literals),,False,json_parse_error: Extra data: line 1 column 12 (char 11)
465,,gt,Food,Positive,good_food,Breakfast above expectations.,(no literals),,False,'above_expectations_breakfast' is not of type 'object'
466,,gt,Location,Positive,good_location,"Hotel is very close to the airport, nice place to stay if you arrive late at night.",(no literals),,False,json_parse_error: Extra data: line 1 column 19 (char 18)
467,,gt,Staff,Positive,good_staff,Liked the happy and smiling welcome that greets you once you arrive at the property.,(no literals),,False,json_parse_error: Extra data: line 1 column 16 (char 15)
468,,gt,Staff,Positive,good_staff,"Nice staff,",(no literals),,False,'nice_staff' is not of type 'object'
468,,gt,Room,Positive,good_room,room very nice and clean.,(no literals),,False,json_parse_error: Extra data: line 1 column 12 (char 11)
468,,gt,Facility,Negative,bad_facility,Swimming pool could be cleaner.,(no literals),,False,'cleaner_swimming_pool' is not of type 'object'
469,,gt,Staff,Positive,good_staff,Very helpful and knowledgeable staff.,(no literals),,False,json_parse_error: Extra data: line 1 column 16 (char 15)
469,,gt,Room,Positive,good_room,Rooms are updated and clean.,(no literals),,False,json_parse_error: Extra data: line 1 column 16 (char 15)
470,,gt,Room,Positive,good_room,Nice and clean.,(no literals),,False,json_parse_error: Extra data: line 1 column 12 (char 11)
470,,gt,Staff,Positive,good_staff,Owners very nice and friendly.,(no literals),,False,json_parse_error: Extra data: line 1 column 14 (char 13)
471,,gt,Room,Positive,good_room,"Very clean, modern rooms, comfortable bed and good shower.",(no literals),,False,json_parse_error: Extra data: line 1 column 14 (char 13)
471,,gt,Staff,Positive,good_staff,Very helpful staff.,(no literals),,False,'helpful_staff' is not of type 'object'
471,,gt,Price,Positive,good_price,Exceptional value for money,(no literals),,False,'exceptional_value_for_money' is not of type 'object'
471,,gt,Location,Positive,good_location,and very close to beach.,(no literals),,False,'close_to_beach' is not of type 'object'
471,,gt,Location,Negative,bad_location,Maybe a little way from main town,(no literals),,False,'little_way_from_main_town' is not of type 'object'
472,,gt,Facility,Positive,good_facility,Very friendly atmosphere. A family business where you feel like at home. The hotel is very comfortable.,(no literals),,False,json_parse_error: Extra data: line 1 column 17 (char 16)
472,,gt,Food,Positive,good_food,Huge and delicious breakfast.,(no literals),,False,json_parse_error: Extra data: line 1 column 17 (char 16)
473,,gt,Staff,Positive,good_staff,Friendly staff and service.,(no literals),,False,json_parse_error: Extra data: line 1 column 17 (char 16)
473,,gt,Room,Positive,good_room,Very nice rooms. Clean.,(no literals),,False,json_parse_error: Extra data: line 1 column 13 (char 12)
474,,gt,Room,Positive,good_room,"Clean, smart devices.",(no literals),,False,json_parse_error: Extra data: line 1 column 13 (char 12)
474,,gt,Price,Negative,bad_price,"Overpriced for its facilities,",(no literals),,False,'overpriced_facilities' is not of type 'object'
474,,gt,Facility,Negative,bad_facility,if you're lucky you may have the only one parking in the side.,(no literals),,False,'only_one_parking' is not of type 'object'
474,,gt,Food,Negative,bad_food,Very poor lunch (breakfast),(no literals),,False,json_parse_error: Extra data: line 1 column 13 (char 12)
475,,gt,Room,Negative,bad_room,"The floor is not cleaned enough, full of dust, water does not drain and floods the room",(no literals),,False,json_parse_error: Extra data: line 1 column 27 (char 26)
476,,gt,Staff,Positive,good_staff,"The kindness of the staff,",(no literals),,False,'kindness_of_the_staff' is not of type 'object'
476,,gt,Room,Positive,good_room,"the size of the room,",(no literals),,False,'size_of_the_room' is not of type 'object'
477,,gt,Staff,Positive,good_staff,Very kind staff.,(no literals),,False,'kind_staff' is not of type 'object'
477,,gt,Food,Positive,good_food,"Delicious food,",(no literals),,False,'delicious_food' is not of type 'object'
477,,gt,Room,Positive,good_room,impeccable cleanliness.,(no literals),,False,'impeccable_cleanliness' is not of type 'object'
478,,gt,Staff,Positive,good_staff,"The kindness of the staff,",(no literals),,False,'kindness_of_the_staff' is not of type 'object'
478,,gt,Room,Positive,good_room,the cleanliness of the room.,(no literals),,False,'cleanliness_of_the_room' is not of type 'object'
479,,gt,Facility,Positive,good_facility,"Friendly, clean hotel,",(no literals),,False,json_parse_error: Extra data: line 1 column 17 (char 16)
479,,gt,Room,Positive,good_room,functionally furnished. Balcony with courtyard or street view.,(no literals),,False,json_parse_error: Extra data: line 1 column 25 (char 24)
479,,gt,Food,Positive,good_food,"Good breakfast directly in the hotel, to be paid separately (various options up to 10 EUR).",(no literals),,False,'good_breakfast' is not of type 'object'
479,,gt,Staff,Positive,good_staff,Very friendly host.,(no literals),,False,'friendly_host' is not of type 'object'
479,,gt,Location,Positive,good_location,Proximity to the airport (3km) and the beach including numerous restaurants (500m).,(no literals),,False,json_parse_error: Extra data: line 1 column 23 (char 22)
480,,gt,Staff,Positive,good_staff,French speaking and competent staff.,(no literals),,False,json_parse_error: Extra data: line 1 column 24 (char 23)
481,,gt,Facility,Positive,good_facility,The cleanest place I stayed in Cyprus!,(no literals),,False,'cleanest_hotel' is not of type 'object'
481,,gt,Staff,Positive,good_staff,The staff is kind and welcoming.,(no literals),,False,json_parse_error: Extra data: line 1 column 13 (char 12)
482,,gt,Facility,Positive,good_facility,"pleasant accommodation,",(no literals),,False,'pleasant_hotel' is not of type 'object'
482,,gt,Staff,Positive,good_staff,"helpful reception,",(no literals),,False,'helpful_reception' is not of type 'object'
482,,gt,Room,Positive,good_room,cleanliness,(no literals),,False,'cleanliness_room' is not of type 'object'
482,,gt,Room,Negative,bad_room,the rooms were not soundproofed enough,(no literals),,False,'not_soundproofed_enough_rooms' is not of type 'object'
483,,gt,Staff,Positive,good_staff,The staff are extremely friendly and always happy to help when needed. They were always ready to answer any of our questions.,(no literals),,False,json_parse_error: Extra data: line 1 column 17 (char 16)
483,,gt,Location,Positive,good_location,"In a very good location, close to the airport, especially if you have an early or late flight, and also close to the beach.",(no literals),,False,json_parse_error: Extra data: line 1 column 21 (char 20)
483,,gt,Room,Negative,bad_room,"The main reason for not giving the highest rating is the noise. From the neighboring hotels/houses, they showered at any time of the day and made unpleasant noise. There were problems with the sealing and closing of the window.",(no literals),,False,json_parse_error: Extra data: line 1 column 13 (char 12)
484,,gt,Room,Positive,good_room,"Nice room, very clean.",(no literals),,False,json_parse_error: Extra data: line 1 column 12 (char 11)
484,,gt,Location,Positive,good_location,Convenient because close to the airport.,(no literals),,False,json_parse_error: Extra data: line 1 column 22 (char 21)
484,,gt,Staff,Positive,good_staff,Very kind and helpful staff.,(no literals),,False,json_parse_error: Extra data: line 1 column 13 (char 12)
484,,gt,Food,Positive,good_food,"We had dinner in the evening, it was very good.",(no literals),,False,'very_good_dinner' is not of type 'object'
484,,gt,Location,Negative,bad_location,Just a bit far from town,(no literals),,False,'bit_far_from_town' is not of type 'object'
484,,gt,Room,Negative,bad_room,Room a bit small,(no literals),,False,'bit_small_room' is not of type 'object'
485,,gt,Facility,Positive,good_facility,wonderful hotel and staff! all as in the photo!,(no literals),,False,json_parse_error: Extra data: line 1 column 18 (char 17)
485,,gt,Staff,Positive,good_staff,wonderful hotel and staff! all as in the photo!,(no literals),,False,'wonderful_staff' is not of type 'object'
486,,gt,Room,Positive,good_room,"The room was very clean and very spacious.
  The mattresses and pillows were excellent.",(no literals),,False,json_parse_error: Extra data: line 1 column 13 (char 12)
486,,gt,Room,Negative,bad_room,The only thing that was slightly flawed was the water in the shower in the evening which was lukewarm,(no literals),,False,'lukewarm_water' is not of type 'object'
489,,gt,Room,Positive,good_room,nice and comfortable small room.,(no literals),,False,json_parse_error: Extra data: line 1 column 12 (char 11)
489,,gt,Facility,Positive,good_facility,Early November: good availability of free parking spaces at the bottom of the hotel.,(no literals),,False,'good_availability_of_free_parking_spaces' is not of type 'object'
489,,gt,Location,Positive,good_location,"The beach is 10 minutes walk, the airport 10 minutes by bus.",(no literals),,False,json_parse_error: Extra data: line 1 column 24 (char 23)
489,,gt,Staff,Positive,good_staff,Friendly staff and very good advice,(no literals),,False,json_parse_error: Extra data: line 1 column 17 (char 16)
490,,gt,Location,Positive,good_location,Proximity to the airport,(no literals),,False,'proximity_to_airport' is not of type 'object'
490,,gt,Food,Positive,good_food,and excellent cuisine,(no literals),,False,'excellent_cuisine' is not of type 'object'
491,,gt,Room,Positive,good_room,"Practical rooms, balconies in each room.",(no literals),,False,json_parse_error: Extra data: line 1 column 18 (char 17)
491,,gt,Location,Positive,good_location,good location for the airport.,(no literals),,False,'good_location' is not of type 'object'
491,,gt,Staff,Positive,good_staff,Listening staff.,(no literals),,False,'listening_staff' is not of type 'object'
491,,gt,Room,Negative,bad_room,The noise. The rooms are poorly soundproofed. We hear the neighbors moving.,(no literals),,False,'poorly_soundproofed_rooms' is not of type 'object'
492,,gt,Location,Positive,good_location,"Hotel near the airport, ideal for a late arrival or a very early departure",(no literals),,False,json_parse_error: Extra data: line 1 column 25 (char 24)
492,,gt,Room,Negative,bad_room,"bed duvet much too thick, we suffocate underneath! Very hard bed. Noisy, due to the heavy use of tiling",(no literals),,False,json_parse_error: Extra data: line 1 column 22 (char 21)
492,,gt,Location,Negative,bad_location,"Noisy, due to the heavy use of tiling and the steady stream of travelers arriving/departing for the airport throughout the night.",(no literals),,False,'noisy_location' is not of type 'object'
493,,gt,Room,Positive,good_room,"nice, clean and neat.",(no literals),,False,json_parse_error: Extra data: line 1 column 12 (char 11)
493,,gt,Staff,Positive,good_staff,super sweet hosts,(no literals),,False,'super_sweet_hosts' is not of type 'object'
494,,gt,Facility,Positive,good_facility,Very clean hotel,(no literals),,False,'clean_hotel' is not of type 'object'
494,,gt,Staff,Positive,good_staff,Very kind staff,(no literals),,False,'kind_staff' is not of type 'object'
494,,gt,Location,Positive,good_location,Very close to the airport,(no literals),,False,'close_to_the_airport' is not of type 'object'
495,,gt,Location,Positive,good_location,clean close to the beach close to the field Intimate and quiet,(no literals),,False,json_parse_error: Extra data: line 1 column 21 (char 20)
496,,gt,Location,Positive,good_location,"Great location close to the airport,",(no literals),,False,json_parse_error: Extra data: line 1 column 17 (char 16)
496,,gt,Staff,Positive,good_staff,friendly service,(no literals),,False,'friendly_service' is not of type 'object'
496,,gt,Food,Positive,good_food,and delicious breakfasts.,(no literals),,False,'delicious_breakfasts' is not of type 'object'
497,,gt,Facility,Positive,good_facility,Perfect hotel.,(no literals),,False,'perfect_hotel' is not of type 'object'
497,,gt,Staff,Positive,good_staff,"welcoming and helpful staff. and I thank Tony for his welcome and his smile, it's so rare.",(no literals),,False,json_parse_error: Extra data: line 1 column 18 (char 17)
497,,gt,Room,Positive,good_room,the room was spacious.and clean.,(no literals),,False,json_parse_error: Extra data: line 1 column 16 (char 15)
497,,gt,Food,Positive,good_food,the restaurant is very varied.,(no literals),,False,'varied_restaurant' is not of type 'object'
497,,gt,Location,Positive,good_location,as well as the location close to the airport and the beach as well as many restaurants and snacks.,(no literals),,False,json_parse_error: Extra data: line 1 column 19 (char 18)
498,,gt,Staff,Positive,good_staff,"Great welcome, very pleasant contact, very helpful",(no literals),,False,json_parse_error: Extra data: line 1 column 16 (char 15)
498,,gt,Location,Positive,good_location,Access to the airport is close,(no literals),,False,'close_access_to_airport' is not of type 'object'
498,,gt,Location,Negative,bad_location,"Access to the airport is close but not so easy with the bus, when you do not know",(no literals),,False,'not_so_easy_access' is not of type 'object'
499,,gt,Location,Positive,good_location,The hotel is located close to Larnaca airport.,(no literals),,False,'close_to_larnaca_airport' is not of type 'object'
499,,gt,Staff,Positive,good_staff,"Very helpful staff,",(no literals),,False,'helpful_staff' is not of type 'object'
499,,gt,Room,Positive,good_room,"the room had everything you need, and also the bathroom. Clean and cozy.",(no literals),,False,json_parse_error: Extra data: line 1 column 27 (char 26)
500,,gt,Facility,Positive,good_facility,"The accommodation itself is very good., and on the other hand, if you go by car, even though there is an open-air car park very close,",(no literals),,False,json_parse_error: Extra data: line 1 column 18 (char 17)
500,,gt,Location,Positive,good_location,It is very central.,(no literals),,False,'central_location' is not of type 'object'
500,,gt,Location,Negative,bad_location,The problem is finding it. It is located in an alley and google maps went crazy. Now I understand why they sent me a photo of how to locate the street.,(no literals),,False,json_parse_error: Extra data: line 1 column 21 (char 20)
500,,gt,Room,Negative,bad_room,but the guests in the upper apartment didn't stop making noise at 3am,(no literals),,False,'making_noise_hotel' is not of type 'object'
500,,gt,Facility,Negative,bad_facility,"and on the other hand, if you go by car, even though there is an open-air car park very close, it's a real odyssey to be able to park. We had to leave the car far away.",(no literals),,False,'real_odyssey_to_park' is not of type 'object'
501,,gt,Facility,Positive,good_facility,The hotel is very clean,(no literals),,False,'clean_hotel' is not of type 'object'
501,,gt,Location,Positive,good_location,and close to the airport.,(no literals),,False,'close_to_airport' is not of type 'object'
501,,gt,Room,Positive,good_room,"Simple and comfortable rooms, you can see that there is care in the place.",(no literals),,False,json_parse_error: Extra data: line 1 column 15 (char 14)
501,,gt,Food,Positive,good_food,"The restaurant in the hotel lobby is good,",(no literals),,False,'good_restaurant' is not of type 'object'
501,,gt,Food,Negative,bad_food,although it took a relatively long time for our food to be ready.,(no literals),,False,'relatively_long_time_food' is not of type 'object'
502,,gt,Facility,Positive,good_facility,It's a clean and good hotel,(no literals),,False,json_parse_error: Extra data: line 1 column 14 (char 13)
502,,gt,Staff,Positive,good_staff,and the service is also great,(no literals),,False,'great_service' is not of type 'object'
503,,gt,Location,Positive,good_location,"Close to the field,",(no literals),,False,'close_to_field' is not of type 'object'
503,,gt,Staff,Positive,good_staff,"the staff is nice,",(no literals),,False,'nice_staff' is not of type 'object'
503,,gt,Room,Positive,good_room,"the room is restful and pleasant, clean and renovated, The bed is comfortable and so is the shower",(no literals),,False,json_parse_error: Extra data: line 1 column 15 (char 14)
503,,gt,Location,Negative,bad_location,"The environment is a bit unfriendly for walking, there is a lot of construction and the roads are bumpy",(no literals),,False,json_parse_error: Extra data: line 1 column 25 (char 24)
504,,gt,Facility,Positive,good_facility,Everything is a perfect boutique hotel,(no literals),,False,'perfect_boutique_hotel' is not of type 'object'
505,,gt,Room,Positive,good_room,"Modern furnished and very clean room,",(no literals),,False,json_parse_error: Extra data: line 1 column 24 (char 23)
505,,gt,Staff,Positive,good_staff,friendly staff.,(no literals),,False,'friendly_staff' is not of type 'object'
505,,gt,Food,Positive,good_food,"Nice restaurant in the house, great coffee!",(no literals),,False,json_parse_error: Extra data: line 1 column 18 (char 17)
505,,gt,Location,Positive,good_location,"Close to the city center, the airport and the sea.",(no literals),,False,json_parse_error: Extra data: line 1 column 23 (char 22)
505,,gt,Price,Positive,good_price,Price/performance is totally right.,(no literals),,False,'totally_right_price/performance' is not of type 'object'
506,,gt,Room,Positive,good_room,"cleanliness, simple and modern furnishings but new like the whole structure",(no literals),,False,json_parse_error: Extra data: line 1 column 19 (char 18)
507,,gt,Facility,Positive,good_facility,"The hotel is very modernly furnished,",(no literals),,False,'modernly_furnished_hotel' is not of type 'object'
507,,gt,Room,Positive,good_room,the room is spacious enough with an above-standard large bathroom.,(no literals),,False,json_parse_error: Extra data: line 1 column 23 (char 22)
507,,gt,Staff,Positive,good_staff,The staff at the reception willingly arranged a ride to the airport for us.,(no literals),,False,'willingly_arranged_staff' is not of type 'object'
509,,gt,Facility,Positive,good_facility,"Nice facility,",(no literals),,False,'nice_facility' is not of type 'object'
509,,gt,Staff,Positive,good_staff,very nice and helpful staff.,(no literals),,False,json_parse_error: Extra data: line 1 column 13 (char 12)
510,,gt,Location,Positive,good_location,Proximity to the airport,(no literals),,False,'proximity_to_airport' is not of type 'object'
510,,gt,Price,Positive,good_price,cheap,(no literals),,False,'cheap_price' is not of type 'object'
510,,gt,Room,Positive,good_room,clean,(no literals),,False,'clean_room' is not of type 'object'
510,,gt,Room,Negative,bad_room,"Cramped, the third bed for a child is more suitable for a baby, minimalist room accessories",(no literals),,False,json_parse_error: Extra data: line 1 column 15 (char 14)
511,,gt,Facility,Positive,good_facility,new clean reception,(no literals),,False,json_parse_error: Extra data: line 1 column 16 (char 15)
512,,gt,Room,Positive,good_room,very clean.,(no literals),,False,'clean_room' is not of type 'object'
512,,gt,Staff,Positive,good_staff,the staff is available and always helps,(no literals),,False,json_parse_error: Extra data: line 1 column 18 (char 17)
513,,gt,Location,Positive,good_location,The place is close to the airport and easy to get to.,(no literals),,False,json_parse_error: Extra data: line 1 column 25 (char 24)
513,,gt,Check-in,Positive,good_check_in,We arrived late and the directions were clear and easy.,(no literals),,False,json_parse_error: Extra data: line 1 column 19 (char 18)
513,,gt,Facility,Positive,good_facility,The place is clean and everything was exactly as expected,(no literals),,False,json_parse_error: Extra data: line 1 column 14 (char 13)
513,,gt,Location,Positive,good_location,A short distance from the promenade where you can find nice restaurants on the beach,(no literals),,False,json_parse_error: Extra data: line 1 column 32 (char 31)
513,,gt,Room,Negative,bad_room,The room for 5 was very tight. Suitable for one night no more,(no literals),,False,'very_tight_room' is not of type 'object'
514,,gt,Room,Positive,good_room,The cleaning,(no literals),,False,json_parse_error: Expecting value: line 1 column 1 (char 0)
515,,gt,Location,Positive,good_location,I really liked the location. Close to the lake and the beach.,(no literals),,False,json_parse_error: Extra data: line 1 column 20 (char 19)
515,,gt,Staff,Positive,good_staff,Very nice staff.,(no literals),,False,'nice_staff' is not of type 'object'
515,,gt,Check-in,Positive,good_check_in,Thank you very much for being able to move in earlier.,(no literals),,False,'move_in_earlier' is not of type 'object'
515,,gt,Facility,Positive,good_facility,Very clean new hotel,(no literals),,False,json_parse_error: Extra data: line 1 column 14 (char 13)
516,,gt,Staff,Positive,good_staff,friendliness of staff,(no literals),,False,'friendliness_of_staff' is not of type 'object'
517,,gt,Staff,Positive,good_staff,"The manager very friendly,",(no literals),,False,'friendly_manager' is not of type 'object'
517,,gt,Facility,Positive,good_facility,the hotel of very good quality,(no literals),,False,'very_good_quality_hotel' is not of type 'object'
518,,gt,Location,Positive,good_location,quiet place,(no literals),,False,'quiet_hotel' is not of type 'object'
519,,gt,Food,Positive,good_food,"Very good breakfast,",(no literals),,False,'good_breakfast' is not of type 'object'
519,,gt,Location,Positive,good_location,great location near MacKenzie beach.,(no literals),,False,json_parse_error: Extra data: line 1 column 17 (char 16)
519,,gt,Staff,Positive,good_staff,Staff very polite and helpful almost family atmosphere.,(no literals),,False,json_parse_error: Extra data: line 1 column 15 (char 14)
521,,gt,Room,Positive,good_room,"Very clean, well organized, nothing missing, pleasant balcony, comfortable mattress.",(no literals),,False,json_parse_error: Extra data: line 1 column 13 (char 12)
521,,gt,Room,Negative,bad_room,The air conditioner does not cool enough,(no literals),,False,'does_not_cool_enough_air_conditioner' is not of type 'object'
521,,gt,Staff,Positive,good_staff,nice hosts,(no literals),,False,'nice_hosts' is not of type 'object'
522,,gt,Staff,Positive,good_staff,friendly staff,(no literals),,False,'friendly_staff' is not of type 'object'
523,,gt,Staff,Positive,good_staff,"Amazing team!!!
  Helps with any question and problem... smiling and patient.
  Changed us to a family room that we requested..
  They gave us great recommendations for places in the city. Order taxis for us...help with car rental.
  They even celebrated our daughter's birthday with a surprise..
  In short, an experience",(no literals),,False,json_parse_error: Extra data: line 1 column 15 (char 14)
524,,gt,Price,Positive,good_price,A place that gives full value for the price.,(no literals),,False,'full_value_hotel' is not of type 'object'
524,,gt,Room,Positive,good_room,Excellent cleanliness.,(no literals),,False,'excellent_cleanliness' is not of type 'object'
524,,gt,Staff,Positive,good_staff,Professional staff.,(no literals),,False,'professional_staff' is not of type 'object'
524,,gt,Food,Positive,good_food,Excellent food,(no literals),,False,'excellent_food' is not of type 'object'
525,,gt,Room,Positive,good_room,"clean, quiet, well organized",(no literals),,False,json_parse_error: Extra data: line 1 column 13 (char 12)
527,,gt,Facility,Positive,good_facility,It is a great accommodation,(no literals),,False,'great_hotel' is not of type 'object'
527,,gt,Price,Positive,good_price,with excellent value for money.,(no literals),,False,'excellent_value_for_money' is not of type 'object'
527,,gt,Location,Positive,good_location,In addition to being very well located near Larnaca airport and mckenzie beach.,(no literals),,False,json_parse_error: Extra data: line 1 column 15 (char 14)
527,,gt,Staff,Positive,good_staff,The staff extremely friendly.,(no literals),,False,'friendly_staff' is not of type 'object'
528,,gt,Facility,Positive,good_facility,"New hotel, everything is clean and fresh.",(no literals),,False,json_parse_error: Extra data: line 1 column 12 (char 11)
528,,gt,Location,Positive,good_location,"We were interested in a hotel near the airport, it met our expectations!)",(no literals),,False,'near_the_airport_hotel' is not of type 'object'
529,,gt,Room,Positive,good_room,"Cleanliness/Towels: 10/10
  Design/Furniture: 10/10",(no literals),,False,json_parse_error: Extra data: line 1 column 21 (char 20)
529,,gt,Staff,Positive,good_staff,Staff: 10/10,(no literals),,False,'10/10_staff' is not of type 'object'
529,,gt,Room,Negative,bad_room,"Soundproofing: 07/10 (separated rooms with plasterboards)
  Balcony furniture set: 08/10 (could refurbish these too)
  Set of shampoo etc. for the bathroom: 08/10 (Could offer 1 to 1 for the pampering)",(no literals),,False,json_parse_error: Extra data: line 1 column 40 (char 39)
530,,gt,Facility,Positive,good_facility,Very nice and clean hotel.,(no literals),,False,json_parse_error: Extra data: line 1 column 13 (char 12)
530,,gt,Location,Positive,good_location,In an easy and quiet place. Not far from the beach.,(no literals),,False,json_parse_error: Extra data: line 1 column 13 (char 12)
530,,gt,Staff,Positive,good_staff,The staff was very nice and polite,(no literals),,False,json_parse_error: Extra data: line 1 column 13 (char 12)
531,,gt,Location,Positive,good_location,Location close to the airport and the promenade by the sea.,(no literals),,False,json_parse_error: Extra data: line 1 column 19 (char 18)
531,,gt,Room,Positive,good_room,"Clean, tidy, comfortable and beautiful room.",(no literals),,False,json_parse_error: Extra data: line 1 column 13 (char 12)
531,,gt,Staff,Positive,good_staff,Courteous and welcoming service.,(no literals),,False,json_parse_error: Extra data: line 1 column 20 (char 19)
532,,gt,Location,Positive,good_location,"The proximity to the airport,",(no literals),,False,'proximity_to_airport' is not of type 'object'
532,,gt,Facility,Positive,good_facility,"free parking,",(no literals),,False,'free_parking' is not of type 'object'
532,,gt,Room,Positive,good_room,large rooms! very clean,(no literals),,False,json_parse_error: Extra data: line 1 column 14 (char 13)
533,,gt,Food,Positive,good_food,however the restaurant in the evening was perfect. The cook particularly affable fast and delicious irreproachable service.,(no literals),,False,json_parse_error: Extra data: line 1 column 21 (char 20)
534,,gt,Food,Positive,good_food,Very good homemade breakfast.,(no literals),,False,'good_homemade_breakfast' is not of type 'object'
535,,gt,Facility,Positive,good_facility,"Small, modern hotel",(no literals),,False,json_parse_error: Extra data: line 1 column 14 (char 13)
535,,gt,Staff,Positive,good_staff,with very friendly and helpful hosts.,(no literals),,False,json_parse_error: Extra data: line 1 column 17 (char 16)
535,,gt,Location,Positive,good_location,30 minute walk from Larnaca center and 10 minute walk from beautiful Mackenzie Beach!,(no literals),,False,json_parse_error: Extra data: line 1 column 37 (char 36)
536,,gt,Facility,Positive,good_facility,An intimate hotel,(no literals),,False,'intimate_hotel' is not of type 'object'
536,,gt,Staff,Positive,good_staff,with service at the highest level.,(no literals),,False,'highest_level_service' is not of type 'object'
536,,gt,Food,Positive,good_food,The cuisine is simple but tasty.,(no literals),,False,json_parse_error: Extra data: line 1 column 17 (char 16)
536,,gt,Location,Positive,good_location,"Location on +., close to the beach, gastronomy and the airport",(no literals),,False,json_parse_error: Extra data: line 1 column 21 (char 20)
537,,gt,Facility,Positive,good_facility,Terrace was very cozy,(no literals),,False,'cozy_terrace' is not of type 'object'
538,,gt,Check-in,Positive,good_check_in,We arrived in the middle of the night and were able to get into the room via self-check-in without any problems.,(no literals),,False,'without_any_problems_self-check-in' is not of type 'object'
538,,gt,Location,Positive,good_location,"Good location close to the airport - easily accessible by taxi, there is also a bus route nearby.",(no literals),,False,json_parse_error: Extra data: line 1 column 16 (char 15)
538,,gt,Room,Negative,bad_room,Rooms may be a bit small for a longer stay,(no literals),,False,'bit_small_rooms' is not of type 'object'
539,,gt,Staff,Positive,good_staff,"lovely staff, ready to help at any hour",(no literals),,False,json_parse_error: Extra data: line 1 column 15 (char 14)
540,,gt,Location,Positive,good_location,"Location is very close to the beach, Very close to the airport, like 8 minutes by car.",(no literals),,False,json_parse_error: Extra data: line 1 column 26 (char 25)
540,,gt,Staff,Positive,good_staff,very kind staff on the last day kept our suitcases in custody for the whole day.,(no literals),,False,'kind_staff' is not of type 'object'
540,,gt,Room,Positive,good_room,Really soft bed and pillows. but large bathroom and shower.,(no literals),,False,json_parse_error: Extra data: line 1 column 11 (char 10)
540,,gt,Room,Negative,bad_room,Room a little smaller than average,(no literals),,False,'smaller_than_average_room' is not of type 'object'
541,,gt,Location,Positive,good_location,Strategic location: the property is close to both the airport and Mackenzie Beach. In fifteen minutes of walking along the sea you can also reach Finikoudes.,(no literals),,False,json_parse_error: Extra data: line 1 column 21 (char 20)
541,,gt,Staff,Positive,good_staff,"Courteous and helpful staff,",(no literals),,False,json_parse_error: Extra data: line 1 column 18 (char 17)
541,,gt,Room,Positive,good_room,"maximum cleanliness, excellent upholstery and modern furnishings.",(no literals),,False,json_parse_error: Extra data: line 1 column 22 (char 21)
542,,gt,Location,Positive,good_location,The hotel is very close to the airport. There are many restaurants and cafes within walking distance from the hotel (which was very convenient for us). Very close to the beach.,(no literals),,False,json_parse_error: Extra data: line 1 column 19 (char 18)
542,,gt,Staff,Positive,good_staff,We were given a superior room with a balcony for free,(no literals),,False,'free_superior_room' is not of type 'object'
542,,gt,Check-out,Positive,good_check_out,We left at night with no problems.,(no literals),,False,'no_problems_left' is not of type 'object'
543,,gt,Room,Positive,good_room,recently refurbished rooms.,(no literals),,False,'recently_refurbished_rooms' is not of type 'object'
543,,gt,Facility,Negative,bad_facility,Little parking nearby arriving in the evening,(no literals),,False,'little_parking' is not of type 'object'
544,,gt,Staff,Positive,good_staff,All. The sense of hospitality of the owner.,(no literals),,False,'sense_of_hospitality_owner' is not of type 'object'
545,,gt,Food,Positive,good_food,We had dinner and it was perfect,(no literals),,False,'perfect_dinner' is not of type 'object'
546,,gt,Location,Positive,good_location,"convenient location, with a late arrival and planning further travel by car. Walking distance to Mackenzie Beach and Salt Lake.",(no literals),,False,json_parse_error: Extra data: line 1 column 22 (char 21)
546,,gt,Check-in,Positive,good_check_in,Purely. no problem with check-in after 12 at night.,(no literals),,False,'no_problem_with_check-in' is not of type 'object'
546,,gt,Facility,Positive,good_facility,Parking next to the hotel.,(no literals),,False,'parking_next_to_hotel' is not of type 'object'
547,,gt,Room,Positive,good_room,"large comfortable bed, clean linen, cozy.",(no literals),,False,json_parse_error: Extra data: line 1 column 24 (char 23)
547,,gt,Location,Positive,good_location,close to the airport (7-10 minutes by taxi),(no literals),,False,'close_to_airport' is not of type 'object'
548,,gt,Food,Positive,good_food,Arabic food,(no literals),,False,'arabic_food' is not of type 'object'
548,,gt,Food,Negative,bad_food,Have to pay for breakfast,(no literals),,False,'pay_for_breakfast' is not of type 'object'
549,,gt,Staff,Positive,good_staff,Super nice staff.,(no literals),,False,'super_nice_staff' is not of type 'object'
549,,gt,Location,Positive,good_location,Great location,(no literals),,False,'great_location' is not of type 'object'
549,,gt,Facility,Positive,good_facility,and pet friendly! We were able to bring our small dog and the hotel was still very clean!!,(no literals),,False,json_parse_error: Extra data: line 1 column 21 (char 20)
550,,gt,Room,Positive,good_room,The rooms are big and very clean! There is also a balcony.,(no literals),,False,json_parse_error: Extra data: line 1 column 12 (char 11)
550,,gt,Staff,Positive,good_staff,Tony the hotel owner is a great man! Helped us with everything we needed,(no literals),,False,json_parse_error: Extra data: line 1 column 12 (char 11)
551,,gt,Staff,Positive,good_staff,"A very welcoming staff, smiling and always available to satisfy you. At the reception as in the restaurant there is always someone to take care of you in one of the four languages ​​(Greek, English, French or Arabic).",(no literals),,False,json_parse_error: Extra data: line 1 column 18 (char 17)
551,,gt,Location,Positive,good_location,The proximity to the famous Mackenzie Beach is an asset for this charming hotel. The beach is around 5 minutes walk...,(no literals),,False,json_parse_error: Extra data: line 1 column 38 (char 37)
551,,gt,Facility,Positive,good_facility,The hotel seems to have been freshened up recently.,(no literals),,False,'freshened_up_hotel' is not of type 'object'
552,,gt,Location,Positive,good_location,We arrived at the hotel for one night in order to be close to Larnaca airport for an early morning flight.,(no literals),,False,'close_to_larnaca_airport' is not of type 'object'
552,,gt,Room,Positive,good_room,"The rooms are pleasant, clean, the beds are comfortable, everything is new and clean!!",(no literals),,False,json_parse_error: Extra data: line 1 column 17 (char 16)
553,,gt,Room,Positive,good_room,"clean rooms, comfortable bed",(no literals),,False,json_parse_error: Extra data: line 1 column 14 (char 13)
553,,gt,Staff,Positive,good_staff,"very nice staff,",(no literals),,False,'nice_staff' is not of type 'object'
554,,gt,Location,Positive,good_location,"The situation, extremely close to the airport for a very early departure or a late arrival, and extremely close to the beach and its entertainment (restaurants, bars...). Very quiet though.",(no literals),,False,json_parse_error: Extra data: line 1 column 29 (char 28)
554,,gt,Room,Positive,good_room,"Very clean, very comfortable, brand new!",(no literals),,False,json_parse_error: Extra data: line 1 column 13 (char 12)
554,,gt,Staff,Positive,good_staff,Very friendly and pleasant welcome.,(no literals),,False,json_parse_error: Extra data: line 1 column 19 (char 18)
555,,gt,Staff,Positive,good_staff,We were received with a beautiful and kind hospitality by the hotel staff.,(no literals),,False,json_parse_error: Extra data: line 1 column 24 (char 23)
555,,gt,Room,Positive,good_room,"Clean room, pleasant and comfortable bedding. There is a kettle and a fridge in the room.",(no literals),,False,json_parse_error: Extra data: line 1 column 13 (char 12)
555,,gt,Location,Positive,good_location,Close to Larnaca airport. Less than 10 minutes,(no literals),,False,json_parse_error: Extra data: line 1 column 27 (char 26)
555,,gt,Room,Negative,bad_room,Bed 5 could be opened and was less comfortable. Toilet and shower are together and less convenient.,(no literals),,False,json_parse_error: Extra data: line 1 column 25 (char 24)
556,,gt,Room,Positive,good_room,"Lovely and clean room, enough for a family with 3 children. Two rooms.",(no literals),,False,json_parse_error: Extra data: line 1 column 14 (char 13)
556,,gt,Room,Negative,bad_room,The children's third bed was a bit problematic and not very stable.,(no literals),,False,json_parse_error: Extra data: line 1 column 24 (char 23)
556,,gt,Location,Positive,good_location,The location near the airport is convenient for those who need to fly early in the morning. There is also a shuttle to the field.,(no literals),,False,'convenient_location' is not of type 'object'
556,,gt,Staff,Positive,good_staff,"The staff is charming and kind, answers with a smile and agrees to every request.",(no literals),,False,json_parse_error: Extra data: line 1 column 17 (char 16)
556,,gt,Food,Positive,good_food,The restaurant in the hotel is also great.,(no literals),,False,'great_restaurant' is not of type 'object'
556,,gt,Facility,Negative,bad_facility,There was a lack of a pool,(no literals),,False,'lack_of_a_pool' is not of type 'object'
556,,gt,Price,Positive,good_price,but overall a good value for the price we paid.,(no literals),,False,'good_value_price' is not of type 'object'
557,,gt,Room,Positive,good_room,"Cleanliness first,",(no literals),,False,'cleanliness_room' is not of type 'object'
557,,gt,Staff,Positive,good_staff,the kindness of the staff.,(no literals),,False,'kindness_of_the_staff' is not of type 'object'
557,,gt,Food,Negative,bad_food,"The breakfast offered by an independent service does not correspond quantitatively and qualitatively to the known levels of Cypriot hospitality and gastronomy,
  and the price of €12 for breakfast is much more expensive than the reasonable value (in terms of quality and quantity) of the offered product!",(no literals),,False,json_parse_error: Extra data: line 1 column 32 (char 31)
558,,gt,Staff,Positive,good_staff,"explanation for arrival,",(no literals),,False,'explanation_for_arrival' is not of type 'object'
558,,gt,Room,Positive,good_room,cleanliness,(no literals),,False,'cleanliness_room' is not of type 'object'
560,,gt,Location,Positive,good_location,Excellent location near the airport. Good for an overnight stay after a late or early morning flight.,(no literals),,False,json_parse_error: Extra data: line 1 column 21 (char 20)
560,,gt,Room,Negative,bad_room,There was no hot water the two nights.,(no literals),,False,'no_hot_water' is not of type 'object'
560,,gt,Staff,Negative,bad_staff,"when we complained, they said they took care of it and it wasn't taken care of.",(no literals),,False,"""wasn't_taken_care_of_staff"" is not of type 'object'"
561,,gt,Room,Positive,good_room,cleanliness,(no literals),,False,'cleanliness_room' is not of type 'object'
561,,gt,Staff,Positive,good_staff,kindness of the staff,(no literals),,False,'kindness_of_the_staff' is not of type 'object'
562,,gt,Room,Positive,good_room,"The room is really clean,",(no literals),,False,'clean_room' is not of type 'object'
562,,gt,Location,Positive,good_location,close to Larnaca airport and it was really convenient to stop there because our flight landed in the middle of the night,(no literals),,False,json_parse_error: Extra data: line 1 column 27 (char 26)
562,,gt,Room,Negative,bad_room,The water in the bath is cold!!!!!!,(no literals),,False,'cold_water_in_the_bath' is not of type 'object'
564,,gt,Room,Positive,good_room,"The room was spotless and the sheets were musky! While we had booked a double room, they gave us a 4-bed room with two rooms, which made us very happy.",(no literals),,False,json_parse_error: Extra data: line 1 column 16 (char 15)
564,,gt,Check-in,Positive,good_check_in,While we arrived after midnight there was a person at the reception to check in.,(no literals),,False,'person_at_reception' is not of type 'object'
564,,gt,Staff,Positive,good_staff,The staff is very kind and helpful!,(no literals),,False,json_parse_error: Extra data: line 1 column 13 (char 12)
565,,gt,Location,Positive,good_location,"Location near the airport, near Mackenzie beach - super convenient. five minutes to the beach.",(no literals),,False,json_parse_error: Extra data: line 1 column 28 (char 27)
565,,gt,Food,Positive,good_food,"Delicious breakfasts,",(no literals),,False,'delicious_breakfasts' is not of type 'object'
565,,gt,Room,Positive,good_room,"Homer comfortable, clean, cleaned every day.",(no literals),,False,json_parse_error: Extra data: line 1 column 20 (char 19)
565,,gt,Staff,Positive,good_staff,"attentive staff, The owners of the hotel helped with all questions.",(no literals),,False,json_parse_error: Extra data: line 1 column 18 (char 17)
566,,gt,Location,Positive,good_location,Location close to the airport,(no literals),,False,'close_to_airport' is not of type 'object'
566,,gt,Staff,Positive,good_staff,"Kindness of staff
  Staff speaks French",(no literals),,False,json_parse_error: Extra data: line 1 column 20 (char 19)
567,,gt,Staff,Positive,good_staff,"excellent service, they helped us with everything we needed.",(no literals),,False,json_parse_error: Extra data: line 1 column 20 (char 19)
568,,gt,Taxi-issue,Negative,bad_taxi_issue,The taxi driver who picked us up for the short drive to the airport ripped us off. Be sure to negotiate the price beforehand. It's your own fault!,(no literals),,False,'ripped_us_off_taxi_driver' is not of type 'object'
569,,gt,Location,Positive,good_location,"Excellent location, 7 minutes walk from the boardwalk and the airport",(no literals),,False,json_parse_error: Extra data: line 1 column 21 (char 20)
569,,gt,Staff,Positive,good_staff,The hotel staff is simply charming and kind! They upgraded our room for free. The hotel put us in touch with a taxi driver who took us to visit the mall and charged us decent prices.,(no literals),,False,json_parse_error: Extra data: line 1 column 17 (char 16)
569,,gt,Facility,Positive,good_facility,"The hotel was recently renovated,",(no literals),,False,'recently_renovated_hotel' is not of type 'object'
569,,gt,Room,Positive,good_room,"rooms are in new and clean condition
  In addition, there is smart technology, there are electronic buttons to request cleaning for the room, a bell and remote control of the air conditioner if there is a problem.",(no literals),,False,json_parse_error: Extra data: line 1 column 22 (char 21)
570,,gt,Staff,Positive,good_staff,"Staff very welcoming, kind and very friendly.",(no literals),,False,json_parse_error: Extra data: line 1 column 18 (char 17)
570,,gt,Room,Positive,good_room,Everything is clean and perfect.,(no literals),,False,json_parse_error: Extra data: line 1 column 19 (char 18)
571,,gt,Facility,Positive,good_facility,"Clean comfortable hotel,",(no literals),,False,json_parse_error: Extra data: line 1 column 14 (char 13)
571,,gt,Food,Positive,good_food,delicious breakfast.,(no literals),,False,'delicious_breakfast' is not of type 'object'
571,,gt,Location,Positive,good_location,To the beach on foot 5 minutes.,(no literals),,False,'5_minutes_to_beach' is not of type 'object'
572,,gt,Staff,Positive,good_staff,"Friendly people both at the reception and in the restaurant,",(no literals),,False,'friendly_people' is not of type 'object'
572,,gt,Food,Positive,good_food,"Friendly people both at the reception and in the restaurant, willing to serve",(no literals),,False,json_parse_error: Extra data: line 1 column 29 (char 28)
572,,gt,Facility,Negative,bad_facility,The elevator. it needs more cleaning and maybe a complete renovation would be better.,(no literals),,False,json_parse_error: Extra data: line 1 column 31 (char 30)
573,,gt,Room,Positive,good_room,"the calm and comfort of the bedding, the balcony, the spacious room",(no literals),,False,json_parse_error: Extra data: line 1 column 15 (char 14)
573,,gt,Room,Negative,bad_room,the blue light on the balcony at night which interferes with sleeping open window,(no literals),,False,json_parse_error: Extra data: line 1 column 21 (char 20)
574,,gt,Facility,Positive,good_facility,Amazing place!,(no literals),,False,'amazing_hotel' is not of type 'object'
575,,gt,Staff,Positive,good_staff,personal attention,(no literals),,False,'personal_attention' is not of type 'object'
576,,gt,Food,Positive,good_food,"The restaurant service is very good, varied and with good prices,",(no literals),,False,json_parse_error: Extra data: line 1 column 31 (char 30)
576,,gt,Staff,Positive,good_staff,the workers are very pleasant and attentive.,(no literals),,False,json_parse_error: Extra data: line 1 column 19 (char 18)
576,,gt,Room,Negative,bad_room,The air conditioning had poor regulation... or cold (and directly to the body) or heat.,(no literals),,False,json_parse_error: Extra data: line 1 column 35 (char 34)
578,,gt,Room,Positive,good_room,"Good, firm beds and nice air conditioning in the room.",(no literals),,False,json_parse_error: Extra data: line 1 column 12 (char 11)
578,,gt,Staff,Positive,good_staff,"We were especially impressed with the staff: And they arranged a taxi from the airport to the hotel for us, what a great service!",(no literals),,False,json_parse_error: Extra data: line 1 column 18 (char 17)
578,,gt,Food,Positive,good_food,they were very nice and prepared a fantastic breakfast for us!,(no literals),,False,'fantastic_breakfast' is not of type 'object'
578,,gt,Check-in,Positive,good_check_in,Self check-in at night was also very easy.,(no literals),,False,'easy_self_check-in' is not of type 'object'
578,,gt,Room,Negative,bad_room,"There was a bottle of water ready, that should have been two for 6 people.",(no literals),,False,'should_have_been_two_bottle_of_water' is not of type 'object'
579,,gt,Location,Positive,good_location,Hotel near airport about 10 minutes drive away,(no literals),,False,json_parse_error: Extra data: line 1 column 21 (char 20)
580,,gt,Price,Positive,good_price,Super establishment undervalued in my opinion,(no literals),,False,'undervalued_hotel' is not of type 'object'
580,,gt,Staff,Positive,good_staff,"Super establishment undervalued in my opinion with an available, pleasant and very professional staff.",(no literals),,False,json_parse_error: Extra data: line 1 column 18 (char 17)
581,,gt,Staff,Positive,good_staff,"Welcoming by the staff,",(no literals),,False,'welcoming_staff' is not of type 'object'
581,,gt,Room,Positive,good_room,super clean,(no literals),,False,'super_clean_room' is not of type 'object'
581,,gt,Facility,Negative,bad_facility,Difficulty finding parking,(no literals),,False,'difficulty_finding_parking' is not of type 'object'
582,,gt,Staff,Positive,good_staff,The reception and availability of staff.,(no literals),,False,json_parse_error: Extra data: line 1 column 18 (char 17)
582,,gt,Room,Positive,good_room,The comfort of the room and its layout.,(no literals),,False,json_parse_error: Extra data: line 1 column 22 (char 21)
583,,gt,Room,Positive,good_room,Room comfort.,(no literals),,False,'comfort_room' is not of type 'object'
584,,gt,Staff,Positive,good_staff,Very pleasant welcome,(no literals),,False,'pleasant_welcome' is not of type 'object'
585,,gt,Staff,Positive,good_staff,Very friendly and courteous staff.,(no literals),,False,json_parse_error: Extra data: line 1 column 17 (char 16)
585,,gt,Room,Positive,good_room,Clean and chic furnishings.,(no literals),,False,json_parse_error: Extra data: line 1 column 20 (char 19)
586,,gt,Facility,Positive,good_facility,"Great hotel, everything is new and clean.",(no literals),,False,json_parse_error: Extra data: line 1 column 14 (char 13)
586,,gt,Staff,Positive,good_staff,Friendly and welcoming staff.,(no literals),,False,json_parse_error: Extra data: line 1 column 17 (char 16)
586,,gt,Location,Positive,good_location,"The hotel is close to the airport, convenient for a short stay. Near the sea, promenade and several excellent restaurants.",(no literals),,False,json_parse_error: Extra data: line 1 column 19 (char 18)
587,,gt,Staff,Positive,good_staff,the employees are nice,(no literals),,False,'nice_employees' is not of type 'object'
587,,gt,Room,Positive,good_room,#VALUE!,(no literals),,False,json_parse_error: Expecting value: line 1 column 1 (char 0)
587,,gt,Location,Positive,good_location,- close to the airport and the beach,(no literals),,False,json_parse_error: Extra data: line 1 column 19 (char 18)
588,,gt,Location,Positive,good_location,Excellent location close to everything.,(no literals),,False,json_parse_error: Extra data: line 1 column 21 (char 20)
589,,gt,Check-in,Positive,good_check_in,"The owners left us clear and precise information for our arrival, sending us photos.",(no literals),,False,json_parse_error: Extra data: line 1 column 20 (char 19)
589,,gt,Staff,Positive,good_staff,"The owners left us clear and precise information for our arrival, sending us photos.
  Sympathy of the owners in the morning who made the effort to speak French to us.",(no literals),,False,json_parse_error: Extra data: line 1 column 27 (char 26)
589,,gt,Room,Positive,good_room,"Cleanliness, quality of bedding, size of the room, bottle of water available.",(no literals),,False,json_parse_error: Extra data: line 1 column 19 (char 18)
589,,gt,Location,Positive,good_location,"distance from the airport,",(no literals),,False,'distance_from_airport' is not of type 'object'
589,,gt,Location,Negative,bad_location,"Works next door, but unfortunately the owners can't do anything about it",(no literals),,False,'works_next_door' is not of type 'object'
590,,gt,Facility,Positive,good_facility,"Lovely, quiet and cozy hotel",(no literals),,False,json_parse_error: Extra data: line 1 column 15 (char 14)
590,,gt,Location,Positive,good_location,5 minutes from the beach and the airport.,(no literals),,False,json_parse_error: Extra data: line 1 column 23 (char 22)
590,,gt,Room,Positive,good_room,"Crisp white linens, small but cozy and very clean room.",(no literals),,False,json_parse_error: Extra data: line 1 column 21 (char 20)
590,,gt,Room,Negative,bad_room,"Crisp white linens, small but cozy and very clean room.",(no literals),,False,'small_room' is not of type 'object'
590,,gt,Price,Positive,good_price,"For a reasonable price,",(no literals),,False,'reasonable_price' is not of type 'object'
590,,gt,Staff,Positive,good_staff,and helpful staff!,(no literals),,False,'helpful_staff' is not of type 'object'
591,,gt,Food,Positive,good_food,Very varied breakfasts to choose from in the hotel restaurant.,(no literals),,False,'varied_breakfasts' is not of type 'object'
593,,gt,Food,Positive,good_food,"The dishes cooked to order are delicious, I recommend eating at Jasmine Garden.",(no literals),,False,'delicious_dishes' is not of type 'object'
594,,gt,Facility,Positive,good_facility,"Newly refurbished, clean and tidy. There is a cozy courtyard. Parking.",(no literals),,False,json_parse_error: Extra data: line 1 column 26 (char 25)
594,,gt,Staff,Positive,good_staff,Nice welcoming staff. Kindly settled early.,(no literals),,False,json_parse_error: Extra data: line 1 column 13 (char 12)
594,,gt,Food,Positive,good_food,We had a delicious dinner at the hotel restaurant.,(no literals),,False,'delicious_dinner' is not of type 'object'
594,,gt,Room,Negative,bad_room,"Very uncomfortable folding bed, the child at night could not fall asleep with it.",(no literals),,False,'uncomfortable_folding_bed' is not of type 'object'
594,,gt,Location,Negative,bad_location,"It is also quite noisy at night - you can hear airplanes and music from nightclubs, but I think this does not apply to the hotel, such a location, but it is close to the airport.",(no literals),,False,json_parse_error: Extra data: line 1 column 17 (char 16)
595,,gt,Food,Negative,bad_food,The meal is not included in the price,(no literals),,False,'not_included_meal' is not of type 'object'
595,,gt,Price,Negative,bad_price,The meal is not included in the price,(no literals),,False,'not_included_price' is not of type 'object'
596,,gt,Room,Positive,good_room,"very clean cheap, modern room",(no literals),,False,json_parse_error: Extra data: line 1 column 13 (char 12)
596,,gt,Price,Positive,good_price,"very clean cheap, modern room",(no literals),,False,'cheap_room' is not of type 'object'
596,,gt,Location,Negative,bad_location,Noisy outside,(no literals),,False,'noisy_outside' is not of type 'object'
597,,gt,Location,Positive,good_location,"Excellent location, a few steps from the sea and from via dei premises, in 20 minutes on foot you can also reach the ""historic"" center.",(no literals),,False,json_parse_error: Extra data: line 1 column 21 (char 20)
597,,gt,Food,Positive,good_food,"Excellent breakfast and meals in the restaurant, all freshly made.",(no literals),,False,json_parse_error: Extra data: line 1 column 22 (char 21)
597,,gt,Room,Positive,good_room,"Modern and renovated rooms, very comfortable beds",(no literals),,False,json_parse_error: Extra data: line 1 column 15 (char 14)
597,,gt,Room,Negative,bad_room,Slightly small bathroom but still ok,(no literals),,False,'slightly_small_bathroom' is not of type 'object'
598,,gt,Staff,Positive,good_staff,Very nice staff,(no literals),,False,'nice_staff' is not of type 'object'
599,,gt,Location,Positive,good_location,Great transit hotel near the airport.,(no literals),,False,json_parse_error: Extra data: line 1 column 22 (char 21)
599,,gt,Room,Positive,good_room,The room is small but everything is new and very clean. Comfortable double bed and crisp white linen. Side sea view.,(no literals),,False,json_parse_error: Extra data: line 1 column 17 (char 16)
599,,gt,Food,Positive,good_food,"Delicious breakfast in cafe,",(no literals),,False,'delicious_breakfast' is not of type 'object'
599,,gt,Staff,Positive,good_staff,friendly staff.,(no literals),,False,'friendly_staff' is not of type 'object'
599,,gt,Location,Negative,bad_location,Noise from a nightclub,(no literals),,False,'noise_from_nightclub' is not of type 'object'
599,,gt,Room,Negative,bad_room,"The room is small but everything is new and very clean. and not a comfortable cot, my 12 child was very cramped there.",(no literals),,False,json_parse_error: Extra data: line 1 column 13 (char 12)
600,,gt,Price,Positive,good_price,"In general, we were satisfied, corresponds to the price,",(no literals),,False,'corresponds_to_the_price' is not of type 'object'
600,,gt,Room,Negative,bad_room,a small but clean cozy modern hotel,(no literals),,False,'small_hotel' is not of type 'object'
600,,gt,Room,Positive,good_room,a small but clean cozy modern hotel with a small number of people,(no literals),,False,json_parse_error: Extra data: line 1 column 14 (char 13)
602,,gt,Staff,Positive,good_staff,"Excellent welcome,",(no literals),,False,'excellent_welcome' is not of type 'object'
602,,gt,Room,Positive,good_room,"clean, quiet.",(no literals),,False,json_parse_error: Extra data: line 1 column 13 (char 12)
602,,gt,Location,Positive,good_location,Hotel very well located for the airport.,(no literals),,False,'well_located_hotel' is not of type 'object'
603,,gt,Facility,Positive,good_facility,Very clean accommodation. Very pleasant terrace in the evening.,(no literals),,False,json_parse_error: Extra data: line 1 column 14 (char 13)
603,,gt,Staff,Positive,good_staff,Friendly staff,(no literals),,False,'friendly_staff' is not of type 'object'
603,,gt,Room,Negative,bad_room,The quality of the television image quite poor.,(no literals),,False,'poor_television_image' is not of type 'object'
605,,gt,Room,Positive,good_room,"Comfortable, clean, modern, pleasant.",(no literals),,False,json_parse_error: Extra data: line 1 column 19 (char 18)
605,,gt,Staff,Positive,good_staff,"The hosts are very nice, they help in everything.",(no literals),,False,json_parse_error: Extra data: line 1 column 13 (char 12)
606,,gt,Staff,Positive,good_staff,"Amazing team, thinks of all the details and happy to help. Our flight was delayed and they took care of us both for late check-in and for an electrical adapter",(no literals),,False,json_parse_error: Extra data: line 1 column 15 (char 14)
606,,gt,Check-in,Positive,good_check_in,Our flight was delayed and they took care of us both for late check-in,(no literals),,False,'took_care_of_us_late_check-in' is not of type 'object'
607,,gt,Room,Positive,good_room,"Clean, Somewhat small and sterile rooms.",(no literals),,False,'clean_rooms' is not of type 'object'
607,,gt,Staff,Positive,good_staff,friendly staff,(no literals),,False,'friendly_staff' is not of type 'object'
607,,gt,Location,Positive,good_location,"very close to the beach and the airport, lots of restaurants nearby, relatively quiet location.",(no literals),,False,json_parse_error: Extra data: line 1 column 22 (char 21)
607,,gt,Room,Negative,bad_room,"The room is not sealed off from the corridor, you can hear everything. Somewhat small and sterile rooms.",(no literals),,False,json_parse_error: Extra data: line 1 column 22 (char 21)
608,,gt,Room,Positive,good_room,clean and comfortable,(no literals),,False,json_parse_error: Extra data: line 1 column 13 (char 12)
608,,gt,Room,Negative,bad_room,the view from my room..,(no literals),,False,json_parse_error: Expecting value: line 1 column 1 (char 0)
609,,gt,Room,Positive,good_room,The room was modern with a large and very comfortable bed. The shower really good. There was also great quiet and it was very easy to set up the room so you wouldn't be disturbed. Everything very clean.,(no literals),,False,json_parse_error: Extra data: line 1 column 14 (char 13)
609,,gt,Room,Negative,bad_room,"The size of the room was just enough to spend one night, not much more. If I were to go with my partner we would have been disappointed due to the lack of space.",(no literals),,False,'lack_of_space_room' is not of type 'object'
609,,gt,Price,Negative,bad_price,The price is perhaps a little high for the comfort that a room gives you that is small as soon as you enter.,(no literals),,False,'little_high_price' is not of type 'object'
610,,gt,Location,Positive,good_location,Close to Larnaca airport and 5min walk to the beach. Very quiet hotel with a restaurant in the enclosure which is very good.,(no literals),,False,json_parse_error: Extra data: line 1 column 27 (char 26)
610,,gt,Facility,Positive,good_facility,Very quiet hotel with a restaurant in the enclosure which is very good.,(no literals),,False,json_parse_error: Extra data: line 1 column 14 (char 13)
610,,gt,Food,Positive,good_food,The breakfast on the terrace is very nice too!,(no literals),,False,'nice_breakfast' is not of type 'object'
611,,gt,Staff,Positive,good_staff,"The kindness and availability of the staff,",(no literals),,False,json_parse_error: Extra data: line 1 column 17 (char 16)
611,,gt,Food,Positive,good_food,the restaurant offering a good quality of dishes.,(no literals),,False,'good_quality_of_dishes' is not of type 'object'
611,,gt,Room,Positive,good_room,The comfortable and very clean room. The calm,(no literals),,False,json_parse_error: Extra data: line 1 column 19 (char 18)
611,,gt,Location,Positive,good_location,Proximity to the city center and the beach.,(no literals),,False,json_parse_error: Extra data: line 1 column 27 (char 26)
611,,gt,Price,Positive,good_price,Very good value for money,(no literals),,False,'good_value_for_money' is not of type 'object'
612,,gt,Location,Positive,good_location,"the establishment is really close to the airport, i.e. 6 minutes by car.",(no literals),,False,'close_to_airport' is not of type 'object'
612,,gt,Staff,Positive,good_staff,"the managers of the hotel are extraordinarily kind and caring, they speak French and helped us find a rental car at a good price, they accompanied and advised us during our stay.",(no literals),,False,json_parse_error: Extra data: line 1 column 16 (char 15)
612,,gt,Room,Positive,good_room,the room is nice and well furnished,(no literals),,False,json_parse_error: Extra data: line 1 column 12 (char 11)
612,,gt,Location,Negative,bad_location,the small downside concerns the light from the outside at certain times,(no literals),,False,'light_from_outside' is not of type 'object'
613,,gt,Food,Positive,good_food,Very good breakfast!,(no literals),,False,'good_breakfast' is not of type 'object'
613,,gt,Room,Positive,good_room,Comfortable bed. Purely.,(no literals),,False,'comfortable_bed' is not of type 'object'
613,,gt,Staff,Positive,good_staff,Friendly staff.,(no literals),,False,'friendly_staff' is not of type 'object'
613,,gt,Room,Negative,bad_room,"Not all rooms have a balcony. I did not have it. Staying for one day is fine, but if you live for a while, then how to dry your towel and swimsuit ...",(no literals),,False,'not_all_rooms_have_a_balcony' is not of type 'object'
614,,gt,Staff,Positive,good_staff,"Very friendly staff, and communication with the hotel before our arrival very fluid.",(no literals),,False,json_parse_error: Extra data: line 1 column 17 (char 16)
614,,gt,Check-in,Positive,good_check_in,"Very friendly staff, and communication with the hotel before our arrival very fluid.",(no literals),,False,json_parse_error: Extra data: line 1 column 17 (char 16)
614,,gt,Room,Positive,good_room,The rooms are spacious and comfortable.,(no literals),,False,json_parse_error: Extra data: line 1 column 17 (char 16)
614,,gt,Location,Positive,good_location,"It is ideally located near the airport, 5min by bus.",(no literals),,False,json_parse_error: Extra data: line 1 column 18 (char 17)
614,,gt,Room,Negative,bad_room,"It's a detail, but we would have appreciated having 2 small bottles of water in the room when we arrived",(no literals),,False,'no_bottles_of_water_room' is not of type 'object'
615,,gt,Staff,Positive,good_staff,"Very nice staff, restaurant and hotel very good.",(no literals),,False,'nice_staff' is not of type 'object'
615,,gt,Food,Positive,good_food,"Very nice staff, restaurant and hotel very good.",(no literals),,False,'very_good_restaurant' is not of type 'object'
615,,gt,Facility,Positive,good_facility,"Very nice staff, restaurant and hotel very good.",(no literals),,False,json_parse_error: Extra data: line 1 column 13 (char 12)
615,,gt,Room,Positive,good_room,very quiet and clean.,(no literals),,False,json_parse_error: Extra data: line 1 column 13 (char 12)
615,,gt,Taxi-issue,Negative,bad_taxi_issue,"We had ordered a shuttle and thought it was specific to the hotel but it turned out to be just a lambda taxi, the problem is that we waited for it for 40 minutes because it was late but nobody warned us. We had to pay it straight away when we thought it would be included in the hotel bill at the end of the stay. It would be better to indicate directly that it is independent of the hotel, we would not have waited in front of other taxis and tried to reach everyone...",(no literals),,False,json_parse_error: Extra data: line 1 column 14 (char 13)
615,,gt,Staff,Negative,bad_staff,"We had ordered a shuttle and thought it was specific to the hotel but it turned out to be just a lambda taxi, the problem is that we waited for it for 40 minutes because it was late but nobody warned us. We had to pay it straight away when we thought it would be included in the hotel bill at the end of the stay. It would be better to indicate directly that it is independent of the hotel, we would not have waited in front of other taxis and tried to reach everyone...",(no literals),,False,'nobody_warned_us' is not of type 'object'
616,,gt,Location,Positive,good_location,"Mackenzie Beach is super easy to reach, but not too close to be disturbed by the parties there at night.",(no literals),,False,json_parse_error: Extra data: line 1 column 32 (char 31)
616,,gt,Staff,Positive,good_staff,Very friendly and helpful hotel staff.,(no literals),,False,json_parse_error: Extra data: line 1 column 23 (char 22)
617,,gt,Location,Positive,good_location,Good central location.,(no literals),,False,'good_central_location' is not of type 'object'
617,,gt,Staff,Positive,good_staff,Very nice staff.,(no literals),,False,'nice_staff' is not of type 'object'
617,,gt,Facility,Positive,good_facility,Neat small hotel.,(no literals),,False,json_parse_error: Extra data: line 1 column 13 (char 12)
618,,gt,Room,Positive,good_room,"cleanliness, space,",(no literals),,False,json_parse_error: Extra data: line 1 column 19 (char 18)
618,,gt,Location,Negative,bad_location,garbage truck at 3am making a lot of noise,(no literals),,False,'lot_of_noise_garbage_truck' is not of type 'object'
619,,gt,Staff,Positive,good_staff,Excellent welcome by the owner who speaks fluent French.,(no literals),,False,json_parse_error: Extra data: line 1 column 20 (char 19)
619,,gt,Facility,Positive,good_facility,Quiet hotel,(no literals),,False,'quiet_hotel' is not of type 'object'
619,,gt,Location,Positive,good_location,and extremely well located for the airport and Larnaca salt lake. For a night of transit before our return to France it was perfect.,(no literals),,False,json_parse_error: Extra data: line 1 column 23 (char 22)
619,,gt,Price,Positive,good_price,Unbeatable value for money I think.,(no literals),,False,'unbeatable_value_for_money' is not of type 'object'
619,,gt,Food,Positive,good_food,Perfect and good dinner and lovely waiter.,(no literals),,False,json_parse_error: Extra data: line 1 column 17 (char 16)
620,,gt,Facility,Positive,good_facility,Nice clean hotel near the airport.,(no literals),,False,json_parse_error: Extra data: line 1 column 13 (char 12)
620,,gt,Location,Positive,good_location,Nice clean hotel near the airport. Also in 7-10 minutes you can walk to the embankment.,(no literals),,False,json_parse_error: Extra data: line 1 column 19 (char 18)
620,,gt,Room,Positive,good_room,The room has everything you need.,(no literals),,False,'everything_you_need_room' is not of type 'object'
620,,gt,Staff,Positive,good_staff,The staff are friendly and try to help.,(no literals),,False,json_parse_error: Extra data: line 1 column 17 (char 16)
621,,gt,Staff,Positive,good_staff,"The owner of the place is an amazing guy, nice and answers everything!",(no literals),,False,json_parse_error: Extra data: line 1 column 14 (char 13)
621,,gt,Food,Positive,good_food,"There are breakfasts, not a big variety but tasty",(no literals),,False,'tasty_breakfasts' is not of type 'object'
621,,gt,Food,Negative,bad_food,"There are breakfasts, not a big variety but tasty",(no literals),,False,'not_a_big_variety_breakfasts' is not of type 'object'
622,,gt,Staff,Positive,good_staff,super friendly staff,(no literals),,False,'super_friendly_staff' is not of type 'object'
622,,gt,Room,Positive,good_room,"a clean, modern room",(no literals),,False,json_parse_error: Extra data: line 1 column 13 (char 12)
622,,gt,Room,Negative,bad_room,we didn't have a balcony.,(no literals),,False,"""didn't_have_balcony"" is not of type 'object'"
623,,gt,Location,Positive,good_location,Good location near the airport and the beach.,(no literals),,False,json_parse_error: Extra data: line 1 column 16 (char 15)
623,,gt,Room,Negative,bad_room,Noisy air conditioning,(no literals),,False,'noisy_air_conditioning' is not of type 'object'
623,,gt,Location,Negative,bad_location,night traffic in the area.,(no literals),,False,'night_traffic_area' is not of type 'object'
624,,gt,Room,Positive,good_room,Nice modern room.,(no literals),,False,json_parse_error: Extra data: line 1 column 12 (char 11)
624,,gt,Staff,Positive,good_staff,"Boss and family take care of that
  Well-being of your guests!",(no literals),,False,'take_care_of_well-being_staff' is not of type 'object'
625,,gt,Location,Positive,good_location,Location very good for airport and beach.,(no literals),,False,json_parse_error: Extra data: line 1 column 33 (char 32)
626,,gt,Staff,Positive,good_staff,The most important thing about the hotel is the incredible staff. Very soulful atmosphere.,(no literals),,False,json_parse_error: Extra data: line 1 column 19 (char 18)
626,,gt,Food,Positive,good_food,"Definitely recommend trying the food in the restaurant. We took pasta, pizza, salads and burgers and everything was piping hot and very tasty and homemade.",(no literals),,False,json_parse_error: Extra data: line 1 column 24 (char 23)
626,,gt,Room,Positive,good_room,"The rooms are clean, air-conditioned, balcony, mini-bar.",(no literals),,False,json_parse_error: Extra data: line 1 column 14 (char 13)
627,,gt,Staff,Positive,good_staff,"I loved the staff, they always greeted us with a smile, they were really nice, they always responded to the help we needed, they called us a taxi, they didn't charge me again because I lost my room ticket,",(no literals),,False,json_parse_error: Extra data: line 1 column 14 (char 13)
627,,gt,Facility,Positive,good_facility,"a stunning hotel, an aesthetic and clean place with innovative and interesting service that you can really request at the push of a button that you won't be able to hear the bell,",(no literals),,False,json_parse_error: Extra data: line 1 column 17 (char 16)
627,,gt,Location,Negative,bad_location,A bit far from the city center,(no literals),,False,'bit_far_from_city_center' is not of type 'object'
627,,gt,Location,Positive,good_location,but taxis cost us the same price from anywhere in the city,(no literals),,False,json_parse_error: Expecting value: line 1 column 1 (char 0)
628,,gt,Location,Positive,good_location,The hotel is located close to the airport (there is a bus with good frequency from the street next to the airport) and close to the city center. The hotel is located in a dead-end and quiet street,(no literals),,False,json_parse_error: Extra data: line 1 column 19 (char 18)
628,,gt,Facility,Positive,good_facility,- we had plenty of parking.,(no literals),,False,'plenty_of_parking' is not of type 'object'
628,,gt,Room,Positive,good_room,The rooms were very clean.,(no literals),,False,'clean_rooms' is not of type 'object'
628,,gt,Staff,Positive,good_staff,The staff at the hotel (Tony) was nice and gave a pleasant feeling - immediately after the booking we received a WhatsApp from him to confirm the time of arrival and to inform that they were waiting for us.,(no literals),,False,json_parse_error: Extra data: line 1 column 13 (char 12)
629,,gt,Staff,Positive,good_staff,"We stayed literally for a few hours, the welcome was pleasant and they helped us order a taxi to the airport!",(no literals),,False,json_parse_error: Extra data: line 1 column 19 (char 18)
630,,gt,Staff,Positive,good_staff,Very friendly and helpful Staff.,(no literals),,False,json_parse_error: Extra data: line 1 column 17 (char 16)
630,,gt,Room,Negative,bad_room,Wifi was weak at times.,(no literals),,False,'weak_wifi' is not of type 'object'
631,,gt,Room,Positive,good_room,"It was very new, clean and quite modern.",(no literals),,False,json_parse_error: Extra data: line 1 column 11 (char 10)
631,,gt,Price,Positive,good_price,Excellent price/quality ratio,(no literals),,False,'excellent_price/quality_ratio' is not of type 'object'
632,,gt,Location,Positive,good_location,as the end of our Cyprus trip to be as close to the airport as possible for the last night! It was perfect for that. The bus connection to the city center was just around the corner and we were able to get back to the hotel later in the evening without any problems using public transport. The location was also perfect for the trip to the airport the next morning (7:00 am). Mackenzie Beach is super close and so are lots of cool bars and restaurants.,(no literals),,False,json_parse_error: Extra data: line 1 column 19 (char 18)
632,,gt,Room,Positive,good_room,"The room was very nicely furnished and, above all, super clean.",(no literals),,False,json_parse_error: Extra data: line 1 column 24 (char 23)
633,,gt,Check-in,Positive,good_check_in,"Even though we arrived at 3 a.m., they waited for us.",(no literals),,False,'waited_for_us' is not of type 'object'
633,,gt,Staff,Positive,good_staff,"Even though we arrived at 3 a.m., they waited for us. Very friendly,",(no literals),,False,json_parse_error: Extra data: line 1 column 22 (char 21)
633,,gt,Room,Positive,good_room,very clean!,(no literals),,False,'clean_room' is not of type 'object'
633,,gt,Location,Positive,good_location,close to the airport!,(no literals),,False,'close_to_airport' is not of type 'object'
634,,gt,Staff,Positive,good_staff,kindness,(no literals),,False,'kindness_staff' is not of type 'object'
635,,gt,Location,Positive,good_location,"Great location. 10 minutes by bus from and to the airport. 10 minutes walk to the beach and cafes by the beach. It takes 40 minutes to walk along the promenade to the city, but it's nice.",(no literals),,False,json_parse_error: Extra data: line 1 column 17 (char 16)
635,,gt,Facility,Positive,good_facility,"The hotel is good,",(no literals),,False,'good_hotel' is not of type 'object'
635,,gt,Staff,Positive,good_staff,the staff is friendly.,(no literals),,False,'friendly_staff' is not of type 'object'
636,,gt,Facility,Positive,good_facility,"A renovated, brilliant family hotel with a very friendly staff.",(no literals),,False,json_parse_error: Extra data: line 1 column 18 (char 17)
636,,gt,Staff,Positive,good_staff,a very friendly staff.,(no literals),,False,'friendly_staff' is not of type 'object'
636,,gt,Location,Positive,good_location,Suited us for a one night stay before a flight.,(no literals),,False,'suited_for_flight' is not of type 'object'
636,,gt,Food,Positive,good_food,We had dinner at the hotel restaurant and it was excellent! The chef gave a personal touch to understand exactly what we want.,(no literals),,False,json_parse_error: Extra data: line 1 column 19 (char 18)
637,,gt,Location,Positive,good_location,Perfect location to the airport.,(no literals),,False,'perfect_location' is not of type 'object'
637,,gt,Staff,Positive,good_staff,Very friendly reception.,(no literals),,False,'friendly_reception' is not of type 'object'
637,,gt,Room,Positive,good_room,Very clean.,(no literals),,False,'clean_room' is not of type 'object'
638,,gt,Room,Positive,good_room,"room comfort,",(no literals),,False,'comfort_room' is not of type 'object'
638,,gt,Staff,Positive,good_staff,service and courtesy of the staff.,(no literals),,False,json_parse_error: Extra data: line 1 column 16 (char 15)
639,,gt,Room,Positive,good_room,Small beautiful clean room.,(no literals),,False,json_parse_error: Extra data: line 1 column 13 (char 12)
639,,gt,Staff,Positive,good_staff,They accommodated us with an earlier check-in and earlier check-out. Staff very nice. The hotel arranged a transfer to the airport for us.,(no literals),,False,'nice_staff' is not of type 'object'
639,,gt,Check-in,Positive,good_check_in,They accommodated us with an earlier check-in and earlier check-out. There is no problem with a later check-in either.,(no literals),,False,json_parse_error: Extra data: line 1 column 19 (char 18)
639,,gt,Check-out,Positive,good_check_out,They accommodated us with an earlier check-in and earlier check-out.,(no literals),,False,'earlier_check-out' is not of type 'object'
639,,gt,Food,Positive,good_food,We had a small lunch here and it was delicious.,(no literals),,False,'delicious_lunch' is not of type 'object'
639,,gt,Location,Positive,good_location,"A short distance from the beach, we also found starfish.",(no literals),,False,'short_distance_from_beach' is not of type 'object'
640,,gt,Room,Positive,good_room,It was very clean.,(no literals),,False,'clean_it' is not of type 'object'
640,,gt,Staff,Positive,good_staff,The host was very nice. He gave us instructions on how to get to the hotel and then even picked us up at the bus stop because we were very late,(no literals),,False,'nice_host' is not of type 'object'
640,,gt,Room,Negative,bad_room,the humid air in the room. The air conditioning probably didn't work properly,(no literals),,False,json_parse_error: Extra data: line 1 column 24 (char 23)
641,,gt,Staff,Positive,good_staff,"Very friendly staff,",(no literals),,False,'friendly_staff' is not of type 'object'
641,,gt,Room,Positive,good_room,very clean everywhere. Nice room with a nice balcony.,(no literals),,False,json_parse_error: Extra data: line 1 column 19 (char 18)
641,,gt,Location,Positive,good_location,Quiet and peaceful area.,(no literals),,False,json_parse_error: Extra data: line 1 column 13 (char 12)
642,,gt,Food,Positive,good_food,"Delicious homemade breakfast,",(no literals),,False,'delicious_homemade_breakfast' is not of type 'object'
642,,gt,Staff,Positive,good_staff,they speak French. Are very caring and welcome you 24 hours a day,(no literals),,False,json_parse_error: Extra data: line 1 column 21 (char 20)
642,,gt,Location,Positive,good_location,and very close to the airport!,(no literals),,False,'close_to_the_airport' is not of type 'object'
643,,gt,Facility,Positive,good_facility,"Welcoming environment,",(no literals),,False,'welcoming_hotel' is not of type 'object'
643,,gt,Staff,Positive,good_staff,"courtesy,",(no literals),,False,'courtesy_staff' is not of type 'object'
643,,gt,Room,Positive,good_room,"cleanliness, modern room.",(no literals),,False,json_parse_error: Extra data: line 1 column 19 (char 18)
643,,gt,Food,Negative,bad_food,"I would like more variety at breakfast.
  The price to food ratio was disproportionate.",(no literals),,False,json_parse_error: Extra data: line 1 column 28 (char 27)
644,,gt,Room,Positive,good_room,"Very clean, comfortable bed, tea and coffee in the room.",(no literals),,False,json_parse_error: Extra data: line 1 column 13 (char 12)
644,,gt,Location,Positive,good_location,perfect location (near the airport),(no literals),,False,json_parse_error: Extra data: line 1 column 19 (char 18)
644,,gt,Staff,Positive,good_staff,"very friendly welcome,",(no literals),,False,'friendly_welcome' is not of type 'object'
644,,gt,Room,Negative,bad_room,There was no hair dryer,(no literals),,False,'no_hair_dryer' is not of type 'object'
646,,gt,Facility,Positive,good_facility,"The hotel is clean, comfortable. I rented a car, there is a place to park.",(no literals),,False,json_parse_error: Extra data: line 1 column 14 (char 13)
646,,gt,Location,Positive,good_location,"and a good location. Very close to Salt Lake and Mackenzie Beach. Very close to bus stop. Very close to the airport, From the hotel you can just walk along the entire promenade of Larnaca, you won’t miss anything. A calm step along the sea to the Church of St. Lazarus 30-40 minutes.",(no literals),,False,json_parse_error: Extra data: line 1 column 16 (char 15)
646,,gt,Room,Positive,good_room,"The room was wonderful. White bed. The shower is wonderful, the air conditioner works,",(no literals),,False,json_parse_error: Extra data: line 1 column 17 (char 16)
646,,gt,Food,Positive,good_food,Breakfast can be bought directly at the hotel for only 8 euros.,(no literals),,False,'only 8 euros_breakfast' is not of type 'object'
646,,gt,Staff,Positive,good_staff,"The owner of the hotel was very friendly, allowed to leave things, even after we checked out,",(no literals),,False,'friendly_owner' is not of type 'object'
647,,gt,Room,Positive,good_room,"cleanliness, comfort",(no literals),,False,json_parse_error: Extra data: line 1 column 19 (char 18)
648,,gt,Staff,Positive,good_staff,Nice staff.,(no literals),,False,'nice_staff' is not of type 'object'
648,,gt,Facility,Negative,bad_facility,Maybe the reception needs improvement. It is very old furniture,(no literals),,False,json_parse_error: Extra data: line 1 column 30 (char 29)
649,,gt,Facility,Positive,good_facility,New hotel.,(no literals),,False,'new_hotel' is not of type 'object'
649,,gt,Room,Positive,good_room,Clean comfortable room.,(no literals),,False,json_parse_error: Extra data: line 1 column 13 (char 12)
649,,gt,Staff,Positive,good_staff,Friendly staff.,(no literals),,False,'friendly_staff' is not of type 'object'
649,,gt,Location,Positive,good_location,"The hotel is located near the airport. but we traveled in the off season - there was no noise from the street, and the sound from landing / taking off planes did not particularly bother us.",(no literals),,False,json_parse_error: Extra data: line 1 column 19 (char 18)
649,,gt,Room,Negative,bad_room,"The room was small, could have been a bit more spacious.",(no literals),,False,'small_room' is not of type 'object'
650,,gt,Facility,Positive,good_facility,Cozy hotel,(no literals),,False,'cozy_hotel' is not of type 'object'
650,,gt,Location,Positive,good_location,"in a quiet location. Walking distance to the beach,",(no literals),,False,json_parse_error: Extra data: line 1 column 17 (char 16)
650,,gt,Room,Positive,good_room,"The room is very clean, comfortable mattresses, excellent clean bedding.",(no literals),,False,json_parse_error: Extra data: line 1 column 13 (char 12)
650,,gt,Room,Negative,bad_room,"There is only soap in the shower, no shower gel.",(no literals),,False,'no_shower_gel' is not of type 'object'
650,,gt,Staff,Positive,good_staff,Very polite and pleasant staff.,(no literals),,False,json_parse_error: Extra data: line 1 column 15 (char 14)
650,,gt,Food,Positive,good_food,We took breakfast once. I liked it.,(no literals),,False,'liked_breakfast' is not of type 'object'
651,,gt,Staff,Positive,good_staff,Pleasant staff,(no literals),,False,'pleasant_staff' is not of type 'object'
652,,gt,Room,Positive,good_room,"Cleanliness 10/10! everything is white, bright, cozy!",(no literals),,False,json_parse_error: Extra data: line 1 column 20 (char 19)
652,,gt,Facility,Positive,good_facility,the accommodation is perfect,(no literals),,False,'perfect_hotel' is not of type 'object'
652,,gt,Location,Positive,good_location,- close to the airport.,(no literals),,False,'close_to_airport' is not of type 'object'
653,,gt,Staff,Positive,good_staff,"Very nice staff,",(no literals),,False,'nice_staff' is not of type 'object'
653,,gt,Room,Positive,good_room,"comfortable beds, great shower.",(no literals),,False,json_parse_error: Extra data: line 1 column 19 (char 18)
653,,gt,Facility,Positive,good_facility,"the option is excellent,",(no literals),,False,'excellent_option' is not of type 'object'
653,,gt,Location,Positive,good_location,"close to the airport, near the lake with flamingos (in winter)",(no literals),,False,json_parse_error: Extra data: line 1 column 19 (char 18)
654,,gt,Facility,Positive,good_facility,"Starting from the street terrace, the hall and up to the room itself - clean, comfortable, with a soft bed. and just drink their wonderful cappuccino on soft sofas, and then sleep the rest of the night on soft beds.",(no literals),,False,json_parse_error: Extra data: line 1 column 23 (char 22)
654,,gt,Room,Positive,good_room,"Starting from the street terrace, the hall and up to the room itself - clean, comfortable, with a soft bed.",(no literals),,False,json_parse_error: Extra data: line 1 column 13 (char 12)
654,,gt,Staff,Positive,good_staff,"Always friendly staff (it looks like a family business, but I will not say). Every day cleaning.",(no literals),,False,'friendly_staff' is not of type 'object'
654,,gt,Food,Positive,good_food,"At any time, you can go down to the veranda at the tables and just drink their wonderful cappuccino on soft sofas,",(no literals),,False,'wonderful_cappuccino' is not of type 'object'
654,,gt,Location,Positive,good_location,because there is a good Mackenzie beach.,(no literals),,False,'good_Mackenzie_beach' is not of type 'object'
654,,gt,Location,Negative,bad_location,"Of the minuses: sometimes a car came to pick up garbage cans at night. More precisely, the car poured them into its depths, not worrying about the noise and sleeping expensive tourists.",(no literals),,False,'noise_location' is not of type 'object'
654,,gt,Room,Negative,bad_room,Also mirrors in the room. There are plenty of them and they all distorted the image. rather made you fatter)),(no literals),,False,json_parse_error: Extra data: line 1 column 20 (char 19)
655,,gt,Staff,Positive,good_staff,Very warm and caring welcome.,(no literals),,False,json_parse_error: Extra data: line 1 column 15 (char 14)
655,,gt,Room,Positive,good_room,"The room was very well equipped, clean, comfortable.",(no literals),,False,json_parse_error: Extra data: line 1 column 21 (char 20)
655,,gt,Location,Positive,good_location,"The hotel is not far from the airport,",(no literals),,False,'not_far_from_airport' is not of type 'object'
655,,gt,Location,Negative,bad_location,but a bit far from city center.,(no literals),,False,'far_from_city_center' is not of type 'object'
656,,gt,Staff,Positive,good_staff,"nice staff,",(no literals),,False,'nice_staff' is not of type 'object'
656,,gt,Facility,Positive,good_facility,lobby and room very clean.,(no literals),,False,json_parse_error: Extra data: line 1 column 14 (char 13)
656,,gt,Room,Positive,good_room,lobby and room very clean.,(no literals),,False,'clean_room' is not of type 'object'
657,,gt,Staff,Positive,good_staff,"Friendly staff,",(no literals),,False,'friendly_staff' is not of type 'object'
657,,gt,Room,Positive,good_room,"cleanliness, nice rooms",(no literals),,False,json_parse_error: Extra data: line 1 column 20 (char 19)
658,,gt,Facility,Positive,good_facility,"Nice homely atmosphere,",(no literals),,False,'nice_homely_hotel' is not of type 'object'
658,,gt,Food,Positive,good_food,"delicious food,",(no literals),,False,'delicious_food' is not of type 'object'
658,,gt,Staff,Positive,good_staff,the owner takes care of the guests to make them feel at home.,(no literals),,False,'takes_care_of_guests_owner' is not of type 'object'
659,,gt,Room,Positive,good_room,"It was the cleanest room I've ever been, cleanliness is top notch, cleaned every day, down to the taps, towels and white bedding,",(no literals),,False,json_parse_error: Extra data: line 1 column 16 (char 15)
659,,gt,Staff,Positive,good_staff,"any problems are solved instantly. The staff is excellent, everyone is definitely polite and smiling",(no literals),,False,json_parse_error: Extra data: line 1 column 18 (char 17)
659,,gt,Location,Negative,bad_location,"very noisy, the area is ringing, the sounds accumulate with terrible force. At night, I constantly woke up either from the sounds of airplanes, or from passing cars or a slamming trunk, earplugs did not save (",(no literals),,False,json_parse_error: Extra data: line 1 column 13 (char 12)
660,,gt,Staff,Positive,good_staff,Very available and caring for his customers.,(no literals),,False,json_parse_error: Extra data: line 1 column 18 (char 17)
660,,gt,Room,Positive,good_room,The rooms are very well equipped,(no literals),,False,'well_equipped_rooms' is not of type 'object'
660,,gt,Food,Positive,good_food,and the breakfast very good and plentiful.,(no literals),,False,json_parse_error: Extra data: line 1 column 22 (char 21)
660,,gt,Taxi-issue,Positive,good_taxi_issue,"We arrived at 2:30 am at the airport, a shuttle taxi to the hotel was waiting for us.",(no literals),,False,'waiting_shuttle_taxi' is not of type 'object'
660,,gt,Check-in,Positive,good_check_in,"The hotel allowed us, at no extra cost, a late arrival and a late departure (at 1:30 p.m.).",(no literals),,False,json_parse_error: Extra data: line 1 column 22 (char 21)
660,,gt,Check-out,Positive,good_check_out,"The hotel allowed us, at no extra cost, a late arrival and a late departure (at 1:30 p.m.).",(no literals),,False,json_parse_error: Extra data: line 1 column 26 (char 25)
661,,gt,Location,Positive,good_location,"Proximity to the airport,",(no literals),,False,'proximity_to_airport' is not of type 'object'
661,,gt,Room,Negative,bad_room,"small but modern rooms,",(no literals),,False,'small_rooms' is not of type 'object'
661,,gt,Room,Positive,good_room,"small but modern rooms, good bed, very good bathroom.",(no literals),,False,json_parse_error: Extra data: line 1 column 15 (char 14)
661,,gt,Location,Negative,bad_location,Those who sleep lightly will be disturbed by the aircraft noise.,(no literals),,False,'aircraft_noise' is not of type 'object'
662,,gt,Facility,Positive,good_facility,"Nice accommodation, parking in the hotel area, Beautiful accommodation,",(no literals),,False,json_parse_error: Extra data: line 1 column 13 (char 12)
662,,gt,Location,Positive,good_location,"a beautiful beach within walking distance,",(no literals),,False,json_parse_error: Extra data: line 1 column 18 (char 17)
662,,gt,Staff,Positive,good_staff,"very helpful staff, due to the delay of the plane they waited for us until 2 in the morning.",(no literals),,False,'helpful_staff' is not of type 'object'
662,,gt,Location,Negative,bad_location,"Beautiful accommodation, unfortunately at night it was fertilized in Larnaca and the whole city stank.",(no literals),,False,'stank_city' is not of type 'object'
663,,gt,Location,Positive,good_location,"1. Location
  Hotel near the airport. In total, close to the beach, although to get to the beach relatively quickly",(no literals),,False,json_parse_error: Extra data: line 1 column 19 (char 18)
663,,gt,Staff,Positive,good_staff,fast transfer organized by the hotel.,(no literals),,False,'fast_transfer' is not of type 'object'
663,,gt,Location,Negative,bad_location,"The center is quite far, about 2.5 km, a walk along the beach promenade.",(no literals),,False,'quite_far_center' is not of type 'object'
663,,gt,Room,Positive,good_room,"2. Peace
  Great, modern design, comfortable bed, clean, large with a balcony. Large bathroom with shower. Equipped with a kettle plus a welcome pack (tea, coffee, water)",(no literals),,False,json_parse_error: Extra data: line 1 column 15 (char 14)
663,,gt,Food,Positive,good_food,"3. Breakfast
  Served on site, on the ground floor in the dining room with access to the front terrace, delicious, homemade Greek taste.",(no literals),,False,json_parse_error: Extra data: line 1 column 22 (char 21)
664,,gt,Room,Positive,good_room,the cleanliness and the quality of the room.,(no literals),,False,json_parse_error: Extra data: line 1 column 19 (char 18)
665,,gt,Location,Positive,good_location,"Location close to the airport, therefore during the day a lot of noise from planes taking off. Not heard at night.",(no literals),,False,'close_to_the_airport' is not of type 'object'
665,,gt,Location,Negative,bad_location,therefore during the day a lot of noise from planes taking off. Not heard at night.,(no literals),,False,'lot_of_noise_from_planes' is not of type 'object'
665,,gt,Food,Positive,good_food,"Breakfast was good, but not lavish.",(no literals),,False,'good_breakfast' is not of type 'object'
665,,gt,Food,Negative,bad_food,"Breakfast was good, but not lavish. Had to ask for bread.",(no literals),,False,json_parse_error: Extra data: line 1 column 23 (char 22)
665,,gt,Room,Negative,bad_room,Beds are soft and with a lot of plastic therefore very sweaty.,(no literals),,False,json_parse_error: Extra data: line 1 column 22 (char 21)
665,,gt,Location,Negative,bad_location,In the middle of the night the garbage containers were emptied with a lot of noise.,(no literals),,False,'lot_of_noise_garbage_containers' is not of type 'object'
666,,gt,Location,Positive,good_location,"Great location, Quiet location,",(no literals),,False,json_parse_error: Extra data: line 1 column 17 (char 16)
666,,gt,Staff,Positive,good_staff,very friendly and helpful staff/owners.,(no literals),,False,json_parse_error: Extra data: line 1 column 24 (char 23)
666,,gt,Room,Negative,bad_room,bed a bit uncomfortable.,(no literals),,False,'bit_uncomfortable_bed' is not of type 'object'
666,,gt,Taxi-issue,Negative,bad_taxi_issue,"Unfortunately, the organized taxi came too late/ a bit chaotic.",(no literals),,False,json_parse_error: Extra data: line 1 column 16 (char 15)
667,,gt,Room,Positive,good_room,"Very clean new room, perfect bed and towels,",(no literals),,False,json_parse_error: Extra data: line 1 column 13 (char 12)
667,,gt,Location,Positive,good_location,"close location to the bus stop, 10 minutes to the center and 5 minutes to the airport. An ideal place if you need to spend the night before departure from Larnaca.",(no literals),,False,json_parse_error: Extra data: line 1 column 33 (char 32)
667,,gt,Staff,Positive,good_staff,"Friendly staff, all wishes and problematic situations are solved immediately.",(no literals),,False,json_parse_error: Extra data: line 1 column 17 (char 16)
669,,gt,Room,Positive,good_room,"Very nice room. There was a kettle and a microwave, a spacious bath, a view of the beautiful houses.",(no literals),,False,json_parse_error: Extra data: line 1 column 12 (char 11)
669,,gt,Food,Positive,good_food,Delicious breakfast for a fee,(no literals),,False,'delicious_breakfast' is not of type 'object'
669,,gt,Facility,Positive,good_facility,"On request, there is a transfer from the airport and to the airport",(no literals),,False,json_parse_error: Extra data: line 1 column 28 (char 27)
670,,gt,Room,Negative,bad_room,"The ""street side"" rooms are noisier than those facing the back.",(no literals),,False,'noisier_rooms' is not of type 'object'
670,,gt,Staff,Positive,good_staff,The exceptional welcome in French,(no literals),,False,'exceptional_welcome' is not of type 'object'
670,,gt,Location,Positive,good_location,"Proximity to the airport, A nearby bus stop provides access to the city center and the airport",(no literals),,False,json_parse_error: Extra data: line 1 column 23 (char 22)
670,,gt,Room,Positive,good_room,The cleanliness and design of the room,(no literals),,False,json_parse_error: Extra data: line 1 column 19 (char 18)
671,,gt,Facility,Positive,good_facility,Pleasantly surprised as the hotel appears to have been renovated.,(no literals),,False,'renovated_hotel' is not of type 'object'
671,,gt,Facility,Negative,bad_facility,Unfortunately the pool was closed.,(no literals),,False,'closed_pool' is not of type 'object'
672,,gt,Food,Positive,good_food,Breakfast was good,(no literals),,False,'good_breakfast' is not of type 'object'
673,,gt,Staff,Positive,good_staff,"Very friendly staff,",(no literals),,False,'friendly_staff' is not of type 'object'
673,,gt,Location,Positive,good_location,good walking distance to Mackenzie Beach.,(no literals),,False,'good_walking_distance_to_mackenzie_beach' is not of type 'object'
673,,gt,Food,Positive,good_food,We can highly recommend the breakfast offered.,(no literals),,False,'recommend_breakfast' is not of type 'object'
673,,gt,Facility,Positive,good_facility,Free parking in front of the hotel along the street.,(no literals),,False,'free_parking' is not of type 'object'
674,,gt,Staff,Positive,good_staff,Very competent staff,(no literals),,False,'competent_staff' is not of type 'object'
675,,gt,Facility,Positive,good_facility,"Very well-kept hotel,",(no literals),,False,'well-kept_hotel' is not of type 'object'
675,,gt,Staff,Positive,good_staff,"friendly service,",(no literals),,False,'friendly_service' is not of type 'object'
675,,gt,Room,Positive,good_room,"very comfortable mattresses, fridge, kettle, very modern new equipment.",(no literals),,False,json_parse_error: Extra data: line 1 column 25 (char 24)
676,,gt,Staff,Positive,good_staff,"Staff SUPER!!! Responsive, kind people, you feel at home)",(no literals),,False,json_parse_error: Extra data: line 1 column 14 (char 13)
676,,gt,Room,Positive,good_room,"The room has a refrigerator, kettle, mugs (small), safe (did not use), TV (2 channels in the local language, netflix and browser).",(no literals),,False,json_parse_error: Extra data: line 1 column 20 (char 19)
676,,gt,Location,Positive,good_location,"Near the salt lake, about 10 minutes walk, 5-6 minutes to the sea. Quiet place. Near the airport about 4 km, by bus or car for 5-6 minutes, you can walk and walk for 50 minutes)))",(no literals),,False,json_parse_error: Extra data: line 1 column 17 (char 16)
676,,gt,Room,Negative,bad_room,"The shower has no door or curtain. Wi-fi is enough for a phone, not enough for a laptop.",(no literals),,False,json_parse_error: Extra data: line 1 column 17 (char 16)
676,,gt,Location,Positive,good_location,There are few shops nearby.,(no literals),,False,'few_shops_nearby' is not of type 'object'
677,,gt,Location,Positive,good_location,ok for the sea,(no literals),,False,'ok_for_the_sea' is not of type 'object'
678,,gt,Facility,Positive,good_facility,Good hotel,(no literals),,False,'good_hotel' is not of type 'object'
678,,gt,Location,Positive,good_location,next to Mackenzie beach and especially the airport. It is 5 minutes by car,(no literals),,False,json_parse_error: Extra data: line 1 column 26 (char 25)
679,,gt,Room,Positive,good_room,"Superb room, bathroom and balcony, very comfortable,",(no literals),,False,json_parse_error: Extra data: line 1 column 14 (char 13)
679,,gt,Staff,Positive,good_staff,the staff was top notch!,(no literals),,False,'top_notch_staff' is not of type 'object'
679,,gt,Room,Negative,bad_room,Lots of noise from the hallway,(no literals),,False,'lots_of_noise_hallway' is not of type 'object'
680,,gt,Location,Positive,good_location,"but the hotel is located 500 meters from the beach and an area with restaurants, bars... the town center is a little further 30' on foot. 5' from the airport.",(no literals),,False,json_parse_error: Extra data: line 1 column 24 (char 23)
680,,gt,Staff,Positive,good_staff,"Very nice hosts,",(no literals),,False,'nice_hosts' is not of type 'object'
680,,gt,Facility,Positive,good_facility,very clean establishment.,(no literals),,False,'clean_hotel' is not of type 'object'
681,,gt,Facility,Positive,good_facility,"Very cozy and stylish hotel,",(no literals),,False,json_parse_error: Extra data: line 1 column 13 (char 12)
681,,gt,Location,Positive,good_location,"excellent location, bus stops nearby, salt lake, 5 minutes walk to the sea.",(no literals),,False,json_parse_error: Extra data: line 1 column 21 (char 20)
682,,gt,Room,Negative,bad_room,"In addition to liquid soap, no other means. Bring along shampoos, soaps, gels, etc.",(no literals),,False,'no_other_means' is not of type 'object'
683,,gt,Facility,Positive,good_facility,Clean and modern hotel,(no literals),,False,json_parse_error: Extra data: line 1 column 14 (char 13)
683,,gt,Staff,Positive,good_staff,with very friendly staff.,(no literals),,False,'friendly_staff' is not of type 'object'
684,,gt,Staff,Positive,good_staff,the sympathy of the restaurant manager,(no literals),,False,'sympathy_restaurant_manager' is not of type 'object'
684,,gt,Location,Negative,bad_location,The noise of the discotheque…,(no literals),,False,'noise_of_discotheque' is not of type 'object'
685,,gt,Location,Positive,good_location,"Excellent location,",(no literals),,False,'excellent_location' is not of type 'object'
685,,gt,Room,Positive,good_room,"perfect cleanliness,",(no literals),,False,'perfect_cleanliness' is not of type 'object'
685,,gt,Food,Positive,good_food,"excellent breakfasts for only 8€,",(no literals),,False,'excellent_breakfasts' is not of type 'object'
685,,gt,Staff,Positive,good_staff,super service,(no literals),,False,'super_service' is not of type 'object'
686,,gt,Staff,Positive,good_staff,Very friendly reception.,(no literals),,False,'friendly_reception' is not of type 'object'
686,,gt,Room,Positive,good_room,Nice quiet room.,(no literals),,False,json_parse_error: Extra data: line 1 column 12 (char 11)
687,,gt,Staff,Positive,good_staff,Excellent service staff. The owner and staff are always ready to help. Helped immediately with adapters.,(no literals),,False,json_parse_error: Extra data: line 1 column 26 (char 25)
687,,gt,Location,Positive,good_location,"From the hotel to the beach is relatively close. 5-7 minutes at a calm pace. There is a bus stop nearby, which is also very important.",(no literals),,False,json_parse_error: Extra data: line 1 column 25 (char 24)
687,,gt,Food,Negative,bad_food,"Of the shortcomings, I would note the monotonous breakfast. Every day is the same.",(no literals),,False,'monotonous_breakfast' is not of type 'object'
688,,gt,Staff,Positive,good_staff,"Very nice owner,",(no literals),,False,'nice_owner' is not of type 'object'
688,,gt,Facility,Positive,good_facility,"great hotel,",(no literals),,False,'great_hotel' is not of type 'object'
688,,gt,Location,Positive,good_location,close to the beach!!,(no literals),,False,'close_to_the_beach' is not of type 'object'
689,,gt,Taxi-issue,Negative,bad_taxi_issue,"When the booked taxi didn't show up at 3 in the morning, the Htl owner drove me to the airport himself after I rang him out of bed....",(no literals),,False,"""didn't_show_up_taxi"" is not of type 'object'"
689,,gt,Staff,Positive,good_staff,"When the booked taxi didn't show up at 3 in the morning, the Htl owner drove me to the airport himself after I rang him out of bed....",(no literals),,False,'drove_me_to_airport_owner' is not of type 'object'
690,,gt,Location,Positive,good_location,Very convenient location. Not far from the airport and from the sea.,(no literals),,False,json_parse_error: Extra data: line 1 column 22 (char 21)
690,,gt,Room,Negative,bad_room,Very thin walls. Everything is heard.,(no literals),,False,'thin_walls' is not of type 'object'
690,,gt,Location,Negative,bad_location,Everything is heard. At 3 o'clock in the morning we woke up from the fact that the garbage truck loaded the tanks.,(no literals),,False,'everything_is_heard' is not of type 'object'
691,,gt,Room,Positive,good_room,very clean,(no literals),,False,'clean_room' is not of type 'object'
691,,gt,Facility,Positive,good_facility,Plenty of parking.,(no literals),,False,'plenty_of_parking' is not of type 'object'
691,,gt,Staff,Positive,good_staff,Nice and kind staff.,(no literals),,False,json_parse_error: Extra data: line 1 column 13 (char 12)
692,,gt,Staff,Positive,good_staff,"Very helpful staff. If you do not have adapters for sockets, ask at the reception..",(no literals),,False,'helpful_staff' is not of type 'object'
693,,gt,Location,Positive,good_location,"Hotel rather well placed, access to the beach by crossing a vacant lot. Airport nearby (but the taxi price is the same as from the center of Larnaca).",(no literals),,False,json_parse_error: Extra data: line 1 column 20 (char 19)
693,,gt,Facility,Positive,good_facility,"Pleasant surprise, it is not in the photo but the accommodation has a swimming pool!",(no literals),,False,'swimming_pool_hotel' is not of type 'object'
693,,gt,Room,Positive,good_room,"Fridge filled with drinks and delicacies, even if it's paying it's nice to have some available",(no literals),,False,'filled_fridge' is not of type 'object'
694,,gt,Location,Positive,good_location,Close to the airport.,(no literals),,False,'close_to_airport' is not of type 'object'
694,,gt,Room,Negative,bad_room,"The room is very very small (3 beds at 18 meters),",(no literals),,False,'small_room' is not of type 'object'
694,,gt,Room,Positive,good_room,"but at the same time, clean and tidy.",(no literals),,False,json_parse_error: Extra data: line 1 column 13 (char 12)
694,,gt,Location,Negative,bad_location,The area near the hotel is a wasteland,(no literals),,False,'wasteland_area' is not of type 'object'
694,,gt,Staff,Positive,good_staff,The hosts are very friendly.,(no literals),,False,'friendly_hosts' is not of type 'object'
695,,gt,Facility,Positive,good_facility,"New hotel,",(no literals),,False,'new_hotel' is not of type 'object'
695,,gt,Room,Positive,good_room,with super clean rooms and comfortable beds.,(no literals),,False,json_parse_error: Extra data: line 1 column 20 (char 19)
695,,gt,Staff,Positive,good_staff,Family business and the owners are very friendly!,(no literals),,False,'friendly_owners' is not of type 'object'
696,,gt,Location,Positive,good_location,The airport is 6 minutes by car. Near a good beach.,(no literals),,False,json_parse_error: Extra data: line 1 column 20 (char 19)
696,,gt,Food,Positive,good_food,Liked the food at the cafe in the lobby.,(no literals),,False,'liked_food' is not of type 'object'
697,,gt,Staff,Positive,good_staff,Responsive staff.,(no literals),,False,'responsive_staff' is not of type 'object'
697,,gt,Room,Positive,good_room,"Very clean, fresh, comfortable. you can see it's new. Cleaning every day",(no literals),,False,json_parse_error: Extra data: line 1 column 13 (char 12)
698,,gt,Location,Positive,good_location,The hotel is 10 minutes from the airport which is very convenient for not missing your flight. but the hotel is well located for the restaurants in the area.,(no literals),,False,json_parse_error: Extra data: line 1 column 19 (char 18)
698,,gt,Staff,Positive,good_staff,The welcome was very warm and efficient.,(no literals),,False,json_parse_error: Extra data: line 1 column 15 (char 14)
698,,gt,Room,Negative,bad_room,The electric kettle didn't seem to work.,(no literals),,False,"""didn't_work_electric_kettle"" is not of type 'object'"
699,,gt,Staff,Positive,good_staff,The hotel staff was fantastic.,(no literals),,False,'fantastic_staff' is not of type 'object'
700,,gt,Room,Positive,good_room,"Great bed, excellent cleaning",(no literals),,False,json_parse_error: Extra data: line 1 column 12 (char 11)
700,,gt,Location,Positive,good_location,great for the airport (it's attached),(no literals),,False,json_parse_error: Extra data: line 1 column 24 (char 23)
700,,gt,Room,Negative,bad_room,"Small room, only one nescafe bag, no curtain in the bathroom.",(no literals),,False,json_parse_error: Extra data: line 1 column 13 (char 12)
700,,gt,Facility,Negative,bad_facility,"Better remove the photo of the pool, since it's a hole...",(no literals),,False,'hole_pool' is not of type 'object'
701,,gt,Staff,Positive,good_staff,"Very friendly and helpful staff,",(no literals),,False,json_parse_error: Extra data: line 1 column 17 (char 16)
701,,gt,Location,Positive,good_location,walking distance to the beach with several restaurants.,(no literals),,False,json_parse_error: Extra data: line 1 column 28 (char 27)
702,,gt,Staff,Positive,good_staff,Nice staff,(no literals),,False,'nice_staff' is not of type 'object'
702,,gt,Food,Positive,good_food,good cook,(no literals),,False,'good_cook' is not of type 'object'
702,,gt,Room,Negative,bad_room,room a bit small.,(no literals),,False,'bit_small_room' is not of type 'object'
703,,gt,Facility,Positive,good_facility,"Hotel completely redone,",(no literals),,False,'completely_redone_hotel' is not of type 'object'
703,,gt,Room,Positive,good_room,the rooms are clean and comfortable.,(no literals),,False,json_parse_error: Extra data: line 1 column 14 (char 13)
703,,gt,Staff,Positive,good_staff,"Like the 2 managers of the hotel and the chef, the staff is extremely kind and helpful.",(no literals),,False,json_parse_error: Extra data: line 1 column 13 (char 12)
703,,gt,Food,Positive,good_food,"Full breakfast and served without time limit, to good understanding :)",(no literals),,False,json_parse_error: Extra data: line 1 column 17 (char 16)
704,,gt,Location,Positive,good_location,The hotel is close to Larnaca Airport and the beach.,(no literals),,False,json_parse_error: Extra data: line 1 column 27 (char 26)
705,,gt,Staff,Positive,good_staff,"Pleasant staff,",(no literals),,False,'pleasant_staff' is not of type 'object'
705,,gt,Room,Positive,good_room,clean and tidy.,(no literals),,False,json_parse_error: Extra data: line 1 column 13 (char 12)
706,,gt,Facility,Positive,good_facility,"Very good accommodation in a perfect location, 7 minutes from the airport!",(no literals),,False,json_parse_error: Extra data: line 1 column 18 (char 17)
706,,gt,Location,Positive,good_location,"Very good accommodation in a perfect location, 7 minutes from the airport!",(no literals),,False,json_parse_error: Extra data: line 1 column 19 (char 18)
707,,gt,Facility,Positive,good_facility,"New hotel,",(no literals),,False,'new_hotel' is not of type 'object'
707,,gt,Room,Positive,good_room,"renovated, soft blankets",(no literals),,False,json_parse_error: Extra data: line 1 column 17 (char 16)
707,,gt,Room,Negative,bad_room,Small room for a family,(no literals),,False,'small_room' is not of type 'object'
708,,gt,Location,Positive,good_location,Excellent location on the way to/from Larnaca airport.,(no literals),,False,'excellent_location' is not of type 'object'
708,,gt,Staff,Positive,good_staff,Warm and cordial hospitality,(no literals),,False,json_parse_error: Extra data: line 1 column 19 (char 18)
709,,gt,Facility,Positive,good_facility,"Very well-kept small hotel,",(no literals),,False,json_parse_error: Extra data: line 1 column 18 (char 17)
709,,gt,Staff,Positive,good_staff,with extraordinarily courteous hosts!,(no literals),,False,'extraordinarily_courteous_hosts' is not of type 'object'
710,,gt,Food,Positive,good_food,but we had dinner in the restaurant and it was very good.,(no literals),,False,'very_good_dinner' is not of type 'object'
711,,gt,Check-out,Positive,good_check_out,possibility for late check out,(no literals),,False,'late_check_out' is not of type 'object'
711,,gt,Staff,Positive,good_staff,very nice staff,(no literals),,False,'nice_staff' is not of type 'object'
711,,gt,Facility,Negative,bad_facility,"Swimming pool , small and dirty",(no literals),,False,json_parse_error: Extra data: line 1 column 22 (char 21)
712,,gt,Room,Positive,good_room,Comfortable room,(no literals),,False,'comfortable_room' is not of type 'object'
713,,gt,Location,Positive,good_location,close to the airport,(no literals),,False,'close_to_airport' is not of type 'object'
714,,gt,Facility,Positive,good_facility,a comfortable place.,(no literals),,False,'comfortable_hotel' is not of type 'object'
714,,gt,Staff,Positive,good_staff,Quiet friendly staff.,(no literals),,False,json_parse_error: Extra data: line 1 column 14 (char 13)
714,,gt,Room,Positive,good_room,Quiet and spacious.,(no literals),,False,json_parse_error: Extra data: line 1 column 13 (char 12)
715,,gt,Facility,Positive,good_facility,Great place,(no literals),,False,'great_hotel' is not of type 'object'
715,,gt,Price,Positive,good_price,worth the price,(no literals),,False,'worth_the_price' is not of type 'object'
716,,gt,Staff,Positive,good_staff,Very pleasant staff.,(no literals),,False,'pleasant_staff' is not of type 'object'
716,,gt,Room,Positive,good_room,New and clean rooms.,(no literals),,False,json_parse_error: Extra data: line 1 column 12 (char 11)
716,,gt,Room,Negative,bad_room,Lack of adapters for sockets in the rooms.,(no literals),,False,'lack_of_adapters_rooms' is not of type 'object'
717,,gt,Staff,Positive,good_staff,Very accommodating and nice staff. Helpful. Top,(no literals),,False,json_parse_error: Extra data: line 1 column 22 (char 21)
718,,gt,Facility,Positive,good_facility,"Great place,",(no literals),,False,'great_hotel' is not of type 'object'
718,,gt,Staff,Positive,good_staff,very nice staff.,(no literals),,False,'nice_staff' is not of type 'object'
718,,gt,Location,Positive,good_location,Close to Mackenzie beach and salt lake. 10 minutes to the airport by bus or taxi.,(no literals),,False,json_parse_error: Extra data: line 1 column 27 (char 26)
718,,gt,Room,Negative,bad_room,No trash can in the room,(no literals),,False,'no_trash_can_room' is not of type 'object'
719,,gt,Room,Positive,good_room,Super clean modern room and bathroom with balcony. Wonderful air conditioning that also stays on when you leave the room or open the balcony door.,(no literals),,False,json_parse_error: Extra data: line 1 column 19 (char 18)
719,,gt,Location,Negative,bad_location,The street on which the hotel is located.,(no literals),,False,json_parse_error: Expecting value: line 1 column 1 (char 0)
720,,gt,Facility,Positive,good_facility,"Clean, modern hotel,",(no literals),,False,json_parse_error: Extra data: line 1 column 14 (char 13)
720,,gt,Room,Positive,good_room,comfortable rooms.,(no literals),,False,'comfortable_rooms' is not of type 'object'
721,,gt,Room,Positive,good_room,"Clean, nice atmosphere,",(no literals),,False,json_parse_error: Extra data: line 1 column 14 (char 13)
721,,gt,Staff,Positive,good_staff,"helpful people, Nice staff",(no literals),,False,json_parse_error: Extra data: line 1 column 17 (char 16)
722,,gt,Staff,Positive,good_staff,"Super polite and helpful staff,",(no literals),,False,json_parse_error: Extra data: line 1 column 15 (char 14)
722,,gt,Room,Positive,good_room,"clean comfortable room with good new furniture,",(no literals),,False,json_parse_error: Extra data: line 1 column 13 (char 12)
722,,gt,Food,Positive,good_food,delicious breakfast on the veranda.,(no literals),,False,'delicious_breakfast' is not of type 'object'
722,,gt,Location,Positive,good_location,"Walking distance to Makenzie beach. In the absence of a car, it is very easy to get here by bus from the airport. If you are worried about the proximity of the airport, then during the entire stay we did not notice the noise and did not experience any discomfort because of this.",(no literals),,False,json_parse_error: Extra data: line 1 column 37 (char 36)
722,,gt,Room,Negative,bad_room,Shower water often overflowed into the bathroom. Drain is not working well.,(no literals),,False,json_parse_error: Extra data: line 1 column 26 (char 25)
723,,gt,Room,Negative,bad_room,There were no TV channels,(no literals),,False,'no_tv_channels' is not of type 'object'
724,,gt,Room,Positive,good_room,Clean,(no literals),,False,'clean_room' is not of type 'object'
725,,gt,Room,Negative,bad_room,Extremely thick bedding for the weather,(no literals),,False,'thick_bedding' is not of type 'object'
725,,gt,Staff,Positive,good_staff,Constructive attitude of the staff.,(no literals),,False,'constructive_attitude_of_the_staff' is not of type 'object'
726,,gt,Location,Positive,good_location,Mackenzie is 5 minutes walk. The hotel is very conveniently located.,(no literals),,False,json_parse_error: Extra data: line 1 column 17 (char 16)
726,,gt,Staff,Positive,good_staff,Friendly staff.,(no literals),,False,'friendly_staff' is not of type 'object'
726,,gt,Room,Positive,good_room,The room is clean. Bed is comfortable,(no literals),,False,json_parse_error: Extra data: line 1 column 13 (char 12)
726,,gt,Location,Negative,bad_location,Can be noisy from discos on Mackenzie,(no literals),,False,'noisy_mackenzie' is not of type 'object'
727,,gt,Location,Positive,good_location,"Great option for if you arrive at Larnaca airport, close,",(no literals),,False,json_parse_error: Extra data: line 1 column 15 (char 14)
727,,gt,Room,Positive,good_room,very clean.,(no literals),,False,'clean_room' is not of type 'object'
727,,gt,Facility,Positive,good_facility,It is possible with animals.,(no literals),,False,'possible_with_animals' is not of type 'object'
727,,gt,Staff,Positive,good_staff,"Everyone at the hotel was very friendly, tried to help and explain.",(no literals),,False,json_parse_error: Extra data: line 1 column 20 (char 19)
727,,gt,Location,Negative,bad_location,To restaurants and the beach go through an intensive road.,(no literals),,False,'intensive_road' is not of type 'object'
729,,gt,Facility,Positive,good_facility,This hotel is very very clean very well equipped,(no literals),,False,json_parse_error: Extra data: line 1 column 14 (char 13)
729,,gt,Food,Positive,good_food,excellent breakfast.,(no literals),,False,'excellent_breakfast' is not of type 'object'
729,,gt,Staff,Positive,good_staff,The managers are extremely nice and helpful.,(no literals),,False,json_parse_error: Extra data: line 1 column 16 (char 15)
730,,gt,Location,Positive,good_location,Location: close to airport and beach.,(no literals),,False,json_parse_error: Extra data: line 1 column 19 (char 18)
730,,gt,Facility,Positive,good_facility,"Newly refurbished hotel,",(no literals),,False,'newly_refurbished_hotel' is not of type 'object'
730,,gt,Room,Positive,good_room,rooms with balconies and clean.,(no literals),,False,json_parse_error: Extra data: line 1 column 18 (char 17)
730,,gt,Location,Negative,bad_location,"Proximity to the airport has its own nuances: the noise of planes taking off and the smell of jet fuel are very audible. Near the beach at night there is a disco, which also makes it very difficult to sleep.",(no literals),,False,json_parse_error: Extra data: line 1 column 18 (char 17)
732,,gt,Staff,Positive,good_staff,Very welcoming and friendly staff.,(no literals),,False,json_parse_error: Extra data: line 1 column 18 (char 17)
732,,gt,Room,Positive,good_room,"Everything is clean, white, freshly renovated.",(no literals),,False,json_parse_error: Extra data: line 1 column 19 (char 18)
732,,gt,Location,Positive,good_location,"Near Mackenzie beach, airport, salt lake.",(no literals),,False,json_parse_error: Extra data: line 1 column 23 (char 22)
733,,gt,Facility,Positive,good_facility,Everything in the hotel is new.,(no literals),,False,'new_hotel' is not of type 'object'
733,,gt,Location,Positive,good_location,Located close to the waterfront.,(no literals),,False,'close_to_waterfront' is not of type 'object'
733,,gt,Staff,Positive,good_staff,The staff is very friendly. but the staff does everything possible to compensate for all inconveniences.,(no literals),,False,json_parse_error: Extra data: line 1 column 17 (char 16)
733,,gt,Room,Positive,good_room,Very clean.,(no literals),,False,'clean_room' is not of type 'object'
733,,gt,Facility,Negative,bad_facility,You can see that the hotel is young. Not everything is perfect yet,(no literals),,False,'not_perfect_hotel' is not of type 'object'
735,,gt,Location,Positive,good_location,"LOCATION CLOSE TO EVERYTHING. ALYKI BEACH CLUB, RESTAURANTS, CAFÉS.",(no literals),,False,'close_to_everything_location' is not of type 'object'
735,,gt,Food,Positive,good_food,BREAKFAST WONDERFUL.,(no literals),,False,'wonderful_breakfast' is not of type 'object'
735,,gt,Staff,Positive,good_staff,WE HAVE ALREADY TALKED TO THE STAFF THEY ARE PREPARING A LOT. POOL. Play room. Roof garden.,(no literals),,False,'preparing_a_lot_staff' is not of type 'object'
736,,gt,Staff,Positive,good_staff,The staff is very friendly,(no literals),,False,'friendly_staff' is not of type 'object'
737,,gt,Location,Positive,good_location,Close to the beach.,(no literals),,False,'close_to_beach' is not of type 'object'
737,,gt,Food,Positive,good_food,Pleasant breakfast.,(no literals),,False,'pleasant_breakfast' is not of type 'object'
737,,gt,Price,Positive,good_price,Excellent value for money!,(no literals),,False,'excellent_value_for_money' is not of type 'object'
738,,gt,Facility,Positive,good_facility,"all the furniture in the hotel is new,",(no literals),,False,'new_furniture' is not of type 'object'
738,,gt,Room,Positive,good_room,the bed is comfortable,(no literals),,False,'comfortable_bed' is not of type 'object'
738,,gt,Food,Positive,good_food,and the breakfast is excellent.,(no literals),,False,'excellent_breakfast' is not of type 'object'
739,,gt,Facility,Positive,good_facility,"Nice accommodation, extremely clean",(no literals),,False,json_parse_error: Extra data: line 1 column 13 (char 12)
739,,gt,Location,Positive,good_location,and with a very good location near the beach and the center.,(no literals),,False,json_parse_error: Extra data: line 1 column 16 (char 15)
739,,gt,Room,Positive,good_room,"With their vanilla styles, the rooms offer a very pleasant atmosphere in which to relax and unwind. Also, one thing that sets this hotel apart is their generosity so that they offer a bottle of water, tea bags and coffee for free, not to mention the affordable prices of the mini-bar.",(no literals),,False,json_parse_error: Extra data: line 1 column 23 (char 22)
739,,gt,Staff,Positive,good_staff,"Also note that the staff communicates well in French,",(no literals),,False,'communicates_well_staff' is not of type 'object'
741,,gt,Room,Negative,bad_room,",Noise
  Uncomfortable beds",(no literals),,False,json_parse_error: Extra data: line 1 column 13 (char 12)
742,,gt,Room,Positive,good_room,comfortable bed,(no literals),,False,'comfortable_bed' is not of type 'object'
742,,gt,Room,Negative,bad_room,not clean,(no literals),,False,'not_clean_room' is not of type 'object'
743,,gt,Room,Positive,good_room,Clean and nice room,(no literals),,False,json_parse_error: Extra data: line 1 column 13 (char 12)
743,,gt,Location,Negative,bad_location,Not as close to the airport as advertised.,(no literals),,False,'not_as_close_to_airport' is not of type 'object'
744,,gt,Location,Negative,bad_location,The sounds of the airport,(no literals),,False,'sounds_of_the_airport' is not of type 'object'
745,,gt,Room,Positive,good_room,clean and functional,(no literals),,False,json_parse_error: Extra data: line 1 column 13 (char 12)
746,,gt,Room,Positive,good_room,The room was satisfactory,(no literals),,False,'satisfactory_room' is not of type 'object'
746,,gt,Staff,Positive,good_staff,the lady at the reception who spoke Cypriot was kind and willing for any help.,(no literals),,False,json_parse_error: Extra data: line 1 column 12 (char 11)
746,,gt,Staff,Negative,bad_staff,"I did not like the behavior of the gentleman in the reservations. I was assured of breakfast in the price of the room. Upon arrival he refused to provide breakfast in an unacceptable manner, and without even speaking the Cypriot language.",(no literals),,False,json_parse_error: Extra data: line 1 column 28 (char 27)
747,,gt,Room,Positive,good_room,A clean room that really serves the purpose for which we came,(no literals),,False,json_parse_error: Extra data: line 1 column 13 (char 12)
747,,gt,Room,Negative,bad_room,The frozen water in the bath,(no literals),,False,'frozen_water_bath' is not of type 'object'
748,,gt,Location,Positive,good_location,"close to the airport but no aircraft noise. bus station nearby
  salt lake nearby",(no literals),,False,json_parse_error: Extra data: line 1 column 19 (char 18)
748,,gt,Room,Positive,good_room,clean,(no literals),,False,'clean_room' is not of type 'object'
748,,gt,Room,Negative,bad_room,Minibar was empty and not working,(no literals),,False,json_parse_error: Extra data: line 1 column 16 (char 15)
749,,gt,Location,Positive,good_location,The location is close to the field.,(no literals),,False,'close_to_the_field_location' is not of type 'object'
749,,gt,Room,Positive,good_room,The room is clean.,(no literals),,False,'clean_room' is not of type 'object'
749,,gt,Facility,Positive,good_facility,A hotel that is suitable for an overnight stay.,(no literals),,False,'suitable_hotel' is not of type 'object'
749,,gt,Room,Negative,bad_room,Small rooms. There is no view.,(no literals),,False,json_parse_error: Extra data: line 1 column 14 (char 13)
750,,gt,Location,Positive,good_location,Location close to the field.,(no literals),,False,'close_to_the_field_location' is not of type 'object'
750,,gt,Staff,Negative,bad_staff,No staff at night..,(no literals),,False,'no_staff' is not of type 'object'
751,,gt,Location,Negative,bad_location,"The room was next to another property's pool. Despite too much noise, shouting. Unable to rest",(no literals),,False,json_parse_error: Extra data: line 1 column 23 (char 22)
752,,gt,Room,Positive,good_room,comfortable room for one night before departure,(no literals),,False,'comfortable_room' is not of type 'object'
752,,gt,Room,Negative,bad_room,It was extremely noisy,(no literals),,False,'noisy_it' is not of type 'object'
753,,gt,Room,Positive,good_room,"Cleanliness
  Spacious",(no literals),,False,json_parse_error: Extra data: line 1 column 19 (char 18)
754,,gt,Location,Positive,good_location,Very good if you have an early morning flight.,(no literals),,False,'very_good_location' is not of type 'object'
754,,gt,Location,Negative,bad_location,"You should only sleep with air conditioning in the summer, because there is a lot of noise from the nearby beach until early morning.",(no literals),,False,'lot_of_noise_nearby_beach' is not of type 'object'
755,,gt,Room,Positive,good_room,Very clean,(no literals),,False,'clean_room' is not of type 'object'
756,,gt,Location,Positive,good_location,"central location between the beach, the party mile, the airport and the old town",(no literals),,False,'central_location' is not of type 'object'
756,,gt,Food,Negative,bad_food,it would be nice if there was a breakfast buffet,(no literals),,False,'no_breakfast_buffet' is not of type 'object'
757,,gt,Room,Positive,good_room,"Cleaning,",(no literals),,False,'cleaning_room' is not of type 'object'
757,,gt,Food,Negative,bad_food,"After 20 minutes of waiting bad and half raw croissant
  Watery cappuccino",(no literals),,False,json_parse_error: Extra data: line 1 column 16 (char 15)
758,,gt,Room,Positive,good_room,Big room,(no literals),,False,'big_room' is not of type 'object'
758,,gt,Staff,Negative,bad_staff,Receptionist didn't understand English very well and the staff could not give me any information about the bus to the airport,(no literals),,False,json_parse_error: Extra data: line 1 column 41 (char 40)
759,,gt,Room,Negative,bad_room,The lack of adapters for sockets,(no literals),,False,'lack_of_adapters_for_sockets' is not of type 'object'
761,,gt,Room,Positive,good_room,Large spacious suite. Comfortable beds. Good for large family 5 people. Light interior.,(no literals),,False,json_parse_error: Extra data: line 1 column 23 (char 22)
761,,gt,Room,Negative,bad_room,Warm blankets. Slightly untidy floor. Smelled a little sewage,(no literals),,False,json_parse_error: Extra data: line 1 column 24 (char 23)
762,,gt,Room,Negative,bad_room,"The room smelled of sewage,",(no literals),,False,'smelled_of_sewage_room' is not of type 'object'
763,,gt,Staff,Positive,good_staff,The warm welcome in French.,(no literals),,False,'warm_welcome' is not of type 'object'
763,,gt,Room,Positive,good_room,"the comfort of the beds, the cleanliness.",(no literals),,False,json_parse_error: Extra data: line 1 column 22 (char 21)
763,,gt,Room,Negative,bad_room,The noise emanating from the terrace when located on the 1st floor.,(no literals),,False,'noise_emanating_from_terrace' is not of type 'object'
764,,gt,Food,Positive,good_food,Breakfast ok.,(no literals),,False,'ok_breakfast' is not of type 'object'
764,,gt,Room,Positive,good_room,"Clean room, comfortable bed.",(no literals),,False,json_parse_error: Extra data: line 1 column 13 (char 12)
764,,gt,Staff,Negative,bad_staff,"With the exception of one gentleman at the reception, no other employee was wearing a mask.",(no literals),,False,'no_wearing_a_mask_employee' is not of type 'object'
764,,gt,Room,Negative,bad_room,"The small room, with almost non-existent storage spaces, an extremely small balcony.
  Thin walls, all night I heard how other travelers checked in. The adapter found in the room burned/melted 2 phone chargers.",(no literals),,False,json_parse_error: Extra data: line 1 column 13 (char 12)
764,,gt,Location,Negative,bad_location,"At 3 o'clock in the morning, the garbage was picked up from the street, in an infernal mess....
  At 7 o'clock in the morning I tried to open the door to the balcony and I was very close to throwing up instantly. It seems that there are some farms nearby... it smelled like concentrated manure....",(no literals),,False,json_parse_error: Extra data: line 1 column 23 (char 22)
765,,gt,Room,Positive,good_room,Very comfortable bed. Very good shower. The furniture and bathroom are all new and impeccable. Very good WiFi connection.,(no literals),,False,json_parse_error: Extra data: line 1 column 18 (char 17)
765,,gt,Staff,Positive,good_staff,Excellent attention,(no literals),,False,'excellent_attention' is not of type 'object'
765,,gt,Location,Positive,good_location,Bars and restaurants nearby.,(no literals),,False,json_parse_error: Extra data: line 1 column 14 (char 13)
765,,gt,Room,Negative,bad_room,"In the photo of the room on Booking, you can't see a column that takes up space and is uncomfortable. The balcony on the first floor is very low, not very intimate, close to the street. The safe does not make sense since it is not walled, They could put shampoo in the bathroom, not just soap. they could put 2 coffee sachets and 2 tea sachets, not just 1.",(no literals),,False,json_parse_error: Extra data: line 1 column 23 (char 22)
765,,gt,Location,Negative,bad_location,"and the hotel lobby, you can even smell the smoke from the cigarettes that smoke there.",(no literals),,False,'smell_the_smoke_hotel_lobby' is not of type 'object'
766,,gt,Room,Positive,good_room,Cleanliness,(no literals),,False,'cleanliness_room' is not of type 'object'
766,,gt,Room,Negative,bad_room,The room given was not the one booked. small corner,(no literals),,False,json_parse_error: Extra data: line 1 column 26 (char 25)
767,,gt,Room,Positive,good_room,Clean and spacious room,(no literals),,False,json_parse_error: Extra data: line 1 column 13 (char 12)
767,,gt,Location,Negative,bad_location,"Far from the beach., The windows overlooked the courtyard, where it was quite noisy.",(no literals),,False,json_parse_error: Extra data: line 1 column 17 (char 16)
767,,gt,Price,Negative,bad_price,The hotel is average (3 stars) 400 euros for 3 nights a bit expensive.,(no literals),,False,'bit_expensive_euros' is not of type 'object'
767,,gt,Room,Negative,bad_room,"The windows overlooked the courtyard, where it was quite noisy.",(no literals),,False,'noisy_courtyard' is not of type 'object'
768,,gt,Room,Positive,good_room,"- terrace in the room,
  - well-furnished room and bathroom,",(no literals),,False,json_parse_error: Extra data: line 1 column 22 (char 21)
768,,gt,Food,Negative,bad_food,monotonous breakfasts (everyday the same set:,(no literals),,False,'monotonous_breakfasts' is not of type 'object'
768,,gt,Facility,Negative,bad_facility,"the relaxation zone (swimming pool, deckchairs, billiards) definitely did not encourage you to use it.",(no literals),,False,'did_not_encourage_relaxation_zone' is not of type 'object'
769,,gt,Room,Positive,good_room,"Pros: cleanliness, (cleaning and change of towels daily)",(no literals),,False,json_parse_error: Extra data: line 1 column 19 (char 18)
769,,gt,Location,Positive,good_location,"2. the beach is within walking distance.
  3. a couple of taverns in the area
  4. near the airport",(no literals),,False,json_parse_error: Extra data: line 1 column 32 (char 31)
769,,gt,Room,Negative,bad_room,"1. Bed linen was never changed ; 3. the refrigerator is full of minibar for money, I had to pull everything out so that my products would fit;",(no literals),,False,json_parse_error: Extra data: line 1 column 26 (char 25)
769,,gt,Check-out,Negative,bad_check_out,4. the hotel did not allow to turn over a couple of hours before the delayed plane;,(no literals),,False,'did_not_allow_turn_over_hotel' is not of type 'object'
769,,gt,Location,Negative,bad_location,"5. walk to the promenade of Larnaca for about 20 minutes, to Lidl for an hour and a half.",(no literals),,False,json_parse_error: Extra data: line 1 column 20 (char 19)
770,,gt,Room,Positive,good_room,"Clean, daily change of towels,",(no literals),,False,json_parse_error: Extra data: line 1 column 13 (char 12)
770,,gt,Price,Positive,good_price,value for money,(no literals),,False,'value_for_money' is not of type 'object'
770,,gt,Staff,Positive,good_staff,"pleasant and helpful staff,",(no literals),,False,json_parse_error: Extra data: line 1 column 17 (char 16)
770,,gt,Location,Negative,bad_location,"There was a constant stench coming from outside,",(no literals),,False,'constant_stench_outside' is not of type 'object'
770,,gt,Room,Negative,bad_room,lack of storage spaces,(no literals),,False,'lack_of_storage_spaces' is not of type 'object'
771,,gt,Room,Positive,good_room,"Clean, comfortable,",(no literals),,False,json_parse_error: Extra data: line 1 column 13 (char 12)
771,,gt,Staff,Positive,good_staff,nice staff.,(no literals),,False,'nice_staff' is not of type 'object'
771,,gt,Food,Positive,good_food,The breakfast is delicious but the same.,(no literals),,False,'delicious_breakfast' is not of type 'object'
771,,gt,Food,Negative,bad_food,The breakfast is delicious but the same. Eat what they bring you.,(no literals),,False,'the_same_breakfast' is not of type 'object'
771,,gt,Location,Negative,bad_location,A fruit van drove under the windows almost every day from early morning and the seller shouted into the mouthpiece.,(no literals),,False,json_parse_error: Extra data: line 1 column 26 (char 25)
771,,gt,Location,Positive,good_location,"Walking distance to the center, but within walking distance of Mackenzie beach and all party cafes.",(no literals),,False,json_parse_error: Extra data: line 1 column 29 (char 28)
771,,gt,Room,Negative,bad_room,Poor soundproofing from corridor.,(no literals),,False,'poor_soundproofing' is not of type 'object'
772,,gt,Room,Positive,good_room,"new equipment,",(no literals),,False,'new_equipment' is not of type 'object'
772,,gt,Room,Negative,bad_room,couldn't close one window,(no literals),,False,"""couldn't_close_window"" is not of type 'object'"
773,,gt,Room,Positive,good_room,"Great, compact room and hotel. Clean and modern. 3+ stars for sure.",(no literals),,False,json_parse_error: Extra data: line 1 column 13 (char 12)
773,,gt,Facility,Positive,good_facility,"Great, compact room and hotel. Clean and modern. 3+ stars for sure.",(no literals),,False,json_parse_error: Extra data: line 1 column 13 (char 12)
773,,gt,Location,Positive,good_location,Mackenzie Beach is 10-15 minutes on asphalt and 5-7 off-road. From the airport 7 - 10 minutes drive.,(no literals),,False,json_parse_error: Extra data: line 1 column 32 (char 31)
774,,gt,Room,Positive,good_room,comfortable and clean room,(no literals),,False,json_parse_error: Extra data: line 1 column 19 (char 18)
774,,gt,Staff,Positive,good_staff,kind staff,(no literals),,False,'kind_staff' is not of type 'object'
774,,gt,Room,Negative,bad_room,difficulties with the different sockets as they provided devices without adapters.,(no literals),,False,json_parse_error: Extra data: line 1 column 28 (char 27)
775,,gt,Staff,Positive,good_staff,perfect welcome even arriving at 4am,(no literals),,False,'perfect_welcome' is not of type 'object'
775,,gt,Check-in,Positive,good_check_in,perfect welcome even arriving at 4am,(no literals),,False,'perfect_welcome' is not of type 'object'
775,,gt,Price,Positive,good_price,what we expect for this perfect price!,(no literals),,False,'perfect_price' is not of type 'object'
776,,gt,Room,Positive,good_room,Cleanliness,(no literals),,False,'cleanliness_room' is not of type 'object'
776,,gt,Location,Positive,good_location,"proximity to the airport, walk to the sea",(no literals),,False,json_parse_error: Extra data: line 1 column 23 (char 22)
777,,gt,Facility,Positive,good_facility,Wonderful hotel with a cozy homely atmosphere.,(no literals),,False,json_parse_error: Extra data: line 1 column 18 (char 17)
777,,gt,Staff,Positive,good_staff,Responsive staff. Always with a smile.,(no literals),,False,json_parse_error: Extra data: line 1 column 19 (char 18)
777,,gt,Food,Positive,good_food,Delicious inexpensive breakfast options,(no literals),,False,json_parse_error: Extra data: line 1 column 30 (char 29)
778,,gt,Check-in,Positive,good_check_in,Perfect welcome at 1:30 in the morning!,(no literals),,False,'perfect_welcome' is not of type 'object'
778,,gt,Price,Positive,good_price,Excellent value.,(no literals),,False,'excellent_value' is not of type 'object'
778,,gt,Location,Positive,good_location,Close to the airport.,(no literals),,False,'close_to_airport' is not of type 'object'
779,,gt,Location,Positive,good_location,"The location close to the airport, while being quiet. The proximity to the beach and the city is a significant asset. There is a bus stop near the hotel which allows you to go to the city center and to the airport.",(no literals),,False,json_parse_error: Extra data: line 1 column 19 (char 18)
779,,gt,Check-in,Positive,good_check_in,Check-in at 4am,(no literals),,False,'check-in_at_4am' is not of type 'object'
779,,gt,Staff,Positive,good_staff,An exceptional welcome in French,(no literals),,False,'exceptional_welcome' is not of type 'object'
779,,gt,Room,Positive,good_room,"The room is clean, large enough and recent
  The outdoor balcony is a plus",(no literals),,False,json_parse_error: Extra data: line 1 column 13 (char 12)
779,,gt,Food,Negative,bad_food,Nothing except the breakfast served at the bar next door (too frugal for the price and very slow service!).,(no literals),,False,json_parse_error: Extra data: line 1 column 23 (char 22)
780,,gt,Facility,Positive,good_facility,"Cozy hotel,",(no literals),,False,'cozy_hotel' is not of type 'object'
780,,gt,Room,Positive,good_room,"nice room, large room size",(no literals),,False,json_parse_error: Extra data: line 1 column 12 (char 11)
780,,gt,Location,Positive,good_location,location near mackenzie beach.,(no literals),,False,'near_mackenzie_beach_location' is not of type 'object'
781,,gt,Food,Positive,good_food,"A friendly, nice and sympathetic man serving breakfast.",(no literals),,False,json_parse_error: Extra data: line 1 column 33 (char 32)
781,,gt,Room,Negative,bad_room,"Bed frame structure dangerous, sharp corners.",(no literals),,False,json_parse_error: Extra data: line 1 column 32 (char 31)
782,,gt,Food,Positive,good_food,Delicious breakfast,(no literals),,False,'delicious_breakfast' is not of type 'object'
782,,gt,Room,Positive,good_room,"clean room, excellent renovation with taste, stylish and beautiful!",(no literals),,False,json_parse_error: Extra data: line 1 column 13 (char 12)
783,,gt,Staff,Positive,good_staff,Great staff ... great willingness!,(no literals),,False,json_parse_error: Extra data: line 1 column 14 (char 13)
783,,gt,Facility,Positive,good_facility,"The hotel itself was tidy and modern,",(no literals),,False,json_parse_error: Extra data: line 1 column 13 (char 12)
784,,gt,Staff,Positive,good_staff,Very friendly and warm service.,(no literals),,False,json_parse_error: Extra data: line 1 column 19 (char 18)
784,,gt,Room,Positive,good_room,very clean and new rooms.,(no literals),,False,json_parse_error: Extra data: line 1 column 14 (char 13)
784,,gt,Location,Positive,good_location,Proximity to the beach and airport.,(no literals),,False,json_parse_error: Extra data: line 1 column 21 (char 20)
785,,gt,Staff,Positive,good_staff,Very kind and helpful staff.,(no literals),,False,json_parse_error: Extra data: line 1 column 13 (char 12)
785,,gt,Location,Negative,bad_location,Bad-degraded area. Garbage heap in the bin next to the hotel.,(no literals),,False,json_parse_error: Extra data: line 1 column 20 (char 19)
785,,gt,Room,Negative,bad_room,Not as clean as it should be inside. Misleading photos.,(no literals),,False,json_parse_error: Extra data: line 1 column 22 (char 21)
