Review ID,Run,Valid,Topic,Sentiment,Errors
1,1,True,Staff,Positive,
1,1,True,Food,Positive,
1,2,True,Staff,Positive,
1,2,True,Food,Positive,
1,3,True,Staff,Positive,
1,3,True,Food,Positive,
2,1,True,Room,Positive,
2,1,True,Staff,Positive,
2,1,True,Food,Positive,
2,2,True,Room,Positive,
2,2,True,Staff,Positive,
2,2,True,Food,Positive,
2,3,True,Room,Positive,
2,3,True,Staff,Positive,
2,3,True,Food,Positive,
3,1,True,Location,Positive,
3,2,True,Location,Positive,
3,3,True,Location,Positive,
4,1,True,Price,Positive,
4,1,True,Facility,Positive,
4,2,True,Price,Positive,
4,2,True,Facility,Positive,
4,3,True,Price,Positive,
4,3,True,Facility,Positive,
5,1,True,Room,Positive,
5,1,True,Location,Positive,
5,2,True,Room,Positive,
5,2,True,Location,Positive,
5,3,True,Room,Positive,
5,3,True,Location,Positive,
6,1,True,Room,Positive,
6,2,True,Room,Positive,
6,3,True,Room,Positive,
7,1,True,(no sentiments found),,
7,2,True,(no sentiments found),,
7,3,True,(no sentiments found),,
8,1,True,Staff,Positive,
8,1,True,Location,Positive,
8,2,True,Staff,Positive,
8,2,True,Location,Positive,
8,3,True,Staff,Positive,
8,3,True,Location,Positive,
9,1,True,Staff,Positive,
9,2,True,Staff,Positive,
9,3,True,Staff,Positive,
10,1,True,Room,Positive,
10,1,True,Location,Positive,
10,2,True,Room,Positive,
10,2,True,Location,Positive,
10,3,True,Room,Positive,
10,3,True,Location,Positive,
11,1,True,Room,Positive,
11,1,True,Staff,Positive,
11,1,True,Food,Positive,
11,1,True,Price,Positive,
11,1,True,Facility,Positive,
11,1,True,Location,Positive,
11,2,True,Room,Positive,
11,2,True,Staff,Positive,
11,2,True,Location,Positive,
11,2,True,Food,Positive,
11,2,True,Price,Positive,
11,2,True,Facility,Positive,
11,3,True,Room,Positive,
11,3,True,Staff,Positive,
11,3,True,Location,Positive,
11,3,True,Food,Positive,
11,3,True,Price,Positive,
11,3,True,Facility,Positive,
12,1,True,Staff,Positive,
12,1,True,Food,Positive,
12,2,True,Staff,Positive,
12,2,True,Food,Positive,
12,3,True,Staff,Positive,
12,3,True,Food,Positive,
13,1,True,Room,Positive,
13,1,True,Staff,Positive,
13,1,True,Location,Positive,
13,2,True,Room,Positive,
13,2,True,Staff,Positive,
13,2,True,Location,Positive,
13,3,True,Room,Positive,
13,3,True,Staff,Positive,
13,3,True,Location,Positive,
14,1,True,Staff,Negative,
14,1,True,Location,Positive,
14,2,True,Staff,Negative,
14,2,True,Location,Positive,
14,3,True,Staff,Negative,
14,3,True,Location,Positive,
15,1,True,Staff,Positive,
15,1,True,Location,Positive,
15,2,True,Staff,Positive,
15,2,True,Location,Positive,
15,3,True,Staff,Positive,
15,3,True,Location,Positive,
16,1,True,Room,Positive,
16,1,True,Food,Positive,
16,2,True,Room,Positive,
16,2,True,Food,Positive,
16,3,True,Room,Positive,
16,3,True,Food,Positive,
17,1,True,Room,Positive,
17,1,True,Staff,Positive,
17,2,True,Room,Positive,
17,2,True,Staff,Positive,
17,3,True,Room,Positive,
17,3,True,Staff,Positive,
18,1,True,Staff,Positive,
18,1,True,Food,Positive,
18,1,True,Facility,Positive,
18,2,True,Staff,Positive,
18,2,True,Food,Positive,
18,2,True,Facility,Positive,
18,3,True,Staff,Positive,
18,3,True,Food,Positive,
18,3,True,Facility,Positive,
19,1,True,Location,Positive,
19,2,True,Location,Positive,
19,3,True,Location,Positive,
20,1,True,Staff,Positive,
20,1,True,Location,Positive,
20,2,True,Staff,Positive,
20,2,True,Location,Positive,
20,3,True,Staff,Positive,
20,3,True,Location,Positive,
21,1,True,Room,Positive,
21,1,True,Staff,Positive,
21,1,True,Food,Positive,
21,2,True,Room,Positive,
21,2,True,Staff,Positive,
21,2,True,Food,Positive,
21,3,True,Room,Positive,
21,3,True,Staff,Positive,
21,3,True,Food,Positive,
22,1,True,Room,Positive,
22,1,True,Staff,Positive,
22,1,True,Food,Negative,
22,2,True,Room,Positive,
22,2,True,Staff,Positive,
22,2,True,Food,Negative,
22,3,True,Room,Positive,
22,3,True,Staff,Positive,
22,3,True,Food,Negative,
23,1,False,(parse failed),,json_parse_error: Extra data: line 2 column 2 (char 190)
23,2,False,(parse failed),,json_parse_error: Extra data: line 2 column 2 (char 190)
23,3,False,(parse failed),,json_parse_error: Extra data: line 2 column 2 (char 190)
24,1,False,(parse failed),,json_parse_error: Extra data: line 2 column 2 (char 211)
24,2,False,(parse failed),,json_parse_error: Extra data: line 2 column 2 (char 211)
24,3,False,(parse failed),,json_parse_error: Extra data: line 2 column 2 (char 211)
25,1,True,(no sentiments found),,
25,2,True,(no sentiments found),,
25,3,True,(no sentiments found),,
26,1,True,Room,Positive,
26,1,True,Staff,Positive,
26,1,True,Location,Positive,
26,1,True,Food,Positive,
26,2,True,Room,Positive,
26,2,True,Staff,Positive,
26,2,True,Location,Positive,
26,2,True,Food,Positive,
26,3,True,Room,Positive,
26,3,True,Staff,Positive,
26,3,True,Location,Positive,
26,3,True,Food,Positive,
27,1,True,Room,Positive,
27,1,True,Staff,Positive,
27,1,True,Location,Positive,
27,2,True,Room,Positive,
27,2,True,Staff,Positive,
27,2,True,Location,Positive,
27,3,True,Room,Positive,
27,3,True,Staff,Positive,
27,3,True,Location,Positive,
28,1,False,(parse failed),,json_parse_error: Extra data: line 3 column 1 (char 197)
28,2,False,(parse failed),,json_parse_error: Extra data: line 3 column 1 (char 197)
28,3,False,(parse failed),,json_parse_error: Extra data: line 3 column 1 (char 197)
29,1,True,Room,Positive,
29,1,True,Staff,Positive,
29,2,True,Room,Positive,
29,2,True,Staff,Positive,
29,3,True,Room,Positive,
29,3,True,Staff,Positive,
30,1,True,Room,Positive,
30,1,True,Staff,Positive,
30,1,True,Location,Positive,
30,2,True,Room,Positive,
30,2,True,Staff,Positive,
30,2,True,Location,Positive,
30,3,True,Room,Positive,
30,3,True,Staff,Positive,
30,3,True,Location,Positive,
31,1,True,Staff,Positive,
31,1,True,Food,Positive,
31,1,True,Price,Positive,
31,2,True,Staff,Positive,
31,2,True,Food,Positive,
31,2,True,Price,Positive,
31,3,True,Staff,Positive,
31,3,True,Food,Positive,
31,3,True,Price,Positive,
32,1,True,Room,Positive,
32,1,True,Staff,Positive,
32,2,True,Room,Positive,
32,2,True,Staff,Positive,
32,3,True,Room,Positive,
32,3,True,Staff,Positive,
33,1,True,Room,Positive,
33,1,True,Staff,Positive,
33,1,True,Location,Positive,
33,1,True,Food,Positive,
33,1,True,Facility,Positive,
33,2,False,Room,Positive,
33,2,False,Staff,Positive,
33,2,False,Location,null,
33,2,False,Food,null,
33,2,False,Price,null,
33,2,False,Facility,null,
33,2,False,Check-in,null,
33,2,False,Check-out,null,
33,2,False,Off,null,
33,2,False,Booking-issue,null,
33,2,False,Taxi-issue,null,
33,3,False,Room,Positive,
33,3,False,Staff,Positive,
33,3,False,Location,null,
33,3,False,Food,null,
33,3,False,Price,null,
33,3,False,Facility,null,
33,3,False,Check-in,null,
33,3,False,Check-out,null,
33,3,False,Off,null,
33,3,False,Booking-issue,null,
33,3,False,Taxi-issue,null,
34,1,True,Location,Positive,
34,1,True,Price,Positive,
34,1,True,Facility,Negative,
34,2,True,Location,Positive,
34,2,True,Price,Positive,
34,2,True,Facility,Negative,
34,3,True,Location,Positive,
34,3,True,Price,Positive,
34,3,True,Facility,Negative,
35,1,False,(parse failed),,json_parse_error: Extra data: line 2 column 1 (char 207)
35,2,False,(parse failed),,json_parse_error: Extra data: line 2 column 1 (char 207)
35,3,False,(parse failed),,json_parse_error: Extra data: line 2 column 1 (char 207)
36,1,True,Room,Positive,
36,1,True,Staff,Positive,
36,1,True,Location,Positive,
36,1,True,Food,Positive,
36,1,True,Check-in,Positive,
36,2,True,Room,Positive,
36,2,True,Staff,Positive,
36,2,True,Location,Positive,
36,2,True,Food,Positive,
36,2,True,Check-in,Positive,
36,3,True,Room,Positive,
36,3,True,Staff,Positive,
36,3,True,Location,Positive,
36,3,True,Food,Positive,
36,3,True,Check-in,Positive,
37,1,True,Staff,Positive,
37,1,True,Food,Positive,
37,2,True,Staff,Positive,
37,2,True,Food,Positive,
37,3,True,Staff,Positive,
37,3,True,Food,Positive,
38,1,True,Room,Positive,
38,2,True,Room,Positive,
38,3,True,Room,Positive,
39,1,True,Room,Positive,
39,2,True,Room,Positive,
39,3,True,Room,Positive,
40,1,True,Room,Negative,
40,1,True,Location,Positive,
40,2,True,Room,Negative,
40,2,True,Location,Positive,
40,3,True,Room,Negative,
40,3,True,Location,Positive,
41,1,True,Staff,Positive,
41,1,True,Location,Positive,
41,1,True,Food,Negative,
41,2,True,Staff,Positive,
41,2,True,Location,Positive,
41,2,True,Food,Negative,
41,3,True,Staff,Positive,
41,3,True,Location,Positive,
41,3,True,Food,Negative,
42,1,True,(no sentiments found),,
42,2,True,(no sentiments found),,
42,3,True,(no sentiments found),,
43,1,True,(no sentiments found),,
43,2,True,(no sentiments found),,
43,3,True,(no sentiments found),,
44,1,True,Staff,Positive,
44,1,True,Facility,Positive,
44,2,True,Staff,Positive,
44,2,True,Facility,Positive,
44,3,True,Staff,Positive,
44,3,True,Facility,Positive,
45,1,True,Location,Positive,
45,1,True,Food,Positive,
45,1,True,Price,Positive,
45,2,True,Location,Positive,
45,2,True,Food,Positive,
45,2,True,Price,Positive,
45,3,True,Location,Positive,
45,3,True,Food,Positive,
45,3,True,Price,Positive,
46,1,True,Price,Positive,
46,2,True,Price,Positive,
46,3,True,Price,Positive,
47,1,True,Staff,Positive,
47,1,True,Price,Positive,
47,2,True,Staff,Positive,
47,2,True,Price,Positive,
47,3,True,Staff,Positive,
47,3,True,Price,Positive,
48,1,True,Room,Positive,
48,1,True,Staff,Positive,
48,2,True,Room,Positive,
48,2,True,Staff,Positive,
48,3,True,Room,Positive,
48,3,True,Staff,Positive,
49,1,True,Room,Positive,
49,1,True,Location,Positive,
49,1,True,Price,Positive,
49,2,True,Room,Positive,
49,2,True,Location,Positive,
49,2,True,Price,Positive,
49,3,True,Room,Positive,
49,3,True,Location,Positive,
49,3,True,Price,Positive,
50,1,False,(parse failed),,json_parse_error: Extra data: line 2 column 2 (char 204)
50,2,False,(parse failed),,json_parse_error: Extra data: line 2 column 2 (char 204)
50,3,False,(parse failed),,json_parse_error: Extra data: line 2 column 2 (char 204)
51,1,True,Room,Positive,
51,1,True,Staff,Positive,
51,1,True,Food,Positive,
51,2,True,Room,Positive,
51,2,True,Staff,Positive,
51,2,True,Food,Positive,
51,3,True,Room,Positive,
51,3,True,Staff,Positive,
51,3,True,Food,Positive,
52,1,True,(no sentiments found),,
52,2,True,(no sentiments found),,
52,3,True,(no sentiments found),,
53,1,True,Location,Positive,
53,1,True,Food,Positive,
53,1,True,Facility,Positive,
53,2,True,Location,Positive,
53,2,True,Food,Positive,
53,2,True,Facility,Positive,
53,3,True,Location,Positive,
53,3,True,Food,Positive,
53,3,True,Facility,Positive,
54,1,True,Room,Positive,
54,2,True,Room,Positive,
54,3,True,Room,Positive,
55,1,False,(parse failed),,json_parse_error: Extra data: line 2 column 1 (char 233)
55,2,False,(parse failed),,json_parse_error: Extra data: line 2 column 1 (char 233)
55,3,False,(parse failed),,json_parse_error: Extra data: line 2 column 1 (char 233)
56,1,False,(parse failed),,json_parse_error: Extra data: line 4 column 1 (char 208)
56,2,False,(parse failed),,json_parse_error: Extra data: line 4 column 1 (char 208)
56,3,False,(parse failed),,json_parse_error: Extra data: line 4 column 1 (char 208)
57,1,True,Room,Positive,
57,1,True,Staff,Positive,
57,1,True,Location,Positive,
57,2,True,Room,Positive,
57,2,True,Staff,Positive,
57,2,True,Location,Positive,
57,3,True,Room,Positive,
57,3,True,Staff,Positive,
57,3,True,Location,Positive,
58,1,True,Room,Negative,
58,1,True,Staff,Positive,
58,1,True,Location,Positive,
58,2,True,Room,Negative,
58,2,True,Staff,Positive,
58,2,True,Location,Positive,
58,3,True,Room,Negative,
58,3,True,Staff,Positive,
58,3,True,Location,Positive,
59,1,True,Location,Positive,
59,1,True,Check-in,Positive,
59,2,True,Location,Positive,
59,2,True,Check-in,Positive,
59,3,True,Location,Positive,
59,3,True,Check-in,Positive,
60,1,True,Check-in,Positive,
60,2,True,Check-in,Positive,
60,3,True,Check-in,Positive,
61,1,True,Food,Positive,
61,2,True,Food,Positive,
61,3,True,Food,Positive,
62,1,False,Room,Positive,
62,1,False,Staff,Positive,
62,1,False,Location,Positive,
62,1,False,Food,Null,
62,1,False,Price,Null,
62,1,False,Facility,Positive,
62,1,False,Check-in,Null,
62,1,False,Check-out,Null,
62,1,False,Off,Null,
62,1,False,Booking-issue,Null,
62,1,False,Taxi-issue,Null,
62,2,False,Room,Positive,
62,2,False,Staff,Positive,
62,2,False,Location,Positive,
62,2,False,Food,Null,
62,2,False,Price,Null,
62,2,False,Facility,Positive,
62,2,False,Check-in,Null,
62,2,False,Check-out,Null,
62,2,False,Off,Null,
62,2,False,Booking-issue,Null,
62,2,False,Taxi-issue,Null,
62,3,False,Room,Positive,
62,3,False,Staff,Positive,
62,3,False,Location,Positive,
62,3,False,Food,Null,
62,3,False,Price,Null,
62,3,False,Facility,Positive,
62,3,False,Check-in,Null,
62,3,False,Check-out,Null,
62,3,False,Off,Null,
62,3,False,Booking-issue,Null,
62,3,False,Taxi-issue,Null,
63,1,True,(no sentiments found),,
63,2,True,(no sentiments found),,
63,3,True,(no sentiments found),,
64,1,True,Room,Positive,
64,1,True,Staff,Positive,
64,1,True,Location,Positive,
64,1,True,Food,Positive,
64,2,True,Room,Positive,
64,2,True,Staff,Positive,
64,2,True,Location,Positive,
64,2,True,Food,Positive,
64,3,True,Room,Positive,
64,3,True,Staff,Positive,
64,3,True,Location,Positive,
64,3,True,Food,Positive,
65,1,True,Staff,Positive,
65,1,True,Location,Positive,
65,1,True,Food,Positive,
65,2,True,Staff,Positive,
65,2,True,Location,Positive,
65,2,True,Food,Positive,
65,3,True,Staff,Positive,
65,3,True,Location,Positive,
65,3,True,Food,Positive,
66,1,True,Staff,Positive,
66,1,True,Location,Positive,
66,1,True,Food,Positive,
66,1,True,Facility,Positive,
66,2,True,Staff,Positive,
66,2,True,Location,Positive,
66,2,True,Food,Positive,
66,2,True,Facility,Positive,
66,3,True,Staff,Positive,
66,3,True,Location,Positive,
66,3,True,Food,Positive,
66,3,True,Facility,Positive,
67,1,True,Staff,Positive,
67,2,True,Staff,Positive,
67,3,True,Staff,Positive,
68,1,True,Staff,Positive,
68,1,True,Price,Positive,
68,2,True,Staff,Positive,
68,2,True,Price,Positive,
68,3,True,Staff,Positive,
68,3,True,Price,Positive,
69,1,True,Location,Positive,
69,1,True,Price,Positive,
69,2,True,Location,Positive,
69,2,True,Price,Positive,
69,3,True,Location,Positive,
69,3,True,Price,Positive,
70,1,True,Staff,Positive,
70,2,True,Staff,Positive,
70,3,True,Staff,Positive,
71,1,True,Staff,Positive,
71,1,True,Location,Positive,
71,2,True,Staff,Positive,
71,2,True,Location,Positive,
71,3,True,Staff,Positive,
71,3,True,Location,Positive,
72,1,True,(no sentiments found),,
72,2,True,(no sentiments found),,
72,3,True,(no sentiments found),,
73,1,True,Room,Positive,
73,1,True,Staff,Positive,
73,2,True,Room,Positive,
73,2,True,Staff,Positive,
73,3,True,Room,Positive,
73,3,True,Staff,Positive,
74,1,True,Room,Positive,
74,1,True,Staff,Positive,
74,1,True,Location,Positive,
74,1,True,Food,Positive,
74,2,True,Room,Positive,
74,2,True,Staff,Positive,
74,2,True,Location,Positive,
74,2,True,Food,Positive,
74,3,True,Room,Positive,
74,3,True,Staff,Positive,
74,3,True,Location,Positive,
74,3,True,Food,Positive,
75,1,True,(no sentiments found),,
75,2,True,(no sentiments found),,
75,3,True,(no sentiments found),,
76,1,True,Location,Positive,
76,2,True,Location,Positive,
76,3,True,Location,Positive,
77,1,True,Staff,Positive,
77,2,True,Staff,Positive,
77,3,True,Staff,Positive,
78,1,True,Room,Positive,
78,1,True,Staff,Positive,
78,2,True,Room,Positive,
78,2,True,Staff,Positive,
78,3,True,Room,Positive,
78,3,True,Staff,Positive,
79,1,True,Room,Positive,
79,1,True,Staff,Positive,
79,2,True,Room,Positive,
79,2,True,Staff,Positive,
79,3,True,Room,Positive,
79,3,True,Staff,Positive,
80,1,True,Location,Positive,
80,1,True,Food,Positive,
80,1,True,Price,Positive,
80,2,True,Location,Positive,
80,2,True,Food,Positive,
80,2,True,Price,Positive,
80,3,True,Location,Positive,
80,3,True,Food,Positive,
80,3,True,Price,Positive,
81,1,True,Room,Positive,
81,1,True,Location,Positive,
81,1,True,Facility,Negative,
81,2,False,(parse failed),,json_parse_error: Extra data: line 3 column 2 (char 215)
81,3,False,(parse failed),,json_parse_error: Extra data: line 3 column 2 (char 215)
82,1,True,Staff,Positive,
82,1,True,Location,Positive,
82,2,True,Staff,Positive,
82,2,True,Location,Positive,
82,3,True,Staff,Positive,
82,3,True,Location,Positive,
83,1,True,Room,Positive,
83,1,True,Staff,Positive,
83,1,True,Location,Negative,
83,2,True,Room,Positive,
83,2,True,Staff,Positive,
83,2,True,Location,Negative,
83,3,True,Room,Positive,
83,3,True,Staff,Positive,
83,3,True,Location,Negative,
84,1,True,Staff,Positive,
84,1,True,Food,Positive,
84,1,True,Facility,Positive,
84,2,True,Staff,Positive,
84,2,True,Food,Positive,
84,2,True,Facility,Positive,
84,3,True,Staff,Positive,
84,3,True,Food,Positive,
84,3,True,Facility,Positive,
85,1,True,Room,Negative,
85,1,True,Staff,Positive,
85,1,True,Food,Positive,
85,2,True,Room,Negative,
85,2,True,Staff,Positive,
85,2,True,Food,Positive,
85,3,True,Room,Negative,
85,3,True,Staff,Positive,
85,3,True,Food,Positive,
86,1,False,(parse failed),,json_parse_error: Extra data: line 2 column 1 (char 203)
86,2,False,(parse failed),,json_parse_error: Extra data: line 2 column 1 (char 203)
86,3,False,(parse failed),,json_parse_error: Extra data: line 2 column 1 (char 203)
87,1,True,Staff,Positive,
87,2,True,Staff,Positive,
87,3,True,Staff,Positive,
88,1,True,Staff,Positive,
88,1,True,Location,Positive,
88,2,True,Staff,Positive,
88,2,True,Location,Positive,
88,3,True,Staff,Positive,
88,3,True,Location,Positive,
89,1,True,Check-in,Positive,
89,2,True,Check-in,Positive,
89,3,True,Check-in,Positive,
90,1,False,(parse failed),,json_parse_error: Extra data: line 3 column 1 (char 207)
90,2,False,(parse failed),,json_parse_error: Extra data: line 3 column 1 (char 207)
90,3,False,(parse failed),,json_parse_error: Extra data: line 3 column 1 (char 207)
91,1,True,Room,Positive,
91,1,True,Staff,Positive,
91,1,True,Location,Positive,
91,2,True,Room,Positive,
91,2,True,Staff,Positive,
91,2,True,Location,Positive,
91,3,True,Room,Positive,
91,3,True,Staff,Positive,
91,3,True,Location,Positive,
92,1,False,(parse failed),,json_parse_error: Extra data: line 4 column 1 (char 215)
92,2,False,(parse failed),,json_parse_error: Extra data: line 4 column 1 (char 215)
92,3,False,(parse failed),,json_parse_error: Extra data: line 4 column 1 (char 215)
93,1,True,Room,Positive,
93,1,True,Location,Negative,
93,2,True,Room,Positive,
93,2,True,Location,Negative,
93,3,True,Room,Positive,
93,3,True,Location,Negative,
94,1,True,Staff,Positive,
94,1,True,Food,Positive,
94,1,True,Facility,Positive,
94,2,True,Staff,Positive,
94,2,True,Food,Positive,
94,2,True,Facility,Positive,
94,3,True,Staff,Positive,
94,3,True,Food,Positive,
94,3,True,Facility,Positive,
95,1,True,Location,Positive,
95,2,True,Location,Positive,
95,3,True,Location,Positive,
96,1,False,(parse failed),,json_parse_error: Extra data: line 3 column 1 (char 192)
96,2,False,(parse failed),,json_parse_error: Extra data: line 3 column 1 (char 192)
96,3,False,(parse failed),,json_parse_error: Extra data: line 3 column 1 (char 192)
97,1,True,Staff,Positive,
97,1,True,Food,Positive,
97,2,True,Staff,Positive,
97,2,True,Food,Positive,
97,3,True,Staff,Positive,
97,3,True,Food,Positive,
98,1,True,Location,Positive,
98,1,True,Facility,Positive,
98,2,True,Location,Positive,
98,2,True,Facility,Positive,
98,3,True,Location,Positive,
98,3,True,Facility,Positive,
99,1,True,Staff,Positive,
99,2,True,Staff,Positive,
99,3,True,Staff,Positive,
100,1,True,Staff,Positive,
100,2,True,Staff,Positive,
100,3,True,Staff,Positive,
101,1,True,Room,Negative,
101,1,True,Staff,Positive,
101,2,True,Room,Negative,
101,2,True,Staff,Positive,
101,3,True,Room,Negative,
101,3,True,Staff,Positive,
102,1,True,Room,Positive,
102,1,True,Staff,Positive,
102,1,True,Location,Positive,
102,2,True,Room,Positive,
102,2,True,Staff,Positive,
102,2,True,Location,Positive,
102,3,True,Room,Positive,
102,3,True,Staff,Positive,
102,3,True,Location,Positive,
103,1,True,Room,Positive,
103,1,True,Facility,Negative,
103,2,True,Room,Positive,
103,2,True,Facility,Negative,
103,3,True,Room,Positive,
103,3,True,Facility,Negative,
104,1,False,(parse failed),,json_parse_error: Extra data: line 3 column 1 (char 188)
104,2,False,(parse failed),,json_parse_error: Extra data: line 3 column 1 (char 188)
104,3,False,(parse failed),,json_parse_error: Extra data: line 3 column 1 (char 188)
105,1,True,Room,Positive,
105,1,True,Staff,Positive,
105,2,True,Room,Positive,
105,2,True,Staff,Positive,
105,3,True,Room,Positive,
105,3,True,Staff,Positive,
106,1,True,Staff,Negative,
106,1,True,Off,Negative,
106,2,True,Staff,Negative,
106,3,True,Staff,Negative,
107,1,True,Room,Positive,
107,1,True,Location,Positive,
107,1,True,Food,Positive,
107,2,True,Room,Positive,
107,2,True,Location,Positive,
107,2,True,Food,Positive,
107,3,True,Room,Positive,
107,3,True,Location,Positive,
107,3,True,Food,Positive,
108,1,True,(no sentiments found),,
108,2,True,(no sentiments found),,
108,3,True,(no sentiments found),,
109,1,True,Room,Positive,
109,1,True,Staff,Positive,
109,1,True,Location,Positive,
109,2,True,Room,Positive,
109,2,True,Staff,Positive,
109,2,True,Location,Positive,
109,3,True,Room,Positive,
109,3,True,Staff,Positive,
109,3,True,Location,Positive,
110,1,True,Facility,Positive,
110,1,True,Check-in,Positive,
110,2,True,Facility,Positive,
110,2,True,Check-in,Positive,
110,3,True,Facility,Positive,
110,3,True,Check-in,Positive,
111,1,True,Location,Positive,
111,2,True,Location,Positive,
111,3,True,Location,Positive,
112,1,True,Food,Positive,
112,2,True,Food,Positive,
112,3,True,Food,Positive,
113,1,True,Room,Positive,
113,1,True,Staff,Positive,
113,2,True,Room,Positive,
113,2,True,Staff,Positive,
113,3,True,Room,Positive,
113,3,True,Staff,Positive,
114,1,True,Staff,Positive,
114,1,True,Location,Positive,
114,1,True,Check-in,Positive,
114,2,True,Room,Positive,
114,2,True,Staff,Positive,
114,2,True,Location,Positive,
114,2,True,Food,Positive,
114,2,True,Check-in,Positive,
114,3,True,Room,Positive,
114,3,True,Staff,Positive,
114,3,True,Location,Positive,
114,3,True,Food,Positive,
114,3,True,Check-in,Positive,
115,1,True,Staff,Positive,
115,1,True,Location,Positive,
115,2,True,Staff,Positive,
115,2,True,Location,Positive,
115,3,True,Staff,Positive,
115,3,True,Location,Positive,
116,1,True,Location,Positive,
116,2,True,Location,Positive,
116,3,True,Location,Positive,
117,1,True,Location,Positive,
117,2,True,Location,Positive,
117,3,True,Location,Positive,
118,1,True,Room,Positive,
118,1,True,Staff,Positive,
118,1,True,Location,Positive,
118,1,True,Food,Positive,
118,2,True,Room,Positive,
118,2,True,Staff,Positive,
118,2,True,Location,Positive,
118,2,True,Food,Positive,
118,3,True,Room,Positive,
118,3,True,Staff,Positive,
118,3,True,Location,Positive,
118,3,True,Food,Positive,
119,1,True,Room,Positive,
119,1,True,Staff,Positive,
119,1,True,Location,Positive,
119,2,True,Room,Positive,
119,2,True,Staff,Positive,
119,2,True,Location,Positive,
119,3,True,Room,Positive,
119,3,True,Staff,Positive,
119,3,True,Location,Positive,
120,1,True,Room,Positive,
120,1,True,Staff,Positive,
120,1,True,Location,Positive,
120,2,True,Room,Positive,
120,2,True,Staff,Positive,
120,2,True,Location,Positive,
120,3,True,Room,Positive,
120,3,True,Staff,Positive,
120,3,True,Location,Positive,
121,1,True,(no sentiments found),,
121,2,True,(no sentiments found),,
121,3,True,(no sentiments found),,
122,1,True,Staff,Positive,
122,2,True,Staff,Positive,
122,3,True,Staff,Positive,
123,1,False,(parse failed),,json_parse_error: Extra data: line 3 column 2 (char 214)
123,2,False,(parse failed),,json_parse_error: Extra data: line 3 column 2 (char 206)
123,3,False,(parse failed),,json_parse_error: Extra data: line 3 column 2 (char 206)
124,1,True,Staff,Positive,
124,2,True,Staff,Positive,
124,3,True,Staff,Positive,
125,1,True,Location,Positive,
125,1,True,Price,Positive,
125,1,True,Off,Negative,
125,1,True,Taxi-issue,Negative,
125,2,True,Location,Positive,
125,2,True,Price,Positive,
125,2,True,Off,Negative,
125,2,True,Taxi-issue,Negative,
125,3,True,Location,Positive,
125,3,True,Price,Positive,
125,3,True,Off,Negative,
125,3,True,Taxi-issue,Negative,
126,1,False,Room,Positive,
126,1,False,Staff,Positive,
126,1,False,Food,Positive,
126,1,False,Location,null,
126,1,False,Price,null,
126,1,False,Facility,null,
126,1,False,Check-in,null,
126,1,False,Check-out,null,
126,1,False,Off,null,
126,1,False,Booking-issue,null,
126,1,False,Taxi-issue,null,
126,2,True,Room,Positive,
126,2,True,Staff,Positive,
126,2,True,Food,Positive,
126,3,True,Room,Positive,
126,3,True,Staff,Positive,
126,3,True,Food,Positive,
127,1,True,(no sentiments found),,
127,2,True,(no sentiments found),,
127,3,True,(no sentiments found),,
128,1,True,Location,Positive,
128,2,True,Location,Positive,
128,3,True,Location,Positive,
129,1,True,Room,Positive,
129,1,True,Staff,Positive,
129,1,True,Location,Positive,
129,2,True,Room,Positive,
129,2,True,Staff,Positive,
129,2,True,Location,Positive,
129,3,True,Room,Positive,
129,3,True,Staff,Positive,
129,3,True,Location,Positive,
130,1,True,(no sentiments found),,
130,2,True,(no sentiments found),,
130,3,True,(no sentiments found),,
131,1,True,Room,Positive,
131,1,True,Staff,Positive,
131,1,True,Location,Negative,
131,2,True,Room,Positive,
131,2,True,Staff,Positive,
131,2,True,Location,Negative,
131,3,True,Room,Positive,
131,3,True,Staff,Positive,
131,3,True,Location,Negative,
132,1,True,Room,Positive,
132,1,True,Staff,Positive,
132,1,True,Food,Positive,
132,2,True,Room,Positive,
132,2,True,Staff,Positive,
132,2,True,Food,Positive,
132,3,True,Room,Positive,
132,3,True,Staff,Positive,
132,3,True,Food,Positive,
133,1,True,Room,Positive,
133,1,True,Staff,Positive,
133,1,True,Price,Positive,
133,1,True,Facility,Negative,
133,2,True,Room,Positive,
133,2,True,Staff,Positive,
133,2,True,Price,Positive,
133,2,True,Facility,Negative,
133,3,True,Room,Positive,
133,3,True,Staff,Positive,
133,3,True,Price,Positive,
133,3,True,Facility,Negative,
134,1,True,Staff,Positive,
134,1,True,Location,Positive,
134,2,True,Staff,Positive,
134,2,True,Location,Positive,
134,3,True,Staff,Positive,
134,3,True,Location,Positive,
135,1,True,Room,Positive,
135,1,True,Staff,Positive,
135,1,True,Food,Positive,
135,2,True,Room,Positive,
135,2,True,Staff,Positive,
135,2,True,Food,Positive,
135,3,True,Room,Positive,
135,3,True,Staff,Positive,
135,3,True,Food,Positive,
136,1,True,Price,Positive,
136,1,True,Facility,Positive,
136,2,True,Price,Positive,
136,2,True,Facility,Positive,
136,3,True,Price,Positive,
136,3,True,Facility,Positive,
137,1,True,Room,Positive,
137,1,True,Staff,Positive,
137,1,True,Location,Positive,
137,2,True,Room,Positive,
137,2,True,Staff,Positive,
137,2,True,Location,Positive,
137,3,True,Room,Positive,
137,3,True,Staff,Positive,
137,3,True,Location,Positive,
138,1,True,Room,Positive,
138,1,True,Staff,Positive,
138,1,True,Location,Positive,
138,2,True,Room,Positive,
138,2,True,Staff,Positive,
138,2,True,Location,Positive,
138,3,True,Room,Positive,
138,3,True,Staff,Positive,
138,3,True,Location,Positive,
139,1,False,(no sentiments found),,"Additional properties are not allowed ('Negative', 'Positive' were unexpected)"
139,2,False,(no sentiments found),,"Additional properties are not allowed ('Negative', 'Positive' were unexpected)"
139,3,False,(no sentiments found),,"Additional properties are not allowed ('Negative', 'Positive' were unexpected)"
140,1,True,Room,Positive,
140,1,True,Location,Positive,
140,1,True,Food,Positive,
140,1,True,Check-in,Positive,
140,2,True,Room,Positive,
140,2,True,Location,Positive,
140,2,True,Food,Positive,
140,2,True,Check-in,Positive,
140,3,True,Room,Positive,
140,3,True,Location,Positive,
140,3,True,Food,Positive,
140,3,True,Check-in,Positive,
141,1,True,Staff,Positive,
141,1,True,Facility,Positive,
141,2,True,Staff,Positive,
141,2,True,Facility,Positive,
141,3,True,Staff,Positive,
141,3,True,Facility,Positive,
142,1,True,Staff,Positive,
142,1,True,Location,Positive,
142,2,True,Staff,Positive,
142,2,True,Location,Positive,
142,3,True,Staff,Positive,
142,3,True,Location,Positive,
143,1,True,(no sentiments found),,
143,2,True,(no sentiments found),,
143,3,True,(no sentiments found),,
144,1,True,(no sentiments found),,
144,2,True,(no sentiments found),,
144,3,True,(no sentiments found),,
145,1,True,Room,Positive,
145,1,True,Staff,Positive,
145,1,True,Location,Positive,
145,1,True,Food,Positive,
145,2,True,Room,Positive,
145,2,True,Staff,Positive,
145,2,True,Location,Positive,
145,2,True,Food,Positive,
145,3,True,Room,Positive,
145,3,True,Staff,Positive,
145,3,True,Location,Positive,
145,3,True,Food,Positive,
146,1,True,Room,Positive,
146,1,True,Staff,Positive,
146,2,True,Room,Positive,
146,2,True,Staff,Positive,
146,3,True,Room,Positive,
146,3,True,Staff,Positive,
147,1,True,Staff,Positive,
147,2,True,Staff,Positive,
147,3,True,Staff,Positive,
148,1,False,(parse failed),,json_parse_error: Extra data: line 3 column 1 (char 186)
148,2,False,(parse failed),,json_parse_error: Extra data: line 3 column 1 (char 186)
148,3,False,(parse failed),,json_parse_error: Extra data: line 3 column 1 (char 186)
149,1,True,Staff,Positive,
149,1,True,Price,Positive,
149,2,True,Staff,Positive,
149,2,True,Price,Positive,
149,3,True,Staff,Positive,
149,3,True,Price,Positive,
150,1,True,(no sentiments found),,
150,2,True,(no sentiments found),,
150,3,True,(no sentiments found),,
151,1,True,(no sentiments found),,
151,2,True,(no sentiments found),,
151,3,True,(no sentiments found),,
152,1,True,Room,Positive,
152,1,True,Staff,Negative,
152,1,True,Location,Positive,
152,1,True,Check-in,Negative,
152,1,True,Taxi-issue,Negative,
152,2,True,Room,Positive,
152,2,True,Staff,Negative,
152,2,True,Location,Positive,
152,2,True,Check-in,Negative,
152,2,True,Taxi-issue,Negative,
152,3,True,Room,Positive,
152,3,True,Staff,Negative,
152,3,True,Location,Positive,
152,3,True,Check-in,Negative,
152,3,True,Taxi-issue,Negative,
153,1,True,Room,Positive,
153,1,True,Staff,Positive,
153,1,True,Location,Positive,
153,1,True,Food,Positive,
153,1,True,Price,Positive,
153,1,True,Facility,Positive,
153,1,True,Check-in,Positive,
153,2,True,Room,Positive,
153,2,True,Staff,Positive,
153,2,True,Location,Positive,
153,2,True,Food,Positive,
153,2,True,Price,Positive,
153,2,True,Facility,Positive,
153,2,True,Check-in,Positive,
153,3,True,Room,Positive,
153,3,True,Staff,Positive,
153,3,True,Location,Positive,
153,3,True,Food,Positive,
153,3,True,Price,Positive,
153,3,True,Facility,Positive,
153,3,True,Check-in,Positive,
154,1,False,(parse failed),,json_parse_error: Extra data: line 3 column 1 (char 219)
154,2,False,(parse failed),,json_parse_error: Extra data: line 3 column 1 (char 219)
154,3,False,(parse failed),,json_parse_error: Extra data: line 3 column 1 (char 219)
155,1,True,Room,Positive,
155,1,True,Location,Positive,
155,1,True,Food,Positive,
155,1,True,Price,Positive,
155,1,True,Facility,Positive,
155,2,True,Room,Positive,
155,2,True,Location,Positive,
155,2,True,Food,Positive,
155,2,True,Price,Positive,
155,2,True,Facility,Positive,
155,3,True,Room,Positive,
155,3,True,Location,Positive,
155,3,True,Food,Positive,
155,3,True,Price,Positive,
155,3,True,Facility,Positive,
156,1,True,Room,Positive,
156,1,True,Price,Positive,
156,2,True,Room,Positive,
156,2,True,Price,Positive,
156,3,True,Room,Positive,
156,3,True,Price,Positive,
157,1,True,Room,Positive,
157,1,True,Location,Positive,
157,2,True,Room,Positive,
157,2,True,Location,Positive,
157,3,True,Room,Positive,
157,3,True,Location,Positive,
158,1,True,Staff,Positive,
158,1,True,Location,Positive,
158,1,True,Food,Positive,
158,1,True,Check-in,Positive,
158,2,True,Staff,Positive,
158,2,True,Location,Positive,
158,2,True,Food,Positive,
158,2,True,Check-in,Positive,
158,3,True,Staff,Positive,
158,3,True,Location,Positive,
158,3,True,Food,Positive,
158,3,True,Check-in,Positive,
159,1,True,Room,Positive,
159,1,True,Staff,Positive,
159,1,True,Location,Positive,
159,2,True,Room,Positive,
159,2,True,Staff,Positive,
159,2,True,Location,Positive,
159,3,True,Room,Positive,
159,3,True,Staff,Positive,
159,3,True,Location,Positive,
160,1,True,(no sentiments found),,
160,2,True,(no sentiments found),,
160,3,True,(no sentiments found),,
161,1,True,Staff,Positive,
161,1,True,Price,Positive,
161,1,True,Check-out,Positive,
161,2,True,Staff,Positive,
161,2,True,Price,Positive,
161,2,True,Check-out,Positive,
161,3,True,Staff,Positive,
161,3,True,Price,Positive,
161,3,True,Check-out,Positive,
162,1,True,Staff,Positive,
162,1,True,Food,Positive,
162,2,True,Staff,Positive,
162,2,True,Food,Positive,
162,3,True,Staff,Positive,
162,3,True,Food,Positive,
163,1,True,Check-in,Positive,
163,2,True,Check-in,Positive,
163,3,True,Check-in,Positive,
164,1,True,Staff,Positive,
164,2,True,Staff,Positive,
164,3,True,Staff,Positive,
165,1,True,Staff,Positive,
165,2,True,Staff,Positive,
165,3,True,Staff,Positive,
166,1,True,(no sentiments found),,
166,2,True,(no sentiments found),,
166,3,True,(no sentiments found),,
167,1,True,Staff,Positive,
167,1,True,Food,Positive,
167,2,True,Staff,Positive,
167,2,True,Food,Positive,
167,3,True,Staff,Positive,
167,3,True,Food,Positive,
168,1,True,Room,Positive,
168,1,True,Staff,Positive,
168,1,True,Location,Positive,
168,1,True,Food,Positive,
168,2,True,Room,Positive,
168,2,True,Staff,Positive,
168,2,True,Location,Positive,
168,2,True,Food,Positive,
168,3,True,Room,Positive,
168,3,True,Staff,Positive,
168,3,True,Location,Positive,
168,3,True,Food,Positive,
169,1,True,Staff,Positive,
169,1,True,Food,Positive,
169,2,True,Staff,Positive,
169,2,True,Food,Positive,
169,3,True,Staff,Positive,
169,3,True,Food,Positive,
170,1,True,Staff,Positive,
170,1,True,Food,Positive,
170,2,True,Staff,Positive,
170,2,True,Food,Positive,
170,3,True,Staff,Positive,
170,3,True,Food,Positive,
171,1,True,Staff,Positive,
171,1,True,Location,Positive,
171,1,True,Facility,Negative,
171,2,True,Staff,Positive,
171,2,True,Location,Positive,
171,2,True,Facility,Negative,
171,3,True,Staff,Positive,
171,3,True,Location,Positive,
171,3,True,Facility,Negative,
172,1,True,Staff,Positive,
172,2,True,Staff,Positive,
172,2,True,Facility,Positive,
172,3,True,Staff,Positive,
172,3,True,Facility,Positive,
173,1,True,Room,Positive,
173,1,True,Staff,Positive,
173,2,True,Staff,Positive,
173,3,True,Staff,Positive,
174,1,True,(no sentiments found),,
174,2,True,(no sentiments found),,
174,3,True,(no sentiments found),,
175,1,True,Location,Positive,
175,2,True,Location,Positive,
175,3,True,Location,Positive,
176,1,True,Room,Positive,
176,2,True,Room,Positive,
176,3,True,Room,Positive,
177,1,True,Staff,Positive,
177,1,True,Location,Positive,
177,2,True,Staff,Positive,
177,2,True,Location,Positive,
177,3,True,Staff,Positive,
177,3,True,Location,Positive,
178,1,True,(no sentiments found),,
178,2,True,(no sentiments found),,
178,3,True,(no sentiments found),,
179,1,True,Location,Positive,
179,2,True,Location,Positive,
179,2,True,Facility,Positive,
179,3,True,Location,Positive,
179,3,True,Facility,Positive,
180,1,True,Room,Positive,
180,1,True,Staff,Positive,
180,1,True,Food,Positive,
180,2,True,Room,Positive,
180,2,True,Staff,Positive,
180,2,True,Food,Positive,
180,3,True,Room,Positive,
180,3,True,Staff,Positive,
180,3,True,Food,Positive,
181,1,True,Room,Positive,
181,1,True,Staff,Positive,
181,2,True,Room,Positive,
181,2,True,Staff,Positive,
181,3,True,Room,Positive,
181,3,True,Staff,Positive,
182,1,True,(no sentiments found),,
182,2,True,(no sentiments found),,
182,3,True,(no sentiments found),,
183,1,True,Staff,Positive,
183,1,True,Location,Positive,
183,1,True,Food,Positive,
183,2,True,Staff,Positive,
183,2,True,Location,Positive,
183,2,True,Food,Positive,
183,3,True,Staff,Positive,
183,3,True,Location,Positive,
183,3,True,Food,Positive,
184,1,True,Food,Positive,
184,2,True,Food,Positive,
184,3,True,Food,Positive,
185,1,True,Staff,Positive,
185,2,True,Staff,Positive,
185,3,True,Staff,Positive,
186,1,True,Staff,Positive,
186,2,True,Staff,Positive,
186,3,True,Staff,Positive,
187,1,True,(no sentiments found),,
187,2,True,(no sentiments found),,
187,3,True,(no sentiments found),,
188,1,True,(no sentiments found),,
188,2,True,(no sentiments found),,
188,3,True,(no sentiments found),,
189,1,True,(no sentiments found),,
189,2,True,(no sentiments found),,
189,3,True,(no sentiments found),,
190,1,True,Room,Negative,
190,1,True,Location,Positive,
190,1,True,Food,Positive,
190,1,True,Check-in,Positive,
190,2,True,Room,Negative,
190,2,True,Location,Positive,
190,2,True,Food,Positive,
190,2,True,Check-in,Positive,
190,3,True,Room,Negative,
190,3,True,Location,Positive,
190,3,True,Food,Positive,
190,3,True,Check-in,Positive,
191,1,True,Location,Positive,
191,2,True,Location,Positive,
191,3,True,Location,Positive,
192,1,True,Staff,Positive,
192,1,True,Location,Positive,
192,2,True,Staff,Positive,
192,2,True,Location,Positive,
192,3,True,Staff,Positive,
192,3,True,Location,Positive,
193,1,True,Room,Positive,
193,1,True,Staff,Positive,
193,1,True,Location,Positive,
193,2,True,Room,Positive,
193,2,True,Staff,Positive,
193,2,True,Location,Positive,
193,3,True,Room,Positive,
193,3,True,Staff,Positive,
193,3,True,Location,Positive,
194,1,True,Staff,Positive,
194,1,True,Location,Positive,
194,1,True,Facility,Positive,
194,2,True,Staff,Positive,
194,2,True,Location,Positive,
194,2,True,Facility,Positive,
194,3,True,Staff,Positive,
194,3,True,Location,Positive,
194,3,True,Facility,Positive,
195,1,True,Location,Negative,
195,2,True,Location,Negative,
195,3,True,Location,Negative,
196,1,True,Room,Negative,
196,1,True,Price,Negative,
196,1,True,Booking-issue,Negative,
196,2,True,Room,Negative,
196,2,True,Price,Negative,
196,2,True,Booking-issue,Negative,
196,3,True,Room,Negative,
196,3,True,Price,Negative,
196,3,True,Booking-issue,Negative,
197,1,True,Location,Positive,
197,2,True,Location,Positive,
197,3,True,Location,Positive,
198,1,True,Staff,Positive,
198,1,True,Food,Positive,
198,2,True,Staff,Positive,
198,2,True,Food,Positive,
198,3,True,Staff,Positive,
198,3,True,Food,Positive,
199,1,True,Staff,Positive,
199,1,True,Location,Positive,
199,2,True,Staff,Positive,
199,2,True,Location,Positive,
199,3,True,Staff,Positive,
199,3,True,Location,Positive,
200,1,True,Food,Positive,
200,2,True,Food,Positive,
200,3,True,Food,Positive,
201,1,True,(no sentiments found),,
201,2,True,(no sentiments found),,
201,3,True,(no sentiments found),,
202,1,True,Staff,Positive,
202,1,True,Location,Positive,
202,2,True,Staff,Positive,
202,2,True,Location,Positive,
202,3,True,Staff,Positive,
202,3,True,Location,Positive,
203,1,True,Room,Positive,
203,1,True,Staff,Positive,
203,1,True,Price,Positive,
203,2,True,Room,Positive,
203,2,True,Staff,Positive,
203,2,True,Price,Positive,
203,3,True,Room,Positive,
203,3,True,Staff,Positive,
203,3,True,Price,Positive,
204,1,True,Staff,Positive,
204,1,True,Location,Positive,
204,2,True,Staff,Positive,
204,2,True,Location,Positive,
204,3,True,Staff,Positive,
204,3,True,Location,Positive,
205,1,True,(no sentiments found),,
205,2,True,(no sentiments found),,
205,3,True,(no sentiments found),,
206,1,True,Staff,Positive,
206,1,True,Location,Positive,
206,1,True,Price,Positive,
206,2,True,Staff,Positive,
206,2,True,Location,Positive,
206,2,True,Price,Positive,
206,3,True,Staff,Positive,
206,3,True,Location,Positive,
206,3,True,Price,Positive,
207,1,True,Staff,Positive,
207,2,True,Staff,Positive,
207,3,True,Staff,Positive,
208,1,False,(parse failed),,json_parse_error: Extra data: line 3 column 2 (char 187)
208,2,False,(parse failed),,json_parse_error: Extra data: line 3 column 2 (char 187)
208,3,False,(parse failed),,json_parse_error: Extra data: line 3 column 2 (char 187)
209,1,False,(parse failed),,json_parse_error: Extra data: line 3 column 1 (char 216)
209,2,False,(parse failed),,json_parse_error: Extra data: line 3 column 1 (char 216)
209,3,False,(parse failed),,json_parse_error: Extra data: line 3 column 1 (char 216)
210,1,True,Staff,Positive,
210,1,True,Location,Positive,
210,2,True,Staff,Positive,
210,2,True,Location,Positive,
210,3,True,Staff,Positive,
210,3,True,Location,Positive,
211,1,True,Staff,Positive,
211,1,True,Location,Positive,
211,1,True,Food,Positive,
211,2,True,Staff,Positive,
211,2,True,Location,Positive,
211,2,True,Food,Positive,
211,3,True,Staff,Positive,
211,3,True,Location,Positive,
211,3,True,Food,Positive,
212,1,True,Staff,Positive,
212,1,True,Price,Positive,
212,1,True,Facility,Positive,
212,2,True,Staff,Positive,
212,2,True,Price,Positive,
212,2,True,Facility,Positive,
212,3,True,Staff,Positive,
212,3,True,Price,Positive,
212,3,True,Facility,Positive,
213,1,False,(parse failed),,json_parse_error: Extra data: line 3 column 2 (char 205)
213,2,False,(parse failed),,json_parse_error: Extra data: line 2 column 1 (char 197)
213,3,False,(parse failed),,json_parse_error: Extra data: line 2 column 1 (char 197)
214,1,False,Staff,Positive,
214,1,False,Check-in,Positive,
214,2,False,Staff,Positive,
214,2,False,Check-in,Positive,
214,3,False,Staff,Positive,
214,3,False,Check-in,Positive,
215,1,True,(no sentiments found),,
215,2,True,(no sentiments found),,
215,3,True,(no sentiments found),,
216,1,True,Room,Positive,
216,1,True,Facility,Positive,
216,2,True,Room,Positive,
216,2,True,Facility,Positive,
216,3,True,Room,Positive,
216,3,True,Facility,Positive,
217,1,True,(no sentiments found),,
217,2,True,(no sentiments found),,
217,3,True,(no sentiments found),,
218,1,True,Room,Positive,
218,1,True,Location,Positive,
218,2,True,Room,Positive,
218,2,True,Location,Positive,
218,3,True,Room,Positive,
218,3,True,Location,Positive,
219,1,True,Room,Positive,
219,2,True,Room,Positive,
219,3,True,Room,Positive,
220,1,True,Room,Positive,
220,1,True,Location,Positive,
220,1,True,Facility,Positive,
220,1,True,Check-in,Positive,
220,2,True,Room,Positive,
220,2,True,Location,Positive,
220,2,True,Facility,Positive,
220,2,True,Check-in,Positive,
220,3,True,Room,Positive,
220,3,True,Location,Positive,
220,3,True,Facility,Positive,
220,3,True,Check-in,Positive,
221,1,True,Room,Positive,
221,1,True,Staff,Positive,
221,1,True,Food,Positive,
221,1,True,Facility,Negative,
221,2,True,Room,Positive,
221,2,True,Staff,Positive,
221,2,True,Food,Positive,
221,2,True,Facility,Negative,
221,3,True,Room,Positive,
221,3,True,Staff,Positive,
221,3,True,Food,Positive,
221,3,True,Facility,Negative,
222,1,True,Room,Positive,
222,2,True,Room,Positive,
222,3,True,Room,Positive,
223,1,True,Staff,Positive,
223,2,True,Staff,Positive,
223,3,True,Staff,Positive,
224,1,False,(parse failed),,json_parse_error: Extra data: line 3 column 1 (char 199)
224,2,False,(parse failed),,json_parse_error: Extra data: line 3 column 1 (char 199)
224,3,False,(parse failed),,json_parse_error: Extra data: line 3 column 1 (char 199)
225,1,True,(no sentiments found),,
225,2,True,(no sentiments found),,
225,3,True,(no sentiments found),,
226,1,True,Room,Positive,
226,1,True,Staff,Positive,
226,1,True,Facility,Negative,
226,2,True,Room,Positive,
226,2,True,Staff,Positive,
226,2,True,Facility,Negative,
226,3,True,Room,Positive,
226,3,True,Staff,Positive,
226,3,True,Facility,Negative,
227,1,True,Room,Positive,
227,1,True,Staff,Positive,
227,1,True,Location,Positive,
227,1,True,Check-in,Positive,
227,2,True,Room,Positive,
227,2,True,Staff,Positive,
227,2,True,Location,Positive,
227,3,True,Room,Positive,
227,3,True,Staff,Positive,
227,3,True,Location,Positive,
228,1,True,Room,Positive,
228,1,True,Staff,Positive,
228,1,True,Location,Positive,
228,2,True,Room,Positive,
228,2,True,Staff,Positive,
228,2,True,Location,Positive,
228,3,True,Room,Positive,
228,3,True,Staff,Positive,
228,3,True,Location,Positive,
229,1,True,Staff,Positive,
229,2,True,Staff,Positive,
229,3,True,Staff,Positive,
230,1,True,Location,Positive,
230,1,True,Price,Positive,
230,2,True,Location,Positive,
230,2,True,Price,Positive,
230,3,True,Location,Positive,
230,3,True,Price,Positive,
231,1,True,Room,Positive,
231,1,True,Staff,Positive,
231,1,True,Location,Positive,
231,2,True,Room,Positive,
231,2,True,Staff,Positive,
231,2,True,Location,Positive,
231,3,True,Room,Positive,
231,3,True,Staff,Positive,
231,3,True,Location,Positive,
232,1,True,Room,Positive,
232,1,True,Staff,Positive,
232,1,True,Location,Positive,
232,1,True,Food,Positive,
232,1,True,Price,Positive,
232,2,True,Room,Positive,
232,2,True,Staff,Positive,
232,2,True,Location,Positive,
232,2,True,Food,Positive,
232,2,True,Price,Positive,
232,3,True,Room,Positive,
232,3,True,Staff,Positive,
232,3,True,Location,Positive,
232,3,True,Food,Positive,
232,3,True,Price,Positive,
233,1,True,Room,Positive,
233,1,True,Staff,Positive,
233,1,True,Location,Positive,
233,1,True,Food,Positive,
233,1,True,Facility,Positive,
233,2,True,Room,Positive,
233,2,True,Staff,Positive,
233,2,True,Location,Positive,
233,2,True,Food,Positive,
233,2,True,Facility,Positive,
233,3,True,Room,Positive,
233,3,True,Staff,Positive,
233,3,True,Location,Positive,
233,3,True,Food,Positive,
233,3,True,Facility,Positive,
234,1,True,Location,Positive,
234,1,True,Price,Positive,
234,2,True,Location,Positive,
234,2,True,Price,Positive,
234,3,True,Location,Positive,
234,3,True,Price,Positive,
235,1,True,Staff,Positive,
235,1,True,Location,Positive,
235,2,True,Staff,Positive,
235,2,True,Location,Positive,
235,3,True,Staff,Positive,
235,3,True,Location,Positive,
236,1,True,Room,Positive,
236,1,True,Location,Positive,
236,1,True,Facility,Positive,
236,2,True,Room,Positive,
236,2,True,Location,Positive,
236,2,True,Facility,Positive,
236,3,True,Room,Positive,
236,3,True,Location,Positive,
236,3,True,Facility,Positive,
237,1,True,(no sentiments found),,
237,2,True,(no sentiments found),,
237,3,True,(no sentiments found),,
238,1,True,Room,Negative,
238,1,True,Location,Positive,
238,2,True,Room,Negative,
238,2,True,Location,Positive,
238,3,True,Room,Negative,
238,3,True,Location,Positive,
239,1,True,Room,Positive,
239,1,True,Location,Positive,
239,2,True,Room,Positive,
239,2,True,Location,Positive,
239,3,True,Room,Positive,
239,3,True,Location,Positive,
240,1,True,Staff,Positive,
240,1,True,Location,Positive,
240,2,True,Staff,Positive,
240,2,True,Location,Positive,
240,3,True,Staff,Positive,
240,3,True,Location,Positive,
241,1,True,Room,Positive,
241,1,True,Staff,Positive,
241,1,True,Location,Positive,
241,1,True,Price,Negative,
241,1,True,Facility,Negative,
241,2,True,Room,Positive,
241,2,True,Staff,Positive,
241,2,True,Location,Positive,
241,2,True,Price,Negative,
241,2,True,Facility,Negative,
241,3,True,Room,Positive,
241,3,True,Staff,Positive,
241,3,True,Location,Positive,
241,3,True,Price,Negative,
241,3,True,Facility,Negative,
242,1,True,Staff,Positive,
242,2,True,Staff,Positive,
242,3,True,Staff,Positive,
243,1,True,Location,Positive,
243,1,True,Facility,Positive,
243,2,True,Location,Positive,
243,2,True,Facility,Positive,
243,3,True,Location,Positive,
243,3,True,Facility,Positive,
244,1,True,(no sentiments found),,
244,2,True,(no sentiments found),,
244,3,True,(no sentiments found),,
245,1,True,Room,Positive,
245,1,True,Staff,Positive,
245,1,True,Food,Positive,
245,2,True,Room,Positive,
245,2,True,Staff,Positive,
245,2,True,Food,Positive,
245,3,True,Room,Positive,
245,3,True,Staff,Positive,
245,3,True,Food,Positive,
246,1,True,Room,Positive,
246,1,True,Staff,Positive,
246,1,True,Location,Negative,
246,1,True,Food,Positive,
246,2,True,Room,Positive,
246,2,True,Staff,Positive,
246,2,True,Location,Negative,
246,2,True,Food,Positive,
246,3,True,Room,Positive,
246,3,True,Staff,Positive,
246,3,True,Location,Negative,
246,3,True,Food,Positive,
247,1,True,Location,Positive,
247,2,True,Location,Positive,
247,3,True,Location,Positive,
248,1,True,Staff,Positive,
248,1,True,Facility,Negative,
248,2,True,Staff,Positive,
248,2,True,Facility,Negative,
248,3,True,Staff,Positive,
248,3,True,Facility,Negative,
249,1,True,(no sentiments found),,
249,2,True,(no sentiments found),,
249,3,True,(no sentiments found),,
250,1,True,Room,Positive,
250,1,True,Staff,Positive,
250,1,True,Location,Positive,
250,1,True,Food,Positive,
250,1,True,Facility,Positive,
250,2,True,Room,Positive,
250,2,True,Staff,Positive,
250,2,True,Location,Positive,
250,2,True,Food,Positive,
250,2,True,Facility,Positive,
250,3,True,Room,Positive,
250,3,True,Staff,Positive,
250,3,True,Location,Positive,
250,3,True,Food,Positive,
250,3,True,Facility,Positive,
251,1,True,Staff,Positive,
251,2,True,Staff,Positive,
251,3,True,Staff,Positive,
252,1,True,Room,Positive,
252,1,True,Staff,Positive,
252,1,True,Food,Positive,
252,2,True,Room,Positive,
252,2,True,Staff,Positive,
252,2,True,Food,Positive,
252,3,True,Room,Positive,
252,3,True,Staff,Positive,
252,3,True,Food,Positive,
253,1,True,(no sentiments found),,
253,2,True,(no sentiments found),,
253,3,True,(no sentiments found),,
254,1,True,Room,Positive,
254,1,True,Staff,Positive,
254,1,True,Location,Positive,
254,1,True,Facility,Positive,
254,2,True,Room,Positive,
254,2,True,Staff,Positive,
254,2,True,Location,Positive,
254,2,True,Facility,Positive,
254,3,True,Room,Positive,
254,3,True,Staff,Positive,
254,3,True,Location,Positive,
254,3,True,Facility,Positive,
255,1,True,Room,Positive,
255,1,True,Staff,Positive,
255,1,True,Location,Positive,
255,2,True,Room,Positive,
255,2,True,Staff,Positive,
255,2,True,Location,Positive,
255,3,True,Room,Positive,
255,3,True,Staff,Positive,
255,3,True,Location,Positive,
256,1,True,(no sentiments found),,
256,2,True,(no sentiments found),,
256,3,True,(no sentiments found),,
257,1,True,Room,Positive,
257,1,True,Staff,Positive,
257,1,True,Location,Positive,
257,2,True,Room,Positive,
257,2,True,Staff,Positive,
257,2,True,Location,Positive,
257,3,True,Room,Positive,
257,3,True,Staff,Positive,
257,3,True,Location,Positive,
258,1,True,Room,Positive,
258,1,True,Staff,Positive,
258,1,True,Food,Positive,
258,2,True,Room,Positive,
258,2,True,Staff,Positive,
258,2,True,Food,Positive,
258,3,True,Room,Positive,
258,3,True,Staff,Positive,
258,3,True,Food,Positive,
259,1,False,(parse failed),,json_parse_error: Extra data: line 3 column 1 (char 205)
259,2,False,(parse failed),,json_parse_error: Extra data: line 3 column 1 (char 205)
259,3,False,(parse failed),,json_parse_error: Extra data: line 3 column 1 (char 205)
260,1,True,Staff,Positive,
260,1,True,Location,Positive,
260,1,True,Food,Positive,
260,2,True,Staff,Positive,
260,2,True,Location,Positive,
260,2,True,Food,Positive,
260,3,True,Staff,Positive,
260,3,True,Location,Positive,
260,3,True,Food,Positive,
261,1,False,(parse failed),,json_parse_error: Extra data: line 3 column 1 (char 214)
261,2,False,(parse failed),,json_parse_error: Extra data: line 3 column 1 (char 214)
261,3,False,(parse failed),,json_parse_error: Extra data: line 3 column 1 (char 214)
262,1,False,Room,Positive,
262,1,False,Staff,Positive,
262,1,False,Location,Positive,
262,1,False,Food,null,
262,1,False,Price,null,
262,1,False,Facility,null,
262,1,False,Check-in,null,
262,1,False,Check-out,null,
262,1,False,Off,null,
262,1,False,Booking-issue,null,
262,1,False,Taxi-issue,null,
262,2,False,Room,Positive,
262,2,False,Staff,Positive,
262,2,False,Location,Positive,
262,2,False,Food,null,
262,2,False,Price,null,
262,2,False,Facility,null,
262,2,False,Check-in,null,
262,2,False,Check-out,null,
262,2,False,Off,null,
262,2,False,Booking-issue,null,
262,2,False,Taxi-issue,null,
262,3,False,Room,Positive,
262,3,False,Staff,Positive,
262,3,False,Location,Positive,
262,3,False,Food,null,
262,3,False,Price,null,
262,3,False,Facility,null,
262,3,False,Check-in,null,
262,3,False,Check-out,null,
262,3,False,Off,null,
262,3,False,Booking-issue,null,
262,3,False,Taxi-issue,null,
263,1,True,Room,Positive,
263,2,True,Room,Positive,
263,3,True,Room,Positive,
264,1,True,Staff,Positive,
264,2,True,Staff,Positive,
264,3,True,Staff,Positive,
265,1,True,Staff,Positive,
265,2,True,Staff,Positive,
265,3,True,Staff,Positive,
266,1,True,Staff,Positive,
266,2,True,Staff,Positive,
266,3,True,Staff,Positive,
267,1,True,Room,Positive,
267,1,True,Staff,Positive,
267,2,True,Room,Positive,
267,2,True,Staff,Positive,
267,3,True,Room,Positive,
267,3,True,Staff,Positive,
268,1,True,Room,Positive,
268,1,True,Staff,Positive,
268,1,True,Location,Positive,
268,1,True,Food,Positive,
268,2,True,Room,Positive,
268,2,True,Staff,Positive,
268,2,True,Location,Positive,
268,2,True,Food,Positive,
268,3,True,Room,Positive,
268,3,True,Staff,Positive,
268,3,True,Location,Positive,
268,3,True,Food,Positive,
269,1,True,Staff,Positive,
269,1,True,Location,Positive,
269,2,True,Staff,Positive,
269,2,True,Location,Positive,
269,3,True,Staff,Positive,
269,3,True,Location,Positive,
270,1,False,(parse failed),,json_parse_error: Extra data: line 3 column 1 (char 210)
270,2,False,Room,Positive,
270,2,False,Staff,Positive,
270,2,False,Location,null,
270,2,False,Food,null,
270,2,False,Price,null,
270,2,False,Facility,null,
270,2,False,Check-in,null,
270,2,False,Check-out,null,
270,2,False,Off,null,
270,2,False,Booking-issue,null,
270,2,False,Taxi-issue,null,
270,3,False,Room,Positive,
270,3,False,Staff,Positive,
270,3,False,Location,null,
270,3,False,Food,null,
270,3,False,Price,null,
270,3,False,Facility,null,
270,3,False,Check-in,null,
270,3,False,Check-out,null,
270,3,False,Off,null,
270,3,False,Booking-issue,null,
270,3,False,Taxi-issue,null,
271,1,True,Location,Positive,
271,2,True,Location,Positive,
271,3,True,Location,Positive,
272,1,True,Staff,Positive,
272,1,True,Location,Positive,
272,1,True,Food,Positive,
272,2,True,Staff,Positive,
272,2,True,Location,Positive,
272,2,True,Food,Positive,
272,3,True,Staff,Positive,
272,3,True,Location,Positive,
272,3,True,Food,Positive,
273,1,True,(no sentiments found),,
273,2,True,(no sentiments found),,
273,3,True,(no sentiments found),,
274,1,False,(parse failed),,json_parse_error: Extra data: line 3 column 2 (char 190)
274,2,False,(parse failed),,json_parse_error: Extra data: line 3 column 2 (char 188)
274,3,False,(parse failed),,json_parse_error: Extra data: line 3 column 2 (char 188)
275,1,True,Room,Positive,
275,1,True,Staff,Positive,
275,2,True,Room,Positive,
275,2,True,Staff,Positive,
275,3,True,Room,Positive,
275,3,True,Staff,Positive,
276,1,False,(parse failed),,json_parse_error: Extra data: line 3 column 1 (char 220)
276,2,False,(parse failed),,json_parse_error: Extra data: line 3 column 1 (char 214)
276,3,False,(parse failed),,json_parse_error: Extra data: line 3 column 1 (char 214)
277,1,False,(parse failed),,json_parse_error: Extra data: line 2 column 2 (char 199)
277,2,False,(parse failed),,json_parse_error: Extra data: line 3 column 2 (char 201)
277,3,False,(parse failed),,json_parse_error: Extra data: line 3 column 2 (char 201)
278,1,True,Staff,Positive,
278,1,True,Location,Positive,
278,1,True,Food,Positive,
278,2,True,Staff,Positive,
278,2,True,Location,Positive,
278,2,True,Food,Positive,
278,3,True,Staff,Positive,
278,3,True,Location,Positive,
278,3,True,Food,Positive,
279,1,True,(no sentiments found),,
279,2,True,(no sentiments found),,
279,3,True,(no sentiments found),,
280,1,True,Room,Positive,
280,1,True,Staff,Positive,
280,1,True,Location,Positive,
280,2,True,Room,Positive,
280,2,True,Staff,Positive,
280,2,True,Location,Positive,
280,3,True,Room,Positive,
280,3,True,Staff,Positive,
280,3,True,Location,Positive,
281,1,True,Room,Positive,
281,1,True,Staff,Positive,
281,1,True,Location,Positive,
281,2,True,Room,Positive,
281,2,True,Staff,Positive,
281,2,True,Location,Positive,
281,3,True,Room,Positive,
281,3,True,Staff,Positive,
281,3,True,Location,Positive,
282,1,True,Staff,Positive,
282,1,True,Location,Positive,
282,1,True,Food,Positive,
282,2,True,Staff,Positive,
282,2,True,Location,Positive,
282,2,True,Food,Positive,
282,3,True,Staff,Positive,
282,3,True,Location,Positive,
282,3,True,Food,Positive,
283,1,True,Staff,Positive,
283,2,True,Staff,Positive,
283,3,True,Staff,Positive,
284,1,True,Room,Positive,
284,1,True,Staff,Positive,
284,1,True,Location,Positive,
284,1,True,Food,Positive,
284,2,True,Room,Positive,
284,2,True,Staff,Positive,
284,2,True,Location,Positive,
284,2,True,Food,Positive,
284,3,True,Room,Positive,
284,3,True,Staff,Positive,
284,3,True,Location,Positive,
284,3,True,Food,Positive,
285,1,True,Room,Negative,
285,2,True,Room,Negative,
285,3,True,Room,Negative,
286,1,True,Location,Positive,
286,2,True,Location,Positive,
286,3,True,Location,Positive,
287,1,False,(parse failed),,json_parse_error: Extra data: line 3 column 1 (char 225)
287,2,False,(parse failed),,json_parse_error: Extra data: line 3 column 1 (char 225)
287,3,False,(parse failed),,json_parse_error: Extra data: line 3 column 1 (char 225)
288,1,True,Staff,Positive,
288,1,True,Food,Positive,
288,2,True,Staff,Positive,
288,2,True,Food,Positive,
288,3,True,Staff,Positive,
288,3,True,Food,Positive,
289,1,True,Room,Negative,
289,1,True,Location,Positive,
289,2,True,Room,Negative,
289,2,True,Location,Positive,
289,3,True,Room,Negative,
289,3,True,Location,Positive,
290,1,False,Room,Positive,
290,1,False,Staff,Positive,
290,1,False,Location,Positive,
290,1,False,Food,Positive,
290,1,False,Price,Positive,
290,1,False,Facility,null,
290,1,False,Check-in,null,
290,1,False,Check-out,null,
290,1,False,Off,null,
290,1,False,Booking-issue,null,
290,1,False,Taxi-issue,null,
290,2,False,Room,Positive,
290,2,False,Staff,Positive,
290,2,False,Location,Positive,
290,2,False,Food,Positive,
290,2,False,Price,Positive,
290,2,False,Facility,null,
290,2,False,Check-in,null,
290,2,False,Check-out,null,
290,2,False,Off,null,
290,2,False,Booking-issue,null,
290,2,False,Taxi-issue,null,
290,3,False,Room,Positive,
290,3,False,Staff,Positive,
290,3,False,Location,Positive,
290,3,False,Food,Positive,
290,3,False,Price,Positive,
290,3,False,Facility,null,
290,3,False,Check-in,null,
290,3,False,Check-out,null,
290,3,False,Off,null,
290,3,False,Booking-issue,null,
290,3,False,Taxi-issue,null,
291,1,True,Staff,Positive,
291,1,True,Location,Positive,
291,2,True,Staff,Positive,
291,2,True,Location,Positive,
291,3,True,Staff,Positive,
291,3,True,Location,Positive,
292,1,True,Location,Positive,
292,1,True,Facility,Negative,
292,2,True,Location,Positive,
292,2,True,Facility,Negative,
292,3,True,Location,Positive,
292,3,True,Facility,Negative,
293,1,True,Staff,Positive,
293,2,True,Staff,Positive,
293,3,True,Staff,Positive,
294,1,True,(no sentiments found),,
294,2,True,(no sentiments found),,
294,3,True,(no sentiments found),,
295,1,True,Room,Positive,
295,1,True,Staff,Positive,
295,1,True,Location,Positive,
295,1,True,Food,Positive,
295,1,True,Price,Positive,
295,1,True,Facility,Positive,
295,2,True,Room,Positive,
295,2,True,Staff,Positive,
295,2,True,Location,Positive,
295,2,True,Food,Positive,
295,2,True,Price,Positive,
295,2,True,Facility,Positive,
295,3,True,Room,Positive,
295,3,True,Staff,Positive,
295,3,True,Location,Positive,
295,3,True,Food,Positive,
295,3,True,Price,Positive,
295,3,True,Facility,Positive,
296,1,True,(no sentiments found),,
296,2,True,(no sentiments found),,
296,3,True,(no sentiments found),,
297,1,True,(no sentiments found),,
297,2,True,(no sentiments found),,
297,3,True,(no sentiments found),,
298,1,True,Room,Positive,
298,1,True,Staff,Positive,
298,1,True,Location,Positive,
298,2,True,Room,Positive,
298,2,True,Staff,Positive,
298,2,True,Location,Positive,
298,3,True,Room,Positive,
298,3,True,Staff,Positive,
298,3,True,Location,Positive,
299,1,True,Room,Positive,
299,1,True,Staff,Positive,
299,1,True,Location,Positive,
299,2,True,Room,Positive,
299,2,True,Staff,Positive,
299,2,True,Location,Positive,
299,3,True,Room,Positive,
299,3,True,Staff,Positive,
299,3,True,Location,Positive,
300,1,True,Room,Positive,
300,1,True,Staff,Positive,
300,1,True,Location,Positive,
300,1,True,Food,Positive,
300,1,True,Price,Positive,
300,1,True,Facility,Positive,
300,2,True,Room,Positive,
300,2,True,Staff,Positive,
300,2,True,Location,Positive,
300,2,True,Food,Positive,
300,2,True,Price,Positive,
300,2,True,Facility,Positive,
300,3,True,Room,Positive,
300,3,True,Staff,Positive,
300,3,True,Location,Positive,
300,3,True,Food,Positive,
300,3,True,Price,Positive,
300,3,True,Facility,Positive,
301,1,True,Staff,Positive,
301,1,True,Location,Positive,
301,2,True,Staff,Positive,
301,2,True,Location,Positive,
301,3,True,Staff,Positive,
301,3,True,Location,Positive,
302,1,True,(no sentiments found),,
302,2,True,(no sentiments found),,
302,3,True,(no sentiments found),,
303,1,False,Room,Positive,
303,1,False,Staff,Positive,
303,1,False,Location,null,
303,1,False,Food,null,
303,1,False,Price,null,
303,1,False,Facility,null,
303,1,False,Check-in,null,
303,1,False,Check-out,null,
303,1,False,Off,null,
303,1,False,Booking-issue,null,
303,1,False,Taxi-issue,null,
303,2,True,Room,Positive,
303,2,True,Staff,Positive,
303,3,True,Room,Positive,
303,3,True,Staff,Positive,
304,1,True,Room,Positive,
304,1,True,Staff,Positive,
304,1,True,Location,Positive,
304,2,True,Room,Positive,
304,2,True,Staff,Positive,
304,2,True,Location,Positive,
304,3,True,Room,Positive,
304,3,True,Staff,Positive,
304,3,True,Location,Positive,
305,1,True,Staff,Positive,
305,1,True,Food,Positive,
305,2,True,Staff,Positive,
305,2,True,Food,Positive,
305,3,True,Staff,Positive,
305,3,True,Food,Positive,
306,1,True,Staff,Positive,
306,2,True,Staff,Positive,
306,3,True,Staff,Positive,
307,1,False,(parse failed),,json_parse_error: Extra data: line 2 column 2 (char 207)
307,2,False,(parse failed),,json_parse_error: Extra data: line 2 column 2 (char 207)
307,3,False,(parse failed),,json_parse_error: Extra data: line 2 column 2 (char 207)
308,1,True,Staff,Positive,
308,2,True,Staff,Positive,
308,3,True,Staff,Positive,
309,1,True,Staff,Positive,
309,2,True,Staff,Positive,
309,3,True,Staff,Positive,
310,1,True,Location,Positive,
310,1,True,Check-out,Positive,
310,2,True,Location,Positive,
310,2,True,Check-out,Positive,
310,3,True,Location,Positive,
310,3,True,Check-out,Positive,
311,1,True,Room,Positive,
311,1,True,Staff,Positive,
311,2,True,Room,Positive,
311,2,True,Staff,Positive,
311,3,True,Room,Positive,
311,3,True,Staff,Positive,
312,1,True,Staff,Positive,
312,1,True,Location,Positive,
312,1,True,Food,Positive,
312,1,True,Facility,Negative,
312,2,True,Staff,Positive,
312,2,True,Location,Positive,
312,2,True,Food,Positive,
312,2,True,Facility,Negative,
312,3,True,Staff,Positive,
312,3,True,Location,Positive,
312,3,True,Food,Positive,
312,3,True,Facility,Negative,
313,1,True,Staff,Positive,
313,1,True,Price,Positive,
313,1,True,Facility,Positive,
313,2,True,Staff,Positive,
313,2,True,Price,Positive,
313,2,True,Facility,Positive,
313,3,True,Staff,Positive,
313,3,True,Price,Positive,
313,3,True,Facility,Positive,
314,1,True,Room,Positive,
314,1,True,Location,Positive,
314,1,True,Facility,Positive,
314,1,True,Check-in,Positive,
314,1,True,Check-out,Positive,
314,2,True,Room,Positive,
314,2,True,Location,Positive,
314,2,True,Facility,Positive,
314,2,True,Check-in,Positive,
314,2,True,Check-out,Positive,
314,3,True,Room,Positive,
314,3,True,Location,Positive,
314,3,True,Facility,Positive,
314,3,True,Check-in,Positive,
314,3,True,Check-out,Positive,
315,1,True,Staff,Positive,
315,2,True,Staff,Positive,
315,3,True,Staff,Positive,
316,1,True,Room,Positive,
316,1,True,Staff,Positive,
316,1,True,Location,Positive,
316,1,True,Facility,Positive,
316,2,True,Room,Positive,
316,2,True,Staff,Positive,
316,2,True,Location,Positive,
316,2,True,Facility,Positive,
316,3,True,Room,Positive,
316,3,True,Staff,Positive,
316,3,True,Location,Positive,
316,3,True,Facility,Positive,
317,1,True,(no sentiments found),,
317,2,True,(no sentiments found),,
317,3,True,(no sentiments found),,
318,1,True,Room,Negative,
318,1,True,Staff,Positive,
318,1,True,Location,Positive,
318,1,True,Facility,Negative,
318,2,True,Room,Negative,
318,2,True,Staff,Positive,
318,2,True,Location,Positive,
318,2,True,Facility,Negative,
318,3,True,Room,Negative,
318,3,True,Staff,Positive,
318,3,True,Location,Positive,
318,3,True,Facility,Negative,
319,1,True,Room,Positive,
319,1,True,Staff,Positive,
319,2,True,Room,Positive,
319,2,True,Staff,Positive,
319,3,True,Room,Positive,
319,3,True,Staff,Positive,
320,1,True,Room,Positive,
320,1,True,Location,Positive,
320,2,True,Room,Positive,
320,2,True,Location,Positive,
320,3,True,Room,Positive,
320,3,True,Location,Positive,
321,1,True,(no sentiments found),,
321,2,True,(no sentiments found),,
321,3,True,(no sentiments found),,
322,1,False,Room,Positive,
322,1,False,Staff,null,
322,1,False,Location,Positive,
322,1,False,Food,null,
322,1,False,Price,null,
322,1,False,Facility,null,
322,1,False,Check-in,Positive,
322,1,False,Check-out,null,
322,1,False,Off,null,
322,1,False,Booking-issue,null,
322,1,False,Taxi-issue,null,
322,2,False,Room,Positive,
322,2,False,Staff,null,
322,2,False,Location,Positive,
322,2,False,Food,null,
322,2,False,Price,null,
322,2,False,Facility,null,
322,2,False,Check-in,Positive,
322,2,False,Check-out,null,
322,2,False,Off,null,
322,2,False,Booking-issue,null,
322,2,False,Taxi-issue,null,
322,3,False,Room,Positive,
322,3,False,Staff,null,
322,3,False,Location,Positive,
322,3,False,Food,null,
322,3,False,Price,null,
322,3,False,Facility,null,
322,3,False,Check-in,Positive,
322,3,False,Check-out,null,
322,3,False,Off,null,
322,3,False,Booking-issue,null,
322,3,False,Taxi-issue,null,
323,1,True,Room,Positive,
323,1,True,Staff,Positive,
323,1,True,Location,Negative,
323,1,True,Facility,Positive,
323,2,True,Room,Positive,
323,2,True,Staff,Positive,
323,2,True,Location,Negative,
323,2,True,Facility,Positive,
323,3,True,Room,Positive,
323,3,True,Staff,Positive,
323,3,True,Location,Negative,
323,3,True,Facility,Positive,
324,1,True,Room,Positive,
324,1,True,Staff,Positive,
324,1,True,Location,Positive,
324,2,True,Room,Positive,
324,2,True,Staff,Positive,
324,2,True,Location,Positive,
324,3,True,Room,Positive,
324,3,True,Staff,Positive,
324,3,True,Location,Positive,
325,1,True,Room,Positive,
325,1,True,Staff,Positive,
325,1,True,Location,Positive,
325,2,True,Room,Positive,
325,2,True,Staff,Positive,
325,2,True,Location,Positive,
325,3,True,Room,Positive,
325,3,True,Staff,Positive,
325,3,True,Location,Positive,
326,1,True,Room,Positive,
326,2,True,Room,Positive,
326,3,True,Room,Positive,
327,1,True,Staff,Positive,
327,1,True,Location,Positive,
327,2,True,Staff,Positive,
327,2,True,Location,Positive,
327,3,True,Staff,Positive,
327,3,True,Location,Positive,
328,1,True,Room,Negative,
328,1,True,Location,Positive,
328,2,True,Room,Negative,
328,2,True,Location,Positive,
328,3,True,Room,Negative,
328,3,True,Location,Positive,
329,1,True,(no sentiments found),,
329,2,True,(no sentiments found),,
329,3,True,(no sentiments found),,
330,1,True,Staff,Positive,
330,1,True,Food,Positive,
330,2,True,Staff,Positive,
330,2,True,Food,Positive,
330,3,True,Staff,Positive,
330,3,True,Food,Positive,
331,1,True,Staff,Positive,
331,2,True,Staff,Positive,
331,3,True,Staff,Positive,
332,1,True,Room,Positive,
332,1,True,Staff,Positive,
332,2,True,Room,Positive,
332,2,True,Staff,Positive,
332,3,True,Room,Positive,
332,3,True,Staff,Positive,
333,1,True,Room,Negative,
333,1,True,Food,Positive,
333,2,True,Room,Negative,
333,2,True,Food,Positive,
333,3,True,Room,Negative,
333,3,True,Food,Positive,
334,1,True,Staff,Positive,
334,1,True,Location,Positive,
334,1,True,Price,Positive,
334,2,True,Staff,Positive,
334,2,True,Location,Positive,
334,2,True,Price,Positive,
334,3,True,Staff,Positive,
334,3,True,Location,Positive,
334,3,True,Price,Positive,
335,1,True,(no sentiments found),,
335,2,True,(no sentiments found),,
335,3,True,(no sentiments found),,
336,1,True,Room,Positive,
336,1,True,Staff,Positive,
336,1,True,Food,Positive,
336,2,True,Room,Positive,
336,2,True,Staff,Positive,
336,2,True,Food,Positive,
336,3,True,Room,Positive,
336,3,True,Staff,Positive,
336,3,True,Food,Positive,
337,1,False,(parse failed),,json_parse_error: Extra data: line 3 column 2 (char 208)
337,2,True,(no sentiments found),,
337,3,True,(no sentiments found),,
338,1,True,Staff,Positive,
338,1,True,Location,Positive,
338,1,True,Price,Positive,
338,1,True,Facility,Positive,
338,2,True,Staff,Positive,
338,2,True,Location,Positive,
338,2,True,Price,Positive,
338,2,True,Facility,Positive,
338,3,True,Staff,Positive,
338,3,True,Location,Positive,
338,3,True,Price,Positive,
338,3,True,Facility,Positive,
339,1,True,Room,Positive,
339,1,True,Staff,Positive,
339,1,True,Food,Positive,
339,1,True,Facility,Positive,
339,2,True,Room,Positive,
339,2,True,Staff,Positive,
339,2,True,Food,Positive,
339,2,True,Facility,Positive,
339,3,True,Room,Positive,
339,3,True,Staff,Positive,
339,3,True,Food,Positive,
339,3,True,Facility,Positive,
340,1,True,Room,Positive,
340,1,True,Location,Negative,
340,1,True,Price,Positive,
340,2,True,Room,Positive,
340,2,True,Location,Negative,
340,2,True,Price,Positive,
340,3,True,Room,Positive,
340,3,True,Location,Negative,
340,3,True,Price,Positive,
341,1,True,Staff,Positive,
341,1,True,Location,Positive,
341,1,True,Facility,Positive,
341,2,True,Staff,Positive,
341,2,True,Location,Positive,
341,2,True,Facility,Positive,
341,3,True,Staff,Positive,
341,3,True,Location,Positive,
341,3,True,Facility,Positive,
342,1,True,Staff,Positive,
342,2,True,Staff,Positive,
342,3,True,Staff,Positive,
343,1,True,Staff,Positive,
343,2,True,Staff,Positive,
343,3,True,Staff,Positive,
344,1,True,Room,Positive,
344,1,True,Staff,Positive,
344,1,True,Location,Positive,
344,2,True,Room,Positive,
344,2,True,Staff,Positive,
344,2,True,Location,Positive,
344,3,True,Room,Positive,
344,3,True,Staff,Positive,
344,3,True,Location,Positive,
345,1,True,(no sentiments found),,
345,2,True,(no sentiments found),,
345,3,True,(no sentiments found),,
346,1,True,Taxi-issue,Negative,
346,2,True,Taxi-issue,Negative,
346,3,True,Taxi-issue,Negative,
347,1,True,Room,Positive,
347,1,True,Staff,Positive,
347,1,True,Location,Positive,
347,2,True,Room,Positive,
347,2,True,Staff,Positive,
347,2,True,Location,Positive,
347,3,True,Room,Positive,
347,3,True,Staff,Positive,
347,3,True,Location,Positive,
348,1,False,(parse failed),,json_parse_error: Extra data: line 3 column 2 (char 211)
348,2,False,(parse failed),,json_parse_error: Extra data: line 3 column 2 (char 211)
348,3,False,(parse failed),,json_parse_error: Extra data: line 3 column 2 (char 211)
349,1,True,Room,Positive,
349,1,True,Staff,Positive,
349,1,True,Location,Negative,
349,2,True,Room,Positive,
349,2,True,Staff,Positive,
349,2,True,Location,Negative,
349,3,True,Room,Positive,
349,3,True,Staff,Positive,
349,3,True,Location,Negative,
350,1,True,Room,Positive,
350,1,True,Staff,Positive,
350,2,True,Room,Positive,
350,2,True,Staff,Positive,
350,3,True,Room,Positive,
350,3,True,Staff,Positive,
351,1,True,Room,Positive,
351,1,True,Location,Positive,
351,2,True,Room,Positive,
351,2,True,Location,Positive,
351,3,True,Room,Positive,
351,3,True,Location,Positive,
352,1,True,Room,Positive,
352,2,True,Room,Positive,
352,3,True,Room,Positive,
353,1,True,Room,Positive,
353,1,True,Staff,Positive,
353,1,True,Location,Negative,
353,1,True,Food,Positive,
353,1,True,Facility,Negative,
353,2,True,Room,Positive,
353,2,True,Staff,Positive,
353,2,True,Location,Negative,
353,2,True,Food,Positive,
353,2,True,Facility,Negative,
353,3,True,Room,Positive,
353,3,True,Staff,Positive,
353,3,True,Location,Negative,
353,3,True,Food,Positive,
353,3,True,Facility,Negative,
354,1,True,Staff,Positive,
354,2,True,Staff,Positive,
354,3,True,Staff,Positive,
355,1,True,Location,Positive,
355,1,True,Food,Positive,
355,2,True,Location,Positive,
355,2,True,Food,Positive,
355,3,True,Location,Positive,
355,3,True,Food,Positive,
356,1,True,Staff,Positive,
356,2,True,Staff,Positive,
356,3,True,Staff,Positive,
357,1,True,Staff,Positive,
357,2,True,Staff,Positive,
357,3,True,Staff,Positive,
358,1,True,Location,Positive,
358,2,True,Location,Positive,
358,3,True,Location,Positive,
359,1,True,Location,Positive,
359,2,True,Location,Positive,
359,3,True,Location,Positive,
360,1,True,(no sentiments found),,
360,2,True,(no sentiments found),,
360,3,True,(no sentiments found),,
361,1,True,Location,Positive,
361,2,True,Location,Positive,
361,3,True,Location,Positive,
362,1,True,Room,Positive,
362,1,True,Staff,Positive,
362,1,True,Food,Positive,
362,2,True,Room,Positive,
362,2,True,Staff,Positive,
362,2,True,Food,Positive,
362,3,True,Room,Positive,
362,3,True,Staff,Positive,
362,3,True,Food,Positive,
363,1,True,Staff,Positive,
363,2,True,Staff,Positive,
363,3,True,Staff,Positive,
364,1,True,Staff,Positive,
364,1,True,Location,Positive,
364,2,True,Staff,Positive,
364,2,True,Location,Positive,
364,3,True,Staff,Positive,
364,3,True,Location,Positive,
365,1,True,Check-in,Positive,
365,2,True,Facility,Positive,
365,2,True,Check-in,Positive,
365,3,True,Facility,Positive,
365,3,True,Check-in,Positive,
366,1,True,Food,Positive,
366,1,True,Price,Positive,
366,2,True,Food,Positive,
366,2,True,Price,Positive,
366,3,True,Food,Positive,
366,3,True,Price,Positive,
367,1,True,Room,Positive,
367,1,True,Staff,Positive,
367,1,True,Location,Positive,
367,2,True,Room,Positive,
367,2,True,Staff,Positive,
367,2,True,Location,Positive,
367,3,True,Room,Positive,
367,3,True,Staff,Positive,
367,3,True,Location,Positive,
368,1,True,Location,Positive,
368,2,True,Location,Positive,
368,3,True,Location,Positive,
369,1,True,Staff,Positive,
369,1,True,Food,Positive,
369,2,True,Staff,Positive,
369,2,True,Food,Positive,
369,3,True,Staff,Positive,
369,3,True,Food,Positive,
370,1,True,Location,Positive,
370,1,True,Facility,Positive,
370,2,True,Location,Positive,
370,2,True,Facility,Positive,
370,3,True,Location,Positive,
370,3,True,Facility,Positive,
371,1,False,(parse failed),,json_parse_error: Extra data: line 3 column 1 (char 198)
371,2,False,(parse failed),,json_parse_error: Extra data: line 3 column 1 (char 198)
371,3,False,(parse failed),,json_parse_error: Extra data: line 3 column 1 (char 198)
372,1,True,Facility,Positive,
372,2,True,Facility,Positive,
372,3,True,Facility,Positive,
373,1,True,Staff,Positive,
373,1,True,Facility,Positive,
373,2,True,Staff,Positive,
373,3,True,Staff,Positive,
374,1,True,Room,Positive,
374,1,True,Location,Positive,
374,1,True,Facility,Negative,
374,2,True,Room,Positive,
374,2,True,Location,Positive,
374,3,True,Room,Positive,
374,3,True,Location,Positive,
375,1,True,Room,Positive,
375,1,True,Staff,Positive,
375,1,True,Food,Positive,
375,1,True,Location,Positive,
375,2,True,Room,Positive,
375,2,True,Staff,Positive,
375,2,True,Food,Positive,
375,2,True,Location,Positive,
375,3,True,Room,Positive,
375,3,True,Staff,Positive,
375,3,True,Food,Positive,
375,3,True,Location,Positive,
376,1,True,Room,Positive,
376,1,True,Staff,Positive,
376,1,True,Location,Positive,
376,1,True,Food,Positive,
376,2,True,Room,Positive,
376,2,True,Staff,Positive,
376,2,True,Location,Positive,
376,2,True,Food,Positive,
376,3,True,Room,Positive,
376,3,True,Staff,Positive,
376,3,True,Location,Positive,
376,3,True,Food,Positive,
377,1,True,Room,Positive,
377,1,True,Staff,Positive,
377,1,True,Location,Positive,
377,1,True,Food,Positive,
377,2,True,Room,Positive,
377,2,True,Staff,Positive,
377,2,True,Location,Positive,
377,2,True,Food,Positive,
377,3,True,Room,Positive,
377,3,True,Staff,Positive,
377,3,True,Location,Positive,
377,3,True,Food,Positive,
378,1,True,Room,Positive,
378,1,True,Staff,Positive,
378,1,True,Food,Positive,
378,2,True,Room,Positive,
378,2,True,Staff,Positive,
378,2,True,Food,Positive,
378,3,True,Room,Positive,
378,3,True,Staff,Positive,
378,3,True,Food,Positive,
379,1,True,Room,Positive,
379,1,True,Staff,Positive,
379,2,True,Room,Positive,
379,2,True,Staff,Positive,
379,2,True,Facility,Positive,
379,3,True,Room,Positive,
379,3,True,Staff,Positive,
379,3,True,Facility,Positive,
380,1,True,Room,Positive,
380,1,True,Staff,Positive,
380,1,True,Location,Positive,
380,1,True,Food,Positive,
380,2,True,Room,Positive,
380,2,True,Staff,Positive,
380,2,True,Location,Positive,
380,2,True,Food,Positive,
380,3,True,Room,Positive,
380,3,True,Staff,Positive,
380,3,True,Location,Positive,
380,3,True,Food,Positive,
381,1,True,Staff,Positive,
381,1,True,Location,Positive,
381,1,True,Facility,Positive,
381,2,True,Staff,Positive,
381,2,True,Location,Positive,
381,2,True,Facility,Positive,
381,3,True,Staff,Positive,
381,3,True,Location,Positive,
381,3,True,Facility,Positive,
382,1,True,Room,Positive,
382,1,True,Staff,Positive,
382,1,True,Location,Positive,
382,1,True,Facility,Positive,
382,2,True,Room,Positive,
382,2,True,Staff,Positive,
382,2,True,Location,Positive,
382,2,True,Facility,Positive,
382,3,True,Room,Positive,
382,3,True,Staff,Positive,
382,3,True,Location,Positive,
382,3,True,Facility,Positive,
383,1,False,(parse failed),,json_parse_error: Extra data: line 3 column 2 (char 211)
383,2,False,(parse failed),,json_parse_error: Extra data: line 3 column 1 (char 210)
383,3,False,(parse failed),,json_parse_error: Extra data: line 3 column 1 (char 210)
384,1,True,Staff,Positive,
384,1,True,Facility,Positive,
384,2,True,Staff,Positive,
384,2,True,Facility,Positive,
384,3,True,Staff,Positive,
384,3,True,Facility,Positive,
385,1,True,Staff,Positive,
385,2,True,Staff,Positive,
385,3,True,Staff,Positive,
386,1,True,Room,Positive,
386,1,True,Staff,Positive,
386,1,True,Facility,Positive,
386,2,True,Room,Positive,
386,2,True,Staff,Positive,
386,2,True,Facility,Positive,
386,3,True,Room,Positive,
386,3,True,Staff,Positive,
386,3,True,Facility,Positive,
387,1,True,Room,Positive,
387,1,True,Staff,Positive,
387,2,True,Room,Positive,
387,2,True,Staff,Positive,
387,3,True,Room,Positive,
387,3,True,Staff,Positive,
388,1,True,Staff,Positive,
388,1,True,Location,Positive,
388,1,True,Facility,Positive,
388,2,True,Staff,Positive,
388,2,True,Location,Positive,
388,2,True,Facility,Positive,
388,3,True,Staff,Positive,
388,3,True,Location,Positive,
388,3,True,Facility,Positive,
389,1,True,Staff,Positive,
389,1,True,Location,Positive,
389,2,True,Staff,Positive,
389,2,True,Location,Positive,
389,3,True,Staff,Positive,
389,3,True,Location,Positive,
390,1,True,Staff,Positive,
390,2,True,Staff,Positive,
390,3,True,Staff,Positive,
391,1,True,Room,Positive,
391,1,True,Location,Positive,
391,2,True,Room,Positive,
391,2,True,Location,Positive,
391,3,True,Room,Positive,
391,3,True,Location,Positive,
392,1,True,Room,Positive,
392,1,True,Staff,Positive,
392,1,True,Location,Positive,
392,2,True,Room,Positive,
392,2,True,Staff,Positive,
392,2,True,Location,Positive,
392,3,True,Room,Positive,
392,3,True,Staff,Positive,
392,3,True,Location,Positive,
393,1,True,Staff,Positive,
393,1,True,Food,Positive,
393,1,True,Price,Positive,
393,1,True,Facility,Positive,
393,2,True,Staff,Positive,
393,2,True,Food,Positive,
393,2,True,Price,Positive,
393,2,True,Facility,Positive,
393,3,True,Staff,Positive,
393,3,True,Food,Positive,
393,3,True,Price,Positive,
393,3,True,Facility,Positive,
394,1,True,Room,Positive,
394,1,True,Staff,Positive,
394,1,True,Location,Positive,
394,1,True,Check-in,Positive,
394,2,True,Room,Positive,
394,2,True,Staff,Positive,
394,2,True,Location,Positive,
394,2,True,Check-in,Positive,
394,3,True,Room,Positive,
394,3,True,Staff,Positive,
394,3,True,Location,Positive,
394,3,True,Check-in,Positive,
395,1,True,(no sentiments found),,
395,2,True,Room,Positive,
395,2,True,Staff,Positive,
395,2,True,Location,Positive,
395,2,True,Food,Positive,
395,2,True,Price,Positive,
395,2,True,Facility,Positive,
395,2,True,Check-in,Positive,
395,2,True,Check-out,Positive,
395,3,True,Room,Positive,
395,3,True,Staff,Positive,
395,3,True,Location,Positive,
395,3,True,Food,Positive,
395,3,True,Price,Positive,
395,3,True,Facility,Positive,
395,3,True,Check-in,Positive,
395,3,True,Check-out,Positive,
396,1,True,Room,Positive,
396,1,True,Staff,Positive,
396,1,True,Price,Positive,
396,1,True,Facility,Negative,
396,2,True,Room,Positive,
396,2,True,Staff,Positive,
396,2,True,Price,Positive,
396,2,True,Facility,Negative,
396,3,True,Room,Positive,
396,3,True,Staff,Positive,
396,3,True,Price,Positive,
396,3,True,Facility,Negative,
397,1,True,(no sentiments found),,
397,2,True,(no sentiments found),,
397,3,True,(no sentiments found),,
398,1,True,Room,Negative,
398,1,True,Location,Positive,
398,2,True,Room,Negative,
398,2,True,Location,Positive,
398,3,True,Room,Negative,
398,3,True,Location,Positive,
399,1,True,Room,Positive,
399,1,True,Staff,Positive,
399,1,True,Check-in,Positive,
399,2,False,Room,Positive,
399,2,False,Staff,Positive,
399,2,False,Check-in,Positive,
399,3,False,Room,Positive,
399,3,False,Staff,Positive,
399,3,False,Check-in,Positive,
400,1,True,Staff,Positive,
400,2,True,Staff,Positive,
400,3,True,Staff,Positive,
401,1,True,Room,Positive,
401,1,True,Staff,Positive,
401,2,True,Room,Positive,
401,2,True,Staff,Positive,
401,3,True,Room,Positive,
401,3,True,Staff,Positive,
402,1,True,Room,Positive,
402,1,True,Staff,Positive,
402,1,True,Location,Positive,
402,2,True,Room,Positive,
402,2,True,Staff,Positive,
402,2,True,Location,Positive,
402,3,True,Room,Positive,
402,3,True,Staff,Positive,
402,3,True,Location,Positive,
403,1,True,Staff,Positive,
403,1,True,Food,Positive,
403,2,True,Staff,Positive,
403,2,True,Food,Positive,
403,3,True,Staff,Positive,
403,3,True,Food,Positive,
404,1,True,Room,Negative,
404,2,True,Room,Negative,
404,3,True,Room,Negative,
405,1,True,Room,Positive,
405,1,True,Staff,Positive,
405,1,True,Food,Positive,
405,1,True,Facility,Positive,
405,2,True,Room,Positive,
405,2,True,Staff,Positive,
405,2,True,Food,Positive,
405,2,True,Facility,Positive,
405,3,True,Room,Positive,
405,3,True,Staff,Positive,
405,3,True,Food,Positive,
405,3,True,Facility,Positive,
406,1,True,Room,Negative,
406,1,True,Staff,Positive,
406,1,True,Location,Positive,
406,1,True,Facility,Positive,
406,2,True,Room,Negative,
406,2,True,Staff,Positive,
406,2,True,Location,Positive,
406,2,True,Facility,Positive,
406,3,True,Room,Negative,
406,3,True,Staff,Positive,
406,3,True,Location,Positive,
406,3,True,Facility,Positive,
407,1,True,Room,Positive,
407,1,True,Location,Positive,
407,1,True,Food,Positive,
407,2,True,Room,Positive,
407,2,True,Location,Positive,
407,2,True,Food,Positive,
407,3,True,Room,Positive,
407,3,True,Location,Positive,
407,3,True,Food,Positive,
408,1,True,Staff,Positive,
408,2,True,Staff,Positive,
408,3,True,Staff,Positive,
409,1,True,Room,Positive,
409,1,True,Staff,Positive,
409,1,True,Food,Positive,
409,2,True,Room,Positive,
409,2,True,Staff,Positive,
409,2,True,Food,Positive,
409,3,True,Room,Positive,
409,3,True,Staff,Positive,
409,3,True,Food,Positive,
410,1,False,Room,Positive,
410,1,False,Staff,Positive,
410,1,False,Location,Positive,
410,1,False,Food,null,
410,1,False,Price,null,
410,1,False,Facility,Positive,
410,1,False,Check-in,null,
410,1,False,Check-out,null,
410,1,False,Off,null,
410,1,False,Booking-issue,null,
410,1,False,Taxi-issue,null,
410,2,False,Room,Positive,
410,2,False,Staff,Positive,
410,2,False,Location,Positive,
410,2,False,Food,null,
410,2,False,Price,null,
410,2,False,Facility,Positive,
410,2,False,Check-in,null,
410,2,False,Check-out,null,
410,2,False,Off,null,
410,2,False,Booking-issue,null,
410,2,False,Taxi-issue,null,
410,3,False,Room,Positive,
410,3,False,Staff,Positive,
410,3,False,Location,Positive,
410,3,False,Food,null,
410,3,False,Price,null,
410,3,False,Facility,Positive,
410,3,False,Check-in,null,
410,3,False,Check-out,null,
410,3,False,Off,null,
410,3,False,Booking-issue,null,
410,3,False,Taxi-issue,null,
411,1,True,(no sentiments found),,
411,2,True,(no sentiments found),,
411,3,True,(no sentiments found),,
412,1,True,(no sentiments found),,
412,2,True,(no sentiments found),,
412,3,True,(no sentiments found),,
413,1,True,Staff,Positive,
413,2,True,Staff,Positive,
413,3,True,Staff,Positive,
414,1,True,Room,Positive,
414,1,True,Staff,Positive,
414,1,True,Price,Positive,
414,2,True,Room,Positive,
414,2,True,Staff,Positive,
414,2,True,Price,Positive,
414,3,True,Room,Positive,
414,3,True,Staff,Positive,
414,3,True,Price,Positive,
415,1,True,Room,Positive,
415,1,True,Staff,Positive,
415,1,True,Location,Positive,
415,1,True,Food,Positive,
415,2,True,Room,Positive,
415,2,True,Staff,Positive,
415,2,True,Location,Positive,
415,2,True,Food,Positive,
415,3,True,Room,Positive,
415,3,True,Staff,Positive,
415,3,True,Location,Positive,
415,3,True,Food,Positive,
416,1,True,Staff,Positive,
416,1,True,Location,Positive,
416,1,True,Price,Positive,
416,2,True,Staff,Positive,
416,2,True,Location,Positive,
416,2,True,Price,Positive,
416,3,True,Staff,Positive,
416,3,True,Location,Positive,
416,3,True,Price,Positive,
417,1,True,Room,Positive,
417,1,True,Staff,Positive,
417,1,True,Facility,Negative,
417,2,True,Room,Positive,
417,2,True,Staff,Positive,
417,2,True,Facility,Negative,
417,3,True,Room,Positive,
417,3,True,Staff,Positive,
417,3,True,Facility,Negative,
418,1,True,Staff,Positive,
418,1,True,Food,Positive,
418,2,True,Staff,Positive,
418,2,True,Food,Positive,
418,3,True,Staff,Positive,
418,3,True,Food,Positive,
419,1,True,Room,Positive,
419,1,True,Staff,Positive,
419,1,True,Location,Positive,
419,2,True,Room,Positive,
419,2,True,Staff,Positive,
419,2,True,Location,Positive,
419,3,True,Room,Positive,
419,3,True,Staff,Positive,
419,3,True,Location,Positive,
420,1,True,Location,Negative,
420,2,True,Location,Negative,
420,3,True,Location,Negative,
421,1,True,Staff,Positive,
421,1,True,Location,Positive,
421,2,True,Staff,Positive,
421,2,True,Location,Positive,
421,3,True,Staff,Positive,
421,3,True,Location,Positive,
422,1,True,Room,Positive,
422,1,True,Staff,Positive,
422,1,True,Location,Positive,
422,1,True,Price,Positive,
422,1,True,Facility,Positive,
422,2,True,Room,Positive,
422,2,True,Staff,Positive,
422,2,True,Location,Positive,
422,2,True,Price,Positive,
422,2,True,Facility,Positive,
422,3,True,Room,Positive,
422,3,True,Staff,Positive,
422,3,True,Location,Positive,
422,3,True,Price,Positive,
422,3,True,Facility,Positive,
423,1,False,Room,Positive,
423,1,False,Staff,Positive,
423,1,False,Location,Positive,
423,1,False,Food,null,
423,1,False,Price,Positive,
423,1,False,Facility,null,
423,1,False,Check-in,null,
423,1,False,Check-out,null,
423,1,False,Off,null,
423,1,False,Booking-issue,null,
423,1,False,Taxi-issue,null,
423,2,False,Room,Positive,
423,2,False,Staff,Positive,
423,2,False,Location,Positive,
423,2,False,Food,null,
423,2,False,Price,Positive,
423,2,False,Facility,null,
423,2,False,Check-in,null,
423,2,False,Check-out,null,
423,2,False,Off,null,
423,2,False,Booking-issue,null,
423,2,False,Taxi-issue,null,
423,3,False,Room,Positive,
423,3,False,Staff,Positive,
423,3,False,Location,Positive,
423,3,False,Food,null,
423,3,False,Price,Positive,
423,3,False,Facility,null,
423,3,False,Check-in,null,
423,3,False,Check-out,null,
423,3,False,Off,null,
423,3,False,Booking-issue,null,
423,3,False,Taxi-issue,null,
424,1,True,Room,Positive,
424,1,True,Staff,Positive,
424,1,True,Location,Positive,
424,1,True,Food,Positive,
424,2,True,Room,Positive,
424,2,True,Staff,Positive,
424,2,True,Food,Positive,
424,2,True,Location,Positive,
424,3,True,Room,Positive,
424,3,True,Staff,Positive,
424,3,True,Food,Positive,
424,3,True,Location,Positive,
425,1,True,Room,Positive,
425,1,True,Food,Negative,
425,1,True,Facility,Negative,
425,2,True,Room,Positive,
425,2,True,Food,Negative,
425,2,True,Facility,Negative,
425,3,True,Room,Positive,
425,3,True,Food,Negative,
425,3,True,Facility,Negative,
426,1,False,(parse failed),,json_parse_error: Extra data: line 3 column 1 (char 186)
426,2,False,(parse failed),,json_parse_error: Extra data: line 3 column 1 (char 204)
426,3,False,(parse failed),,json_parse_error: Extra data: line 3 column 1 (char 204)
427,1,True,Staff,Positive,
427,1,True,Location,Negative,
427,2,True,Staff,Positive,
427,2,True,Location,Negative,
427,3,True,Staff,Positive,
427,3,True,Location,Negative,
428,1,False,(parse failed),,json_parse_error: Extra data: line 2 column 2 (char 226)
428,2,False,(parse failed),,json_parse_error: Extra data: line 2 column 2 (char 226)
428,3,False,(parse failed),,json_parse_error: Extra data: line 2 column 2 (char 226)
429,1,False,(parse failed),,json_parse_error: Extra data: line 3 column 2 (char 219)
429,2,False,(parse failed),,json_parse_error: Extra data: line 3 column 2 (char 219)
429,3,False,(parse failed),,json_parse_error: Extra data: line 3 column 2 (char 219)
430,1,True,(no sentiments found),,
430,2,True,(no sentiments found),,
430,3,True,(no sentiments found),,
431,1,True,Room,Positive,
431,1,True,Location,Positive,
431,1,True,Food,Positive,
431,2,True,Room,Positive,
431,2,True,Location,Positive,
431,2,True,Food,Positive,
431,3,True,Room,Positive,
431,3,True,Location,Positive,
431,3,True,Food,Positive,
432,1,True,Location,Positive,
432,2,True,Location,Positive,
432,3,True,Location,Positive,
433,1,True,Room,Positive,
433,1,True,Staff,Positive,
433,1,True,Facility,Negative,
433,2,True,Room,Positive,
433,2,True,Staff,Positive,
433,2,True,Facility,Negative,
433,3,True,Room,Positive,
433,3,True,Staff,Positive,
433,3,True,Facility,Negative,
434,1,False,(parse failed),,json_parse_error: Extra data: line 2 column 2 (char 212)
434,2,False,(parse failed),,json_parse_error: Extra data: line 2 column 2 (char 212)
434,3,False,(parse failed),,json_parse_error: Extra data: line 2 column 2 (char 212)
435,1,True,Location,Positive,
435,1,True,Price,Negative,
435,2,True,Location,Positive,
435,2,True,Price,Negative,
435,3,True,Location,Positive,
435,3,True,Price,Negative,
436,1,True,Room,Negative,
436,1,True,Staff,Positive,
436,1,True,Location,Positive,
436,1,True,Price,Negative,
436,1,True,Facility,Negative,
436,2,True,Room,Negative,
436,2,True,Staff,Positive,
436,2,True,Location,Positive,
436,2,True,Price,Negative,
436,2,True,Facility,Negative,
436,3,True,Room,Negative,
436,3,True,Staff,Positive,
436,3,True,Location,Positive,
436,3,True,Price,Negative,
436,3,True,Facility,Negative,
437,1,True,Room,Positive,
437,1,True,Food,Negative,
437,1,True,Price,Negative,
437,2,True,Room,Positive,
437,2,True,Food,Negative,
437,2,True,Price,Negative,
437,3,True,Room,Positive,
437,3,True,Food,Negative,
437,3,True,Price,Negative,
438,1,True,Room,Positive,
438,1,True,Staff,Positive,
438,1,True,Location,Positive,
438,1,True,Facility,Negative,
438,2,True,Room,Positive,
438,2,True,Staff,Positive,
438,2,True,Location,Positive,
438,2,True,Facility,Negative,
438,3,True,Room,Positive,
438,3,True,Staff,Positive,
438,3,True,Location,Positive,
438,3,True,Facility,Negative,
439,1,True,Room,Negative,
439,1,True,Location,Positive,
439,1,True,Food,Negative,
439,2,True,Room,Negative,
439,2,True,Location,Positive,
439,2,True,Food,Negative,
439,3,True,Room,Negative,
439,3,True,Location,Positive,
439,3,True,Food,Negative,
440,1,True,Room,Positive,
440,1,True,Staff,Positive,
440,2,True,Room,Positive,
440,2,True,Staff,Positive,
440,3,True,Room,Positive,
440,3,True,Staff,Positive,
441,1,True,Room,Positive,
441,1,True,Location,Negative,
441,2,True,Room,Positive,
441,2,True,Location,Negative,
441,3,True,Room,Positive,
441,3,True,Location,Negative,
442,1,True,Room,Negative,
442,1,True,Food,Positive,
442,2,True,Room,Negative,
442,2,True,Food,Positive,
442,3,True,Room,Negative,
442,3,True,Food,Positive,
443,1,False,(parse failed),,json_parse_error: Extra data: line 3 column 1 (char 186)
443,2,False,(parse failed),,json_parse_error: Extra data: line 3 column 1 (char 186)
443,3,False,(parse failed),,json_parse_error: Extra data: line 3 column 1 (char 186)
444,1,True,Staff,Negative,
444,1,True,Off,Negative,
444,2,True,Staff,Negative,
444,3,True,Staff,Negative,
445,1,True,Location,Positive,
445,1,True,Food,Negative,
445,2,True,Location,Positive,
445,2,True,Food,Negative,
445,3,True,Location,Positive,
445,3,True,Food,Negative,
446,1,True,Location,Positive,
446,1,True,Food,Negative,
446,2,True,Location,Positive,
446,2,True,Food,Negative,
446,3,True,Location,Positive,
446,3,True,Food,Negative,
447,1,False,(parse failed),,json_parse_error: Extra data: line 3 column 1 (char 199)
447,2,False,(parse failed),,json_parse_error: Extra data: line 3 column 1 (char 199)
447,3,False,(parse failed),,json_parse_error: Extra data: line 3 column 1 (char 199)
448,1,True,Room,Positive,
448,1,True,Staff,Positive,
448,1,True,Location,Positive,
448,1,True,Facility,Negative,
448,2,False,(parse failed),,json_parse_error: Expecting value: line 1 column 1 (char 0)
448,3,False,(parse failed),,json_parse_error: Expecting value: line 1 column 1 (char 0)
449,1,False,Taxi-issue,Negative,
449,2,False,Taxi-issue,Negative,
449,3,False,Taxi-issue,Negative,
450,1,True,Room,Positive,
450,1,True,Staff,Positive,
450,2,True,Room,Positive,
450,2,True,Staff,Positive,
450,3,True,Room,Positive,
450,3,True,Staff,Positive,
451,1,True,Room,Negative,
451,1,True,Location,Positive,
451,1,True,Facility,Positive,
451,2,True,Room,Negative,
451,2,True,Location,Positive,
451,2,True,Facility,Positive,
451,3,True,Room,Negative,
451,3,True,Location,Positive,
451,3,True,Facility,Positive,
452,1,False,Staff,Positive,
452,1,False,Check-in,Positive,
452,2,False,(parse failed),,json_parse_error: Extra data: line 3 column 2 (char 205)
452,3,False,(parse failed),,json_parse_error: Extra data: line 3 column 2 (char 205)
453,1,True,Room,Negative,
453,1,True,Staff,Negative,
453,1,True,Location,Positive,
453,1,True,Facility,Negative,
453,1,True,Check-in,Negative,
453,2,True,Room,Negative,
453,2,True,Staff,Negative,
453,2,True,Location,Positive,
453,2,True,Facility,Negative,
453,2,True,Check-in,Negative,
453,3,True,Room,Negative,
453,3,True,Staff,Negative,
453,3,True,Location,Positive,
453,3,True,Facility,Negative,
453,3,True,Check-in,Negative,
454,1,False,(parse failed),,json_parse_error: Extra data: line 2 column 2 (char 191)
454,2,False,(parse failed),,json_parse_error: Extra data: line 2 column 2 (char 191)
454,3,False,(parse failed),,json_parse_error: Extra data: line 2 column 2 (char 191)
455,1,False,(parse failed),,json_parse_error: Expecting value: line 1 column 1 (char 0)
455,2,False,(parse failed),,json_parse_error: Expecting value: line 1 column 1 (char 0)
455,3,False,(parse failed),,json_parse_error: Expecting value: line 1 column 1 (char 0)
456,1,False,Staff,Positive,
456,1,False,Location,Positive,
456,1,False,Food,Positive,
456,1,False,Price,Negative,
456,1,False,Facility,Negative,
456,1,False,Booking-issue,Negative,
456,2,False,Staff,Positive,
456,2,False,Location,Positive,
456,2,False,Food,Positive,
456,2,False,Price,Negative,
456,2,False,Facility,Negative,
456,2,False,Booking-issue,Negative,
456,3,False,Staff,Positive,
456,3,False,Location,Positive,
456,3,False,Food,Positive,
456,3,False,Price,Negative,
456,3,False,Facility,Negative,
456,3,False,Booking-issue,Negative,
457,1,True,Room,Negative,
457,1,True,Location,Positive,
457,2,True,Room,Negative,
457,2,True,Location,Positive,
457,3,True,Room,Negative,
457,3,True,Location,Positive,
458,1,True,Food,Negative,
458,1,True,Facility,Negative,
458,2,True,Food,Negative,
458,2,True,Facility,Negative,
458,3,True,Food,Negative,
458,3,True,Facility,Negative,
459,1,True,Room,Positive,
459,2,True,Room,Positive,
459,3,True,Room,Positive,
460,1,True,Room,Positive,
460,1,True,Staff,Positive,
460,1,True,Location,Positive,
460,1,True,Price,Negative,
460,1,True,Facility,Negative,
460,2,True,Room,Positive,
460,2,True,Staff,Positive,
460,2,True,Location,Positive,
460,2,True,Price,Negative,
460,2,True,Facility,Negative,
460,3,True,Room,Positive,
460,3,True,Staff,Positive,
460,3,True,Location,Positive,
460,3,True,Price,Negative,
460,3,True,Facility,Negative,
461,1,False,(parse failed),,json_parse_error: Extra data: line 3 column 1 (char 213)
461,2,False,(parse failed),,json_parse_error: Extra data: line 3 column 1 (char 213)
461,3,False,(parse failed),,json_parse_error: Extra data: line 3 column 1 (char 213)
462,1,True,Location,Positive,
462,2,True,Location,Positive,
462,3,True,Location,Positive,
463,1,True,(no sentiments found),,
463,2,True,(no sentiments found),,
463,3,True,(no sentiments found),,
464,1,True,Room,Positive,
464,2,True,Room,Positive,
464,3,True,Room,Positive,
465,1,True,Room,Positive,
465,1,True,Location,Positive,
465,2,True,Room,Positive,
465,2,True,Location,Positive,
465,3,True,Room,Positive,
465,3,True,Location,Positive,
466,1,True,Location,Positive,
466,2,True,Location,Positive,
466,3,True,Location,Positive,
467,1,True,Staff,Positive,
467,2,True,Staff,Positive,
467,3,True,Staff,Positive,
468,1,True,Room,Positive,
468,1,True,Staff,Positive,
468,1,True,Facility,Negative,
468,2,True,Room,Positive,
468,2,True,Staff,Positive,
468,2,True,Facility,Negative,
468,3,True,Room,Positive,
468,3,True,Staff,Positive,
468,3,True,Facility,Negative,
469,1,True,Room,Positive,
469,1,True,Staff,Positive,
469,2,True,Room,Positive,
469,2,True,Staff,Positive,
469,3,True,Room,Positive,
469,3,True,Staff,Positive,
470,1,True,Room,Positive,
470,1,True,Staff,Positive,
470,2,True,Room,Positive,
470,2,True,Staff,Positive,
470,3,True,Room,Positive,
470,3,True,Staff,Positive,
471,1,True,Room,Positive,
471,1,True,Staff,Positive,
471,1,True,Location,Positive,
471,1,True,Price,Positive,
471,2,True,Room,Positive,
471,2,True,Staff,Positive,
471,2,True,Location,Positive,
471,2,True,Price,Positive,
471,3,True,Room,Positive,
471,3,True,Staff,Positive,
471,3,True,Location,Positive,
471,3,True,Price,Positive,
472,1,True,Staff,Positive,
472,1,True,Food,Positive,
472,1,True,Facility,Positive,
472,2,True,Staff,Positive,
472,2,True,Food,Positive,
472,2,True,Facility,Positive,
472,3,True,Staff,Positive,
472,3,True,Food,Positive,
472,3,True,Facility,Positive,
473,1,True,Room,Positive,
473,1,True,Staff,Positive,
473,2,True,Room,Positive,
473,2,True,Staff,Positive,
473,3,True,Room,Positive,
473,3,True,Staff,Positive,
474,1,True,Food,Negative,
474,1,True,Price,Negative,
474,1,True,Facility,Negative,
474,2,True,Food,Negative,
474,2,True,Price,Negative,
474,2,True,Facility,Negative,
474,3,True,Food,Negative,
474,3,True,Price,Negative,
474,3,True,Facility,Negative,
475,1,True,Room,Negative,
475,2,True,Room,Negative,
475,3,True,Room,Negative,
476,1,True,Room,Positive,
476,1,True,Staff,Positive,
476,1,True,Location,Positive,
476,2,True,Room,Positive,
476,2,True,Staff,Positive,
476,2,True,Location,Positive,
476,3,True,Room,Positive,
476,3,True,Staff,Positive,
476,3,True,Location,Positive,
477,1,True,Staff,Positive,
477,1,True,Food,Positive,
477,2,True,Staff,Positive,
477,2,True,Food,Positive,
477,3,True,Staff,Positive,
477,3,True,Food,Positive,
478,1,True,Room,Positive,
478,1,True,Staff,Positive,
478,1,True,Location,Positive,
478,2,True,Room,Positive,
478,2,True,Staff,Positive,
478,2,True,Location,Positive,
478,3,True,Room,Positive,
478,3,True,Staff,Positive,
478,3,True,Location,Positive,
479,1,True,Staff,Positive,
479,1,True,Location,Positive,
479,1,True,Food,Positive,
479,2,True,Staff,Positive,
479,2,True,Location,Positive,
479,2,True,Food,Positive,
479,3,True,Staff,Positive,
479,3,True,Location,Positive,
479,3,True,Food,Positive,
480,1,True,Staff,Positive,
480,2,True,Staff,Positive,
480,3,True,Staff,Positive,
481,1,True,Staff,Positive,
481,2,True,Staff,Positive,
481,3,True,Staff,Positive,
482,1,True,Room,Negative,
482,1,True,Staff,Positive,
482,2,True,Room,Negative,
482,2,True,Staff,Positive,
482,3,True,Room,Negative,
482,3,True,Staff,Positive,
483,1,True,Staff,Positive,
483,1,True,Location,Positive,
483,2,True,Staff,Positive,
483,2,True,Location,Positive,
483,3,True,Staff,Positive,
483,3,True,Location,Positive,
484,1,True,Room,Positive,
484,1,True,Location,Positive,
484,1,True,Staff,Positive,
484,1,True,Food,Positive,
484,2,True,Room,Positive,
484,2,True,Location,Positive,
484,2,True,Staff,Positive,
484,2,True,Food,Positive,
484,3,True,Room,Positive,
484,3,True,Location,Positive,
484,3,True,Staff,Positive,
484,3,True,Food,Positive,
485,1,True,Staff,Positive,
485,2,True,Staff,Positive,
485,3,True,Staff,Positive,
486,1,True,Room,Positive,
486,2,True,Room,Positive,
486,3,True,Room,Positive,
487,1,True,(no sentiments found),,
487,2,True,(no sentiments found),,
487,3,True,(no sentiments found),,
488,1,True,(no sentiments found),,
488,2,True,(no sentiments found),,
488,3,True,(no sentiments found),,
489,1,True,Room,Positive,
489,1,True,Staff,Positive,
489,1,True,Location,Positive,
489,2,True,Room,Positive,
489,2,True,Staff,Positive,
489,2,True,Location,Positive,
489,3,True,Room,Positive,
489,3,True,Staff,Positive,
489,3,True,Location,Positive,
490,1,True,Location,Positive,
490,1,True,Food,Positive,
490,2,True,Location,Positive,
490,2,True,Food,Positive,
490,3,True,Location,Positive,
490,3,True,Food,Positive,
491,1,True,Room,Positive,
491,1,True,Staff,Positive,
491,1,True,Location,Positive,
491,2,True,Room,Positive,
491,2,True,Staff,Positive,
491,2,True,Location,Positive,
491,3,True,Room,Positive,
491,3,True,Staff,Positive,
491,3,True,Location,Positive,
492,1,False,(parse failed),,json_parse_error: Extra data: line 3 column 2 (char 187)
492,2,False,(parse failed),,json_parse_error: Extra data: line 3 column 2 (char 187)
492,3,False,(parse failed),,json_parse_error: Extra data: line 3 column 2 (char 187)
493,1,True,Room,Positive,
493,1,True,Staff,Positive,
493,2,True,Room,Positive,
493,2,True,Staff,Positive,
493,3,True,Room,Positive,
493,3,True,Staff,Positive,
494,1,True,Staff,Positive,
494,1,True,Location,Positive,
494,2,True,Staff,Positive,
494,2,True,Location,Positive,
494,3,True,Staff,Positive,
494,3,True,Location,Positive,
495,1,True,Location,Positive,
495,2,True,Location,Positive,
495,3,True,Location,Positive,
496,1,True,Staff,Positive,
496,1,True,Location,Positive,
496,1,True,Food,Positive,
496,2,True,Staff,Positive,
496,2,True,Location,Positive,
496,2,True,Food,Positive,
496,3,True,Staff,Positive,
496,3,True,Location,Positive,
496,3,True,Food,Positive,
497,1,True,Room,Positive,
497,1,True,Staff,Positive,
497,1,True,Location,Positive,
497,1,True,Food,Positive,
497,2,True,Room,Positive,
497,2,True,Staff,Positive,
497,2,True,Location,Positive,
497,2,True,Food,Positive,
497,3,True,Room,Positive,
497,3,True,Staff,Positive,
497,3,True,Location,Positive,
497,3,True,Food,Positive,
498,1,False,(parse failed),,json_parse_error: Extra data: line 3 column 1 (char 200)
498,2,False,(parse failed),,json_parse_error: Extra data: line 3 column 1 (char 200)
498,3,False,(parse failed),,json_parse_error: Extra data: line 3 column 1 (char 200)
499,1,True,Room,Positive,
499,1,True,Staff,Positive,
499,1,True,Location,Positive,
499,2,True,Room,Positive,
499,2,True,Staff,Positive,
499,2,True,Location,Positive,
499,3,True,Room,Positive,
499,3,True,Staff,Positive,
499,3,True,Location,Positive,
500,1,True,Location,Positive,
500,2,True,Location,Positive,
500,3,True,Location,Positive,
501,1,True,Room,Positive,
501,1,True,Location,Positive,
501,1,True,Food,Positive,
501,2,True,Room,Positive,
501,2,True,Location,Positive,
501,2,True,Food,Positive,
501,3,True,Room,Positive,
501,3,True,Location,Positive,
501,3,True,Food,Positive,
502,1,True,Staff,Positive,
502,1,True,Facility,Positive,
502,2,True,Staff,Positive,
502,2,True,Facility,Positive,
502,3,True,Staff,Positive,
502,3,True,Facility,Positive,
503,1,True,Room,Positive,
503,1,True,Staff,Positive,
503,1,True,Location,Negative,
503,2,True,Room,Positive,
503,2,True,Staff,Positive,
503,2,True,Location,Negative,
503,3,True,Room,Positive,
503,3,True,Staff,Positive,
503,3,True,Location,Negative,
504,1,True,(no sentiments found),,
504,2,True,(no sentiments found),,
504,3,True,(no sentiments found),,
505,1,False,Room,Positive,
505,1,False,Staff,Positive,
505,1,False,Food,Positive,
505,1,False,Location,Positive,
505,1,False,Price,Positive,
505,1,False,Facility,null,
505,1,False,Check-in,null,
505,1,False,Check-out,null,
505,1,False,Off,null,
505,1,False,Booking-issue,null,
505,1,False,Taxi-issue,null,
505,2,False,Room,Positive,
505,2,False,Staff,Positive,
505,2,False,Food,Positive,
505,2,False,Location,Positive,
505,2,False,Price,Positive,
505,2,False,Facility,null,
505,2,False,Check-in,null,
505,2,False,Check-out,null,
505,2,False,Off,null,
505,2,False,Booking-issue,null,
505,2,False,Taxi-issue,null,
505,3,False,Room,Positive,
505,3,False,Staff,Positive,
505,3,False,Food,Positive,
505,3,False,Location,Positive,
505,3,False,Price,Positive,
505,3,False,Facility,null,
505,3,False,Check-in,null,
505,3,False,Check-out,null,
505,3,False,Off,null,
505,3,False,Booking-issue,null,
505,3,False,Taxi-issue,null,
506,1,True,Location,Positive,
506,2,True,Location,Positive,
506,3,True,Location,Positive,
507,1,True,Room,Positive,
507,1,True,Staff,Positive,
507,1,True,Facility,Positive,
507,2,True,Room,Positive,
507,2,True,Staff,Positive,
507,2,True,Facility,Positive,
507,3,True,Room,Positive,
507,3,True,Staff,Positive,
507,3,True,Facility,Positive,
508,1,True,(no sentiments found),,
508,2,True,(no sentiments found),,
508,3,True,(no sentiments found),,
509,1,True,Staff,Positive,
509,1,True,Facility,Positive,
509,2,True,Staff,Positive,
509,2,True,Facility,Positive,
509,3,True,Staff,Positive,
509,3,True,Facility,Positive,
510,1,True,Room,Negative,
510,1,True,Location,Positive,
510,1,True,Price,Positive,
510,1,True,Facility,Negative,
510,2,True,Room,Negative,
510,2,True,Location,Positive,
510,2,True,Price,Positive,
510,2,True,Facility,Negative,
510,3,True,Room,Negative,
510,3,True,Location,Positive,
510,3,True,Price,Positive,
510,3,True,Facility,Negative,
511,1,False,(parse failed),,json_parse_error: Extra data: line 2 column 2 (char 203)
511,2,False,(parse failed),,json_parse_error: Extra data: line 2 column 2 (char 203)
511,3,False,(parse failed),,json_parse_error: Extra data: line 2 column 2 (char 203)
512,1,True,Staff,Positive,
512,2,True,Staff,Positive,
512,3,True,Staff,Positive,
513,1,True,Room,Negative,
513,1,True,Location,Positive,
513,2,True,Room,Negative,
513,2,True,Location,Positive,
513,3,True,Room,Negative,
513,3,True,Location,Positive,
514,1,True,(no sentiments found),,
514,2,True,(no sentiments found),,
514,3,True,(no sentiments found),,
515,1,True,Staff,Positive,
515,1,True,Location,Positive,
515,1,True,Facility,Positive,
515,1,True,Check-in,Positive,
515,2,True,Staff,Positive,
515,2,True,Location,Positive,
515,2,True,Facility,Positive,
515,2,True,Check-in,Positive,
515,3,True,Staff,Positive,
515,3,True,Location,Positive,
515,3,True,Facility,Positive,
515,3,True,Check-in,Positive,
516,1,True,Staff,Positive,
516,2,True,Staff,Positive,
516,3,True,Staff,Positive,
517,1,True,Staff,Positive,
517,1,True,Facility,Positive,
517,2,True,Staff,Positive,
517,2,True,Facility,Positive,
517,3,True,Staff,Positive,
517,3,True,Facility,Positive,
518,1,True,(no sentiments found),,
518,2,True,(no sentiments found),,
518,3,True,(no sentiments found),,
519,1,True,Staff,Positive,
519,1,True,Location,Positive,
519,1,True,Food,Positive,
519,2,True,Staff,Positive,
519,2,True,Location,Positive,
519,2,True,Food,Positive,
519,3,True,Staff,Positive,
519,3,True,Location,Positive,
519,3,True,Food,Positive,
521,1,True,Room,Positive,
521,1,True,Staff,Positive,
521,1,True,Facility,Negative,
521,2,True,Room,Positive,
521,2,True,Staff,Positive,
521,2,True,Facility,Negative,
521,3,True,Room,Positive,
521,3,True,Staff,Positive,
521,3,True,Facility,Negative,
522,1,True,Staff,Positive,
522,2,True,Staff,Positive,
522,3,True,Staff,Positive,
523,1,True,Staff,Positive,
523,2,True,Staff,Positive,
523,3,True,Staff,Positive,
524,1,True,Staff,Positive,
524,1,True,Location,Positive,
524,1,True,Food,Positive,
524,1,True,Price,Positive,
524,2,True,Staff,Positive,
524,2,True,Location,Positive,
524,2,True,Food,Positive,
524,2,True,Price,Positive,
524,3,True,Staff,Positive,
524,3,True,Location,Positive,
524,3,True,Food,Positive,
524,3,True,Price,Positive,
525,1,True,(no sentiments found),,
525,2,True,(no sentiments found),,
525,3,True,(no sentiments found),,
526,1,True,(no sentiments found),,
526,2,True,(no sentiments found),,
526,3,True,(no sentiments found),,
527,1,True,Staff,Positive,
527,1,True,Location,Positive,
527,1,True,Price,Positive,
527,2,True,Staff,Positive,
527,2,True,Location,Positive,
527,2,True,Price,Positive,
527,3,True,Staff,Positive,
527,3,True,Location,Positive,
527,3,True,Price,Positive,
528,1,True,Location,Positive,
528,1,True,Facility,Positive,
528,2,True,Location,Positive,
528,2,True,Facility,Positive,
528,3,True,Location,Positive,
528,3,True,Facility,Positive,
529,1,True,Staff,Positive,
529,2,True,Staff,Positive,
529,3,True,Staff,Positive,
530,1,True,Staff,Positive,
530,1,True,Location,Positive,
530,1,True,Facility,Positive,
530,2,True,Staff,Positive,
530,2,True,Location,Positive,
530,2,True,Facility,Positive,
530,3,True,Staff,Positive,
530,3,True,Location,Positive,
530,3,True,Facility,Positive,
531,1,True,Room,Positive,
531,1,True,Staff,Positive,
531,1,True,Location,Positive,
531,2,True,Room,Positive,
531,2,True,Staff,Positive,
531,2,True,Location,Positive,
531,3,True,Room,Positive,
531,3,True,Staff,Positive,
531,3,True,Location,Positive,
532,1,True,Room,Positive,
532,1,True,Location,Positive,
532,1,True,Facility,Positive,
532,2,True,Room,Positive,
532,2,True,Location,Positive,
532,2,True,Facility,Positive,
532,3,True,Room,Positive,
532,3,True,Location,Positive,
532,3,True,Facility,Positive,
533,1,True,Staff,Positive,
533,1,True,Food,Positive,
533,2,True,Staff,Positive,
533,2,True,Food,Positive,
533,3,True,Staff,Positive,
533,3,True,Food,Positive,
534,1,True,Food,Positive,
534,2,True,Food,Positive,
534,3,True,Food,Positive,
535,1,True,Staff,Positive,
535,1,True,Location,Positive,
535,2,True,Staff,Positive,
535,2,True,Location,Positive,
535,3,True,Staff,Positive,
535,3,True,Location,Positive,
536,1,True,Staff,Positive,
536,1,True,Location,Positive,
536,1,True,Food,Positive,
536,2,True,Staff,Positive,
536,2,True,Location,Positive,
536,2,True,Food,Positive,
536,3,True,Staff,Positive,
536,3,True,Location,Positive,
536,3,True,Food,Positive,
537,1,False,(parse failed),,json_parse_error: Extra data: line 2 column 1 (char 205)
537,2,False,(parse failed),,json_parse_error: Extra data: line 2 column 1 (char 205)
537,3,False,(parse failed),,json_parse_error: Extra data: line 2 column 1 (char 205)
538,1,True,Room,Positive,
538,1,True,Location,Positive,
538,1,True,Check-in,Positive,
538,2,True,Room,Positive,
538,2,True,Location,Positive,
538,2,True,Check-in,Positive,
538,3,True,Room,Positive,
538,3,True,Location,Positive,
538,3,True,Check-in,Positive,
539,1,True,Staff,Positive,
539,2,True,Staff,Positive,
539,3,True,Staff,Positive,
540,1,True,Room,Positive,
540,1,True,Staff,Positive,
540,1,True,Location,Positive,
540,2,True,Room,Positive,
540,2,True,Staff,Positive,
540,2,True,Location,Positive,
540,3,True,Room,Positive,
540,3,True,Staff,Positive,
540,3,True,Location,Positive,
541,1,True,Staff,Positive,
541,1,True,Location,Positive,
541,1,True,Facility,Positive,
541,2,True,Staff,Positive,
541,2,True,Location,Positive,
541,2,True,Facility,Positive,
541,3,True,Staff,Positive,
541,3,True,Location,Positive,
541,3,True,Facility,Positive,
542,1,True,Location,Positive,
542,1,True,Check-in,Positive,
542,1,True,Check-out,Positive,
542,2,True,Location,Positive,
542,2,True,Check-in,Positive,
542,2,True,Check-out,Positive,
542,3,True,Location,Positive,
542,3,True,Check-in,Positive,
542,3,True,Check-out,Positive,
543,1,False,(parse failed),,json_parse_error: Extra data: line 2 column 2 (char 201)
543,2,False,(parse failed),,json_parse_error: Extra data: line 2 column 2 (char 201)
543,3,False,(parse failed),,json_parse_error: Extra data: line 2 column 2 (char 201)
544,1,True,Staff,Positive,
544,2,True,Staff,Positive,
544,3,True,Staff,Positive,
545,1,True,Food,Positive,
545,2,True,Food,Positive,
545,3,True,Food,Positive,
546,1,False,Location,Positive,
546,1,False,Check-in,Positive,
546,2,False,Location,Positive,
546,2,False,Check-in,Positive,
546,3,False,Location,Positive,
546,3,False,Check-in,Positive,
547,1,True,Room,Positive,
547,1,True,Location,Positive,
547,2,True,Room,Positive,
547,2,True,Location,Positive,
547,3,True,Room,Positive,
547,3,True,Location,Positive,
548,1,True,Food,Positive,
548,1,True,Price,Negative,
548,2,True,Food,Positive,
548,2,True,Price,Negative,
548,3,True,Food,Positive,
548,3,True,Price,Negative,
549,1,True,Staff,Positive,
549,1,True,Location,Positive,
549,2,True,Staff,Positive,
549,2,True,Location,Positive,
549,3,True,Staff,Positive,
549,3,True,Location,Positive,
550,1,True,Room,Positive,
550,1,True,Staff,Positive,
550,2,True,Room,Positive,
550,2,True,Staff,Positive,
550,3,True,Room,Positive,
550,3,True,Staff,Positive,
551,1,True,Staff,Positive,
551,1,True,Location,Positive,
551,2,True,Staff,Positive,
551,2,True,Location,Positive,
551,3,True,Staff,Positive,
551,3,True,Location,Positive,
552,1,True,Room,Positive,
552,2,True,Room,Positive,
552,3,True,Room,Positive,
553,1,True,Room,Positive,
553,1,True,Staff,Positive,
553,2,True,Room,Positive,
553,2,True,Staff,Positive,
553,3,True,Room,Positive,
553,3,True,Staff,Positive,
554,1,True,Staff,Positive,
554,1,True,Location,Positive,
554,2,True,Staff,Positive,
554,2,True,Location,Positive,
554,3,True,Staff,Positive,
554,3,True,Location,Positive,
555,1,True,Room,Positive,
555,1,True,Staff,Positive,
555,1,True,Location,Positive,
555,1,True,Facility,Negative,
555,2,True,Room,Positive,
555,2,True,Staff,Positive,
555,2,True,Location,Positive,
555,2,True,Facility,Negative,
555,3,True,Room,Positive,
555,3,True,Staff,Positive,
555,3,True,Location,Positive,
555,3,True,Facility,Negative,
556,1,True,Room,Positive,
556,1,True,Location,Positive,
556,1,True,Price,Positive,
556,1,True,Facility,Negative,
556,2,True,Room,Positive,
556,2,True,Location,Positive,
556,2,True,Price,Positive,
556,2,True,Facility,Negative,
556,3,True,Room,Positive,
556,3,True,Location,Positive,
556,3,True,Price,Positive,
556,3,True,Facility,Negative,
557,1,True,Staff,Positive,
557,1,True,Food,Negative,
557,1,True,Price,Negative,
557,2,True,Staff,Positive,
557,2,True,Food,Negative,
557,2,True,Price,Negative,
557,3,True,Staff,Positive,
557,3,True,Food,Negative,
557,3,True,Price,Negative,
558,1,True,(no sentiments found),,
558,2,True,(no sentiments found),,
558,3,True,(no sentiments found),,
559,1,True,(no sentiments found),,
559,2,True,(no sentiments found),,
559,3,True,(no sentiments found),,
560,1,True,Staff,Negative,
560,1,True,Location,Positive,
560,1,True,Facility,Negative,
560,2,True,Staff,Negative,
560,2,True,Location,Positive,
560,2,True,Facility,Negative,
560,3,True,Staff,Negative,
560,3,True,Location,Positive,
560,3,True,Facility,Negative,
561,1,True,Staff,Positive,
561,2,True,Staff,Positive,
561,3,True,Staff,Positive,
562,1,True,Room,Positive,
562,1,True,Location,Positive,
562,2,True,Room,Positive,
562,2,True,Location,Positive,
562,2,True,Facility,Negative,
562,3,True,Room,Positive,
562,3,True,Location,Positive,
562,3,True,Facility,Negative,
564,1,True,Room,Positive,
564,1,True,Staff,Positive,
564,1,True,Check-in,Positive,
564,2,True,Room,Positive,
564,2,True,Staff,Positive,
564,2,True,Check-in,Positive,
564,3,True,Room,Positive,
564,3,True,Staff,Positive,
564,3,True,Check-in,Positive,
565,1,True,Room,Positive,
565,1,True,Staff,Positive,
565,1,True,Location,Positive,
565,1,True,Food,Positive,
565,2,True,Room,Positive,
565,2,True,Staff,Positive,
565,2,True,Location,Positive,
565,2,True,Food,Positive,
565,3,True,Room,Positive,
565,3,True,Staff,Positive,
565,3,True,Location,Positive,
565,3,True,Food,Positive,
566,1,True,Staff,Positive,
566,1,True,Location,Positive,
566,2,True,Staff,Positive,
566,2,True,Location,Positive,
566,3,True,Staff,Positive,
566,3,True,Location,Positive,
567,1,True,Staff,Positive,
567,2,True,Staff,Positive,
567,3,True,Staff,Positive,
568,1,True,Taxi-issue,Negative,
568,2,True,Taxi-issue,Negative,
568,3,True,Taxi-issue,Negative,
569,1,True,Room,Positive,
569,1,True,Staff,Positive,
569,1,True,Location,Positive,
569,1,True,Facility,Positive,
569,2,True,Room,Positive,
569,2,True,Staff,Positive,
569,2,True,Location,Positive,
569,2,True,Facility,Positive,
569,3,True,Room,Positive,
569,3,True,Staff,Positive,
569,3,True,Location,Positive,
569,3,True,Facility,Positive,
570,1,True,Staff,Positive,
570,2,True,Staff,Positive,
570,3,True,Staff,Positive,
571,1,True,Location,Positive,
571,1,True,Food,Positive,
571,1,True,Facility,Positive,
571,2,True,Location,Positive,
571,2,True,Food,Positive,
571,2,True,Facility,Positive,
571,3,True,Location,Positive,
571,3,True,Food,Positive,
571,3,True,Facility,Positive,
572,1,False,(parse failed),,json_parse_error: Extra data: line 3 column 2 (char 209)
572,2,False,(parse failed),,json_parse_error: Extra data: line 3 column 2 (char 209)
572,3,False,(parse failed),,json_parse_error: Extra data: line 3 column 2 (char 209)
573,1,True,Room,Positive,
573,2,True,Room,Positive,
573,3,True,Room,Positive,
574,1,True,(no sentiments found),,
574,2,True,(no sentiments found),,
574,3,True,(no sentiments found),,
575,1,True,Staff,Positive,
575,2,True,Staff,Positive,
575,3,True,Staff,Positive,
576,1,False,(parse failed),,json_parse_error: Extra data: line 3 column 1 (char 204)
576,2,False,(parse failed),,json_parse_error: Extra data: line 2 column 2 (char 235)
576,3,False,(parse failed),,json_parse_error: Extra data: line 2 column 2 (char 235)
577,1,True,(no sentiments found),,
577,2,True,(no sentiments found),,
577,3,True,(no sentiments found),,
578,1,True,Room,Positive,
578,1,True,Staff,Positive,
578,1,True,Food,Positive,
578,1,True,Check-in,Positive,
578,2,True,Room,Positive,
578,2,True,Staff,Positive,
578,2,True,Food,Positive,
578,2,True,Check-in,Positive,
578,3,True,Room,Positive,
578,3,True,Staff,Positive,
578,3,True,Food,Positive,
578,3,True,Check-in,Positive,
579,1,True,Location,Positive,
579,2,True,Location,Positive,
579,3,True,Location,Positive,
580,1,True,Staff,Positive,
580,2,True,Staff,Positive,
580,3,True,Staff,Positive,
581,1,False,(parse failed),,json_parse_error: Extra data: line 3 column 1 (char 219)
581,2,False,(parse failed),,json_parse_error: Extra data: line 3 column 1 (char 219)
581,3,False,(parse failed),,json_parse_error: Extra data: line 3 column 1 (char 219)
582,1,True,Room,Positive,
582,1,True,Staff,Positive,
582,2,True,Room,Positive,
582,2,True,Staff,Positive,
582,3,True,Room,Positive,
582,3,True,Staff,Positive,
583,1,True,Room,Positive,
583,2,True,Room,Positive,
583,3,True,Room,Positive,
584,1,True,Staff,Positive,
584,2,True,Staff,Positive,
584,3,True,Staff,Positive,
585,1,True,Staff,Positive,
585,1,True,Facility,Positive,
585,2,True,Staff,Positive,
585,2,True,Facility,Positive,
585,3,True,Staff,Positive,
585,3,True,Facility,Positive,
586,1,True,Staff,Positive,
586,1,True,Location,Positive,
586,2,True,Staff,Positive,
586,2,True,Location,Positive,
586,3,True,Staff,Positive,
586,3,True,Location,Positive,
587,1,True,Staff,Positive,
587,1,True,Location,Positive,
587,2,True,Staff,Positive,
587,2,True,Location,Positive,
587,3,True,Staff,Positive,
587,3,True,Location,Positive,
588,1,True,Location,Positive,
588,2,True,Location,Positive,
588,3,True,Location,Positive,
589,1,True,(no sentiments found),,
589,2,True,(no sentiments found),,
589,3,True,(no sentiments found),,
590,1,True,Room,Positive,
590,1,True,Staff,Positive,
590,1,True,Location,Positive,
590,1,True,Price,Positive,
590,2,True,Room,Positive,
590,2,True,Staff,Positive,
590,2,True,Location,Positive,
590,2,True,Price,Positive,
590,3,True,Room,Positive,
590,3,True,Staff,Positive,
590,3,True,Location,Positive,
590,3,True,Price,Positive,
591,1,True,Food,Positive,
591,2,True,Food,Positive,
591,3,True,Food,Positive,
592,1,True,Staff,Positive,
592,2,True,Staff,Positive,
592,3,True,Staff,Positive,
593,1,True,Food,Positive,
593,2,True,Food,Positive,
593,3,True,Food,Positive,
594,1,False,(parse failed),,json_parse_error: Extra data: line 3 column 1 (char 213)
594,2,False,(parse failed),,json_parse_error: Extra data: line 3 column 2 (char 217)
594,3,False,(parse failed),,json_parse_error: Extra data: line 3 column 2 (char 217)
595,1,True,(no sentiments found),,
595,2,True,(no sentiments found),,
595,3,True,(no sentiments found),,
596,1,True,Room,Positive,
596,2,True,Room,Positive,
596,3,True,Room,Positive,
597,1,True,Room,Positive,
597,1,True,Location,Positive,
597,1,True,Food,Positive,
597,2,True,Room,Positive,
597,2,True,Location,Positive,
597,2,True,Food,Positive,
597,3,True,Room,Positive,
597,3,True,Location,Positive,
597,3,True,Food,Positive,
598,1,True,Staff,Positive,
598,2,True,Staff,Positive,
598,3,True,Staff,Positive,
599,1,True,Room,Positive,
599,1,True,Staff,Positive,
599,1,True,Location,Positive,
599,1,True,Food,Positive,
599,2,True,Room,Positive,
599,2,True,Staff,Positive,
599,2,True,Location,Positive,
599,2,True,Food,Positive,
599,3,True,Room,Positive,
599,3,True,Staff,Positive,
599,3,True,Location,Positive,
599,3,True,Food,Positive,
600,1,True,Price,Positive,
600,1,True,Facility,Positive,
600,2,True,Price,Positive,
600,2,True,Facility,Positive,
600,3,True,Price,Positive,
600,3,True,Facility,Positive,
601,1,True,(no sentiments found),,
601,2,True,(no sentiments found),,
601,3,True,(no sentiments found),,
602,1,True,Staff,Positive,
602,1,True,Location,Positive,
602,2,True,Staff,Positive,
602,2,True,Location,Positive,
602,3,True,Staff,Positive,
602,3,True,Location,Positive,
603,1,False,(parse failed),,json_parse_error: Extra data: line 2 column 2 (char 210)
603,2,False,(parse failed),,json_parse_error: Extra data: line 2 column 1 (char 209)
603,3,False,(parse failed),,json_parse_error: Extra data: line 2 column 1 (char 209)
604,1,True,(no sentiments found),,
604,2,True,(no sentiments found),,
604,3,True,(no sentiments found),,
605,1,True,Room,Positive,
605,1,True,Staff,Positive,
605,2,True,Room,Positive,
605,2,True,Staff,Positive,
605,3,True,Room,Positive,
605,3,True,Staff,Positive,
606,1,True,Staff,Positive,
606,1,True,Check-in,Positive,
606,2,True,Staff,Positive,
606,2,True,Check-in,Positive,
606,3,True,Staff,Positive,
606,3,True,Check-in,Positive,
607,1,True,Room,Negative,
607,1,True,Staff,Positive,
607,1,True,Location,Positive,
607,2,True,Room,Negative,
607,2,True,Staff,Positive,
607,2,True,Location,Positive,
607,3,True,Room,Negative,
607,3,True,Staff,Positive,
607,3,True,Location,Positive,
608,1,True,Room,Positive,
608,2,True,Room,Positive,
608,3,True,Room,Positive,
609,1,True,Room,Positive,
609,1,True,Price,Negative,
609,2,True,Room,Positive,
609,2,True,Price,Negative,
609,3,True,Room,Positive,
609,3,True,Price,Negative,
610,1,True,Location,Positive,
610,1,True,Food,Positive,
610,1,True,Facility,Positive,
610,2,True,Location,Positive,
610,2,True,Food,Positive,
610,2,True,Facility,Positive,
610,3,True,Location,Positive,
610,3,True,Food,Positive,
610,3,True,Facility,Positive,
611,1,True,Room,Positive,
611,1,True,Staff,Positive,
611,1,True,Food,Positive,
611,1,True,Location,Positive,
611,1,True,Price,Positive,
611,2,True,Room,Positive,
611,2,True,Staff,Positive,
611,2,True,Food,Positive,
611,2,True,Location,Positive,
611,2,True,Price,Positive,
611,3,True,Room,Positive,
611,3,True,Staff,Positive,
611,3,True,Food,Positive,
611,3,True,Location,Positive,
611,3,True,Price,Positive,
612,1,True,Room,Positive,
612,1,True,Staff,Positive,
612,1,True,Location,Positive,
612,2,True,Room,Positive,
612,2,True,Staff,Positive,
612,2,True,Location,Positive,
612,3,True,Room,Positive,
612,3,True,Staff,Positive,
612,3,True,Location,Positive,
613,1,True,Staff,Positive,
613,1,True,Food,Positive,
613,2,True,Staff,Positive,
613,2,True,Food,Positive,
613,3,True,Staff,Positive,
613,3,True,Food,Positive,
614,1,True,Room,Positive,
614,1,True,Staff,Positive,
614,1,True,Location,Positive,
614,2,True,Room,Positive,
614,2,True,Staff,Positive,
614,2,True,Location,Positive,
614,3,True,Room,Positive,
614,3,True,Staff,Positive,
614,3,True,Location,Positive,
615,1,True,Staff,Positive,
615,1,True,Taxi-issue,Negative,
615,2,True,Staff,Positive,
615,2,True,Taxi-issue,Negative,
615,3,True,Staff,Positive,
615,3,True,Taxi-issue,Negative,
616,1,True,Staff,Positive,
616,1,True,Location,Positive,
616,2,True,Staff,Positive,
616,2,True,Location,Positive,
616,3,True,Staff,Positive,
616,3,True,Location,Positive,
617,1,False,(parse failed),,json_parse_error: Extra data: line 2 column 2 (char 211)
617,2,False,(parse failed),,json_parse_error: Extra data: line 2 column 2 (char 211)
617,3,False,(parse failed),,json_parse_error: Extra data: line 2 column 2 (char 211)
618,1,True,Location,Positive,
618,2,True,Location,Positive,
618,3,True,Location,Positive,
619,1,True,Staff,Positive,
619,1,True,Location,Positive,
619,1,True,Food,Positive,
619,1,True,Price,Positive,
619,2,True,Staff,Positive,
619,2,True,Location,Positive,
619,2,True,Food,Positive,
619,2,True,Price,Positive,
619,3,True,Staff,Positive,
619,3,True,Location,Positive,
619,3,True,Food,Positive,
619,3,True,Price,Positive,
620,1,True,Room,Negative,
620,1,True,Staff,Positive,
620,1,True,Location,Positive,
620,2,True,Room,Negative,
620,2,True,Staff,Positive,
620,2,True,Location,Positive,
620,3,True,Room,Negative,
620,3,True,Staff,Positive,
620,3,True,Location,Positive,
621,1,True,Staff,Positive,
621,1,True,Food,Positive,
621,2,True,Staff,Positive,
621,2,True,Food,Positive,
621,3,True,Staff,Positive,
621,3,True,Food,Positive,
622,1,True,Room,Positive,
622,1,True,Staff,Positive,
622,2,True,Room,Positive,
622,2,True,Staff,Positive,
622,3,True,Room,Positive,
622,3,True,Staff,Positive,
623,1,True,Location,Positive,
623,2,True,Location,Positive,
623,3,True,Location,Positive,
624,1,True,Room,Positive,
624,1,True,Staff,Positive,
624,2,True,Room,Positive,
624,2,True,Staff,Positive,
624,3,True,Room,Positive,
624,3,True,Staff,Positive,
625,1,True,Location,Positive,
625,2,True,Location,Positive,
625,3,True,Location,Positive,
626,1,True,Room,Positive,
626,1,True,Staff,Positive,
626,1,True,Food,Positive,
626,1,True,Facility,Positive,
626,2,True,Room,Positive,
626,2,True,Staff,Positive,
626,2,True,Food,Positive,
626,2,True,Facility,Positive,
626,3,True,Room,Positive,
626,3,True,Staff,Positive,
626,3,True,Food,Positive,
626,3,True,Facility,Positive,
627,1,True,Staff,Positive,
627,1,True,Facility,Positive,
627,2,True,Staff,Positive,
627,2,True,Facility,Positive,
627,3,True,Staff,Positive,
627,3,True,Facility,Positive,
628,1,True,Staff,Positive,
628,1,True,Location,Positive,
628,2,True,Staff,Positive,
628,2,True,Location,Positive,
628,3,True,Staff,Positive,
628,3,True,Location,Positive,
629,1,True,Staff,Positive,
629,2,True,Staff,Positive,
629,3,True,Staff,Positive,
630,1,False,(parse failed),,json_parse_error: Extra data: line 2 column 1 (char 197)
630,2,False,(parse failed),,json_parse_error: Extra data: line 2 column 1 (char 197)
630,3,False,(parse failed),,json_parse_error: Extra data: line 2 column 1 (char 197)
631,1,True,Price,Positive,
631,2,True,Price,Positive,
631,3,True,Price,Positive,
632,1,True,Room,Positive,
632,1,True,Location,Positive,
632,2,True,Room,Positive,
632,2,True,Location,Positive,
632,3,True,Room,Positive,
632,3,True,Location,Positive,
633,1,True,Staff,Positive,
633,1,True,Location,Positive,
633,1,True,Check-in,Positive,
633,2,True,Staff,Positive,
633,2,True,Location,Positive,
633,2,True,Check-in,Positive,
633,3,True,Staff,Positive,
633,3,True,Location,Positive,
633,3,True,Check-in,Positive,
634,1,True,(no sentiments found),,
634,2,True,(no sentiments found),,
634,3,True,(no sentiments found),,
635,1,True,Staff,Positive,
635,1,True,Location,Positive,
635,2,True,Staff,Positive,
635,2,True,Location,Positive,
635,3,True,Staff,Positive,
635,3,True,Location,Positive,
636,1,True,Staff,Positive,
636,1,True,Food,Positive,
636,2,True,Staff,Positive,
636,2,True,Food,Positive,
636,3,True,Staff,Positive,
636,3,True,Food,Positive,
637,1,False,(parse failed),,json_parse_error: Extra data: line 2 column 1 (char 204)
637,2,False,(parse failed),,json_parse_error: Extra data: line 2 column 1 (char 204)
637,3,False,(parse failed),,json_parse_error: Extra data: line 2 column 1 (char 204)
638,1,True,Room,Positive,
638,1,True,Staff,Positive,
638,1,True,Location,Positive,
638,2,True,Room,Positive,
638,2,True,Staff,Positive,
638,2,True,Location,Positive,
638,3,True,Room,Positive,
638,3,True,Staff,Positive,
638,3,True,Location,Positive,
639,1,True,Room,Positive,
639,1,True,Staff,Positive,
639,1,True,Check-in,Positive,
639,1,True,Check-out,Positive,
639,2,True,Room,Positive,
639,2,True,Staff,Positive,
639,2,True,Check-in,Positive,
639,2,True,Check-out,Positive,
639,3,True,Room,Positive,
639,3,True,Staff,Positive,
639,3,True,Check-in,Positive,
639,3,True,Check-out,Positive,
640,1,True,Room,Negative,
640,1,True,Staff,Positive,
640,2,True,Room,Negative,
640,2,True,Staff,Positive,
640,3,True,Room,Negative,
640,3,True,Staff,Positive,
641,1,True,Room,Positive,
641,1,True,Staff,Positive,
641,1,True,Location,Positive,
641,2,True,Room,Positive,
641,2,True,Staff,Positive,
641,2,True,Location,Positive,
641,3,True,Room,Positive,
641,3,True,Staff,Positive,
641,3,True,Location,Positive,
642,1,True,Staff,Positive,
642,1,True,Location,Positive,
642,1,True,Food,Positive,
642,2,True,Staff,Positive,
642,2,True,Location,Positive,
642,2,True,Food,Positive,
642,3,True,Staff,Positive,
642,3,True,Location,Positive,
642,3,True,Food,Positive,
643,1,True,Room,Positive,
643,1,True,Staff,Positive,
643,1,True,Food,Negative,
643,1,True,Price,Negative,
643,2,True,Room,Positive,
643,2,True,Staff,Positive,
643,2,True,Food,Negative,
643,2,True,Price,Negative,
643,3,True,Room,Positive,
643,3,True,Staff,Positive,
643,3,True,Food,Negative,
643,3,True,Price,Negative,
644,1,True,Room,Positive,
644,1,True,Staff,Positive,
644,1,True,Location,Positive,
644,1,True,Facility,Positive,
644,2,True,Room,Positive,
644,2,True,Staff,Positive,
644,2,True,Location,Positive,
644,2,True,Facility,Positive,
644,3,True,Room,Positive,
644,3,True,Staff,Positive,
644,3,True,Location,Positive,
644,3,True,Facility,Positive,
645,1,True,(no sentiments found),,
645,2,True,(no sentiments found),,
645,3,True,(no sentiments found),,
646,1,True,Room,Positive,
646,1,True,Staff,Positive,
646,1,True,Location,Positive,
646,1,True,Food,Positive,
646,1,True,Price,Positive,
646,1,True,Facility,Positive,
646,1,True,Check-in,Positive,
646,1,True,Check-out,Positive,
646,2,True,Room,Positive,
646,2,True,Staff,Positive,
646,2,True,Location,Positive,
646,2,True,Food,Positive,
646,2,True,Price,Positive,
646,2,True,Facility,Positive,
646,2,True,Check-in,Positive,
646,2,True,Check-out,Positive,
646,3,True,Room,Positive,
646,3,True,Staff,Positive,
646,3,True,Location,Positive,
646,3,True,Food,Positive,
646,3,True,Price,Positive,
646,3,True,Facility,Positive,
646,3,True,Check-in,Positive,
646,3,True,Check-out,Positive,
647,1,True,(no sentiments found),,
647,2,True,(no sentiments found),,
647,3,True,(no sentiments found),,
648,1,True,Staff,Positive,
648,1,True,Facility,Negative,
648,2,True,Staff,Positive,
648,2,True,Facility,Negative,
648,3,True,Staff,Positive,
648,3,True,Facility,Negative,
649,1,True,Room,Positive,
649,1,True,Staff,Positive,
649,1,True,Location,Positive,
649,2,True,Room,Positive,
649,2,True,Staff,Positive,
649,2,True,Location,Positive,
649,3,True,Room,Positive,
649,3,True,Staff,Positive,
649,3,True,Location,Positive,
650,1,True,Room,Positive,
650,1,True,Staff,Positive,
650,1,True,Location,Positive,
650,1,True,Food,Positive,
650,2,True,Room,Positive,
650,2,True,Staff,Positive,
650,2,True,Location,Positive,
650,2,True,Food,Positive,
650,3,True,Room,Positive,
650,3,True,Staff,Positive,
650,3,True,Location,Positive,
650,3,True,Food,Positive,
651,1,True,Staff,Positive,
651,2,True,Staff,Positive,
651,3,True,Staff,Positive,
652,1,True,Location,Positive,
652,1,True,Facility,Positive,
652,2,True,Location,Positive,
652,2,True,Facility,Positive,
652,3,True,Location,Positive,
652,3,True,Facility,Positive,
653,1,True,Staff,Positive,
653,1,True,Location,Positive,
653,2,True,Staff,Positive,
653,2,True,Location,Positive,
653,3,True,Staff,Positive,
653,3,True,Location,Positive,
654,1,False,Room,Positive,
654,1,False,Staff,Positive,
654,1,False,Location,Positive,
654,1,False,Food,null,
654,1,False,Price,null,
654,1,False,Facility,Positive,
654,1,False,Check-in,null,
654,1,False,Check-out,null,
654,1,False,Off,null,
654,1,False,Booking-issue,null,
654,1,False,Taxi-issue,null,
654,2,True,Room,Positive,
654,2,True,Staff,Positive,
654,2,True,Facility,Positive,
654,3,True,Room,Positive,
654,3,True,Staff,Positive,
654,3,True,Facility,Positive,
655,1,True,Room,Positive,
655,1,True,Staff,Positive,
655,1,True,Location,Negative,
655,2,True,Room,Positive,
655,2,True,Staff,Positive,
655,2,True,Location,Negative,
655,3,True,Room,Positive,
655,3,True,Staff,Positive,
655,3,True,Location,Negative,
656,1,True,Room,Positive,
656,1,True,Staff,Positive,
656,2,True,Room,Positive,
656,2,True,Staff,Positive,
656,3,True,Room,Positive,
656,3,True,Staff,Positive,
657,1,True,Room,Positive,
657,1,True,Staff,Positive,
657,2,True,Room,Positive,
657,2,True,Staff,Positive,
657,3,True,Room,Positive,
657,3,True,Staff,Positive,
658,1,True,Staff,Positive,
658,1,True,Food,Positive,
658,2,True,Staff,Positive,
658,2,True,Food,Positive,
658,3,True,Staff,Positive,
658,3,True,Food,Positive,
659,1,True,Room,Positive,
659,1,True,Staff,Positive,
659,1,True,Location,Negative,
659,2,True,Room,Positive,
659,2,True,Staff,Positive,
659,2,True,Location,Negative,
659,3,True,Room,Positive,
659,3,True,Staff,Positive,
659,3,True,Location,Negative,
660,1,True,Room,Positive,
660,1,True,Staff,Positive,
660,1,True,Food,Positive,
660,2,True,Room,Positive,
660,2,True,Staff,Positive,
660,2,True,Food,Positive,
660,3,True,Room,Positive,
660,3,True,Staff,Positive,
660,3,True,Food,Positive,
661,1,True,Room,Positive,
661,1,True,Location,Positive,
661,2,True,Room,Positive,
661,2,True,Location,Positive,
661,3,True,Room,Positive,
661,3,True,Location,Positive,
662,1,True,Staff,Positive,
662,1,True,Location,Positive,
662,2,True,Staff,Positive,
662,2,True,Location,Positive,
662,3,True,Staff,Positive,
662,3,True,Location,Positive,
663,1,True,Location,Positive,
663,1,True,Food,Positive,
663,1,True,Facility,Negative,
663,2,True,Location,Positive,
663,2,True,Food,Positive,
663,2,True,Facility,Negative,
663,3,True,Location,Positive,
663,3,True,Food,Positive,
663,3,True,Facility,Negative,
664,1,True,Room,Positive,
664,1,True,Staff,Positive,
664,2,True,Room,Positive,
664,2,True,Staff,Positive,
664,3,True,Room,Positive,
664,3,True,Staff,Positive,
665,1,True,Location,Negative,
665,1,True,Food,Positive,
665,1,True,Facility,Negative,
665,2,True,Room,Negative,
665,2,True,Location,Negative,
665,2,True,Food,Positive,
665,3,True,Room,Negative,
665,3,True,Location,Negative,
665,3,True,Food,Positive,
666,1,True,Staff,Positive,
666,1,True,Location,Positive,
666,1,True,Taxi-issue,Negative,
666,2,True,Staff,Positive,
666,2,True,Location,Positive,
666,2,True,Taxi-issue,Negative,
666,3,True,Staff,Positive,
666,3,True,Location,Positive,
666,3,True,Taxi-issue,Negative,
667,1,True,Room,Positive,
667,1,True,Staff,Positive,
667,1,True,Location,Positive,
667,2,True,Room,Positive,
667,2,True,Staff,Positive,
667,2,True,Location,Positive,
667,3,True,Room,Positive,
667,3,True,Staff,Positive,
667,3,True,Location,Positive,
668,1,True,Location,Positive,
668,2,True,Location,Positive,
668,3,True,Location,Positive,
669,1,True,Room,Positive,
669,1,True,Food,Positive,
669,1,True,Facility,Positive,
669,2,True,Room,Positive,
669,2,True,Food,Positive,
669,2,True,Facility,Positive,
669,3,True,Room,Positive,
669,3,True,Food,Positive,
669,3,True,Facility,Positive,
670,1,False,Room,Negative,
670,1,False,Staff,null,
670,1,False,Location,null,
670,1,False,Food,null,
670,1,False,Price,null,
670,1,False,Facility,null,
670,1,False,Check-in,null,
670,1,False,Check-out,null,
670,1,False,Off,null,
670,1,False,Booking-issue,null,
670,1,False,Taxi-issue,null,
670,2,False,Room,Negative,
670,2,False,Staff,null,
670,2,False,Location,null,
670,2,False,Food,null,
670,2,False,Price,null,
670,2,False,Facility,null,
670,2,False,Check-in,null,
670,2,False,Check-out,null,
670,2,False,Off,null,
670,2,False,Booking-issue,null,
670,2,False,Taxi-issue,null,
670,3,False,Room,Negative,
670,3,False,Staff,null,
670,3,False,Location,null,
670,3,False,Food,null,
670,3,False,Price,null,
670,3,False,Facility,null,
670,3,False,Check-in,null,
670,3,False,Check-out,null,
670,3,False,Off,null,
670,3,False,Booking-issue,null,
670,3,False,Taxi-issue,null,
671,1,False,(parse failed),,json_parse_error: Extra data: line 2 column 2 (char 198)
671,2,False,(parse failed),,json_parse_error: Extra data: line 2 column 2 (char 198)
671,3,False,(parse failed),,json_parse_error: Extra data: line 2 column 2 (char 198)
672,1,True,Food,Positive,
672,2,True,Food,Positive,
672,3,True,Food,Positive,
673,1,True,Staff,Positive,
673,1,True,Location,Positive,
673,1,True,Food,Positive,
673,2,True,Staff,Positive,
673,2,True,Location,Positive,
673,2,True,Food,Positive,
673,3,True,Staff,Positive,
673,3,True,Location,Positive,
673,3,True,Food,Positive,
674,1,True,Staff,Positive,
674,2,True,Staff,Positive,
674,3,True,Staff,Positive,
675,1,True,Room,Positive,
675,1,True,Staff,Positive,
675,1,True,Facility,Positive,
675,2,True,Room,Positive,
675,2,True,Staff,Positive,
675,2,True,Facility,Positive,
675,3,True,Room,Positive,
675,3,True,Staff,Positive,
675,3,True,Facility,Positive,
676,1,True,Room,Positive,
676,1,True,Staff,Positive,
676,1,True,Location,Positive,
676,1,True,Facility,Negative,
676,2,True,Room,Positive,
676,2,True,Staff,Positive,
676,2,True,Location,Positive,
676,2,True,Facility,Negative,
676,3,True,Room,Positive,
676,3,True,Staff,Positive,
676,3,True,Location,Positive,
676,3,True,Facility,Negative,
677,1,True,Staff,Positive,
677,1,True,Location,Positive,
677,2,True,Staff,Positive,
677,2,True,Location,Positive,
677,3,True,Staff,Positive,
677,3,True,Location,Positive,
678,1,True,Location,Positive,
678,2,True,Location,Positive,
678,3,True,Location,Positive,
679,1,False,(parse failed),,json_parse_error: Extra data: line 3 column 2 (char 206)
679,2,False,(parse failed),,json_parse_error: Extra data: line 3 column 2 (char 206)
679,3,False,(parse failed),,json_parse_error: Extra data: line 3 column 2 (char 206)
680,1,True,Staff,Positive,
680,1,True,Location,Positive,
680,1,True,Facility,Positive,
680,2,True,Staff,Positive,
680,2,True,Location,Positive,
680,2,True,Facility,Positive,
680,3,True,Staff,Positive,
680,3,True,Location,Positive,
680,3,True,Facility,Positive,
681,1,True,Staff,Positive,
681,1,True,Location,Positive,
681,1,True,Facility,Negative,
681,2,True,Staff,Positive,
681,2,True,Location,Positive,
681,2,True,Facility,Negative,
681,3,True,Staff,Positive,
681,3,True,Location,Positive,
681,3,True,Facility,Negative,
682,1,True,(no sentiments found),,
682,2,True,(no sentiments found),,
682,3,True,(no sentiments found),,
683,1,True,Staff,Positive,
683,2,True,Staff,Positive,
683,3,True,Staff,Positive,
684,1,False,(parse failed),,json_parse_error: Extra data: line 3 column 2 (char 201)
684,2,False,(parse failed),,json_parse_error: Extra data: line 3 column 2 (char 201)
684,3,False,(parse failed),,json_parse_error: Extra data: line 3 column 2 (char 201)
685,1,True,Staff,Positive,
685,1,True,Location,Positive,
685,1,True,Food,Positive,
685,1,True,Price,Positive,
685,2,True,Staff,Positive,
685,2,True,Location,Positive,
685,2,True,Food,Positive,
685,2,True,Price,Positive,
685,3,True,Staff,Positive,
685,3,True,Location,Positive,
685,3,True,Food,Positive,
685,3,True,Price,Positive,
686,1,True,Room,Positive,
686,1,True,Staff,Positive,
686,2,True,Room,Positive,
686,2,True,Staff,Positive,
686,3,True,Room,Positive,
686,3,True,Staff,Positive,
687,1,True,Staff,Positive,
687,1,True,Location,Positive,
687,1,True,Food,Negative,
687,2,True,Staff,Positive,
687,2,True,Location,Positive,
687,2,True,Food,Negative,
687,3,True,Staff,Positive,
687,3,True,Location,Positive,
687,3,True,Food,Negative,
688,1,True,Location,Positive,
688,2,True,Location,Positive,
688,3,True,Location,Positive,
689,1,False,(parse failed),,json_parse_error: Extra data: line 3 column 1 (char 186)
689,2,False,(parse failed),,json_parse_error: Extra data: line 3 column 1 (char 186)
689,3,False,(parse failed),,json_parse_error: Extra data: line 3 column 1 (char 186)
690,1,True,Location,Positive,
690,2,True,Location,Positive,
690,3,True,Location,Positive,
691,1,True,Staff,Positive,
691,1,True,Facility,Positive,
691,2,True,Staff,Positive,
691,2,True,Facility,Positive,
691,3,True,Staff,Positive,
691,3,True,Facility,Positive,
692,1,True,Staff,Positive,
692,2,True,Staff,Positive,
692,3,True,Staff,Positive,
693,1,True,Location,Positive,
693,1,True,Facility,Positive,
693,1,True,Booking-issue,Negative,
693,2,True,Location,Positive,
693,2,True,Facility,Positive,
693,2,True,Booking-issue,Negative,
693,3,True,Location,Positive,
693,3,True,Facility,Positive,
693,3,True,Booking-issue,Negative,
694,1,True,Room,Negative,
694,1,True,Staff,Positive,
694,1,True,Location,Negative,
694,1,True,Food,Negative,
694,1,True,Price,Negative,
694,2,True,Room,Negative,
694,2,True,Staff,Positive,
694,2,True,Location,Negative,
694,2,True,Food,Negative,
694,2,True,Price,Negative,
694,3,True,Room,Negative,
694,3,True,Staff,Positive,
694,3,True,Location,Negative,
694,3,True,Food,Negative,
694,3,True,Price,Negative,
695,1,True,Room,Positive,
695,1,True,Staff,Positive,
695,2,True,Room,Positive,
695,2,True,Staff,Positive,
695,3,True,Room,Positive,
695,3,True,Staff,Positive,
696,1,True,Location,Positive,
696,1,True,Food,Positive,
696,2,True,Location,Positive,
696,2,True,Food,Positive,
696,3,True,Location,Positive,
696,3,True,Food,Positive,
697,1,True,Room,Positive,
697,1,True,Staff,Positive,
697,2,True,Room,Positive,
697,2,True,Staff,Positive,
697,3,True,Room,Positive,
697,3,True,Staff,Positive,
698,1,True,Location,Positive,
698,1,True,Facility,Negative,
698,2,True,Location,Positive,
698,2,True,Facility,Negative,
698,3,True,Location,Positive,
698,3,True,Facility,Negative,
699,1,True,Staff,Positive,
699,2,True,Staff,Positive,
699,3,True,Staff,Positive,
700,1,True,Room,Negative,
700,1,True,Facility,Negative,
700,2,True,Room,Negative,
700,2,True,Facility,Negative,
700,3,True,Room,Negative,
700,3,True,Facility,Negative,
701,1,True,Staff,Positive,
701,1,True,Location,Positive,
701,2,True,Staff,Positive,
701,2,True,Location,Positive,
701,3,True,Staff,Positive,
701,3,True,Location,Positive,
702,1,True,Room,Negative,
702,1,True,Staff,Positive,
702,1,True,Food,Positive,
702,2,True,Room,Negative,
702,2,True,Staff,Positive,
702,2,True,Food,Positive,
702,3,True,Room,Negative,
702,3,True,Staff,Positive,
702,3,True,Food,Positive,
703,1,True,Room,Positive,
703,1,True,Staff,Positive,
703,1,True,Food,Positive,
703,2,True,Room,Positive,
703,2,True,Staff,Positive,
703,2,True,Food,Positive,
703,3,True,Room,Positive,
703,3,True,Staff,Positive,
703,3,True,Food,Positive,
704,1,True,Location,Positive,
704,2,True,Location,Positive,
704,3,True,Location,Positive,
705,1,True,Staff,Positive,
705,1,True,Food,Positive,
705,2,True,Staff,Positive,
705,2,True,Food,Positive,
705,3,True,Staff,Positive,
705,3,True,Food,Positive,
706,1,True,Location,Positive,
706,2,True,Location,Positive,
706,3,True,Location,Positive,
707,1,True,Room,Negative,
707,2,True,Room,Negative,
707,3,True,Room,Negative,
708,1,True,Staff,Positive,
708,1,True,Location,Positive,
708,2,True,Staff,Positive,
708,2,True,Location,Positive,
708,3,True,Staff,Positive,
708,3,True,Location,Positive,
709,1,True,Staff,Positive,
709,2,True,Staff,Positive,
709,3,True,Staff,Positive,
710,1,True,Food,Positive,
710,2,True,Food,Positive,
710,3,True,Food,Positive,
711,1,True,Room,Positive,
711,1,True,Staff,Positive,
711,1,True,Facility,Negative,
711,2,True,Room,Positive,
711,2,True,Staff,Positive,
711,2,True,Facility,Negative,
711,3,True,Room,Positive,
711,3,True,Staff,Positive,
711,3,True,Facility,Negative,
712,1,True,Room,Positive,
712,2,True,Room,Positive,
712,3,True,Room,Positive,
713,1,True,Location,Positive,
713,2,True,Location,Positive,
713,3,True,Location,Positive,
714,1,True,Staff,Positive,
714,2,True,Staff,Positive,
714,3,True,Staff,Positive,
715,1,True,Staff,Positive,
715,1,True,Price,Positive,
715,2,True,Staff,Positive,
715,2,True,Price,Positive,
715,3,True,Staff,Positive,
715,3,True,Price,Positive,
716,1,True,Room,Positive,
716,1,True,Staff,Positive,
716,1,True,Facility,Negative,
716,2,True,Room,Positive,
716,2,True,Staff,Positive,
716,2,True,Facility,Negative,
716,3,True,Room,Positive,
716,3,True,Staff,Positive,
716,3,True,Facility,Negative,
717,1,True,Staff,Positive,
717,2,True,Staff,Positive,
717,3,True,Staff,Positive,
718,1,True,Room,Negative,
718,1,True,Staff,Positive,
718,1,True,Location,Positive,
718,2,True,Room,Negative,
718,2,True,Staff,Positive,
718,2,True,Location,Positive,
718,3,True,Room,Negative,
718,3,True,Staff,Positive,
718,3,True,Location,Positive,
719,1,True,Room,Positive,
719,2,True,Room,Positive,
719,3,True,Room,Positive,
720,1,True,Room,Positive,
720,2,True,Room,Positive,
720,3,True,Room,Positive,
721,1,True,Staff,Positive,
721,2,True,Staff,Positive,
721,3,True,Staff,Positive,
722,1,True,Room,Positive,
722,1,True,Staff,Positive,
722,1,True,Location,Positive,
722,1,True,Food,Positive,
722,1,True,Facility,Negative,
722,2,True,Room,Positive,
722,2,True,Staff,Positive,
722,2,True,Location,Positive,
722,2,True,Food,Positive,
722,2,True,Facility,Negative,
722,3,True,Room,Positive,
722,3,True,Staff,Positive,
722,3,True,Location,Positive,
722,3,True,Food,Positive,
722,3,True,Facility,Negative,
723,1,False,(parse failed),,json_parse_error: Invalid control character at: line 1 column 181 (char 180)
723,2,False,(parse failed),,json_parse_error: Extra data: line 2 column 2 (char 217)
723,3,False,(parse failed),,json_parse_error: Extra data: line 2 column 2 (char 217)
724,1,True,(no sentiments found),,
724,2,True,(no sentiments found),,
724,3,True,(no sentiments found),,
725,1,False,(parse failed),,json_parse_error: Extra data: line 3 column 1 (char 207)
725,2,False,(parse failed),,json_parse_error: Extra data: line 3 column 1 (char 207)
725,3,False,(parse failed),,json_parse_error: Extra data: line 3 column 1 (char 207)
726,1,True,Room,Positive,
726,1,True,Staff,Positive,
726,1,True,Location,Positive,
726,2,True,Room,Positive,
726,2,True,Staff,Positive,
726,2,True,Location,Positive,
726,3,True,Room,Positive,
726,3,True,Staff,Positive,
726,3,True,Location,Positive,
727,1,True,Staff,Positive,
727,1,True,Location,Positive,
727,2,True,Staff,Positive,
727,2,True,Location,Positive,
727,3,True,Staff,Positive,
727,3,True,Location,Positive,
728,1,True,(no sentiments found),,
728,2,True,(no sentiments found),,
728,3,True,(no sentiments found),,
729,1,False,(parse failed),,json_parse_error: Extra data: line 2 column 2 (char 210)
729,2,True,Staff,Positive,
729,2,True,Facility,Positive,
729,3,True,Staff,Positive,
729,3,True,Facility,Positive,
730,1,True,Room,Positive,
730,1,True,Location,Negative,
730,2,True,Room,Positive,
730,2,True,Location,Negative,
730,3,True,Room,Positive,
730,3,True,Location,Negative,
731,1,True,Room,Positive,
731,1,True,Staff,Positive,
731,2,True,Room,Positive,
731,2,True,Staff,Positive,
731,3,True,Room,Positive,
731,3,True,Staff,Positive,
732,1,True,Staff,Positive,
732,1,True,Location,Positive,
732,1,True,Facility,Positive,
732,2,True,Staff,Positive,
732,2,True,Location,Positive,
732,2,True,Facility,Positive,
732,3,True,Staff,Positive,
732,3,True,Location,Positive,
732,3,True,Facility,Positive,
733,1,True,Staff,Positive,
733,1,True,Location,Positive,
733,1,True,Facility,Positive,
733,2,True,Staff,Positive,
733,2,True,Location,Positive,
733,2,True,Facility,Positive,
733,3,True,Staff,Positive,
733,3,True,Location,Positive,
733,3,True,Facility,Positive,
734,1,True,(no sentiments found),,
734,2,True,(no sentiments found),,
734,3,True,(no sentiments found),,
735,1,True,Staff,Positive,
735,1,True,Location,Positive,
735,1,True,Facility,Positive,
735,2,True,Staff,Positive,
735,2,True,Location,Positive,
735,2,True,Facility,Positive,
735,3,True,Staff,Positive,
735,3,True,Location,Positive,
735,3,True,Facility,Positive,
736,1,True,Staff,Positive,
736,2,True,Staff,Positive,
736,3,True,Staff,Positive,
737,1,True,Location,Positive,
737,1,True,Price,Positive,
737,2,True,Location,Positive,
737,2,True,Food,Positive,
737,2,True,Price,Positive,
737,3,True,Location,Positive,
737,3,True,Food,Positive,
737,3,True,Price,Positive,
738,1,True,Room,Positive,
738,1,True,Staff,Positive,
738,1,True,Food,Positive,
738,1,True,Facility,Positive,
738,2,True,Room,Positive,
738,2,True,Staff,Positive,
738,2,True,Food,Positive,
738,2,True,Facility,Positive,
738,3,True,Room,Positive,
738,3,True,Staff,Positive,
738,3,True,Food,Positive,
738,3,True,Facility,Positive,
739,1,True,Room,Positive,
739,1,True,Staff,Positive,
739,1,True,Location,Positive,
739,1,True,Price,Positive,
739,1,True,Facility,Positive,
739,2,True,Room,Positive,
739,2,True,Staff,Positive,
739,2,True,Location,Positive,
739,2,True,Price,Positive,
739,2,True,Facility,Positive,
739,3,True,Room,Positive,
739,3,True,Staff,Positive,
739,3,True,Location,Positive,
739,3,True,Price,Positive,
739,3,True,Facility,Positive,
740,1,True,(no sentiments found),,
740,2,True,(no sentiments found),,
740,3,True,(no sentiments found),,
741,1,True,Food,Negative,
741,2,True,Food,Negative,
741,3,True,Food,Negative,
742,1,True,Room,Negative,
742,2,True,Room,Negative,
742,3,True,Room,Negative,
743,1,True,Room,Positive,
743,1,True,Location,Negative,
743,2,True,Room,Positive,
743,2,True,Location,Negative,
743,3,True,Room,Positive,
743,3,True,Location,Negative,
744,1,True,Room,Positive,
744,2,True,Room,Positive,
744,3,True,Room,Positive,
745,1,True,(no sentiments found),,
745,2,True,(no sentiments found),,
745,3,True,(no sentiments found),,
746,1,True,Room,Positive,
746,1,True,Staff,Positive,
746,2,True,Room,Positive,
746,2,True,Staff,Positive,
746,3,True,Room,Positive,
746,3,True,Staff,Positive,
747,1,False,(parse failed),,json_parse_error: Extra data: line 2 column 2 (char 215)
747,2,False,(parse failed),,json_parse_error: Extra data: line 2 column 2 (char 199)
747,3,False,(parse failed),,json_parse_error: Extra data: line 2 column 2 (char 199)
748,1,True,Location,Positive,
748,1,True,Facility,Negative,
748,2,True,Location,Positive,
748,2,True,Facility,Negative,
748,3,True,Location,Positive,
748,3,True,Facility,Negative,
749,1,True,Room,Positive,
749,1,True,Location,Positive,
749,2,True,Room,Positive,
749,2,True,Location,Positive,
749,3,True,Room,Positive,
749,3,True,Location,Positive,
750,1,True,Staff,Negative,
750,1,True,Location,Positive,
750,2,True,Staff,Negative,
750,2,True,Location,Positive,
750,3,True,Staff,Negative,
750,3,True,Location,Positive,
751,1,True,Room,Negative,
751,2,True,Room,Negative,
751,3,True,Room,Negative,
752,1,True,Room,Positive,
752,2,True,Room,Positive,
752,3,True,Room,Positive,
753,1,True,(no sentiments found),,
753,2,True,(no sentiments found),,
753,3,True,(no sentiments found),,
754,1,True,(no sentiments found),,
754,2,True,(no sentiments found),,
754,3,True,(no sentiments found),,
755,1,True,(no sentiments found),,
755,2,True,(no sentiments found),,
755,3,True,(no sentiments found),,
756,1,True,Location,Positive,
756,2,True,Location,Positive,
756,3,True,Location,Positive,
757,1,True,Food,Negative,
757,2,True,Food,Negative,
757,3,True,Food,Negative,
758,1,True,Room,Positive,
758,1,True,Staff,Negative,
758,2,True,Room,Positive,
758,2,True,Staff,Negative,
758,3,True,Room,Positive,
758,3,True,Staff,Negative,
759,1,True,(no sentiments found),,
759,2,True,(no sentiments found),,
759,3,True,(no sentiments found),,
760,1,False,(parse failed),,json_parse_error: Extra data: line 2 column 2 (char 205)
760,2,False,(parse failed),,json_parse_error: Extra data: line 2 column 2 (char 205)
760,3,False,(parse failed),,json_parse_error: Extra data: line 2 column 2 (char 205)
761,1,True,Room,Positive,
761,2,True,Room,Positive,
761,3,True,Room,Positive,
762,1,True,Room,Negative,
762,1,True,Location,Positive,
762,2,True,Room,Negative,
762,2,True,Location,Positive,
762,3,True,Room,Negative,
762,3,True,Location,Positive,
763,1,False,(parse failed),,json_parse_error: Extra data: line 2 column 1 (char 360)
763,2,False,(parse failed),,json_parse_error: Extra data: line 2 column 1 (char 360)
763,3,False,(parse failed),,json_parse_error: Extra data: line 2 column 1 (char 360)
764,1,True,Room,Positive,
764,1,True,Staff,Negative,
764,1,True,Facility,Negative,
764,2,False,(parse failed),,json_parse_error: Expecting value: line 1 column 1 (char 0)
764,3,False,(parse failed),,json_parse_error: Expecting value: line 1 column 1 (char 0)
765,1,False,Room,Negative,
765,1,False,Staff,null,
765,1,False,Location,Positive,
765,1,False,Food,null,
765,1,False,Price,null,
765,1,False,Facility,Positive,
765,1,False,Check-in,null,
765,1,False,Check-out,null,
765,1,False,Off,null,
765,1,False,Booking-issue,null,
765,1,False,Taxi-issue,null,
765,2,False,Room,Negative,
765,2,False,Staff,null,
765,2,False,Location,Positive,
765,2,False,Food,null,
765,2,False,Price,null,
765,2,False,Facility,Positive,
765,2,False,Check-in,null,
765,2,False,Check-out,null,
765,2,False,Off,null,
765,2,False,Booking-issue,null,
765,2,False,Taxi-issue,null,
765,3,False,Room,Negative,
765,3,False,Staff,null,
765,3,False,Location,Positive,
765,3,False,Food,null,
765,3,False,Price,null,
765,3,False,Facility,Positive,
765,3,False,Check-in,null,
765,3,False,Check-out,null,
765,3,False,Off,null,
765,3,False,Booking-issue,null,
765,3,False,Taxi-issue,null,
766,1,True,Room,Negative,
766,2,True,Room,Negative,
766,3,True,Room,Negative,
767,1,True,Room,Positive,
767,1,True,Location,Negative,
767,1,True,Price,Negative,
767,2,True,Room,Positive,
767,2,True,Location,Negative,
767,2,True,Price,Negative,
767,3,True,Room,Positive,
767,3,True,Location,Negative,
767,3,True,Price,Negative,
768,1,False,(parse failed),,json_parse_error: Expecting value: line 1 column 1 (char 0)
768,2,False,(parse failed),,json_parse_error: Expecting value: line 1 column 1 (char 0)
768,3,False,(parse failed),,json_parse_error: Expecting value: line 1 column 1 (char 0)
769,1,False,Room,Negative,
769,1,False,Staff,null,
769,1,False,Location,Positive,
769,1,False,Food,null,
769,1,False,Price,null,
769,1,False,Facility,Negative,
769,1,False,Check-in,null,
769,1,False,Check-out,null,
769,1,False,Off,null,
769,1,False,Booking-issue,null,
769,1,False,Taxi-issue,null,
769,2,False,Room,Negative,
769,2,False,Staff,null,
769,2,False,Location,Positive,
769,2,False,Food,null,
769,2,False,Price,null,
769,2,False,Facility,Negative,
769,2,False,Check-in,null,
769,2,False,Check-out,null,
769,2,False,Off,null,
769,2,False,Booking-issue,null,
769,2,False,Taxi-issue,null,
769,3,False,Room,Negative,
769,3,False,Staff,null,
769,3,False,Location,Positive,
769,3,False,Food,null,
769,3,False,Price,null,
769,3,False,Facility,Negative,
769,3,False,Check-in,null,
769,3,False,Check-out,null,
769,3,False,Off,null,
769,3,False,Booking-issue,null,
769,3,False,Taxi-issue,null,
770,1,False,(parse failed),,json_parse_error: Extra data: line 4 column 1 (char 213)
770,2,False,(parse failed),,json_parse_error: Extra data: line 4 column 1 (char 213)
770,3,False,(parse failed),,json_parse_error: Extra data: line 4 column 1 (char 213)
771,1,False,(parse failed),,json_parse_error: Extra data: line 3 column 2 (char 217)
771,2,False,(parse failed),,json_parse_error: Extra data: line 3 column 2 (char 217)
771,3,False,(parse failed),,json_parse_error: Extra data: line 3 column 2 (char 217)
772,1,False,(parse failed),,json_parse_error: Extra data: line 2 column 1 (char 202)
772,2,False,(parse failed),,json_parse_error: Extra data: line 2 column 1 (char 202)
772,3,False,(parse failed),,json_parse_error: Extra data: line 2 column 1 (char 202)
773,1,True,Room,Positive,
773,1,True,Location,Positive,
773,2,True,Room,Positive,
773,2,True,Location,Positive,
773,3,True,Room,Positive,
773,3,True,Location,Positive,
774,1,True,Room,Positive,
774,1,True,Staff,Positive,
774,1,True,Location,Positive,
774,1,True,Facility,Negative,
774,2,True,Room,Positive,
774,2,True,Staff,Positive,
774,2,True,Location,Positive,
774,2,True,Facility,Negative,
774,3,True,Room,Positive,
774,3,True,Staff,Positive,
774,3,True,Location,Positive,
774,3,True,Facility,Negative,
775,1,True,Staff,Positive,
775,1,True,Price,Positive,
775,2,True,Staff,Positive,
775,2,True,Price,Positive,
775,3,True,Staff,Positive,
775,3,True,Price,Positive,
776,1,True,(no sentiments found),,
776,2,True,(no sentiments found),,
776,3,True,(no sentiments found),,
777,1,True,Room,Positive,
777,1,True,Staff,Positive,
777,1,True,Food,Positive,
777,1,True,Price,Positive,
777,2,True,Room,Positive,
777,2,True,Staff,Positive,
777,2,True,Food,Positive,
777,2,True,Price,Positive,
777,3,True,Room,Positive,
777,3,True,Staff,Positive,
777,3,True,Food,Positive,
777,3,True,Price,Positive,
778,1,True,Staff,Positive,
778,1,True,Location,Positive,
778,1,True,Price,Positive,
778,2,True,Staff,Positive,
778,2,True,Location,Positive,
778,2,True,Price,Positive,
778,3,True,Staff,Positive,
778,3,True,Location,Positive,
778,3,True,Price,Positive,
779,1,True,Room,Positive,
779,1,True,Location,Positive,
779,1,True,Food,Negative,
779,2,True,Room,Positive,
779,2,True,Location,Positive,
779,2,True,Food,Negative,
779,2,True,Check-in,Positive,
779,3,True,Room,Positive,
779,3,True,Location,Positive,
779,3,True,Food,Negative,
779,3,True,Check-in,Positive,
780,1,True,Room,Positive,
780,1,True,Location,Positive,
780,2,True,Room,Positive,
780,2,True,Location,Positive,
780,3,True,Room,Positive,
780,3,True,Location,Positive,
781,1,False,(parse failed),,json_parse_error: Extra data: line 3 column 1 (char 197)
781,2,False,(parse failed),,json_parse_error: Extra data: line 3 column 2 (char 198)
781,3,False,(parse failed),,json_parse_error: Extra data: line 3 column 2 (char 198)
782,1,True,Room,Positive,
782,1,True,Food,Positive,
782,1,True,Facility,Positive,
782,2,True,Room,Positive,
782,2,True,Food,Positive,
782,2,True,Facility,Positive,
782,3,True,Room,Positive,
782,3,True,Food,Positive,
782,3,True,Facility,Positive,
783,1,True,Staff,Positive,
783,1,True,Facility,Positive,
783,2,True,Staff,Positive,
783,2,True,Facility,Positive,
783,3,True,Staff,Positive,
783,3,True,Facility,Positive,
784,1,True,Room,Positive,
784,1,True,Staff,Positive,
784,1,True,Location,Positive,
784,2,True,Room,Positive,
784,2,True,Staff,Positive,
784,2,True,Location,Positive,
784,3,True,Room,Positive,
784,3,True,Staff,Positive,
784,3,True,Location,Positive,
785,1,True,Staff,Positive,
785,1,True,Location,Negative,
785,1,True,Facility,Negative,
785,2,True,Staff,Positive,
785,2,True,Location,Negative,
785,2,True,Facility,Negative,
785,3,True,Staff,Positive,
785,3,True,Location,Negative,
785,3,True,Facility,Negative,
2484,1,True,(no sentiments found),,
2484,2,True,(no sentiments found),,
2484,3,True,(no sentiments found),,
