Review ID,Run,Valid,Topics Present,Errors
1,1,True,"Room, Staff, Location, Food, Off",
1,2,True,"Room, Staff, Location, Food, Off",
1,3,True,"Room, Staff, Location, Food, Off",
2,1,True,"Room, Staff, Food, Off",
2,2,True,"Room, Staff, Food, Off",
2,3,True,"Room, Staff, Food, Off",
3,1,False,"Location, Off",'Room' is a required property
3,2,False,"Location, Off",'Room' is a required property
3,3,False,"Location, Off",'Room' is a required property
4,1,True,"Staff, Price, Off",
4,2,True,"Staff, Price, Off",
4,3,True,"Staff, Price, Off",
5,1,True,"Room, Location, Off",
5,2,True,"Room, Location, Off",
5,3,True,"Room, Location, Off",
6,1,True,"Room, Check-in, Off",
6,2,True,"Room, Check-in, Off",
6,3,True,"Room, Check-in, Off",
7,1,True,"Staff, Off",
7,2,True,"Staff, Off",
7,3,True,"Staff, Off",
8,1,True,"Staff, Location, Off",
8,2,True,"Staff, Location, Off",
8,3,True,"Staff, Location, Off",
9,1,True,"Staff, Location, Off",
9,2,True,"Staff, Location, Off",
9,3,True,"Staff, Location, Off",
10,1,True,"Room, Location, Off",
10,2,True,"Room, Location, Off",
10,3,True,"Room, Location, Off",
11,1,True,"Room, Staff, Location, Food, Off",
11,2,True,"Room, Staff, Location, Food, Off",
11,3,True,"Room, Staff, Location, Food, Off",
12,1,True,"Staff, Food, Off",
12,2,True,"Staff, Food, Off",
12,3,True,"Staff, Food, Off",
13,1,True,"Room, Staff, Location, Off",
13,2,True,"Room, Staff, Location, Off",
13,3,True,"Room, Staff, Location, Off",
14,1,True,"Staff, Location, Off",
14,2,True,"Staff, Location, Off",
14,3,True,"Staff, Location, Off",
15,1,True,"Staff, Location, Off",
15,2,True,"Staff, Location, Off",
15,3,True,"Staff, Location, Off",
16,1,True,"Room, Food, Off",
16,2,True,"Room, Food, Off",
16,3,True,"Room, Food, Off",
17,1,True,"Room, Staff, Off",
17,2,True,"Room, Staff, Off",
17,3,True,"Room, Staff, Off",
18,1,True,"Staff, Location, Food, Off",
18,2,True,"Staff, Location, Food, Off",
18,3,True,"Staff, Location, Food, Off",
19,1,True,"Location, Off",
19,2,True,"Location, Off",
19,3,True,"Location, Off",
20,1,True,"Staff, Location, Off",
20,2,True,"Staff, Location, Off",
20,3,True,"Staff, Location, Off",
21,1,True,"Staff, Food, Off",
21,2,True,"Staff, Food, Off",
21,3,True,"Staff, Food, Off",
22,1,True,"Room, Food, Facility",
22,2,True,"Room, Food, Facility",
22,3,True,"Room, Food, Facility",
23,1,True,"Room, Off",
23,2,True,"Room, Off",
23,3,True,"Room, Off",
24,1,True,"Room, Off",
24,2,True,"Room, Off",
24,3,True,"Room, Off",
25,1,True,"Staff, Off",
25,2,True,"Staff, Off",
25,3,True,"Staff, Off",
26,1,True,"Room, Staff, Location, Food, Facility, Off",
26,2,True,"Room, Staff, Location, Food, Facility, Off",
26,3,True,"Room, Staff, Location, Food, Facility, Off",
27,1,True,"Room, Staff, Off",
27,2,True,"Room, Staff, Off",
27,3,True,"Room, Staff, Off",
28,1,True,"Staff, Off",
28,2,True,"Staff, Off",
28,3,True,"Staff, Off",
29,1,True,"Room, Staff, Off",
29,2,True,"Room, Staff, Off",
29,3,True,"Room, Staff, Off",
30,1,True,"Room, Staff, Location, Off",
30,2,True,"Room, Staff, Location, Off",
30,3,True,"Room, Staff, Location, Off",
31,1,True,"Staff, Location, Food, Price, Off",
31,2,True,"Staff, Location, Food, Price, Off",
31,3,True,"Staff, Location, Food, Price, Off",
32,1,True,"Room, Staff, Off",
32,2,True,"Room, Staff, Off",
32,3,True,"Room, Staff, Off",
33,1,True,"Room, Staff, Food, Off",
33,2,True,"Room, Staff, Food, Off",
33,3,True,"Room, Staff, Food, Off",
34,1,True,"Location, Price, Off",
34,2,True,"Location, Price, Off",
34,3,True,"Location, Price, Off",
35,1,True,Off,
35,2,True,Off,
35,3,True,Off,
36,1,True,"Staff, Location, Food, Check-in, Off",
36,2,True,"Staff, Location, Food, Check-in, Off",
36,3,True,"Staff, Location, Food, Check-in, Off",
37,1,True,"Staff, Location, Food, Off",
37,2,True,"Staff, Location, Food, Off",
37,3,True,"Staff, Location, Food, Off",
38,1,True,"Room, Off",
38,2,True,"Room, Off",
38,3,True,"Room, Off",
39,1,True,"Room, Off",
39,2,True,"Room, Off",
39,3,True,"Room, Off",
40,1,True,"Location, Off",
40,2,True,"Location, Off",
40,3,True,"Location, Off",
41,1,True,"Room, Staff, Location, Off",
41,2,True,"Room, Staff, Location, Off",
41,3,True,"Room, Staff, Location, Off",
42,1,True,"Staff, Off",
42,2,True,"Staff, Off",
42,3,True,"Staff, Off",
43,1,True,"Room, Off",
43,2,True,"Room, Off",
43,3,True,"Room, Off",
44,1,True,"Staff, Price, Facility, Off",
44,2,True,"Staff, Price, Facility, Off",
44,3,True,"Staff, Price, Facility, Off",
45,1,True,"Room, Location, Food, Price",
45,2,True,"Room, Location, Food, Price",
45,3,True,"Room, Location, Food, Price",
46,1,True,"Location, Price, Off",
46,2,True,"Location, Price, Off",
46,3,True,"Location, Price, Off",
47,1,True,"Staff, Price, Off, Taxi-issue",
47,2,True,"Staff, Price, Off, Taxi-issue",
47,3,True,"Staff, Price, Off, Taxi-issue",
48,1,True,"Room, Staff, Off",
48,2,True,"Room, Staff, Off",
48,3,True,"Room, Staff, Off",
49,1,True,"Room, Location, Price, Off",
49,2,True,"Room, Location, Price, Off",
49,3,True,"Room, Location, Price, Off",
50,1,True,"Room, Location, Off",
50,2,True,"Room, Location, Off",
50,3,True,"Room, Location, Off",
51,1,True,"Room, Staff, Location, Food, Off",
51,2,True,"Room, Staff, Location, Food, Off",
51,3,True,"Room, Staff, Location, Food, Off",
52,1,True,"Food, Off",
52,2,True,"Food, Off",
52,3,True,"Food, Off",
53,1,True,"Room, Location, Food, Off",
53,2,True,"Room, Location, Food, Off",
53,3,True,"Room, Location, Food, Off",
54,1,True,"Room, Off",
54,2,True,"Room, Off",
54,3,True,"Room, Off",
55,1,True,"Location, Off",
55,2,True,"Location, Off",
55,3,True,"Location, Off",
56,1,True,"Room, Staff, Location, Off",
56,2,True,"Room, Staff, Location, Off",
56,3,True,"Room, Staff, Location, Off",
57,1,True,"Room, Staff, Location, Off, Taxi-issue",
57,2,True,"Room, Staff, Location, Off, Taxi-issue",
57,3,True,"Room, Staff, Location, Off, Taxi-issue",
58,1,True,"Staff, Location, Off",
58,2,True,"Staff, Location, Off",
58,3,True,"Staff, Location, Off",
59,1,True,"Location, Check-in, Off",
59,2,True,"Location, Check-in, Off",
59,3,True,"Location, Check-in, Off",
60,1,True,"Room, Check-in, Off",
60,2,True,"Room, Check-in, Off",
60,3,True,"Room, Check-in, Off",
61,1,True,"Food, Off",
61,2,True,"Food, Off",
61,3,True,"Food, Off",
62,1,True,"Room, Location, Food, Facility, Off",
62,2,True,"Room, Location, Food, Facility, Off",
62,3,True,"Room, Location, Food, Facility, Off",
63,1,True,"Room, Price, Off",
63,2,True,"Staff, Price, Off",
63,3,True,"Staff, Price, Off",
64,1,True,"Room, Location, Food, Off",
64,2,True,"Room, Location, Food, Off",
64,3,True,"Room, Location, Food, Off",
65,1,True,"Room, Staff, Location, Food, Off",
65,2,True,"Room, Staff, Location, Food, Off",
65,3,True,"Room, Staff, Location, Food, Off",
66,1,True,"Room, Staff, Location, Food, Facility, Off",
66,2,True,"Room, Staff, Location, Food, Facility, Off",
66,3,True,"Room, Staff, Location, Food, Facility, Off",
67,1,True,"Staff, Off",
67,2,True,"Staff, Off",
67,3,True,"Staff, Off",
68,1,True,"Staff, Off",
68,2,True,"Staff, Off",
68,3,True,"Staff, Off",
69,1,True,"Staff, Price, Off",
69,2,True,"Staff, Price, Off",
69,3,True,"Staff, Price, Off",
70,1,True,"Staff, Off",
70,2,True,"Staff, Off",
70,3,True,"Staff, Off",
71,1,True,"Staff, Location, Check-in, Off",
71,2,True,"Staff, Location, Check-in, Off",
71,3,True,"Staff, Location, Check-in, Off",
72,1,True,"Room, Staff, Check-in, Off",
72,2,True,"Room, Staff, Check-in, Off",
72,3,True,"Room, Staff, Check-in, Off",
73,1,True,"Room, Staff, Off",
73,2,True,"Room, Staff, Off",
73,3,True,"Room, Staff, Off",
74,1,True,"Room, Staff, Location, Food, Off",
74,2,True,"Room, Staff, Location, Food, Off",
74,3,True,"Room, Staff, Location, Food, Off",
75,1,True,"Location, Off",
75,2,True,"Location, Off",
75,3,True,"Location, Off",
76,1,True,"Location, Off",
76,2,True,"Location, Off",
76,3,True,"Location, Off",
77,1,True,"Staff, Off",
77,2,True,"Staff, Off",
77,3,True,"Staff, Off",
78,1,True,"Room, Staff, Off",
78,2,True,"Room, Staff, Off",
78,3,True,"Room, Staff, Off",
79,1,True,"Staff, Off",
79,2,True,"Staff, Off",
79,3,True,"Staff, Off",
80,1,True,"Location, Food, Price, Off",
80,2,True,"Location, Food, Price, Off",
80,3,True,"Location, Food, Price, Off",
81,1,True,"Room, Location, Off",
81,2,True,"Room, Location, Off",
81,3,True,"Room, Location, Off",
82,1,True,"Staff, Location, Off",
82,2,True,"Staff, Location, Off",
82,3,True,"Staff, Location, Off",
83,1,True,"Room, Location, Off",
83,2,True,"Room, Location, Off",
83,3,True,"Room, Location, Off",
84,1,True,"Staff, Food, Off",
84,2,True,"Staff, Food, Off",
84,3,True,"Staff, Food, Off",
85,1,True,"Room, Food, Check-in, Check-out",
85,2,True,"Room, Food, Check-in, Check-out",
85,3,True,"Room, Food, Check-in, Check-out",
86,1,True,"Staff, Food, Off",
86,2,True,"Staff, Food, Off",
86,3,True,"Staff, Food, Off",
87,1,True,"Staff, Food, Off",
87,2,True,"Staff, Food, Off",
87,3,True,"Staff, Food, Off",
88,1,True,"Room, Staff, Location, Off",
88,2,True,"Room, Staff, Location, Off",
88,3,True,"Room, Staff, Location, Off",
89,1,True,"Room, Check-in, Off",
89,2,True,"Room, Check-in, Off",
89,3,True,"Room, Check-in, Off",
90,1,True,"Staff, Off",
90,2,True,"Staff, Off",
90,3,True,"Staff, Off",
91,1,True,"Room, Staff, Location, Off",
91,2,True,"Room, Staff, Location, Off",
91,3,True,"Room, Staff, Location, Off",
92,1,True,"Staff, Check-in, Off",
92,2,True,"Staff, Check-in, Off",
92,3,True,"Staff, Check-in, Off",
93,1,True,"Room, Location, Food, Off",
93,2,True,"Room, Location, Food, Off",
93,3,True,"Room, Location, Food, Off",
94,1,True,"Staff, Food, Facility, Off",
94,2,True,"Staff, Food, Facility, Off",
94,3,True,"Staff, Food, Facility, Off",
95,1,True,"Location, Off",
95,2,True,"Location, Off",
95,3,True,"Location, Off",
96,1,True,"Room, Staff, Off",
96,2,True,"Room, Staff, Off",
96,3,True,"Room, Staff, Off",
97,1,True,"Staff, Food, Off",
97,2,True,"Staff, Food, Off",
97,3,True,"Staff, Food, Off",
98,1,True,"Room, Location, Facility, Off",
98,2,True,"Room, Location, Facility, Off",
98,3,True,"Room, Location, Facility, Off",
99,1,True,"Staff, Off",
99,2,True,"Staff, Off",
99,3,True,"Staff, Off",
100,1,True,"Staff, Off",
100,2,True,"Staff, Off",
100,3,True,"Staff, Off",
101,1,True,"Staff, Off",
101,2,True,"Staff, Off",
101,3,True,"Staff, Off",
102,1,True,"Room, Staff, Location, Off",
102,2,True,"Room, Staff, Location, Off",
102,3,True,"Room, Staff, Location, Off",
103,1,True,"Room, Off",
103,2,True,"Room, Off",
103,3,True,"Room, Off",
104,1,True,"Room, Off",
104,2,True,"Room, Off",
104,3,True,"Room, Off",
105,1,True,"Room, Staff, Off",
105,2,True,"Room, Staff, Off",
105,3,True,"Room, Staff, Off",
106,1,True,"Room, Location, Check-in, Off, Booking-issue",
106,2,True,"Staff, Location, Off, Booking-issue, Taxi-issue",
106,3,True,"Staff, Location, Off, Booking-issue, Taxi-issue",
107,1,True,"Room, Location, Food, Facility, Check-in, Off",
107,2,True,"Room, Location, Food, Facility, Check-in, Off",
107,3,True,"Room, Location, Food, Facility, Check-in, Off",
108,1,True,Off,
108,2,True,Off,
108,3,True,Off,
109,1,True,"Room, Staff, Location, Off",
109,2,True,"Room, Staff, Location, Off",
109,3,True,"Room, Staff, Location, Off",
110,1,True,"Room, Location, Facility, Check-in, Check-out, Off",
110,2,True,"Room, Location, Facility, Check-in, Check-out, Off",
110,3,True,"Room, Location, Facility, Check-in, Check-out, Off",
111,1,True,"Room, Location, Off",
111,2,True,"Room, Location, Off",
111,3,True,"Room, Location, Off",
112,1,True,"Location, Food, Off",
112,2,True,"Location, Food, Off",
112,3,True,"Location, Food, Off",
113,1,True,"Room, Staff, Off",
113,2,True,"Room, Staff, Off",
113,3,True,"Room, Staff, Off",
114,1,True,"Room, Staff, Location, Facility, Check-in, Off",
114,2,True,"Room, Staff, Location, Facility, Check-in, Off",
114,3,True,"Room, Staff, Location, Facility, Check-in, Off",
115,1,True,"Room, Staff, Location, Off",
115,2,True,"Room, Staff, Location, Off",
115,3,True,"Room, Staff, Location, Off",
116,1,True,"Room, Location, Facility, Off",
116,2,True,"Room, Location, Facility, Off",
116,3,True,"Room, Location, Facility, Off",
117,1,True,"Location, Off",
117,2,True,"Location, Off",
117,3,True,"Location, Off",
118,1,True,"Room, Staff, Location, Food, Off",
118,2,True,"Room, Staff, Location, Food, Off",
118,3,True,"Room, Staff, Location, Food, Off",
119,1,True,"Room, Staff, Location, Facility, Off",
119,2,True,"Room, Staff, Location, Facility, Off",
119,3,True,"Room, Staff, Location, Facility, Off",
120,1,True,"Staff, Location, Off",
120,2,True,"Staff, Location, Off",
120,3,True,"Staff, Location, Off",
121,1,True,Off,
121,2,True,Off,
121,3,True,Off,
122,1,True,"Staff, Off",
122,2,True,"Staff, Off",
122,3,True,"Staff, Off",
123,1,True,"Staff, Location, Check-in, Off",
123,2,True,"Staff, Location, Check-in, Off",
123,3,True,"Staff, Location, Check-in, Off",
124,1,True,"Staff, Off",
124,2,True,"Staff, Off",
124,3,True,"Staff, Off",
125,1,True,"Staff, Location, Price, Off, Taxi-issue",
125,2,True,"Staff, Location, Price, Off, Taxi-issue",
125,3,True,"Staff, Location, Price, Off, Taxi-issue",
126,1,True,"Room, Staff, Food, Facility, Off",
126,2,True,"Room, Staff, Food, Facility, Off",
126,3,True,"Room, Staff, Food, Facility, Off",
127,1,True,"Room, Off",
127,2,True,"Room, Off",
127,3,True,"Room, Off",
128,1,True,"Room, Location, Off",
128,2,True,"Room, Location, Off",
128,3,True,"Room, Location, Off",
129,1,True,"Room, Staff, Off",
129,2,True,"Room, Staff, Off",
129,3,True,"Room, Staff, Off",
130,1,True,"Staff, Off",
130,2,True,"Staff, Off",
130,3,True,"Staff, Off",
131,1,True,"Room, Staff, Off",
131,2,True,"Room, Staff, Off",
131,3,True,"Room, Staff, Off",
132,1,True,"Staff, Food, Off",
132,2,True,"Staff, Food, Off",
132,3,True,"Staff, Food, Off",
133,1,True,"Room, Staff, Off",
133,2,True,"Room, Staff, Off",
133,3,True,"Room, Staff, Off",
134,1,True,"Staff, Location, Food, Off",
134,2,True,"Staff, Location, Food, Off",
134,3,True,"Staff, Location, Food, Off",
135,1,True,"Room, Staff, Food, Off",
135,2,True,"Room, Staff, Food, Off",
135,3,True,"Room, Staff, Food, Off",
136,1,True,"Room, Food, Price, Off",
136,2,True,"Room, Food, Price, Off",
136,3,True,"Room, Food, Price, Off",
137,1,True,"Room, Staff, Location, Off",
137,2,True,"Room, Staff, Location, Off",
137,3,True,"Room, Staff, Location, Off",
138,1,True,"Room, Staff, Location, Off",
138,2,True,"Room, Staff, Location, Off",
138,3,True,"Room, Staff, Location, Off",
139,1,True,"Location, Food, Off",
139,2,True,"Location, Food, Off",
139,3,True,"Location, Food, Off",
140,1,True,"Room, Location, Food, Check-in, Off",
140,2,True,"Room, Location, Food, Check-in, Off",
140,3,True,"Room, Location, Food, Check-in, Off",
141,1,True,"Staff, Off",
141,2,True,"Staff, Off",
141,3,True,"Staff, Off",
142,1,True,"Staff, Location, Off",
142,2,True,"Staff, Location, Off",
142,3,True,"Staff, Location, Off",
143,1,True,"Room, Location, Off",
143,2,True,"Room, Location, Off",
143,3,True,"Room, Location, Off",
144,1,True,"Staff, Off",
144,2,True,"Staff, Off",
144,3,True,"Staff, Off",
145,1,True,"Room, Staff, Location, Food, Facility, Check-in",
145,2,True,"Room, Staff, Location, Food, Facility, Check-in",
145,3,True,"Room, Staff, Location, Food, Facility, Check-in",
146,1,True,"Room, Staff, Off",
146,2,True,"Room, Staff, Off",
146,3,True,"Room, Staff, Off",
147,1,True,"Staff, Off",
147,2,True,"Staff, Off",
147,3,True,"Staff, Off",
148,1,True,"Room, Location, Off",
148,2,True,"Room, Location, Off",
148,3,True,"Room, Location, Off",
149,1,True,"Room, Staff, Price, Check-in, Off",
149,2,True,"Room, Staff, Price, Check-in, Off",
149,3,True,"Room, Staff, Price, Check-in, Off",
150,1,True,"Location, Off",
150,2,True,"Location, Off",
150,3,True,"Location, Off",
151,1,True,"Staff, Off",
151,2,True,"Staff, Off",
151,3,True,"Staff, Off",
152,1,True,"Room, Location, Check-in, Check-out, Off, Taxi-issue",
152,2,True,"Room, Location, Check-in, Check-out, Off, Taxi-issue",
152,3,True,"Room, Location, Check-in, Check-out, Off, Taxi-issue",
153,1,True,"Room, Staff, Location, Food, Off",
153,2,True,"Room, Staff, Location, Food, Facility, Check-in, Off",
153,3,True,"Room, Staff, Location, Food, Facility, Check-in, Off",
154,1,True,"Staff, Food, Off",
154,2,True,"Staff, Food, Off",
154,3,True,"Staff, Food, Off",
155,1,True,"Room, Location, Food, Price, Facility, Check-in, Check-out, Off",
155,2,True,"Room, Location, Food, Price, Facility, Check-in",
155,3,True,"Room, Location, Food, Price, Facility, Check-in",
156,1,True,"Room, Location, Price, Facility, Check-in, Off",
156,2,True,"Room, Location, Price, Facility, Check-in, Off",
156,3,True,"Room, Location, Price, Facility, Check-in, Off",
157,1,True,"Room, Location, Facility, Off",
157,2,True,"Room, Location, Facility, Off",
157,3,True,"Room, Location, Facility, Off",
158,1,True,"Staff, Location, Food, Check-in, Off",
158,2,True,"Staff, Location, Food, Check-in, Off",
158,3,True,"Staff, Location, Food, Check-in, Off",
159,1,True,"Room, Staff, Location, Off",
159,2,True,"Room, Staff, Location, Off",
159,3,True,"Room, Staff, Location, Off",
160,1,True,"Location, Food",
160,2,True,"Staff, Off",
160,3,True,"Staff, Off",
161,1,True,"Staff, Price, Check-in, Check-out, Off",
161,2,True,"Staff, Price, Check-in, Check-out, Off",
161,3,True,"Staff, Price, Check-in, Check-out, Off",
162,1,True,"Staff, Food, Off",
162,2,True,"Staff, Food, Off",
162,3,True,"Staff, Food, Off",
163,1,True,"Staff, Check-in, Off",
163,2,True,"Staff, Check-in, Off",
163,3,True,"Staff, Check-in, Off",
164,1,True,"Staff, Off",
164,2,True,"Staff, Off",
164,3,True,"Staff, Off",
165,1,True,"Staff, Off",
165,2,True,"Staff, Off",
165,3,True,"Staff, Off",
166,1,True,"Location, Off",
166,2,True,"Location, Off",
166,3,True,"Location, Off",
167,1,True,"Staff, Food, Off",
167,2,True,"Staff, Food, Off",
167,3,True,"Staff, Food, Off",
168,1,True,"Room, Staff, Location, Food, Off",
168,2,True,"Room, Staff, Location, Food, Off",
168,3,True,"Room, Staff, Location, Food, Off",
169,1,True,"Room, Staff, Location, Food, Off",
169,2,True,"Room, Staff, Location, Food, Off",
169,3,True,"Room, Staff, Location, Food, Off",
170,1,True,"Staff, Food, Off",
170,2,True,"Staff, Food, Off",
170,3,True,"Staff, Food, Off",
171,1,True,"Staff, Location, Off",
171,2,True,"Staff, Location, Off",
171,3,True,"Staff, Location, Off",
172,1,True,"Staff, Off",
172,2,True,"Staff, Off",
172,3,True,"Staff, Off",
173,1,True,"Room, Staff, Off",
173,2,True,"Room, Staff, Off",
173,3,True,"Room, Staff, Off",
174,1,True,"Staff, Off",
174,2,True,"Staff, Off",
174,3,True,"Staff, Off",
175,1,True,"Location, Off",
175,2,True,"Location, Off",
175,3,True,"Location, Off",
176,1,True,"Room, Off",
176,2,True,"Room, Off",
176,3,True,"Room, Off",
177,1,True,"Staff, Location, Off",
177,2,True,"Staff, Location, Off",
177,3,True,"Staff, Location, Off",
178,1,True,"Staff, Off",
178,2,True,"Staff, Off",
178,3,True,"Staff, Off",
179,1,True,"Location, Off",
179,2,True,"Location, Off",
179,3,True,"Location, Off",
180,1,True,"Room, Staff, Food",
180,2,True,"Room, Staff, Food",
180,3,True,"Room, Staff, Food",
181,1,True,"Room, Staff, Off",
181,2,True,"Room, Staff, Off",
181,3,True,"Room, Staff, Off",
182,1,True,"Staff, Location, Off",
182,2,True,"Staff, Location, Off",
182,3,True,"Staff, Location, Off",
183,1,True,"Room, Staff, Location, Food, Off",
183,2,True,"Room, Staff, Location, Food, Off",
183,3,True,"Room, Staff, Location, Food, Off",
184,1,True,"Staff, Food, Off",
184,2,True,"Staff, Food, Off",
184,3,True,"Staff, Food, Off",
185,1,True,"Staff, Location, Check-in, Off",
185,2,True,"Staff, Location, Check-in, Off",
185,3,True,"Staff, Location, Check-in, Off",
186,1,True,"Staff, Off",
186,2,True,"Staff, Off",
186,3,True,"Staff, Off",
187,1,True,"Staff, Off",
187,2,True,"Staff, Off",
187,3,True,"Staff, Off",
188,1,True,"Staff, Off",
188,2,True,"Staff, Off",
188,3,True,"Staff, Off",
189,1,True,"Room, Off",
189,2,True,"Room, Off",
189,3,True,"Room, Off",
190,1,True,"Location, Food, Check-in",
190,2,True,"Staff, Location, Food, Check-in",
190,3,True,"Staff, Location, Food, Check-in",
191,1,True,"Room, Location, Off",
191,2,True,"Room, Location, Off",
191,3,True,"Room, Location, Off",
192,1,True,"Staff, Location, Off",
192,2,True,"Staff, Location, Off",
192,3,True,"Staff, Location, Off",
193,1,True,"Room, Staff, Location, Off",
193,2,True,"Room, Staff, Location, Off",
193,3,True,"Room, Staff, Location, Off",
194,1,True,"Staff, Location, Off",
194,2,True,"Staff, Location, Off",
194,3,True,"Staff, Location, Off",
195,1,True,"Room, Staff, Off",
195,2,True,"Room, Staff, Off",
195,3,True,"Room, Staff, Off",
196,1,True,"Staff, Price, Check-in, Off, Booking-issue",
196,2,True,"Price, Off, Booking-issue",
196,3,True,"Price, Off, Booking-issue",
197,1,True,"Location, Off",
197,2,True,"Location, Off",
197,3,True,"Location, Off",
198,1,True,"Staff, Food, Off",
198,2,True,"Staff, Food, Off",
198,3,True,"Staff, Food, Off",
199,1,True,"Room, Staff, Location, Off",
199,2,True,"Room, Staff, Location, Off",
199,3,True,"Room, Staff, Location, Off",
200,1,True,"Room, Food, Off",
200,2,True,"Room, Food, Off",
200,3,True,"Room, Food, Off",
201,1,True,Off,
201,2,True,Off,
201,3,True,Off,
202,1,True,"Staff, Location, Off",
202,2,True,"Staff, Location, Off",
202,3,True,"Staff, Location, Off",
203,1,True,"Room, Staff, Price, Off",
203,2,True,"Room, Staff, Price, Off",
203,3,True,"Room, Staff, Price, Off",
204,1,True,"Staff, Off",
204,2,True,"Staff, Off",
204,3,True,"Staff, Off",
205,1,True,"Room, Off",
205,2,True,"Room, Off",
205,3,True,"Room, Off",
206,1,True,"Location, Off",
206,2,True,"Location, Off",
206,3,True,"Location, Off",
207,1,True,"Staff, Off",
207,2,True,"Staff, Off",
207,3,True,"Staff, Off",
208,1,True,"Location, Off",
208,2,True,"Location, Off",
208,3,True,"Location, Off",
209,1,True,"Room, Staff, Food, Off",
209,2,True,"Room, Staff, Food, Off",
209,3,True,"Room, Staff, Food, Off",
210,1,True,"Room, Staff, Location, Off",
210,2,True,"Room, Staff, Location, Off",
210,3,True,"Room, Staff, Location, Off",
211,1,True,"Staff, Location, Food, Off",
211,2,True,"Staff, Location, Food, Off",
211,3,True,"Staff, Location, Food, Off",
212,1,True,"Staff, Price, Off",
212,2,True,"Staff, Price, Off",
212,3,True,"Staff, Price, Off",
213,1,True,"Staff, Food, Off",
213,2,True,"Staff, Food, Off",
213,3,True,"Staff, Food, Off",
214,1,True,"Staff, Check-in, Off, Taxi-issue",
214,2,True,"Staff, Check-in, Off, Taxi-issue",
214,3,True,"Staff, Check-in, Off, Taxi-issue",
215,1,True,"Staff, Off",
215,2,True,"Staff, Off",
215,3,True,"Staff, Off",
216,1,True,"Room, Facility, Off",
216,2,True,"Room, Facility, Off",
216,3,True,"Room, Facility, Off",
217,1,True,"Location, Off",
217,2,True,"Location, Off",
217,3,True,"Location, Off",
218,1,True,"Room, Location, Off",
218,2,True,"Room, Location, Off",
218,3,True,"Room, Location, Off",
219,1,True,"Room, Facility, Off",
219,2,True,"Room, Facility, Off",
219,3,True,"Room, Facility, Off",
220,1,True,"Room, Location, Facility, Check-in, Check-out, Off",
220,2,True,"Room, Location, Facility, Check-in, Check-out, Off",
220,3,True,"Room, Location, Facility, Check-in, Check-out, Off",
221,1,True,"Room, Staff, Food, Off",
221,2,True,"Room, Staff, Food, Off",
221,3,True,"Room, Staff, Food, Off",
222,1,True,"Room, Off",
222,2,True,"Room, Off",
222,3,True,"Room, Off",
223,1,True,"Staff, Check-in, Off",
223,2,True,"Staff, Check-in, Off",
223,3,True,"Staff, Check-in, Off",
224,1,True,"Staff, Off",
224,2,True,"Staff, Off",
224,3,True,"Staff, Off",
225,1,True,Off,
225,2,True,Off,
225,3,True,Off,
226,1,True,"Room, Staff, Facility, Check-in, Off",
226,2,True,"Room, Staff, Facility, Check-in, Off",
226,3,True,"Room, Staff, Facility, Check-in, Off",
227,1,True,"Room, Location, Check-in, Off",
227,2,True,"Room, Location, Check-in, Off",
227,3,True,"Room, Location, Check-in, Off",
228,1,True,"Room, Location, Off",
228,2,True,"Room, Location, Off",
228,3,True,"Room, Location, Off",
229,1,True,"Staff, Off",
229,2,True,"Staff, Off",
229,3,True,"Staff, Off",
230,1,True,"Location, Off",
230,2,True,"Location, Off",
230,3,True,"Location, Off",
231,1,True,"Room, Staff, Off",
231,2,True,"Room, Staff, Off",
231,3,True,"Room, Staff, Off",
232,1,True,"Room, Location, Food, Price, Check-in, Check-out, Off",
232,2,True,"Room, Location, Food, Price, Check-in, Check-out, Off",
232,3,True,"Room, Location, Food, Price, Check-in, Check-out, Off",
233,1,True,"Room, Food, Facility, Off",
233,2,True,"Room, Food, Facility, Off",
233,3,True,"Room, Food, Facility, Off",
234,1,True,"Location, Price, Off",
234,2,True,"Location, Price, Off",
234,3,True,"Location, Price, Off",
235,1,True,"Staff, Location, Off",
235,2,True,"Staff, Location, Off",
235,3,True,"Staff, Location, Off",
236,1,True,"Room, Location, Food, Facility, Off",
236,2,True,"Room, Location, Food, Facility, Off",
236,3,True,"Room, Location, Food, Facility, Off",
237,1,True,"Room, Off",
237,2,True,"Room, Off",
237,3,True,"Room, Off",
238,1,True,"Room, Location, Off",
238,2,True,"Room, Location, Off",
238,3,True,"Room, Location, Off",
239,1,True,"Room, Location, Off",
239,2,True,"Room, Location, Off",
239,3,True,"Room, Location, Off",
240,1,True,"Room, Staff, Location, Off",
240,2,True,"Room, Staff, Location, Off",
240,3,True,"Room, Staff, Location, Off",
241,1,True,"Room, Staff, Location, Off",
241,2,True,"Room, Staff, Location, Off",
241,3,True,"Room, Staff, Location, Off",
242,1,True,"Staff, Off",
242,2,True,"Staff, Off",
242,3,True,"Staff, Off",
243,1,True,"Room, Location, Facility, Off",
243,2,True,"Room, Location, Facility, Off",
243,3,True,"Room, Location, Facility, Off",
244,1,True,"Staff, Off",
244,2,True,"Staff, Off",
244,3,True,"Staff, Off",
245,1,True,"Room, Staff, Food, Off",
245,2,True,"Room, Staff, Food, Off",
245,3,True,"Room, Staff, Food, Off",
246,1,True,"Room, Location, Food, Facility, Off, Taxi-issue",
246,2,True,"Room, Location, Food, Off, Taxi-issue",
246,3,True,"Room, Location, Food, Off, Taxi-issue",
247,1,True,"Location, Off",
247,2,True,"Location, Off",
247,3,True,"Location, Off",
248,1,True,"Staff, Off, Taxi-issue",
248,2,True,"Staff, Off, Taxi-issue",
248,3,True,"Staff, Off, Taxi-issue",
249,1,True,"Location, Off",
249,2,True,"Location, Off",
249,3,True,"Location, Off",
250,1,True,"Room, Staff, Location, Food, Facility, Check-in, Off, Booking-issue",
250,2,True,"Room, Staff, Location, Food, Facility, Check-in, Off, Booking-issue",
250,3,True,"Room, Staff, Location, Food, Facility, Check-in, Off, Booking-issue",
251,1,True,"Staff, Off",
251,2,True,"Staff, Off",
251,3,True,"Staff, Off",
252,1,True,"Room, Staff, Food, Off",
252,2,True,"Room, Staff, Food, Off",
252,3,True,"Room, Staff, Food, Off",
253,1,True,Off,
253,2,True,Off,
253,3,True,Off,
254,1,True,"Room, Staff, Location, Off",
254,2,True,"Room, Staff, Location, Off",
254,3,True,"Room, Staff, Location, Off",
255,1,True,"Room, Staff, Location, Off",
255,2,True,"Room, Staff, Location, Off",
255,3,True,"Room, Staff, Location, Off",
256,1,True,"Room, Facility, Off",
256,2,True,"Room, Facility, Off",
256,3,True,"Room, Facility, Off",
257,1,True,"Room, Staff, Location, Off",
257,2,True,"Room, Staff, Location, Off",
257,3,True,"Room, Staff, Location, Off",
258,1,True,"Staff, Food, Off",
258,2,True,"Staff, Food, Off",
258,3,True,"Staff, Food, Off",
259,1,True,"Staff, Location, Off",
259,2,True,"Staff, Location, Off",
259,3,True,"Staff, Location, Off",
260,1,True,"Room, Staff, Location, Food, Off",
260,2,True,"Room, Staff, Location, Food, Off",
260,3,True,"Room, Staff, Location, Food, Off",
261,1,True,"Room, Staff, Off",
261,2,True,"Room, Staff, Off",
261,3,True,"Room, Staff, Off",
262,1,True,"Room, Staff, Location, Off",
262,2,True,"Room, Staff, Location, Off",
262,3,True,"Room, Staff, Location, Off",
263,1,True,"Room, Off",
263,2,True,"Room, Off",
263,3,True,"Room, Off",
264,1,True,"Room, Staff, Off",
264,2,True,"Room, Staff, Off",
264,3,True,"Room, Staff, Off",
265,1,True,"Room, Staff, Price, Off",
265,2,True,"Room, Staff, Price, Off",
265,3,True,"Room, Staff, Price, Off",
266,1,True,"Staff, Off",
266,2,True,"Staff, Off",
266,3,True,"Staff, Off",
267,1,True,"Staff, Off, Taxi-issue",
267,2,True,"Staff, Off, Taxi-issue",
267,3,True,"Staff, Off, Taxi-issue",
268,1,True,"Room, Staff, Location, Off",
268,2,True,"Room, Staff, Location, Off",
268,3,True,"Room, Staff, Location, Off",
269,1,True,"Staff, Off",
269,2,True,"Staff, Off",
269,3,True,"Staff, Off",
270,1,True,"Room, Staff, Off",
270,2,True,"Room, Staff, Off",
270,3,True,"Room, Staff, Off",
271,1,True,"Location, Off",
271,2,True,"Location, Off",
271,3,True,"Location, Off",
272,1,True,"Staff, Location, Food, Off",
272,2,True,"Staff, Location, Food, Off",
272,3,True,"Staff, Location, Food, Off",
273,1,True,"Staff, Off",
273,2,True,"Staff, Off",
273,3,True,"Staff, Off",
274,1,True,"Staff, Check-in, Off",
274,2,True,"Staff, Check-in, Off",
274,3,True,"Staff, Check-in, Off",
275,1,True,"Room, Staff, Off",
275,2,True,"Room, Staff, Off",
275,3,True,"Room, Staff, Off",
276,1,True,"Staff, Location, Check-in, Off",
276,2,True,"Staff, Location, Check-in, Off",
276,3,True,"Staff, Location, Check-in, Off",
277,1,True,"Staff, Off",
277,2,True,"Staff, Off",
277,3,True,"Staff, Off",
278,1,True,"Staff, Food, Off",
278,2,True,"Staff, Food, Off",
278,3,True,"Staff, Food, Off",
279,1,True,"Room, Location, Food, Off",
279,2,True,"Room, Location, Food, Off",
279,3,True,"Room, Location, Food, Off",
280,1,True,"Room, Staff, Off",
280,2,True,"Room, Staff, Off",
280,3,True,"Room, Staff, Off",
281,1,True,"Staff, Location, Check-in, Check-out, Off",
281,2,True,"Staff, Location, Check-in, Check-out, Off",
281,3,True,"Staff, Location, Check-in, Check-out, Off",
282,1,True,"Staff, Location, Food, Off",
282,2,True,"Staff, Location, Food, Off",
282,3,True,"Staff, Location, Food, Off",
283,1,True,"Staff, Check-in, Off",
283,2,True,"Staff, Check-in, Off",
283,3,True,"Staff, Check-in, Off",
284,1,True,"Room, Staff, Location, Off",
284,2,True,"Room, Staff, Location, Off",
284,3,True,"Room, Staff, Location, Off",
285,1,True,"Room, Facility, Off",
285,2,True,"Room, Facility, Off",
285,3,True,"Room, Facility, Off",
286,1,True,"Location, Off",
286,2,True,"Location, Off",
286,3,True,"Location, Off",
287,1,True,"Room, Price, Off",
287,2,True,"Room, Price, Off",
287,3,True,"Room, Price, Off",
288,1,True,"Staff, Location, Food, Off",
288,2,True,"Staff, Location, Food, Off",
288,3,True,"Staff, Location, Food, Off",
289,1,True,"Room, Location, Off, Taxi-issue",
289,2,True,"Room, Location, Off, Taxi-issue",
289,3,True,"Room, Location, Off, Taxi-issue",
290,1,True,"Room, Staff, Food, Price, Off",
290,2,True,"Room, Staff, Food, Price, Off",
290,3,True,"Room, Staff, Food, Price, Off",
291,1,True,"Staff, Location, Off",
291,2,True,"Staff, Location, Off",
291,3,True,"Staff, Location, Off",
292,1,True,"Location, Off",
292,2,True,"Location, Off",
292,3,True,"Location, Off",
293,1,True,"Staff, Off",
293,2,True,"Staff, Off",
293,3,True,"Staff, Off",
294,1,True,"Room, Off",
294,2,True,"Room, Off",
294,3,True,"Room, Off",
295,1,True,"Room, Staff, Location, Food, Facility, Check-in, Off",
295,2,True,"Room, Staff, Location, Food, Facility, Check-in, Off",
295,3,True,"Room, Staff, Location, Food, Facility, Check-in, Off",
296,1,True,Off,
296,2,True,Off,
296,3,True,Off,
297,1,True,"Room, Off",
297,2,True,"Room, Off",
297,3,True,"Room, Off",
298,1,True,"Location, Staff, Room, Off",
298,2,True,"Room, Staff, Location, Off",
298,3,True,"Room, Staff, Location, Off",
299,1,True,"Room, Staff, Location, Off",
299,2,True,"Room, Staff, Location, Off",
299,3,True,"Room, Staff, Location, Off",
300,1,True,"Room, Staff, Location, Facility, Off",
300,2,True,"Room, Staff, Location, Facility, Off",
300,3,True,"Room, Staff, Location, Facility, Off",
301,1,True,"Staff, Off",
301,2,True,"Staff, Off",
301,3,True,"Staff, Off",
302,1,True,"Food, Off",
302,2,True,"Food, Off",
302,3,True,"Food, Off",
303,1,True,"Room, Staff, Off",
303,2,True,"Room, Staff, Off",
303,3,True,"Room, Staff, Off",
304,1,True,"Room, Staff, Location, Off",
304,2,True,"Room, Staff, Location, Off",
304,3,True,"Room, Staff, Location, Off",
305,1,True,"Staff, Off",
305,2,True,"Staff, Off",
305,3,True,"Staff, Off",
306,1,True,"Staff, Off",
306,2,True,"Staff, Off",
306,3,True,"Staff, Off",
307,1,True,"Room, Location, Price, Check-in, Off, Taxi-issue",
307,2,True,"Room, Location, Price, Check-in, Off, Taxi-issue",
307,3,True,"Room, Location, Price, Check-in, Off, Taxi-issue",
308,1,True,"Staff, Off",
308,2,True,"Staff, Off",
308,3,True,"Staff, Off",
309,1,True,"Staff, Off",
309,2,True,"Staff, Off",
309,3,True,"Staff, Off",
310,1,True,"Staff, Location, Food, Check-in, Check-out, Off",
310,2,True,"Staff, Location, Food, Check-in, Check-out, Off",
310,3,True,"Staff, Location, Food, Check-in, Check-out, Off",
311,1,True,"Staff, Off",
311,2,True,"Staff, Off",
311,3,True,"Staff, Off",
312,1,True,"Room, Staff, Location, Food, Off",
312,2,True,"Room, Staff, Location, Food, Off",
312,3,True,"Room, Staff, Location, Food, Off",
313,1,True,"Staff, Location, Price, Facility, Off",
313,2,True,"Staff, Location, Price, Facility, Off",
313,3,True,"Staff, Location, Price, Facility, Off",
314,1,True,"Room, Location, Facility, Check-in, Check-out, Off",
314,2,True,"Room, Location, Facility, Check-in, Check-out, Off",
314,3,True,"Room, Location, Facility, Check-in, Check-out, Off",
315,1,True,"Staff, Off",
315,2,True,"Staff, Off",
315,3,True,"Staff, Off",
316,1,True,"Room, Staff, Location, Off",
316,2,True,"Room, Staff, Location, Off",
316,3,True,"Room, Staff, Location, Off",
317,1,True,"Food, Off",
317,2,True,"Food, Off",
317,3,True,"Food, Off",
318,1,True,"Room, Staff, Location, Off",
318,2,True,"Room, Staff, Location, Off",
318,3,True,"Room, Staff, Location, Off",
319,1,True,"Room, Staff, Check-in, Off",
319,2,True,"Room, Staff, Check-in, Off",
319,3,True,"Room, Staff, Check-in, Off",
320,1,True,"Room, Location, Off",
320,2,True,"Room, Location, Off",
320,3,True,"Room, Location, Off",
321,1,True,"Staff, Off",
321,2,True,"Staff, Off",
321,3,True,"Staff, Off",
322,1,True,"Room, Location, Check-in, Off",
322,2,True,"Room, Location, Check-in, Off",
322,3,True,"Room, Location, Check-in, Off",
323,1,True,"Room, Staff, Location, Price, Facility, Off",
323,2,True,"Room, Staff, Location, Price, Facility, Off",
323,3,True,"Room, Staff, Location, Price, Facility, Off",
324,1,True,"Room, Staff, Location, Off",
324,2,True,"Room, Staff, Location, Off",
324,3,True,"Room, Staff, Location, Off",
325,1,True,"Room, Staff, Location, Off",
325,2,True,"Room, Staff, Location, Off",
325,3,True,"Room, Staff, Location, Off",
326,1,True,"Room, Off",
326,2,True,"Room, Off",
326,3,True,"Room, Off",
327,1,True,"Staff, Location, Check-in, Off",
327,2,True,"Staff, Location, Check-in, Off",
327,3,True,"Staff, Location, Check-in, Off",
328,1,True,"Room, Location, Facility, Off",
328,2,True,"Room, Location, Facility, Off",
328,3,True,"Room, Location, Facility, Off",
329,1,True,"Location, Off",
329,2,True,"Location, Off",
329,3,True,"Location, Off",
330,1,True,"Staff, Food, Off",
330,2,True,"Staff, Food, Off",
330,3,True,"Staff, Food, Off",
331,1,True,"Staff, Off",
331,2,True,"Staff, Off",
331,3,True,"Staff, Off",
332,1,True,"Room, Staff, Price, Off, Taxi-issue",
332,2,True,"Room, Staff, Price, Off, Taxi-issue",
332,3,True,"Room, Staff, Price, Off, Taxi-issue",
333,1,True,"Room, Food",
333,2,True,"Room, Food",
333,3,True,"Room, Food",
334,1,True,"Staff, Location, Price, Off",
334,2,True,"Staff, Location, Price, Off",
334,3,True,"Staff, Location, Price, Off",
335,1,True,"Room, Off",
335,2,True,"Room, Off",
335,3,True,"Room, Off",
336,1,True,"Room, Staff, Food, Off",
336,2,True,"Room, Staff, Food",
336,3,True,"Room, Staff, Food",
337,1,True,"Staff, Off",
337,2,True,"Staff, Off",
337,3,True,"Staff, Off",
338,1,True,"Room, Staff, Location, Facility, Off",
338,2,True,"Room, Staff, Location, Facility, Off",
338,3,True,"Room, Staff, Location, Facility, Off",
339,1,True,"Room, Staff, Food, Off",
339,2,True,"Room, Staff, Food, Off",
339,3,True,"Room, Staff, Food, Off",
340,1,True,"Room, Location, Price, Off",
340,2,True,"Room, Location, Price, Off",
340,3,True,"Room, Location, Price, Off",
341,1,True,"Room, Staff, Location, Off",
341,2,True,"Room, Staff, Location, Off",
341,3,True,"Room, Staff, Location, Off",
342,1,True,"Staff, Off",
342,2,True,"Staff, Off",
342,3,True,"Staff, Off",
343,1,True,"Staff, Off",
343,2,True,"Staff, Off",
343,3,True,"Staff, Off",
344,1,True,"Staff, Location, Off",
344,2,True,"Staff, Location, Off",
344,3,True,"Staff, Location, Off",
345,1,True,"Room, Off",
345,2,True,"Room, Off",
345,3,True,"Room, Off",
346,1,True,"Staff, Off, Taxi-issue",
346,2,True,"Staff, Off, Taxi-issue",
346,3,True,"Staff, Off, Taxi-issue",
347,1,True,"Room, Staff, Location, Check-in, Off",
347,2,True,"Room, Staff, Location, Check-in, Off",
347,3,True,"Room, Staff, Location, Check-in, Off",
348,1,True,"Staff, Location, Food, Off",
348,2,True,"Staff, Location, Food, Off",
348,3,True,"Staff, Location, Food, Off",
349,1,True,"Room, Staff, Off",
349,2,True,"Room, Staff, Off",
349,3,True,"Room, Staff, Off",
350,1,True,"Room, Staff, Location, Facility, Off",
350,2,True,"Room, Staff, Location, Facility, Off",
350,3,True,"Room, Staff, Location, Facility, Off",
351,1,True,"Room, Location, Off",
351,2,True,"Room, Location, Off",
351,3,True,"Room, Location, Off",
352,1,True,"Room, Off",
352,2,True,"Room, Off",
352,3,True,"Room, Off",
353,1,True,"Room, Staff, Location, Off",
353,2,True,"Room, Staff, Location, Off",
353,3,True,"Room, Staff, Location, Off",
354,1,True,"Staff, Off",
354,2,True,"Staff, Off",
354,3,True,"Staff, Off",
355,1,True,"Location, Food, Off",
355,2,True,"Location, Food, Off",
355,3,True,"Location, Food, Off",
356,1,True,"Staff, Off",
356,2,True,"Staff, Off",
356,3,True,"Staff, Off",
357,1,True,"Staff, Off",
357,2,True,"Staff, Off",
357,3,True,"Staff, Off",
358,1,True,"Location, Off",
358,2,True,"Location, Off",
358,3,True,"Location, Off",
359,1,True,"Location, Off",
359,2,True,"Location, Off",
359,3,True,"Location, Off",
360,1,True,"Food, Off",
360,2,True,"Food, Off",
360,3,True,"Food, Off",
361,1,False,"Location, Off",'Room' is a required property
361,2,False,"Location, Off",'Room' is a required property
361,3,False,"Location, Off",'Room' is a required property
362,1,True,"Room, Staff, Food, Off",
362,2,True,"Room, Staff, Food, Off",
362,3,True,"Room, Staff, Food, Off",
363,1,True,"Staff, Off",
363,2,True,"Staff, Off",
363,3,True,"Staff, Off",
364,1,True,"Staff, Location, Off",
364,2,True,"Staff, Location, Off",
364,3,True,"Staff, Location, Off",
365,1,True,"Room, Location, Check-in, Check-out, Off",
365,2,True,"Room, Location, Check-in, Check-out, Off",
365,3,True,"Room, Location, Check-in, Check-out, Off",
366,1,True,"Staff, Food, Price, Off",
366,2,True,"Staff, Food, Price, Off",
366,3,True,"Staff, Food, Price, Off",
367,1,True,"Room, Staff, Off",
367,2,True,"Room, Staff, Off",
367,3,True,"Room, Staff, Off",
368,1,True,"Location, Off",
368,2,True,"Location, Off",
368,3,True,"Location, Off",
369,1,True,"Staff, Location, Food, Off",
369,2,True,"Staff, Location, Food, Off",
369,3,True,"Staff, Location, Food, Off",
370,1,True,"Room, Location, Facility, Off",
370,2,True,"Room, Location, Facility, Off",
370,3,True,"Room, Location, Facility, Off",
371,1,True,"Staff, Off",
371,2,True,"Staff, Off",
371,3,True,"Staff, Off",
372,1,True,"Room, Location, Facility, Off",
372,2,True,"Room, Location, Facility, Off",
372,3,True,"Room, Location, Facility, Off",
373,1,True,"Room, Staff, Food, Check-in, Off",
373,2,True,"Room, Staff, Food, Check-in, Off",
373,3,True,"Room, Staff, Food, Check-in, Off",
374,1,True,"Room, Location, Facility, Off",
374,2,True,"Room, Location, Facility, Off",
374,3,True,"Room, Location, Facility, Off",
375,1,True,"Room, Location, Food, Off",
375,2,True,"Staff, Location, Food, Off",
375,3,True,"Staff, Location, Food, Off",
376,1,True,"Room, Location, Food, Off",
376,2,True,"Room, Location, Food",
376,3,True,"Room, Location, Food",
377,1,True,"Room, Staff, Location, Food, Off",
377,2,True,"Room, Staff, Location, Food, Off",
377,3,True,"Room, Staff, Location, Food, Off",
378,1,True,"Room, Staff, Food, Off",
378,2,True,"Room, Staff, Food, Off",
378,3,True,"Room, Staff, Food, Off",
379,1,True,"Room, Staff, Off, Taxi-issue",
379,2,True,"Room, Staff, Off, Taxi-issue",
379,3,True,"Room, Staff, Off, Taxi-issue",
380,1,True,"Room, Staff, Location, Off",
380,2,True,"Room, Staff, Location, Off",
380,3,True,"Room, Staff, Location, Off",
381,1,True,"Room, Staff, Location, Off",
381,2,True,"Room, Staff, Location, Off",
381,3,True,"Room, Staff, Location, Off",
382,1,True,"Room, Staff, Location, Facility, Check-in, Off",
382,2,True,"Room, Staff, Location, Off",
382,3,True,"Room, Staff, Location, Off",
383,1,True,"Staff, Food, Facility, Off",
383,2,True,"Staff, Food, Facility, Off",
383,3,True,"Staff, Food, Facility, Off",
384,1,True,"Room, Staff, Off",
384,2,True,"Room, Staff, Off",
384,3,True,"Room, Staff, Off",
385,1,True,"Staff, Off",
385,2,True,"Staff, Off",
385,3,True,"Staff, Off",
386,1,True,"Room, Staff, Off",
386,2,True,"Room, Staff, Off",
386,3,True,"Room, Staff, Off",
387,1,True,"Room, Staff, Off",
387,2,True,"Room, Staff, Off",
387,3,True,"Room, Staff, Off",
388,1,True,"Room, Staff, Location, Facility, Off",
388,2,True,"Room, Staff, Location, Facility, Off",
388,3,True,"Room, Staff, Location, Facility, Off",
389,1,True,"Staff, Location, Off",
389,2,True,"Staff, Location, Off",
389,3,True,"Staff, Location, Off",
390,1,True,"Staff, Off",
390,2,True,"Staff, Off",
390,3,True,"Staff, Off",
391,1,True,"Room, Location, Off",
391,2,True,"Room, Location, Off",
391,3,True,"Room, Location, Off",
392,1,True,"Room, Staff, Location, Off",
392,2,True,"Room, Staff, Location, Off",
392,3,True,"Room, Staff, Location, Off",
393,1,True,"Room, Staff, Food, Price, Facility, Off",
393,2,True,"Room, Staff, Food, Price, Facility, Off",
393,3,True,"Room, Staff, Food, Price, Facility, Off",
394,1,True,"Room, Staff, Location, Facility, Check-in, Off",
394,2,True,"Room, Staff, Location, Facility, Check-in, Off",
394,3,True,"Room, Staff, Location, Facility, Check-in, Off",
395,1,True,"Staff, Off",
395,2,True,"Staff, Off",
395,3,True,"Staff, Off",
396,1,True,"Room, Staff, Price, Off",
396,2,True,"Room, Staff, Price, Off",
396,3,True,"Room, Staff, Price, Off",
397,1,True,"Location, Off",
397,2,True,"Location, Off",
397,3,True,"Location, Off",
398,1,True,"Room, Location, Off",
398,2,True,"Room, Location, Off",
398,3,True,"Room, Location, Off",
399,1,True,"Room, Staff, Check-in, Off",
399,2,True,"Room, Staff, Check-in, Off",
399,3,True,"Room, Staff, Check-in, Off",
400,1,True,"Staff, Location, Off",
400,2,True,"Staff, Location, Off",
400,3,True,"Staff, Location, Off",
401,1,True,"Room, Staff, Off",
401,2,True,"Room, Staff, Off",
401,3,True,"Room, Staff, Off",
402,1,True,"Room, Staff, Location, Off",
402,2,True,"Room, Staff, Location, Off",
402,3,True,"Room, Staff, Location, Off",
403,1,True,"Staff, Food, Off",
403,2,True,"Staff, Food, Off",
403,3,True,"Staff, Food, Off",
404,1,True,"Room, Off",
404,2,True,"Room, Off",
404,3,True,"Room, Off",
405,1,True,"Room, Staff, Food, Facility, Off",
405,2,True,"Room, Staff, Food, Facility, Off",
405,3,True,"Room, Staff, Food, Facility, Off",
406,1,True,"Room, Staff, Location, Off",
406,2,True,"Room, Staff, Location, Off",
406,3,True,"Room, Staff, Location, Off",
407,1,True,"Room, Location, Food, Off",
407,2,True,"Room, Location, Food, Off",
407,3,True,"Room, Location, Food, Off",
408,1,True,"Staff, Off",
408,2,True,"Staff, Off",
408,3,True,"Staff, Off",
409,1,True,"Room, Staff, Food, Off",
409,2,True,"Room, Staff, Food, Off",
409,3,True,"Room, Staff, Food, Off",
410,1,True,"Room, Staff, Location, Facility, Off",
410,2,True,"Room, Staff, Location, Facility, Off",
410,3,True,"Room, Staff, Location, Facility, Off",
411,1,True,"Location, Off",
411,2,True,"Location, Off",
411,3,True,"Location, Off",
412,1,True,"Room, Facility, Off",
412,2,True,"Room, Facility, Off",
412,3,True,"Room, Facility, Off",
413,1,True,"Room, Staff, Off",
413,2,True,"Room, Staff, Off",
413,3,True,"Room, Staff, Off",
414,1,True,"Room, Staff, Price, Off",
414,2,True,"Room, Staff, Price, Off",
414,3,True,"Room, Staff, Price, Off",
415,1,True,"Room, Staff, Location, Off",
415,2,True,"Room, Staff, Location, Off",
415,3,True,"Room, Staff, Location, Off",
416,1,True,"Staff, Price, Off",
416,2,True,"Staff, Price, Off",
416,3,True,"Staff, Price, Off",
417,1,True,"Room, Staff, Location, Off, Taxi-issue",
417,2,True,"Room, Staff, Location, Off, Taxi-issue",
417,3,True,"Room, Staff, Location, Off, Taxi-issue",
418,1,True,"Staff, Food, Off",
418,2,True,"Staff, Food, Off",
418,3,True,"Staff, Food, Off",
419,1,True,"Room, Staff, Location, Off",
419,2,True,"Room, Staff, Location, Off",
419,3,True,"Room, Staff, Location, Off",
420,1,True,"Location, Off",
420,2,True,"Location, Off",
420,3,True,"Location, Off",
421,1,True,"Room, Staff, Location, Off",
421,2,True,"Room, Staff, Location, Off",
421,3,True,"Room, Staff, Location, Off",
422,1,True,"Room, Staff, Location, Facility, Off",
422,2,True,"Room, Staff, Location, Facility, Off",
422,3,True,"Room, Staff, Location, Facility, Off",
423,1,True,"Room, Staff, Location, Food, Price, Off",
423,2,True,"Room, Staff, Location, Price, Off",
423,3,True,"Room, Staff, Location, Price, Off",
424,1,True,"Room, Staff, Location, Food, Off",
424,2,True,"Room, Staff, Location, Food, Off",
424,3,True,"Room, Staff, Location, Food, Off",
425,1,True,"Room, Food, Off, Booking-issue",
425,2,True,"Room, Food, Off, Booking-issue",
425,3,True,"Room, Food, Off, Booking-issue",
426,1,True,"Room, Off",
426,2,True,"Room, Off",
426,3,True,"Room, Off",
427,1,True,"Room, Staff, Off",
427,2,True,"Room, Staff, Off",
427,3,True,"Room, Staff, Off",
428,1,True,"Facility, Off",
428,2,True,"Facility, Off",
428,3,True,"Facility, Off",
429,1,True,"Room, Location, Off",
429,2,True,"Room, Location, Off",
429,3,True,"Room, Location, Off",
430,1,True,"Room, Off",
430,2,True,"Room, Off",
430,3,True,"Room, Off",
431,1,True,"Room, Location, Off",
431,2,True,"Room, Location, Off",
431,3,True,"Room, Location, Off",
432,1,True,"Room, Location, Facility, Off",
432,2,True,"Room, Location, Facility, Off",
432,3,True,"Room, Location, Facility, Off",
433,1,True,"Room, Staff, Off",
433,2,True,"Room, Staff, Off",
433,3,True,"Room, Staff, Off",
434,1,True,"Location, Off",
434,2,True,"Location, Off",
434,3,True,"Location, Off",
435,1,True,"Location, Off",
435,2,True,"Location, Off",
435,3,True,"Location, Off",
436,1,True,"Room, Location, Off",
436,2,True,"Room, Location, Off",
436,3,True,"Room, Location, Off",
437,1,True,"Room, Food, Price, Off",
437,2,True,"Room, Food, Price, Off",
437,3,True,"Room, Food, Price, Off",
438,1,True,"Room, Location, Off",
438,2,True,"Room, Location, Off",
438,3,True,"Room, Location, Off",
439,1,True,"Room, Location, Food, Off",
439,2,True,"Room, Location, Food, Off",
439,3,True,"Room, Location, Food, Off",
440,1,True,"Room, Staff, Off",
440,2,True,"Room, Staff",
440,3,True,"Room, Staff",
441,1,True,"Room, Location, Food, Off",
441,2,True,"Room, Location, Food, Off",
441,3,True,"Room, Location, Food, Off",
442,1,True,"Room, Location, Food, Off",
442,2,True,"Room, Location, Food, Off",
442,3,True,"Room, Location, Food, Off",
443,1,True,"Room, Staff, Off",
443,2,True,"Room, Staff, Off",
443,3,True,"Room, Staff, Off",
444,1,True,"Room, Off",
444,2,True,"Room, Off",
444,3,True,"Room, Off",
445,1,True,"Room, Location, Food, Off",
445,2,True,"Room, Location, Food, Off",
445,3,True,"Room, Location, Food, Off",
446,1,True,"Location, Off",
446,2,True,"Location, Off",
446,3,True,"Location, Off",
447,1,True,"Staff, Off",
447,2,True,"Staff, Off",
447,3,True,"Staff, Off",
448,1,True,"Room, Staff, Location, Off",
448,2,True,"Room, Staff, Location, Off",
448,3,True,"Room, Staff, Location, Off",
449,1,True,"Location, Off, Booking-issue, Taxi-issue",
449,2,True,"Location, Off, Booking-issue, Taxi-issue",
449,3,True,"Location, Off, Booking-issue, Taxi-issue",
450,1,True,"Room, Staff, Off",
450,2,True,"Room, Staff, Off",
450,3,True,"Room, Staff, Off",
451,1,True,"Room, Location, Facility, Off",
451,2,True,"Room, Location, Facility, Off",
451,3,True,"Room, Location, Facility, Off",
452,1,True,"Room, Staff, Check-in, Check-out, Off",
452,2,True,"Room, Staff, Location, Check-in, Check-out, Off",
452,3,True,"Room, Staff, Location, Check-in, Check-out, Off",
453,1,True,"Room, Location, Check-in, Off",
453,2,True,"Room, Location, Check-in, Off",
453,3,True,"Room, Location, Check-in, Off",
454,1,True,"Location, Off",
454,2,True,"Location, Off",
454,3,True,"Location, Off",
455,1,True,"Room, Location, Off",
455,2,True,"Room, Location, Off",
455,3,True,"Room, Location, Off",
456,1,True,"Staff, Location, Food, Off, Booking-issue, Taxi-issue",
456,2,True,"Staff, Location, Food, Off, Booking-issue, Taxi-issue",
456,3,True,"Staff, Location, Food, Off, Booking-issue, Taxi-issue",
457,1,True,"Room, Location, Off",
457,2,True,"Room, Location, Off",
457,3,True,"Room, Location, Off",
458,1,True,"Food, Facility, Off, Booking-issue",
458,2,True,"Food, Facility, Off, Booking-issue",
458,3,True,"Food, Facility, Off, Booking-issue",
459,1,True,"Room, Off",
459,2,True,"Room, Off",
459,3,True,"Room, Off",
460,1,True,"Staff, Location, Price, Off, Booking-issue",
460,2,True,"Staff, Location, Price, Off, Booking-issue",
460,3,True,"Staff, Location, Price, Off, Booking-issue",
461,1,True,"Staff, Off",
461,2,True,"Staff, Off",
461,3,True,"Staff, Off",
462,1,True,"Location, Off",
462,2,True,"Location, Off",
462,3,True,"Location, Off",
463,1,True,"Location, Off",
463,2,True,"Location, Off",
463,3,True,"Location, Off",
464,1,True,"Room, Off",
464,2,True,"Room, Off",
464,3,True,"Room, Off",
465,1,True,"Room, Location, Food, Facility, Off",
465,2,True,"Room, Location, Food, Facility, Off",
465,3,True,"Room, Location, Food, Facility, Off",
466,1,True,"Location, Off",
466,2,True,"Location, Off",
466,3,True,"Location, Off",
467,1,True,"Staff, Food, Check-in, Off",
467,2,True,"Staff, Food, Check-in, Off",
467,3,True,"Staff, Food, Check-in, Off",
468,1,True,"Room, Staff",
468,2,True,"Room, Staff",
468,3,True,"Room, Staff",
469,1,True,"Room, Staff, Off",
469,2,True,"Room, Staff, Off",
469,3,True,"Room, Staff, Off",
470,1,True,"Room, Staff, Off",
470,2,True,"Room, Staff, Off",
470,3,True,"Room, Staff, Off",
471,1,True,"Room, Staff, Price, Facility, Off",
471,2,True,"Room, Staff, Price, Facility, Off",
471,3,True,"Room, Staff, Price, Facility, Off",
472,1,True,"Room, Food, Off",
472,2,True,"Room, Food, Off",
472,3,True,"Room, Food, Off",
473,1,True,"Room, Staff, Off",
473,2,True,"Room, Staff, Off",
473,2,True,"Room, Staff, Off",
473,3,True,"Room, Staff, Off",
473,3,True,"Room, Staff, Off",
474,1,True,"Food, Price, Facility, Off",
474,1,True,"Food, Price, Facility, Off",
474,2,True,"Food, Price, Facility, Off",
474,2,True,"Food, Price, Facility, Off",
474,3,True,"Food, Price, Facility, Off",
474,3,True,"Food, Price, Facility, Off",
475,1,True,"Room, Facility, Off",
475,1,True,"Room, Facility, Off",
475,2,True,"Room, Facility, Off",
475,2,True,"Room, Facility, Off",
475,3,True,"Room, Facility, Off",
475,3,True,"Room, Facility, Off",
476,1,True,"Room, Staff, Location, Off",
476,1,True,"Room, Staff, Location, Off",
476,2,True,"Room, Staff, Location, Off",
476,2,True,"Room, Staff, Location, Off",
476,3,True,"Room, Staff, Location, Off",
476,3,True,"Room, Staff, Location, Off",
477,1,True,"Staff, Food, Off",
477,1,True,"Staff, Food, Off",
477,2,True,"Staff, Food, Off",
477,2,True,"Staff, Food, Off",
477,3,True,"Staff, Food, Off",
477,3,True,"Staff, Food, Off",
478,1,True,"Room, Staff, Location, Off",
478,1,True,"Room, Staff, Location, Off",
478,2,True,"Room, Staff, Location, Off",
478,2,True,"Room, Staff, Location, Off",
478,3,True,"Room, Staff, Location, Off",
478,3,True,"Room, Staff, Location, Off",
479,1,True,"Room, Staff, Location, Food, Facility, Off",
479,1,True,"Room, Staff, Location, Food, Facility, Off",
479,2,True,"Room, Staff, Location, Food, Facility, Off",
479,2,True,"Room, Staff, Location, Food, Facility, Off",
479,3,True,"Room, Staff, Location, Food, Facility, Off",
479,3,True,"Room, Staff, Location, Food, Facility, Off",
480,1,True,"Staff, Off",
480,1,True,"Staff, Off",
480,2,True,"Staff, Off",
480,2,True,"Staff, Off",
480,3,True,"Staff, Off",
480,3,True,"Staff, Off",
481,1,True,"Staff, Off",
481,1,True,"Staff, Off",
481,2,True,"Staff, Off",
481,2,True,"Staff, Off",
481,3,True,"Staff, Off",
481,3,True,"Staff, Off",
482,1,True,"Room, Staff, Off",
482,1,True,"Room, Staff, Off",
482,2,True,"Room, Staff, Off",
482,2,True,"Room, Staff, Off",
482,3,True,"Room, Staff, Off",
482,3,True,"Room, Staff, Off",
483,1,True,"Staff, Location, Off",
483,1,True,"Staff, Location, Off",
483,2,True,"Staff, Location, Off",
483,2,True,"Staff, Location, Off",
483,3,True,"Staff, Location, Off",
483,3,True,"Staff, Location, Off",
484,1,True,"Room, Staff, Food, Off",
484,1,True,"Room, Staff, Food, Off",
484,2,True,"Room, Staff, Food, Off",
484,2,True,"Room, Staff, Food, Off",
484,3,True,"Room, Staff, Food, Off",
484,3,True,"Room, Staff, Food, Off",
485,1,True,"Staff, Off",
485,1,True,"Staff, Off",
485,2,True,"Staff, Off",
485,2,True,"Staff, Off",
485,3,True,"Staff, Off",
485,3,True,"Staff, Off",
486,1,True,"Room, Facility, Check-in",
486,1,True,"Room, Facility, Check-in",
486,2,True,"Room, Facility, Check-in",
486,2,True,"Room, Facility, Check-in",
486,3,True,"Room, Facility, Check-in",
486,3,True,"Room, Facility, Check-in",
487,1,True,"Staff, Off",
487,1,True,"Staff, Off",
487,2,True,"Staff, Off",
487,2,True,"Staff, Off",
487,3,True,"Staff, Off",
487,3,True,"Staff, Off",
488,1,True,"Staff, Off",
488,1,True,"Staff, Off",
488,2,True,"Staff, Off",
488,2,True,"Staff, Off",
488,3,True,"Staff, Off",
488,3,True,"Staff, Off",
489,1,True,"Room, Staff, Location, Off",
489,1,True,"Room, Staff, Location, Off",
489,2,True,"Room, Staff, Location, Off",
489,2,True,"Room, Staff, Location, Off",
489,3,True,"Room, Staff, Location, Off",
489,3,True,"Room, Staff, Location, Off",
490,1,True,"Location, Food, Off",
490,1,True,"Location, Food, Off",
490,2,True,"Location, Food, Off",
490,2,True,"Location, Food, Off",
490,3,True,"Location, Food, Off",
490,3,True,"Location, Food, Off",
491,1,True,"Room, Location, Off",
491,1,True,"Room, Staff, Location, Off",
491,2,True,"Room, Location, Off",
491,2,True,"Room, Staff, Location, Off",
491,3,True,"Room, Staff, Location, Off",
491,3,True,"Room, Location, Off",
492,1,True,"Room, Location, Check-in, Check-out, Off",
492,1,True,"Room, Location, Check-in, Check-out, Off",
492,2,True,"Room, Location, Check-in, Check-out, Off",
492,2,True,"Room, Location, Check-in, Check-out, Off",
492,3,True,"Room, Location, Check-in, Check-out, Off",
492,3,True,"Room, Location, Check-in, Check-out, Off",
493,1,True,"Staff, Off",
493,1,True,"Staff, Off",
493,2,True,"Staff, Off",
493,2,True,"Staff, Off",
493,3,True,"Staff, Off",
493,3,True,"Staff, Off",
494,1,True,"Staff, Location, Off",
494,1,True,"Staff, Location, Off",
494,2,True,"Staff, Location, Off",
494,2,True,"Staff, Location, Off",
494,3,True,"Staff, Location, Off",
494,3,True,"Staff, Location, Off",
495,1,True,"Room, Location, Off",
495,1,True,"Room, Location, Off",
495,2,True,"Room, Location, Off",
495,2,True,"Room, Location, Off",
495,3,True,"Room, Location, Off",
495,3,True,"Room, Location, Off",
496,1,True,"Staff, Location, Food, Off",
496,1,True,"Staff, Location, Food, Off",
496,2,True,"Staff, Location, Food, Off",
496,2,True,"Staff, Location, Food, Off",
496,3,True,"Staff, Location, Food, Off",
496,3,True,"Staff, Location, Food, Off",
497,1,True,"Room, Staff, Location, Food, Off",
497,1,True,"Room, Staff, Location, Food, Off",
497,2,True,"Room, Staff, Location, Food, Off",
497,2,True,"Room, Staff, Location, Food, Off",
497,3,True,"Room, Staff, Location, Food, Off",
497,3,True,"Room, Staff, Location, Food, Off",
498,1,True,"Staff, Location, Off",
498,1,True,"Staff, Location, Off",
498,2,True,"Staff, Location, Off",
498,2,True,"Staff, Location, Off",
498,3,True,"Staff, Location, Off",
498,3,True,"Staff, Location, Off",
499,1,True,"Room, Staff, Location, Off",
499,1,True,"Room, Staff, Location, Off",
499,2,True,"Room, Staff, Location, Off",
499,2,True,"Room, Staff, Location, Off",
499,3,True,"Room, Staff, Location, Off",
499,3,True,"Room, Staff, Location, Off",
500,1,True,"Location, Off",
500,1,True,"Location, Off",
500,2,True,"Location, Off",
500,2,True,"Location, Off",
500,3,True,"Location, Off",
500,3,True,"Location, Off",
501,1,True,"Room, Location, Food, Off",
501,1,True,"Room, Location, Food",
501,2,True,"Room, Location, Food, Off",
501,2,True,"Room, Location, Food",
501,3,True,"Room, Location, Food",
501,3,True,"Room, Location, Food, Off",
502,1,True,"Room, Off",
502,1,True,"Room, Off",
502,2,True,"Room, Off",
502,2,True,"Room, Off",
502,3,True,"Room, Off",
502,3,True,"Room, Off",
503,1,True,"Room, Staff, Off",
503,1,True,"Room, Staff, Off",
503,2,True,"Room, Staff, Off",
503,2,True,"Room, Staff, Off",
503,3,True,"Room, Staff, Off",
503,3,True,"Room, Staff, Off",
504,1,True,"Staff, Off",
504,1,True,"Staff, Off",
504,2,True,"Staff, Off",
504,2,True,"Staff, Off",
504,3,True,"Staff, Off",
504,3,True,"Staff, Off",
505,1,True,"Room, Staff, Location, Food, Price, Off",
505,1,True,"Room, Staff, Location, Food, Price, Off",
505,2,True,"Room, Staff, Location, Food, Price, Off",
505,2,True,"Room, Staff, Location, Food, Price, Off",
505,3,True,"Room, Staff, Location, Food, Price, Off",
505,3,True,"Room, Staff, Location, Food, Price, Off",
506,1,True,"Room, Location, Facility, Off",
506,1,True,"Room, Location, Facility, Off",
506,2,True,"Room, Location, Facility, Off",
506,2,True,"Room, Location, Facility, Off",
506,3,True,"Room, Location, Facility, Off",
506,3,True,"Room, Location, Facility, Off",
507,1,True,"Room, Staff, Check-in, Off",
507,1,True,"Room, Staff, Check-in, Off",
507,2,True,"Room, Staff, Check-in, Off",
507,2,True,"Room, Staff, Check-in, Off",
507,3,True,"Room, Staff, Check-in, Off",
507,3,True,"Room, Staff, Check-in, Off",
508,1,True,"Staff, Off",
508,1,True,"Staff, Off",
508,2,True,"Staff, Off",
508,2,True,"Staff, Off",
508,3,True,"Staff, Off",
508,3,True,"Staff, Off",
509,1,True,"Staff, Facility, Off",
509,1,True,"Staff, Facility, Off",
509,2,True,"Staff, Facility, Off",
509,2,True,"Staff, Facility, Off",
509,3,True,"Staff, Facility, Off",
509,3,True,"Staff, Facility, Off",
510,1,True,"Room, Location, Price, Off",
510,1,True,"Room, Location, Price, Off",
510,2,True,"Room, Location, Price, Off",
510,2,True,"Room, Location, Price, Off",
510,3,True,"Room, Location, Price, Off",
510,3,True,"Room, Location, Price, Off",
511,1,True,"Staff, Off",
511,1,True,"Staff, Off",
511,2,True,"Staff, Off",
511,2,True,"Staff, Off",
511,3,True,"Staff, Off",
511,3,True,"Staff, Off",
512,1,True,"Room, Staff, Off",
512,1,True,"Room, Staff, Off",
512,2,True,"Room, Staff, Off",
512,2,True,"Room, Staff, Off",
512,3,True,"Room, Staff, Off",
512,3,True,"Room, Staff, Off",
513,1,True,"Room, Location, Check-in, Off",
513,1,True,"Room, Location, Check-in, Off",
513,2,True,"Room, Location, Check-in, Off",
513,2,True,"Room, Location, Check-in, Off",
513,3,True,"Room, Location, Check-in, Off",
513,3,True,"Room, Location, Check-in, Off",
514,1,True,"Staff, Off",
514,1,True,"Staff, Off",
514,2,True,"Staff, Off",
514,2,True,"Staff, Off",
514,3,True,"Staff, Off",
514,3,True,"Staff, Off",
515,1,True,"Staff, Location, Off",
515,1,True,"Staff, Location, Off",
515,2,True,"Staff, Location, Off",
515,2,True,"Staff, Location, Off",
515,3,True,"Staff, Location, Off",
515,3,True,"Staff, Location, Off",
516,1,True,"Staff, Off",
516,1,True,"Staff, Off",
516,2,True,"Staff, Off",
516,2,True,"Staff, Off",
516,3,True,"Staff, Off",
516,3,True,"Staff, Off",
517,1,True,"Staff, Off",
517,1,True,"Staff, Off",
517,2,True,"Staff, Off",
517,2,True,"Staff, Off",
517,3,True,"Staff, Off",
517,3,True,"Staff, Off",
518,1,True,"Location, Off",
518,1,True,"Location, Off",
518,2,True,"Location, Off",
518,2,True,"Location, Off",
518,3,True,"Location, Off",
518,3,True,"Location, Off",
519,1,True,"Staff, Location, Food, Off",
519,1,True,"Staff, Location, Food, Off",
519,2,True,"Staff, Location, Food, Off",
519,2,True,"Staff, Location, Food, Off",
519,3,True,"Staff, Location, Food, Off",
519,3,True,"Staff, Location, Food, Off",
521,1,True,"Room, Staff, Off",
521,1,True,"Room, Staff, Off",
521,2,True,"Room, Staff, Off",
521,2,True,"Room, Staff, Off",
521,3,True,"Room, Staff, Off",
521,3,True,"Room, Staff, Off",
522,1,True,"Staff, Off",
522,1,True,"Staff, Off",
522,2,True,"Staff, Off",
522,2,True,"Staff, Off",
522,3,True,"Staff, Off",
522,3,True,"Staff, Off",
523,1,True,"Room, Staff, Off",
523,1,True,"Room, Staff, Off",
523,2,True,"Room, Staff, Off",
523,2,True,"Room, Staff, Off",
523,3,True,"Room, Staff, Off",
523,3,True,"Room, Staff, Off",
524,1,True,"Staff, Location, Food, Price, Off",
524,1,True,"Staff, Location, Food, Price, Off",
524,2,True,"Staff, Location, Food, Price, Off",
524,2,True,"Staff, Location, Food, Price, Off",
524,3,True,"Staff, Location, Food, Price, Off",
524,3,True,"Staff, Location, Food, Price, Off",
525,1,True,"Room, Off",
525,1,True,"Room, Off",
525,2,True,"Room, Off",
525,2,True,"Room, Off",
525,3,True,"Room, Off",
525,3,True,"Room, Off",
526,1,True,"Location, Off",
526,1,True,"Location, Off",
526,2,True,"Location, Off",
526,2,True,"Location, Off",
526,3,True,"Location, Off",
526,3,True,"Location, Off",
527,1,True,"Staff, Location, Price, Off",
527,1,True,"Staff, Location, Price, Off",
527,2,True,"Staff, Location, Price, Off",
527,2,True,"Staff, Location, Price, Off",
527,3,True,"Staff, Location, Price, Off",
527,3,True,"Staff, Location, Price, Off",
528,1,True,"Room, Location, Off",
528,1,True,"Room, Location, Off",
528,2,True,"Room, Location, Off",
528,2,True,"Room, Location, Off",
528,3,True,"Room, Location, Off",
528,3,True,"Room, Location, Off",
529,1,True,"Staff, Facility, Off",
529,1,True,"Staff, Facility, Off",
529,2,True,"Staff, Facility, Off",
529,2,True,"Staff, Facility, Off",
529,3,True,"Staff, Facility, Off",
529,3,True,"Staff, Facility, Off",
530,1,True,"Room, Staff, Location, Off",
530,1,True,"Room, Staff, Location, Off",
530,2,True,"Room, Staff, Location, Off",
530,2,True,"Room, Staff, Location, Off",
530,3,True,"Room, Staff, Location, Off",
530,3,True,"Room, Staff, Location, Off",
531,1,True,"Room, Staff, Location, Off",
531,1,True,"Room, Staff, Location, Off",
531,2,True,"Room, Staff, Location, Off",
531,2,True,"Room, Staff, Location, Off",
531,3,True,"Room, Staff, Location, Off",
531,3,True,"Room, Staff, Location, Off",
532,1,True,"Room, Location, Facility, Off",
532,1,True,"Room, Location, Facility, Off",
532,2,True,"Room, Location, Facility, Off",
532,2,True,"Room, Location, Facility, Off",
532,3,True,"Room, Location, Facility, Off",
532,3,True,"Room, Location, Facility, Off",
533,1,True,"Staff, Food, Off",
533,1,True,"Staff, Food, Off",
533,2,True,"Staff, Food, Off",
533,2,True,"Staff, Food, Off",
533,3,True,"Staff, Food, Off",
533,3,True,"Staff, Food, Off",
534,1,True,"Food, Off",
534,1,True,"Food, Off",
534,2,True,"Food, Off",
534,2,True,"Food, Off",
534,3,True,"Food, Off",
534,3,True,"Food, Off",
535,1,True,"Room, Staff, Location, Off",
535,1,True,"Room, Staff, Location, Off",
535,2,True,"Room, Staff, Location, Off",
535,2,True,"Room, Staff, Location, Off",
535,3,True,"Room, Staff, Location, Off",
535,3,True,"Room, Staff, Location, Off",
536,1,True,"Staff, Location, Food, Off",
536,1,True,"Staff, Location, Food, Off",
536,2,True,"Staff, Location, Food, Off",
536,2,True,"Staff, Location, Food, Off",
536,3,True,"Staff, Location, Food, Off",
536,3,True,"Staff, Location, Food, Off",
537,1,True,"Facility, Off",
537,1,True,"Facility, Off",
537,2,True,"Facility, Off",
537,2,True,"Facility, Off",
537,3,True,"Facility, Off",
537,3,True,"Facility, Off",
538,1,True,"Room, Location, Check-in, Check-out, Off, Taxi-issue",
538,1,True,"Room, Location, Check-in, Off, Taxi-issue",
538,2,True,"Room, Location, Check-in, Check-out, Off, Taxi-issue",
538,2,True,"Room, Location, Check-in, Off, Taxi-issue",
538,3,True,"Room, Location, Check-in, Off, Taxi-issue",
538,3,True,"Room, Location, Check-in, Check-out, Off, Taxi-issue",
539,1,True,"Staff, Off",
539,1,True,"Staff, Off",
539,2,True,"Staff, Off",
539,2,True,"Staff, Off",
539,3,True,"Staff, Off",
539,3,True,"Staff, Off",
540,1,False,"Location, Staff, Off",'Food' is a required property
540,1,False,"Location, Staff, Off",'Food' is a required property
540,2,False,"Location, Staff, Off",'Food' is a required property
540,2,False,"Location, Staff, Off",'Food' is a required property
540,3,False,"Location, Staff, Off",'Food' is a required property
540,3,False,"Location, Staff, Off",'Food' is a required property
541,1,True,"Staff, Location, Off",
541,1,True,"Staff, Location, Off",
541,2,True,"Staff, Location, Off",
541,2,True,"Staff, Location, Off",
541,3,True,"Staff, Location, Off",
541,3,True,"Staff, Location, Off",
542,1,True,"Room, Location, Off",
542,1,True,"Room, Location, Off",
542,2,True,"Room, Location, Off",
542,2,True,"Room, Location, Off",
542,3,True,"Room, Location, Off",
542,3,True,"Room, Location, Off",
543,1,True,"Room, Off",
543,1,True,"Room, Off",
543,2,True,"Room, Off",
543,2,True,"Room, Off",
543,3,True,"Room, Off",
543,3,True,"Room, Off",
544,1,True,"Staff, Off",
544,1,True,"Staff, Off",
544,2,True,"Staff, Off",
544,2,True,"Staff, Off",
544,3,True,"Staff, Off",
544,3,True,"Staff, Off",
545,1,True,"Food, Off",
545,1,True,"Food, Off",
545,2,True,"Food, Off",
545,2,True,"Food, Off",
545,3,True,"Food, Off",
545,3,True,"Food, Off",
546,1,True,"Location, Check-in, Check-out, Off",
546,1,True,"Location, Check-in, Check-out, Off",
546,2,True,"Location, Check-in, Check-out, Off",
546,2,True,"Location, Check-in, Check-out, Off",
546,3,True,"Location, Check-in, Check-out, Off",
546,3,True,"Location, Check-in, Check-out, Off",
547,1,True,"Room, Location, Off, Taxi-issue",
547,1,True,"Room, Location, Off, Taxi-issue",
547,2,True,"Room, Location, Off, Taxi-issue",
547,2,True,"Room, Location, Off, Taxi-issue",
547,3,True,"Room, Location, Off, Taxi-issue",
547,3,True,"Room, Location, Off, Taxi-issue",
548,1,True,"Food, Off",
548,1,True,"Food, Off",
548,2,True,"Food, Off",
548,2,True,"Food, Off",
548,3,True,"Food, Off",
548,3,True,"Food, Off",
549,1,True,"Staff, Location, Off",
549,1,True,"Staff, Location, Off",
549,2,True,"Staff, Location, Off",
549,2,True,"Staff, Location, Off",
549,3,True,"Staff, Location, Off",
549,3,True,"Staff, Location, Off",
550,1,True,"Room, Staff, Off",
550,1,True,"Room, Staff, Off",
550,2,True,"Room, Staff, Off",
550,2,True,"Room, Staff, Off",
550,3,True,"Room, Staff, Off",
550,3,True,"Room, Staff, Off",
551,1,True,"Staff, Location, Off",
551,1,True,"Staff, Location, Off",
551,2,True,"Staff, Location, Off",
551,2,True,"Staff, Location, Off",
551,3,True,"Staff, Location, Off",
551,3,True,"Staff, Location, Off",
552,1,True,"Room, Location, Check-in, Off",
552,1,True,"Room, Location, Check-in, Off",
552,2,True,"Room, Location, Check-in, Off",
552,2,True,"Room, Location, Check-in, Off",
552,3,True,"Room, Location, Check-in, Off",
552,3,True,"Room, Location, Check-in, Off",
553,1,True,"Room, Staff, Off",
553,1,True,"Room, Staff, Off",
553,2,True,"Room, Staff, Off",
553,2,True,"Room, Staff, Off",
553,3,True,"Room, Staff, Off",
553,3,True,"Room, Staff, Off",
554,1,True,"Room, Location, Facility, Off",
554,1,True,"Room, Location, Facility, Off",
554,2,True,"Room, Location, Facility, Off",
554,2,True,"Room, Location, Facility, Off",
554,3,True,"Room, Location, Facility, Off",
554,3,True,"Room, Location, Facility, Off",
555,1,True,"Room, Staff, Location, Facility, Off",
555,1,True,"Room, Staff, Location, Facility, Off",
555,2,True,"Room, Staff, Location, Facility, Off",
555,2,True,"Room, Staff, Location, Facility, Off",
555,3,True,"Room, Staff, Location, Facility, Off",
555,3,True,"Room, Staff, Location, Facility, Off",
556,1,True,"Room, Location, Price, Off",
556,1,True,"Room, Location, Price, Off",
556,2,True,"Room, Location, Price, Off",
556,2,True,"Room, Location, Price, Off",
556,3,True,"Room, Location, Price, Off",
556,3,True,"Room, Location, Price, Off",
557,1,True,"Staff, Food, Price, Off, Booking-issue",
557,1,True,"Staff, Food, Price, Off, Booking-issue",
557,2,True,"Staff, Food, Price, Off, Booking-issue",
557,2,True,"Staff, Food, Price, Off, Booking-issue",
557,3,True,"Staff, Food, Price, Off, Booking-issue",
557,3,True,"Staff, Food, Price, Off, Booking-issue",
558,1,True,"Staff, Check-in, Off",
558,1,True,"Staff, Check-in, Off",
558,2,True,"Staff, Check-in, Off",
558,2,True,"Staff, Check-in, Off",
558,3,True,"Staff, Check-in, Off",
558,3,True,"Staff, Check-in, Off",
559,1,True,"Location, Off",
559,1,True,"Location, Off",
559,2,True,"Location, Off",
559,2,True,"Location, Off",
559,3,True,"Location, Off",
559,3,True,"Location, Off",
560,1,True,"Location, Off",
560,1,True,"Location, Off",
560,2,True,"Location, Off",
560,2,True,"Location, Off",
560,3,True,"Location, Off",
560,3,True,"Location, Off",
561,1,True,"Staff, Off",
561,1,True,"Staff, Off",
561,2,True,"Staff, Off",
561,2,True,"Staff, Off",
561,3,True,"Staff, Off",
561,3,True,"Staff, Off",
562,1,True,"Room, Location, Off",
562,1,True,"Room, Location, Off",
562,2,True,"Room, Location, Off",
562,2,True,"Room, Location, Off",
562,3,True,"Room, Location, Off",
562,3,True,"Room, Location, Off",
564,1,True,"Room, Staff, Check-in, Off",
564,1,True,"Room, Staff, Check-in, Off",
564,2,True,"Room, Staff, Check-in, Off",
564,2,True,"Room, Staff, Check-in, Off",
564,3,True,"Room, Staff, Check-in, Off",
564,3,True,"Room, Staff, Check-in, Off",
565,1,True,"Room, Staff, Location, Food, Off",
565,1,True,"Room, Staff, Location, Food, Off",
565,2,True,"Room, Staff, Location, Food, Off",
565,2,True,"Room, Staff, Location, Food, Off",
565,3,True,"Room, Staff, Location, Food, Off",
565,3,True,"Room, Staff, Location, Food, Off",
566,1,True,"Staff, Location, Off",
566,1,True,"Staff, Location, Off",
566,2,True,"Staff, Location, Off",
566,2,True,"Staff, Location, Off",
566,3,True,"Staff, Location, Off",
566,3,True,"Staff, Location, Off",
567,1,True,"Staff, Off",
567,1,True,"Staff, Off",
567,2,True,"Staff, Off",
567,2,True,"Staff, Off",
567,3,True,"Staff, Off",
567,3,True,"Staff, Off",
568,1,True,"Location, Food, Off, Taxi-issue",
568,1,True,"Location, Food, Off, Taxi-issue",
568,2,True,"Location, Food, Off, Taxi-issue",
568,2,True,"Location, Food, Off, Taxi-issue",
568,3,True,"Location, Food, Off, Taxi-issue",
568,3,True,"Location, Food, Off, Taxi-issue",
569,1,True,"Room, Staff, Location, Facility, Off",
569,1,True,"Room, Staff, Location, Facility, Off",
569,2,True,"Room, Staff, Location, Facility, Off",
569,2,True,"Room, Staff, Location, Facility, Off",
569,3,True,"Room, Staff, Location, Facility, Off",
569,3,True,"Room, Staff, Location, Facility, Off",
570,1,True,"Staff, Off",
570,1,True,"Staff, Off",
570,2,True,"Staff, Off",
570,2,True,"Staff, Off",
570,3,True,"Staff, Off",
570,3,True,"Staff, Off",
571,1,True,"Room, Location, Food, Off",
571,1,True,"Room, Location, Food, Off",
571,2,True,"Room, Location, Food, Off",
571,2,True,"Room, Location, Food, Off",
571,3,True,"Room, Location, Food, Off",
571,3,True,"Room, Location, Food, Off",
572,1,True,"Staff, Off",
572,1,True,"Staff, Off",
572,2,True,"Staff, Off",
572,2,True,"Staff, Off",
572,3,True,"Staff, Off",
572,3,True,"Staff, Off",
573,1,True,"Room, Facility, Off",
573,1,True,"Room, Facility, Off",
573,2,True,"Room, Facility, Off",
573,2,True,"Room, Facility, Off",
573,3,True,"Room, Facility, Off",
573,3,True,"Room, Facility, Off",
574,1,True,"Staff, Off",
574,1,True,"Staff, Off",
574,2,True,"Staff, Off",
574,2,True,"Staff, Off",
574,3,True,"Staff, Off",
574,3,True,"Staff, Off",
575,1,True,"Staff, Off",
575,1,True,"Staff, Off",
575,2,True,"Staff, Off",
575,2,True,"Staff, Off",
575,3,True,"Staff, Off",
575,3,True,"Staff, Off",
576,1,True,"Staff, Food, Price, Off",
576,1,True,"Staff, Food, Price, Off",
576,2,True,"Staff, Food, Price, Off",
576,2,True,"Staff, Food, Price, Off",
576,3,True,"Staff, Food, Price, Off",
576,3,True,"Staff, Food, Price, Off",
577,1,True,"Location, Off",
577,1,True,"Location, Off",
577,2,True,"Location, Off",
577,2,True,"Location, Off",
577,3,True,"Location, Off",
577,3,True,"Location, Off",
578,1,True,"Room, Staff, Food, Check-in, Taxi-issue",
578,1,True,"Room, Staff, Food, Check-in, Taxi-issue",
578,2,True,"Room, Staff, Food, Check-in, Taxi-issue",
578,2,True,"Room, Staff, Food, Check-in, Taxi-issue",
578,3,True,"Room, Staff, Food, Check-in, Taxi-issue",
578,3,True,"Room, Staff, Food, Check-in, Taxi-issue",
579,1,True,"Location, Off",
579,1,True,"Location, Off",
579,2,True,"Location, Off",
579,2,True,"Location, Off",
579,3,True,"Location, Off",
579,3,True,"Location, Off",
580,1,True,"Staff, Off",
580,1,True,"Staff, Off",
580,2,True,"Staff, Off",
580,2,True,"Staff, Off",
580,3,True,"Staff, Off",
580,3,True,"Staff, Off",
581,1,True,"Staff, Location, Price, Off",
581,1,True,"Staff, Location, Price, Off",
581,2,True,"Staff, Location, Price, Off",
581,2,True,"Staff, Location, Price, Off",
581,3,True,"Staff, Location, Price, Off",
581,3,True,"Staff, Location, Price, Off",
582,1,True,"Room, Staff, Off",
582,1,True,"Room, Staff, Off",
582,2,True,"Room, Staff, Off",
582,2,True,"Room, Staff, Off",
582,3,True,"Room, Staff, Off",
582,3,True,"Room, Staff, Off",
583,1,True,"Room, Off",
583,1,True,"Room, Off",
583,2,True,"Room, Off",
583,2,True,"Room, Off",
583,3,True,"Room, Off",
583,3,True,"Room, Off",
584,1,True,"Staff, Off",
584,1,True,"Staff, Off",
584,2,True,"Staff, Off",
584,2,True,"Staff, Off",
584,3,True,"Staff, Off",
584,3,True,"Staff, Off",
585,1,True,"Staff, Off",
585,1,True,"Staff, Off",
585,2,True,"Staff, Off",
585,2,True,"Staff, Off",
585,3,True,"Staff, Off",
585,3,True,"Staff, Off",
586,1,True,"Room, Staff, Location, Off",
586,1,True,"Room, Staff, Location, Off",
586,2,True,"Room, Staff, Location, Off",
586,2,True,"Room, Staff, Location, Off",
586,3,True,"Room, Staff, Location, Off",
586,3,True,"Room, Staff, Location, Off",
587,1,True,"Staff, Location, Off",
587,1,True,"Staff, Location, Off",
587,2,True,"Staff, Location, Off",
587,2,True,"Staff, Location, Off",
587,3,True,"Staff, Location, Off",
587,3,True,"Staff, Location, Off",
588,1,True,"Location, Off",
588,1,True,"Location, Off",
588,2,True,"Location, Off",
588,2,True,"Location, Off",
588,3,True,"Location, Off",
588,3,True,"Location, Off",
589,1,True,"Room, Staff, Facility, Check-in, Off",
589,1,True,"Room, Staff, Check-in, Off",
589,2,True,"Room, Staff, Facility, Check-in, Off",
589,2,True,"Room, Staff, Check-in, Off",
589,3,True,"Room, Staff, Check-in, Off",
589,3,True,"Room, Staff, Facility, Check-in, Off",
590,1,True,"Room, Staff, Location, Price, Off",
590,1,True,"Room, Staff, Location, Price, Off",
590,2,True,"Room, Staff, Location, Price, Off",
590,2,True,"Room, Staff, Location, Price, Off",
590,3,True,"Room, Staff, Location, Price, Off",
590,3,True,"Room, Staff, Location, Price, Off",
591,1,True,"Food, Off",
591,1,True,"Food, Off",
591,2,True,"Food, Off",
591,2,True,"Food, Off",
591,3,True,"Food, Off",
591,3,True,"Food, Off",
592,1,True,"Staff, Off",
592,1,True,"Staff, Off",
592,2,True,"Staff, Off",
592,2,True,"Staff, Off",
592,3,True,"Staff, Off",
592,3,True,"Staff, Off",
593,1,True,"Food, Off",
593,1,True,"Food, Off",
593,2,True,"Food, Off",
593,2,True,"Food, Off",
593,3,True,"Food, Off",
593,3,True,"Food, Off",
594,1,True,"Staff, Location, Food, Facility, Check-in",
594,1,True,"Staff, Location, Food, Facility, Check-in",
594,2,True,"Staff, Location, Food, Facility, Check-in",
594,2,True,"Staff, Location, Food, Facility, Check-in",
594,3,True,"Staff, Location, Food, Facility, Check-in",
594,3,True,"Staff, Location, Food, Facility, Check-in",
595,1,True,"Food, Price, Off",
595,1,True,"Food, Price, Off",
595,2,True,"Food, Price, Off",
595,2,True,"Food, Price, Off",
595,3,True,"Food, Price, Off",
595,3,True,"Food, Price, Off",
596,1,True,"Room, Price, Facility, Off",
596,1,True,"Room, Price, Facility, Off",
596,2,True,"Room, Price, Facility, Off",
596,2,True,"Room, Price, Facility, Off",
596,3,True,"Room, Price, Facility, Off",
596,3,True,"Room, Price, Facility, Off",
597,1,True,"Room, Location, Food, Facility",
597,1,True,"Room, Location, Food, Facility",
597,2,True,"Room, Location, Food, Facility",
597,2,True,"Room, Location, Food, Facility",
597,3,True,"Room, Location, Food, Facility",
597,3,True,"Room, Location, Food, Facility",
598,1,True,"Staff, Off",
598,1,True,"Staff, Off",
598,2,True,"Staff, Off",
598,2,True,"Staff, Off",
598,3,True,"Staff, Off",
598,3,True,"Staff, Off",
599,1,True,"Room, Staff, Food, Off",
599,1,True,"Room, Staff, Food, Off",
599,2,True,"Room, Staff, Food, Off",
599,2,True,"Room, Staff, Food, Off",
599,3,True,"Room, Staff, Food, Off",
599,3,True,"Room, Staff, Food, Off",
600,1,True,"Room, Price, Facility, Off",
600,1,True,"Room, Price, Facility, Off",
600,2,True,"Room, Price, Facility, Off",
600,2,True,"Room, Price, Facility, Off",
600,3,True,"Room, Price, Facility, Off",
600,3,True,"Room, Price, Facility, Off",
601,1,True,"Staff, Off",
601,1,True,"Staff, Off",
601,2,True,"Staff, Off",
601,2,True,"Staff, Off",
601,3,True,"Staff, Off",
601,3,True,"Staff, Off",
602,1,True,"Room, Staff, Location, Off",
602,1,True,"Room, Location, Off",
602,2,True,"Room, Staff, Location, Off",
602,2,True,"Room, Location, Off",
602,3,True,"Room, Location, Off",
602,3,True,"Room, Staff, Location, Off",
603,1,True,"Room, Staff, Off",
603,1,True,"Room, Staff, Off",
603,2,True,"Room, Staff, Off",
603,2,True,"Room, Staff, Off",
603,3,True,"Room, Staff, Off",
603,3,True,"Room, Staff, Off",
604,1,True,"Location, Off",
604,1,True,"Location, Off",
604,2,True,"Location, Off",
604,2,True,"Location, Off",
604,3,True,"Location, Off",
604,3,True,"Location, Off",
605,1,True,"Room, Staff, Off",
605,1,True,"Room, Staff, Off",
605,2,True,"Room, Staff, Off",
605,2,True,"Room, Staff, Off",
605,3,True,"Room, Staff, Off",
605,3,True,"Room, Staff, Off",
606,1,True,"Staff, Check-in, Off",
606,1,True,"Staff, Check-in, Off",
606,2,True,"Staff, Check-in, Off",
606,2,True,"Staff, Check-in, Off",
606,3,True,"Staff, Check-in, Off",
606,3,True,"Staff, Check-in, Off",
607,1,True,"Staff, Location, Off",
607,1,True,"Staff, Location, Off",
607,2,True,"Staff, Location, Off",
607,2,True,"Staff, Location, Off",
607,3,True,"Staff, Location, Off",
607,3,True,"Staff, Location, Off",
608,1,True,"Room, Off",
608,1,True,"Room, Off",
608,2,True,"Room, Off",
608,2,True,"Room, Off",
608,3,True,"Room, Off",
608,3,True,"Room, Off",
609,1,True,"Room, Price, Off, Booking-issue",
609,1,True,"Room, Price, Off, Booking-issue",
609,2,True,"Room, Price, Off, Booking-issue",
609,2,True,"Room, Price, Off, Booking-issue",
609,3,True,"Room, Price, Off, Booking-issue",
609,3,True,"Room, Price, Off, Booking-issue",
610,1,True,"Location, Food, Off",
610,1,True,"Location, Food, Off",
610,2,True,"Location, Food, Off",
610,2,True,"Location, Food, Off",
610,3,True,"Location, Food, Off",
610,3,True,"Location, Food, Off",
611,1,True,"Room, Staff, Location, Price, Off",
611,1,True,"Room, Staff, Location, Price, Off",
611,2,True,"Room, Staff, Location, Price, Off",
611,2,True,"Room, Staff, Location, Price, Off",
611,3,True,"Room, Staff, Location, Price, Off",
611,3,True,"Room, Staff, Location, Price, Off",
612,1,True,"Room, Staff, Location, Off",
612,1,True,"Room, Staff, Location, Off",
612,2,True,"Room, Staff, Location, Off",
612,2,True,"Room, Staff, Location, Off",
612,3,True,"Room, Staff, Location, Off",
612,3,True,"Room, Staff, Location, Off",
613,1,True,"Room, Staff, Food, Off",
613,1,True,"Room, Staff, Food, Off",
613,2,True,"Room, Staff, Food, Off",
613,2,True,"Room, Staff, Food, Off",
613,3,True,"Room, Staff, Food, Off",
613,3,True,"Room, Staff, Food, Off",
614,1,True,"Room, Staff, Location, Off",
614,1,True,"Room, Staff, Location, Off",
614,2,True,"Room, Staff, Location, Off",
614,2,True,"Room, Staff, Location, Off",
614,3,True,"Room, Staff, Location, Off",
614,3,True,"Room, Staff, Location, Off",
615,1,True,"Staff, Location, Off, Taxi-issue",
615,1,True,"Staff, Location, Off, Taxi-issue",
615,2,True,"Staff, Location, Off, Taxi-issue",
615,2,True,"Staff, Location, Off, Taxi-issue",
615,3,True,"Staff, Location, Off, Taxi-issue",
615,3,True,"Staff, Location, Off, Taxi-issue",
616,1,True,"Staff, Location, Off",
616,1,True,"Staff, Location, Off",
616,2,True,"Staff, Location, Off",
616,2,True,"Staff, Location, Off",
616,3,True,"Staff, Location, Off",
616,3,True,"Staff, Location, Off",
617,1,True,"Staff, Location, Off",
617,1,True,"Staff, Location, Off",
617,2,True,"Staff, Location, Off",
617,2,True,"Staff, Location, Off",
617,3,True,"Staff, Location, Off",
617,3,True,"Staff, Location, Off",
618,1,True,"Room, Location, Facility, Off",
618,1,True,"Room, Location, Facility, Off",
618,2,True,"Room, Location, Facility, Off",
618,2,True,"Room, Location, Facility, Off",
618,3,True,"Room, Location, Facility, Off",
618,3,True,"Room, Location, Facility, Off",
619,1,True,"Staff, Location, Price, Off",
619,1,True,"Staff, Location, Price, Off",
619,2,True,"Staff, Location, Price, Off",
619,2,True,"Staff, Location, Price, Off",
619,3,True,"Staff, Location, Price, Off",
619,3,True,"Staff, Location, Price, Off",
620,1,True,"Room, Staff, Location, Off, Booking-issue",
620,1,True,"Room, Staff, Location, Off, Booking-issue",
620,2,True,"Room, Staff, Location, Off, Booking-issue",
620,2,True,"Room, Staff, Location, Off, Booking-issue",
620,3,True,"Room, Staff, Location, Off, Booking-issue",
620,3,True,"Room, Staff, Location, Off, Booking-issue",
621,1,True,"Staff, Food, Off",
621,1,True,"Staff, Food, Off",
621,2,True,"Staff, Food, Off",
621,2,True,"Staff, Food, Off",
621,3,True,"Staff, Food, Off",
621,3,True,"Staff, Food, Off",
622,1,True,"Room, Staff, Off",
622,1,True,"Room, Staff, Off",
622,2,True,"Room, Staff, Off",
622,2,True,"Room, Staff, Off",
622,3,True,"Room, Staff, Off",
622,3,True,"Room, Staff, Off",
623,1,True,"Location, Off",
623,1,True,"Location, Off",
623,2,True,"Location, Off",
623,2,True,"Location, Off",
623,3,True,"Location, Off",
623,3,True,"Location, Off",
624,1,True,"Room, Staff, Off",
624,1,True,"Room, Staff, Off",
624,2,True,"Room, Staff, Off",
624,2,True,"Room, Staff, Off",
624,3,True,"Room, Staff, Off",
624,3,True,"Room, Staff, Off",
625,1,True,"Location, Off",
625,1,True,"Location, Off",
625,2,True,"Location, Off",
625,2,True,"Location, Off",
625,3,True,"Location, Off",
625,3,True,"Location, Off",
626,1,True,"Room, Staff, Food, Facility, Off",
626,1,True,"Room, Staff, Food, Facility, Off",
626,2,True,"Room, Staff, Food, Facility, Off",
626,2,True,"Room, Staff, Food, Facility, Off",
626,3,True,"Room, Staff, Food, Facility, Off",
626,3,True,"Room, Staff, Food, Facility, Off",
627,1,True,"Staff, Location, Off, Taxi-issue",
627,1,True,"Staff, Location, Off, Taxi-issue",
627,2,True,"Staff, Location, Off, Taxi-issue",
627,2,True,"Staff, Location, Off, Taxi-issue",
627,3,True,"Staff, Location, Off, Taxi-issue",
627,3,True,"Staff, Location, Off, Taxi-issue",
628,1,True,"Room, Staff, Location, Off",
628,1,True,"Room, Staff, Location, Off",
628,2,True,"Room, Staff, Location, Off",
628,2,True,"Room, Staff, Location, Off",
628,3,True,"Room, Staff, Location, Off",
628,3,True,"Room, Staff, Location, Off",
629,1,True,"Staff, Location, Check-in, Off, Taxi-issue",
629,1,True,"Staff, Location, Check-in, Off, Taxi-issue",
629,2,True,"Staff, Location, Check-in, Off, Taxi-issue",
629,2,True,"Staff, Location, Check-in, Off, Taxi-issue",
629,3,True,"Staff, Location, Check-in, Off, Taxi-issue",
629,3,True,"Staff, Location, Check-in, Off, Taxi-issue",
630,1,True,"Staff, Off",
630,1,True,"Staff, Off",
630,2,True,"Staff, Off",
630,2,True,"Staff, Off",
630,3,True,"Staff, Off",
630,3,True,"Staff, Off",
631,1,True,"Room, Price, Off",
631,1,True,"Room, Price, Off",
631,2,True,"Room, Price, Off",
631,2,True,"Room, Price, Off",
631,3,True,"Room, Price, Off",
631,3,True,"Room, Price, Off",
632,1,True,"Room, Location, Off",
632,1,True,"Room, Location, Off",
632,2,True,"Room, Location, Off",
632,2,True,"Room, Location, Off",
632,3,True,"Room, Location, Off",
632,3,True,"Room, Location, Off",
633,1,True,"Staff, Location, Check-in, Off",
633,1,True,"Room, Staff, Location, Check-in, Off",
633,2,True,"Staff, Location, Check-in, Off",
633,2,True,"Room, Staff, Location, Check-in, Off",
633,3,True,"Room, Staff, Location, Check-in, Off",
633,3,True,"Staff, Location, Check-in, Off",
634,1,True,"Staff, Off",
634,1,True,"Staff, Off",
634,2,True,"Staff, Off",
634,2,True,"Staff, Off",
634,3,True,"Staff, Off",
634,3,True,"Staff, Off",
635,1,True,"Staff, Location, Off",
635,1,True,"Staff, Location, Off",
635,2,True,"Staff, Location, Off",
635,2,True,"Staff, Location, Off",
635,3,True,"Staff, Location, Off",
635,3,True,"Staff, Location, Off",
636,1,True,"Staff, Food, Off",
636,1,True,"Staff, Food, Off",
636,2,True,"Staff, Food, Off",
636,2,True,"Staff, Food, Off",
636,3,True,"Staff, Food, Off",
636,3,True,"Staff, Food, Off",
637,1,True,"Staff, Location, Off",
637,1,True,"Staff, Location, Off",
637,2,True,"Staff, Location, Off",
637,2,True,"Staff, Location, Off",
637,3,True,"Staff, Location, Off",
637,3,True,"Staff, Location, Off",
638,1,True,"Room, Staff, Location, Off",
638,1,True,"Room, Staff, Location, Off",
638,2,True,"Room, Staff, Location, Off",
638,2,True,"Room, Staff, Location, Off",
638,3,True,"Room, Staff, Location, Off",
638,3,True,"Room, Staff, Location, Off",
639,1,True,"Room, Check-in, Check-out, Off",
639,1,True,"Room, Check-in, Check-out, Off",
639,2,True,"Room, Check-in, Check-out, Off",
639,2,True,"Room, Check-in, Check-out, Off",
639,3,True,"Room, Check-in, Check-out, Off",
639,3,True,"Room, Check-in, Check-out, Off",
640,1,True,"Staff, Check-in, Off",
640,1,True,"Staff, Check-in, Off",
640,2,True,"Staff, Check-in, Off",
640,2,True,"Staff, Check-in, Off",
640,3,True,"Staff, Check-in, Off",
640,3,True,"Staff, Check-in, Off",
641,1,True,"Room, Staff, Off",
641,1,True,"Room, Staff, Off",
641,2,True,"Room, Staff, Off",
641,2,True,"Room, Staff, Off",
641,3,True,"Room, Staff, Off",
641,3,True,"Room, Staff, Off",
642,1,True,"Staff, Location, Food, Off",
642,1,True,"Staff, Location, Food, Off",
642,2,True,"Staff, Location, Food, Off",
642,2,True,"Staff, Location, Food, Off",
642,3,True,"Staff, Location, Food, Off",
642,3,True,"Staff, Location, Food, Off",
643,1,True,"Room, Staff, Food, Price, Facility, Check-in, Off",
643,1,True,"Room, Staff, Food, Price, Off",
643,2,True,"Room, Staff, Food, Price, Facility, Check-in, Off",
643,2,True,"Room, Staff, Food, Price, Off",
643,3,True,"Room, Staff, Food, Price, Off",
643,3,True,"Room, Staff, Food, Price, Facility, Check-in, Off",
644,1,True,"Room, Location, Off",
644,1,True,"Room, Location, Off",
644,2,True,"Room, Location, Off",
644,2,True,"Room, Location, Off",
644,3,True,"Room, Location, Off",
644,3,True,"Room, Location, Off",
645,1,True,"Location, Off",
645,1,True,"Location, Off",
645,2,True,"Location, Off",
645,2,True,"Location, Off",
645,3,True,"Location, Off",
645,3,True,"Location, Off",
646,1,True,"Room, Location, Food, Price, Facility, Off",
646,1,True,"Room, Location, Food, Price, Facility, Off",
646,2,True,"Room, Location, Food, Price, Facility, Off",
646,2,True,"Room, Location, Food, Price, Facility, Off",
646,3,True,"Room, Location, Food, Price, Facility, Off",
646,3,True,"Room, Location, Food, Price, Facility, Off",
647,1,True,"Room, Off",
647,1,True,"Room, Off",
647,2,True,"Room, Off",
647,2,True,"Room, Off",
647,3,True,"Room, Off",
647,3,True,"Room, Off",
648,1,True,"Staff, Location, Check-in, Check-out, Off",
648,1,True,"Staff, Location, Check-in, Check-out, Off",
648,2,True,"Staff, Location, Check-in, Check-out, Off",
648,2,True,"Staff, Location, Check-in, Check-out, Off",
648,3,True,"Staff, Location, Check-in, Check-out, Off",
648,3,True,"Staff, Location, Check-in, Check-out, Off",
649,1,True,"Room, Staff, Location, Off",
649,1,True,"Room, Staff, Location, Off",
649,2,True,"Room, Staff, Location, Off",
649,2,True,"Room, Staff, Location, Off",
649,3,True,"Room, Staff, Location, Off",
649,3,True,"Room, Staff, Location, Off",
650,1,True,"Room, Staff, Location, Off",
650,1,True,"Room, Staff, Location, Off",
650,2,True,"Room, Staff, Location, Off",
650,2,True,"Room, Staff, Location, Off",
650,3,True,"Room, Staff, Location, Off",
650,3,True,"Room, Staff, Location, Off",
651,1,True,"Staff, Off",
651,1,True,"Staff, Off",
651,2,True,"Staff, Off",
651,2,True,"Staff, Off",
651,3,True,"Staff, Off",
651,3,True,"Staff, Off",
652,1,True,"Room, Location, Check-in, Off",
652,1,True,"Room, Location, Check-in, Off",
652,2,True,"Room, Location, Check-in, Off",
652,2,True,"Room, Location, Check-in, Off",
652,3,True,"Room, Location, Check-in, Off",
652,3,True,"Room, Location, Check-in, Off",
653,1,True,"Room, Staff, Location, Off",
653,1,True,"Room, Staff, Location, Off",
653,2,True,"Room, Staff, Location, Off",
653,2,True,"Room, Staff, Location, Off",
653,3,True,"Room, Staff, Location, Off",
653,3,True,"Room, Staff, Location, Off",
654,1,True,"Room, Staff, Facility, Off",
654,1,True,"Room, Staff, Facility, Off",
654,2,True,"Room, Staff, Facility, Off",
654,2,True,"Room, Staff, Facility, Off",
654,3,True,"Room, Staff, Facility, Off",
654,3,True,"Room, Staff, Facility, Off",
655,1,True,"Room, Location, Off",
655,1,True,"Room, Location, Off",
655,2,True,"Room, Location, Off",
655,2,True,"Room, Location, Off",
655,3,True,"Room, Location, Off",
655,3,True,"Room, Location, Off",
656,1,True,"Room, Staff, Off",
656,1,True,"Room, Staff, Off",
656,2,True,"Room, Staff, Off",
656,2,True,"Room, Staff, Off",
656,3,True,"Room, Staff, Off",
656,3,True,"Room, Staff, Off",
657,1,True,"Room, Staff, Off",
657,1,True,"Room, Staff, Off",
657,2,True,"Room, Staff, Off",
657,2,True,"Room, Staff, Off",
657,3,True,"Room, Staff, Off",
657,3,True,"Room, Staff, Off",
658,1,True,"Staff, Food, Off",
658,1,True,"Staff, Food, Off",
658,2,True,"Staff, Food, Off",
658,2,True,"Staff, Food, Off",
658,3,True,"Staff, Food, Off",
658,3,True,"Staff, Food, Off",
659,1,True,"Room, Staff, Off",
659,1,True,"Room, Staff, Off",
659,2,True,"Room, Staff, Off",
659,2,True,"Room, Staff, Off",
659,3,True,"Room, Staff, Off",
659,3,True,"Room, Staff, Off",
660,1,True,"Room, Staff, Food, Check-in, Check-out, Off",
660,1,True,"Room, Staff, Food, Check-in, Check-out, Off",
660,2,True,"Room, Staff, Food, Check-in, Check-out, Off",
660,2,True,"Room, Staff, Food, Check-in, Check-out, Off",
660,3,True,"Room, Staff, Food, Check-in, Check-out, Off",
660,3,True,"Room, Staff, Food, Check-in, Check-out, Off",
661,1,True,"Room, Location, Facility, Off",
661,1,True,"Room, Location, Facility, Off",
661,2,True,"Room, Location, Facility, Off",
661,2,True,"Room, Location, Facility, Off",
661,3,True,"Room, Location, Facility, Off",
661,3,True,"Room, Location, Facility, Off",
662,1,True,"Room, Staff, Location, Off",
662,1,True,"Room, Staff, Location, Off",
662,2,True,"Room, Staff, Location, Off",
662,2,True,"Room, Staff, Location, Off",
662,3,True,"Room, Staff, Location, Off",
662,3,True,"Room, Staff, Location, Off",
663,1,True,"Location, Food, Off",
663,1,True,"Location, Food, Off",
663,2,True,"Location, Food, Off",
663,2,True,"Location, Food, Off",
663,3,True,"Location, Food, Off",
663,3,True,"Location, Food, Off",
664,1,True,"Room, Staff, Off",
664,1,True,"Room, Staff, Off",
664,2,True,"Room, Staff, Off",
664,2,True,"Room, Staff, Off",
664,3,True,"Room, Staff, Off",
664,3,True,"Room, Staff, Off",
665,1,True,"Location, Food, Off",
665,1,True,"Location, Food, Off",
665,2,True,"Location, Food, Off",
665,2,True,"Location, Food, Off",
665,3,True,"Location, Food, Off",
665,3,True,"Location, Food, Off",
666,1,True,"Staff, Location, Check-in, Off, Taxi-issue",
666,1,True,"Staff, Location, Off, Taxi-issue",
666,2,True,"Staff, Location, Check-in, Off, Taxi-issue",
666,2,True,"Staff, Location, Off, Taxi-issue",
666,3,True,"Staff, Location, Off, Taxi-issue",
666,3,True,"Staff, Location, Check-in, Off, Taxi-issue",
667,1,True,"Room, Staff, Location, Off",
667,1,True,"Room, Staff, Location, Off",
667,2,True,"Room, Staff, Location, Off",
667,2,True,"Room, Staff, Location, Off",
667,3,True,"Room, Staff, Location, Off",
667,3,True,"Room, Staff, Location, Off",
668,1,True,"Location, Off",
668,1,True,"Location, Off",
668,2,True,"Location, Off",
668,2,True,"Location, Off",
668,3,True,"Location, Off",
668,3,True,"Location, Off",
669,1,True,"Room, Food, Facility, Off",
669,1,True,"Room, Food, Facility, Off",
669,2,True,"Room, Food, Facility, Off",
669,2,True,"Room, Food, Facility, Off",
669,3,True,"Room, Food, Facility, Off",
669,3,True,"Room, Food, Facility, Off",
670,1,True,"Room, Location, Off",
670,1,True,"Room, Location, Off",
670,2,True,"Room, Location, Off",
670,2,True,"Room, Location, Off",
670,3,True,"Room, Location, Off",
670,3,True,"Room, Location, Off",
671,1,True,"Location, Facility, Off",
671,1,True,"Location, Facility, Off",
671,2,True,"Location, Facility, Off",
671,2,True,"Location, Facility, Off",
671,3,True,"Location, Facility, Off",
671,3,True,"Location, Facility, Off",
672,1,True,"Food, Off",
672,1,True,"Food, Off",
672,2,True,"Food, Off",
672,2,True,"Food, Off",
672,3,True,"Food, Off",
672,3,True,"Food, Off",
673,1,True,"Staff, Location, Food, Off",
673,1,True,"Staff, Location, Food, Off",
673,2,True,"Staff, Location, Food, Off",
673,2,True,"Staff, Location, Food, Off",
673,3,True,"Staff, Location, Food, Off",
673,3,True,"Staff, Location, Food, Off",
674,1,True,"Staff, Off",
674,1,True,"Staff, Off",
674,2,True,"Staff, Off",
674,2,True,"Staff, Off",
674,3,True,"Staff, Off",
674,3,True,"Staff, Off",
675,1,True,"Room, Facility, Off",
675,1,True,"Room, Facility, Off",
675,2,True,"Room, Facility, Off",
675,2,True,"Room, Facility, Off",
675,3,True,"Room, Facility, Off",
675,3,True,"Room, Facility, Off",
676,1,True,"Room, Location, Facility, Off",
676,1,True,"Room, Location, Facility, Off",
676,2,True,"Room, Location, Facility, Off",
676,2,True,"Room, Location, Facility, Off",
676,3,True,"Room, Location, Facility, Off",
676,3,True,"Room, Location, Facility, Off",
677,1,True,"Staff, Location, Off",
677,1,True,"Staff, Location, Off",
677,2,True,"Staff, Location, Off",
677,2,True,"Staff, Location, Off",
677,3,True,"Staff, Location, Off",
677,3,True,"Staff, Location, Off",
678,1,True,"Location, Off",
678,1,True,"Location, Off",
678,2,True,"Location, Off",
678,2,True,"Location, Off",
678,3,True,"Location, Off",
678,3,True,"Location, Off",
679,1,True,"Room, Staff, Off",
679,1,True,"Room, Staff, Off",
679,2,True,"Room, Staff, Off",
679,2,True,"Room, Staff, Off",
679,3,True,"Room, Staff, Off",
679,3,True,"Room, Staff, Off",
680,1,True,"Staff, Location, Off",
680,1,True,"Staff, Location, Off",
680,2,True,"Staff, Location, Off",
680,2,True,"Staff, Location, Off",
680,3,True,"Staff, Location, Off",
680,3,True,"Staff, Location, Off",
681,1,True,"Staff, Location, Off",
681,1,True,"Staff, Location, Off",
681,2,True,"Staff, Location, Off",
681,2,True,"Staff, Location, Off",
681,3,True,"Staff, Location, Off",
681,3,True,"Staff, Location, Off",
682,1,True,"Location, Off",
682,1,True,"Location, Off",
682,2,True,"Location, Off",
682,2,True,"Location, Off",
682,3,True,"Location, Off",
682,3,True,"Location, Off",
683,1,True,"Staff, Off",
683,1,True,"Staff, Off",
683,2,True,"Staff, Off",
683,2,True,"Staff, Off",
683,3,True,"Staff, Off",
683,3,True,"Staff, Off",
684,1,True,"Staff, Off",
684,1,True,"Staff, Off",
684,2,True,"Staff, Off",
684,2,True,"Staff, Off",
684,3,True,"Staff, Off",
684,3,True,"Staff, Off",
685,1,True,"Staff, Location, Food, Price, Off",
685,1,True,"Staff, Location, Food, Price, Off",
685,2,True,"Staff, Location, Food, Price, Off",
685,2,True,"Staff, Location, Food, Price, Off",
685,3,True,"Staff, Location, Food, Price, Off",
685,3,True,"Staff, Location, Food, Price, Off",
686,1,True,"Room, Staff, Off",
686,1,True,"Room, Staff, Off",
686,2,True,"Room, Staff, Off",
686,2,True,"Room, Staff, Off",
686,3,True,"Room, Staff, Off",
686,3,True,"Room, Staff, Off",
687,1,True,"Staff, Location, Food, Off",
687,1,True,"Staff, Location, Food, Off",
687,2,True,"Staff, Location, Food, Off",
687,2,True,"Staff, Location, Food, Off",
687,3,True,"Staff, Location, Food, Off",
687,3,True,"Staff, Location, Food, Off",
688,1,True,"Staff, Location, Off",
688,1,True,"Staff, Location, Off",
688,2,True,"Staff, Location, Off",
688,2,True,"Staff, Location, Off",
688,3,True,"Staff, Location, Off",
688,3,True,"Staff, Location, Off",
689,1,True,"Staff, Off, Taxi-issue",
689,1,True,"Staff, Off, Taxi-issue",
689,2,True,"Staff, Off, Taxi-issue",
689,2,True,"Staff, Off, Taxi-issue",
689,3,True,"Staff, Off, Taxi-issue",
689,3,True,"Staff, Off, Taxi-issue",
690,1,True,"Location, Off",
690,1,True,"Location, Off",
690,2,True,"Location, Off",
690,2,True,"Location, Off",
690,3,True,"Location, Off",
690,3,True,"Location, Off",
691,1,True,"Staff, Off",
691,1,True,"Staff, Off",
691,2,True,"Staff, Off",
691,2,True,"Staff, Off",
691,3,True,"Staff, Off",
691,3,True,"Staff, Off",
692,1,True,"Staff, Off",
692,1,True,"Staff, Off",
692,2,True,"Staff, Off",
692,2,True,"Staff, Off",
692,3,True,"Staff, Off",
692,3,True,"Staff, Off",
693,1,True,"Room, Location, Food, Facility, Off, Booking-issue, Taxi-issue",
693,1,True,"Room, Location, Food, Facility, Off, Booking-issue, Taxi-issue",
693,2,True,"Room, Location, Food, Facility, Off, Booking-issue, Taxi-issue",
693,2,True,"Room, Location, Food, Facility, Off, Booking-issue, Taxi-issue",
693,3,True,"Room, Location, Food, Facility, Off, Booking-issue, Taxi-issue",
693,3,True,"Room, Location, Food, Facility, Off, Booking-issue, Taxi-issue",
694,1,True,"Room, Location, Price, Off",
694,1,True,"Room, Location, Price, Off",
694,2,True,"Room, Location, Price, Off",
694,2,True,"Room, Location, Price, Off",
694,3,True,"Room, Location, Price, Off",
694,3,True,"Room, Location, Price, Off",
695,1,True,"Room, Staff, Off",
695,1,True,"Room, Staff, Off",
695,2,True,"Room, Staff, Off",
695,2,True,"Room, Staff, Off",
695,3,True,"Room, Staff, Off",
695,3,True,"Room, Staff, Off",
696,1,True,"Location, Food, Off",
696,1,True,"Location, Food, Off",
696,2,True,"Location, Food, Off",
696,2,True,"Location, Food, Off",
696,3,True,"Location, Food, Off",
696,3,True,"Location, Food, Off",
697,1,True,"Staff, Off",
697,1,True,"Staff, Off",
697,2,True,"Staff, Off",
697,2,True,"Staff, Off",
697,3,True,"Staff, Off",
697,3,True,"Staff, Off",
698,1,True,"Staff, Location, Check-in, Off",
698,1,True,"Staff, Location, Check-in, Off",
698,2,True,"Staff, Location, Check-in, Off",
698,2,True,"Staff, Location, Check-in, Off",
698,3,True,"Staff, Location, Check-in, Off",
698,3,True,"Staff, Location, Check-in, Off",
699,1,True,"Staff, Off",
699,1,True,"Staff, Off",
699,2,True,"Staff, Off",
699,2,True,"Staff, Off",
699,3,True,"Staff, Off",
699,3,True,"Staff, Off",
700,1,True,"Room, Location, Facility, Off",
700,1,True,"Room, Location, Facility, Off",
700,2,True,"Room, Location, Facility, Off",
700,2,True,"Room, Location, Facility, Off",
700,3,True,"Room, Location, Facility, Off",
700,3,True,"Room, Location, Facility, Off",
701,1,True,"Staff, Location, Off",
701,1,True,"Staff, Location, Off",
701,2,True,"Staff, Location, Off",
701,2,True,"Staff, Location, Off",
701,3,True,"Staff, Location, Off",
701,3,True,"Staff, Location, Off",
702,1,True,"Room, Staff, Food",
702,1,True,"Room, Staff, Food",
702,2,True,"Room, Staff, Food",
702,2,True,"Room, Staff, Food",
702,3,True,"Room, Staff, Food",
702,3,True,"Room, Staff, Food",
703,1,True,"Room, Staff, Food, Off",
703,1,True,"Room, Staff, Food, Off",
703,2,True,"Room, Staff, Food, Off",
703,2,True,"Room, Staff, Food, Off",
703,3,True,"Room, Staff, Food, Off",
703,3,True,"Room, Staff, Food, Off",
704,1,True,"Staff, Location, Off",
704,1,True,"Staff, Location, Off",
704,2,True,"Staff, Location, Off",
704,2,True,"Staff, Location, Off",
704,3,True,"Staff, Location, Off",
704,3,True,"Staff, Location, Off",
705,1,True,"Staff, Food, Off",
705,1,True,"Staff, Food, Off",
705,2,True,"Staff, Food, Off",
705,2,True,"Staff, Food, Off",
705,3,True,"Staff, Food, Off",
705,3,True,"Staff, Food, Off",
706,1,True,"Room, Location, Off",
706,1,True,"Room, Location, Off",
706,2,True,"Room, Location, Off",
706,2,True,"Room, Location, Off",
706,3,True,"Room, Location, Off",
706,3,True,"Room, Location, Off",
707,1,True,"Room, Off",
707,1,True,"Room, Off",
707,2,True,"Room, Off",
707,2,True,"Room, Off",
707,3,True,"Room, Off",
707,3,True,"Room, Off",
708,1,True,"Staff, Location, Off",
708,1,True,"Staff, Location, Off",
708,2,True,"Staff, Location, Off",
708,2,True,"Staff, Location, Off",
708,3,True,"Staff, Location, Off",
708,3,True,"Staff, Location, Off",
709,1,True,"Room, Staff, Off",
709,1,True,"Staff, Off",
709,2,True,"Room, Staff, Off",
709,2,True,"Staff, Off",
709,3,True,"Staff, Off",
709,3,True,"Room, Staff, Off",
710,1,True,"Location, Food, Off",
710,1,True,"Location, Food, Off",
710,2,True,"Location, Food, Off",
710,2,True,"Location, Food, Off",
710,3,True,"Location, Food, Off",
710,3,True,"Location, Food, Off",
711,1,True,"Room, Staff, Check-in, Check-out, Off",
711,1,True,"Room, Staff, Check-in, Check-out, Off",
711,2,True,"Room, Staff, Check-in, Check-out, Off",
711,2,True,"Room, Staff, Check-in, Check-out, Off",
711,3,True,"Room, Staff, Check-in, Check-out, Off",
711,3,True,"Room, Staff, Check-in, Check-out, Off",
712,1,True,"Room, Off",
712,1,True,"Room, Off",
712,2,True,"Room, Off",
712,2,True,"Room, Off",
712,3,True,"Room, Off",
712,3,True,"Room, Off",
713,1,True,"Location, Off",
713,1,True,"Location, Off",
713,2,True,"Location, Off",
713,2,True,"Location, Off",
713,3,True,"Location, Off",
713,3,True,"Location, Off",
714,1,True,"Staff, Off",
714,1,True,"Staff, Off",
714,2,True,"Staff, Off",
714,2,True,"Staff, Off",
714,3,True,"Staff, Off",
714,3,True,"Staff, Off",
715,1,True,"Staff, Price, Off",
715,1,True,"Staff, Price, Off",
715,2,True,"Staff, Price, Off",
715,2,True,"Staff, Price, Off",
715,3,True,"Staff, Price, Off",
715,3,True,"Staff, Price, Off",
716,1,True,"Room, Staff, Off",
716,1,True,"Room, Staff, Off",
716,2,True,"Room, Staff, Off",
716,2,True,"Room, Staff, Off",
716,3,True,"Room, Staff, Off",
716,3,True,"Room, Staff, Off",
717,1,True,"Staff, Off",
717,1,True,"Staff, Off",
717,2,True,"Staff, Off",
717,2,True,"Staff, Off",
717,3,True,"Staff, Off",
717,3,True,"Staff, Off",
718,1,True,"Staff, Location, Off",
718,1,True,"Staff, Location, Off",
718,2,True,"Staff, Location, Off",
718,2,True,"Staff, Location, Off",
718,3,True,"Staff, Location, Off",
718,3,True,"Staff, Location, Off",
719,1,True,"Room, Location, Facility, Off",
719,1,True,"Room, Location, Facility, Off",
719,2,True,"Room, Location, Facility, Off",
719,2,True,"Room, Location, Facility, Off",
719,3,True,"Room, Location, Facility, Off",
719,3,True,"Room, Location, Facility, Off",
720,1,True,"Room, Off",
720,1,True,"Room, Off",
720,2,True,"Room, Off",
720,2,True,"Room, Off",
720,3,True,"Room, Off",
720,3,True,"Room, Off",
721,1,True,"Staff, Off",
721,1,True,"Staff, Off",
721,2,True,"Staff, Off",
721,2,True,"Staff, Off",
721,3,True,"Staff, Off",
721,3,True,"Staff, Off",
722,1,True,"Room, Staff, Location, Off",
722,1,True,"Room, Staff, Location, Off",
722,2,True,"Room, Staff, Location, Off",
722,2,True,"Room, Staff, Location, Off",
722,3,True,"Room, Staff, Location, Off",
722,3,True,"Room, Staff, Location, Off",
723,1,True,Off,
723,1,True,Off,
723,2,True,Off,
723,2,True,Off,
723,3,True,Off,
723,3,True,Off,
724,1,True,"Location, Off",
724,1,True,"Location, Off",
724,2,True,"Location, Off",
724,2,True,"Location, Off",
724,3,True,"Location, Off",
724,3,True,"Location, Off",
725,1,True,"Staff, Off",
725,1,True,"Staff, Off",
725,2,True,"Staff, Off",
725,2,True,"Staff, Off",
725,3,True,"Staff, Off",
725,3,True,"Staff, Off",
726,1,True,"Room, Staff, Location, Off",
726,1,True,"Room, Staff, Location, Off",
726,2,True,"Room, Staff, Location, Off",
726,2,True,"Room, Staff, Location, Off",
726,3,True,"Room, Staff, Location, Off",
726,3,True,"Room, Staff, Location, Off",
727,1,True,"Room, Staff, Location, Off",
727,1,True,"Room, Staff, Location, Off",
727,2,True,"Room, Staff, Location, Off",
727,2,True,"Room, Staff, Location, Off",
727,3,True,"Room, Staff, Location, Off",
727,3,True,"Room, Staff, Location, Off",
728,1,True,"Location, Off",
728,1,True,"Food, Off",
728,2,True,"Location, Off",
728,2,True,"Food, Off",
728,3,True,"Food, Off",
728,3,True,"Location, Off",
729,1,True,"Staff, Food, Off",
729,1,True,"Staff, Food, Off",
729,2,True,"Staff, Food, Off",
729,2,True,"Staff, Food, Off",
729,3,True,"Staff, Food, Off",
729,3,True,"Staff, Food, Off",
730,1,True,"Location, Off",
730,1,True,"Location, Off",
730,2,True,"Location, Off",
730,2,True,"Location, Off",
730,3,True,"Location, Off",
730,3,True,"Location, Off",
731,1,True,"Room, Staff, Off",
731,1,True,"Room, Staff, Off",
731,2,True,"Room, Staff, Off",
731,2,True,"Room, Staff, Off",
731,3,True,"Room, Staff, Off",
731,3,True,"Room, Staff, Off",
732,1,True,"Staff, Location, Off",
732,1,True,"Staff, Location, Off",
732,2,True,"Staff, Location, Off",
732,2,True,"Staff, Location, Off",
732,3,True,"Staff, Location, Off",
732,3,True,"Staff, Location, Off",
733,1,True,"Staff, Location, Off",
733,1,True,"Staff, Location, Off",
733,2,True,"Staff, Location, Off",
733,2,True,"Staff, Location, Off",
733,3,True,"Staff, Location, Off",
733,3,True,"Staff, Location, Off",
734,1,True,"Staff, Off",
734,1,True,"Room, Off",
734,2,True,"Staff, Off",
734,2,True,"Room, Off",
734,3,True,"Room, Off",
734,3,True,"Staff, Off",
735,1,False,"Location, Food, Facility, Off",'Room' is a required property
735,1,False,"Location, Food, Facility, Off",'Room' is a required property
735,2,False,"Location, Food, Facility, Off",'Room' is a required property
735,2,False,"Location, Food, Facility, Off",'Room' is a required property
735,3,False,"Location, Food, Facility, Off",'Room' is a required property
735,3,False,"Location, Food, Facility, Off",'Room' is a required property
736,1,True,"Staff, Off",
736,1,True,"Staff, Off",
736,2,True,"Staff, Off",
736,2,True,"Staff, Off",
736,3,True,"Staff, Off",
736,3,True,"Staff, Off",
737,1,True,"Location, Food, Price, Off",
737,1,True,"Location, Food, Price, Off",
737,2,True,"Location, Food, Price, Off",
737,2,True,"Location, Food, Price, Off",
737,3,True,"Location, Food, Price, Off",
737,3,True,"Location, Food, Price, Off",
738,1,True,"Room, Staff, Food, Facility, Check-in, Off",
738,1,True,"Room, Staff, Food, Facility, Check-in, Off",
738,2,True,"Room, Staff, Food, Facility, Check-in, Off",
738,2,True,"Room, Staff, Food, Facility, Check-in, Off",
738,3,True,"Room, Staff, Food, Facility, Check-in, Off",
738,3,True,"Room, Staff, Food, Facility, Check-in, Off",
739,1,True,"Room, Staff, Location, Off",
739,1,True,"Room, Staff, Location, Off",
739,2,True,"Room, Staff, Location, Off",
739,2,True,"Room, Staff, Location, Off",
739,3,True,"Room, Staff, Location, Off",
739,3,True,"Room, Staff, Location, Off",
740,1,True,"Location, Off",
740,1,True,"Location, Off",
740,2,True,"Location, Off",
740,2,True,"Location, Off",
740,3,True,"Location, Off",
740,3,True,"Location, Off",
741,1,True,"Room, Off",
741,1,True,"Room, Off",
741,2,True,"Room, Off",
741,2,True,"Room, Off",
741,3,True,"Room, Off",
741,3,True,"Room, Off",
742,1,True,"Room, Off",
742,1,True,"Room, Off",
742,2,True,"Room, Off",
742,2,True,"Room, Off",
742,3,True,"Room, Off",
742,3,True,"Room, Off",
743,1,True,"Room, Off",
743,1,True,"Room, Off",
743,2,True,"Room, Off",
743,2,True,"Room, Off",
743,3,True,"Room, Off",
743,3,True,"Room, Off",
744,1,True,"Room, Off",
744,1,True,"Room, Off",
744,2,True,"Room, Off",
744,2,True,"Room, Off",
744,3,True,"Room, Off",
744,3,True,"Room, Off",
745,1,True,"Location, Food, Off",
745,1,True,"Location, Food, Off",
745,2,True,"Location, Food, Off",
745,2,True,"Location, Food, Off",
745,3,True,"Location, Food, Off",
745,3,True,"Location, Food, Off",
746,1,True,"Room, Staff, Off, Booking-issue",
746,1,True,"Room, Staff, Off, Booking-issue",
746,2,True,"Room, Staff, Off, Booking-issue",
746,2,True,"Room, Staff, Off, Booking-issue",
746,3,True,"Room, Staff, Off, Booking-issue",
746,3,True,"Room, Staff, Off, Booking-issue",
747,1,True,"Room, Off",
747,1,True,"Room, Off",
747,2,True,"Room, Off",
747,2,True,"Room, Off",
747,3,True,"Room, Off",
747,3,True,"Room, Off",
748,1,True,"Location, Off",
748,1,True,"Location, Off",
748,2,True,"Location, Off",
748,2,True,"Location, Off",
748,3,True,"Location, Off",
748,3,True,"Location, Off",
749,1,True,"Room, Location, Off",
749,1,True,"Room, Location, Off",
749,2,True,"Room, Location, Off",
749,2,True,"Room, Location, Off",
749,3,True,"Room, Location, Off",
749,3,True,"Room, Location, Off",
750,1,True,"Staff, Location, Off",
750,1,True,"Staff, Location, Off",
750,2,True,"Staff, Location, Off",
750,2,True,"Staff, Location, Off",
750,3,True,"Staff, Location, Off",
750,3,True,"Staff, Location, Off",
751,1,True,"Room, Off",
751,1,True,"Room, Off",
751,2,True,"Room, Off",
751,2,True,"Room, Off",
751,3,True,"Room, Off",
751,3,True,"Room, Off",
752,1,True,"Room, Off",
752,1,True,"Room, Off",
752,2,True,"Room, Off",
752,2,True,"Room, Off",
752,3,True,"Room, Off",
752,3,True,"Room, Off",
753,1,True,"Room, Facility, Off",
753,1,True,"Room, Facility, Off",
753,2,True,"Room, Facility, Off",
753,2,True,"Room, Facility, Off",
753,3,True,"Room, Facility, Off",
753,3,True,"Room, Facility, Off",
754,1,True,"Location, Price, Off",
754,1,True,"Location, Price, Off",
754,2,True,"Location, Price, Off",
754,2,True,"Location, Price, Off",
754,3,True,"Location, Price, Off",
754,3,True,"Location, Price, Off",
755,1,True,"Staff, Off",
755,1,True,"Staff, Off",
755,2,True,"Staff, Off",
755,2,True,"Staff, Off",
755,3,True,"Staff, Off",
755,3,True,"Staff, Off",
756,1,True,"Location, Food, Off",
756,1,True,"Location, Food, Off",
756,2,True,"Location, Food, Off",
756,2,True,"Location, Food, Off",
756,3,True,"Location, Food, Off",
756,3,True,"Location, Food, Off",
757,1,True,"Food, Facility, Off",
757,1,True,"Food, Facility, Off",
757,2,True,"Food, Facility, Off",
757,2,True,"Food, Facility, Off",
757,3,True,"Food, Facility, Off",
757,3,True,"Food, Facility, Off",
758,1,True,"Room, Staff, Off",
758,1,True,"Room, Staff, Off",
758,2,True,"Room, Staff, Off",
758,2,True,"Room, Staff, Off",
758,3,True,"Room, Staff, Off",
758,3,True,"Room, Staff, Off",
759,1,True,"Room, Off",
759,1,True,"Room, Off",
759,2,True,"Room, Off",
759,2,True,"Room, Off",
759,3,True,"Room, Off",
759,3,True,"Room, Off",
760,1,True,"Location, Off",
760,1,True,"Location, Off",
760,2,True,"Location, Off",
760,2,True,"Location, Off",
760,3,True,"Location, Off",
760,3,True,"Location, Off",
761,1,True,"Room, Off",
761,1,True,"Room, Off",
761,2,True,"Room, Off",
761,2,True,"Room, Off",
761,3,True,"Room, Off",
761,3,True,"Room, Off",
762,1,True,"Location, Off",
762,1,True,"Location, Off",
762,2,True,"Location, Off",
762,2,True,"Location, Off",
762,3,True,"Location, Off",
762,3,True,"Location, Off",
763,1,True,"Room, Off",
763,1,True,"Room, Off",
763,2,True,"Room, Off",
763,2,True,"Room, Off",
763,3,True,"Room, Off",
763,3,True,"Room, Off",
764,1,True,"Room, Off",
764,1,True,"Room, Off",
764,2,True,"Room, Off",
764,2,True,"Room, Off",
764,3,True,"Room, Off",
764,3,True,"Room, Off",
765,1,True,"Room, Facility, Off, Booking-issue",
765,1,True,"Room, Facility, Off, Booking-issue",
765,2,True,"Room, Facility, Off, Booking-issue",
765,2,True,"Room, Facility, Off, Booking-issue",
765,3,True,"Room, Facility, Off, Booking-issue",
765,3,True,"Room, Facility, Off, Booking-issue",
766,1,True,"Room, Off",
766,1,True,"Room, Off",
766,2,True,"Room, Off",
766,2,True,"Room, Off",
766,3,True,"Room, Off",
766,3,True,"Room, Off",
767,1,True,"Room, Location, Price, Off",
767,1,True,"Room, Location, Price, Off",
767,2,True,"Room, Location, Price, Off",
767,2,True,"Room, Location, Price, Off",
767,3,True,"Room, Location, Price, Off",
767,3,True,"Room, Location, Price, Off",
768,1,True,"Room, Location, Facility, Off",
768,1,True,"Room, Location, Facility, Off",
768,2,True,"Room, Location, Facility, Off",
768,2,True,"Room, Location, Facility, Off",
768,3,True,"Room, Location, Facility, Off",
768,3,True,"Room, Location, Facility, Off",
769,1,True,"Staff, Location, Off",
769,1,True,"Staff, Location, Off",
769,2,True,"Staff, Location, Off",
769,2,True,"Staff, Location, Off",
769,3,True,"Staff, Location, Off",
769,3,True,"Staff, Location, Off",
770,1,True,"Staff, Price, Off",
770,1,True,"Staff, Price, Off",
770,2,True,"Staff, Price, Off",
770,2,True,"Staff, Price, Off",
770,3,True,"Staff, Price, Off",
770,3,True,"Staff, Price, Off",
771,1,True,"Staff, Location, Food, Off",
771,1,True,"Staff, Location, Food, Off",
771,2,True,"Staff, Location, Food, Off",
771,2,True,"Staff, Location, Food, Off",
771,3,True,"Staff, Location, Food, Off",
771,3,True,"Staff, Location, Food, Off",
772,1,True,"Facility, Off",
772,1,True,"Facility, Off",
772,2,True,"Facility, Off",
772,2,True,"Facility, Off",
772,3,True,"Facility, Off",
772,3,True,"Facility, Off",
773,1,True,"Room, Location, Off",
773,1,True,"Room, Location, Off",
773,2,True,"Room, Location, Off",
773,2,True,"Room, Location, Off",
773,3,True,"Room, Location, Off",
773,3,True,"Room, Location, Off",
774,1,True,"Room, Staff, Location, Off",
774,1,True,"Room, Staff, Location, Off",
774,2,True,"Room, Staff, Location, Off",
774,2,True,"Room, Staff, Location, Off",
774,3,True,"Room, Staff, Location, Off",
774,3,True,"Room, Staff, Location, Off",
775,1,True,"Staff, Price, Check-in, Off",
775,1,True,"Staff, Price, Check-in, Off",
775,2,True,"Staff, Price, Check-in, Off",
775,2,True,"Staff, Price, Check-in, Off",
775,3,True,"Staff, Price, Check-in, Off",
775,3,True,"Staff, Price, Check-in, Off",
776,1,True,"Location, Off",
776,1,True,"Location, Off",
776,2,True,"Location, Off",
776,2,True,"Location, Off",
776,3,True,"Location, Off",
776,3,True,"Location, Off",
777,1,True,"Room, Staff, Food, Off",
777,1,True,"Room, Staff, Food, Off",
777,2,True,"Room, Staff, Food, Off",
777,2,True,"Room, Staff, Food, Off",
777,3,True,"Room, Staff, Food, Off",
777,3,True,"Room, Staff, Food, Off",
778,1,True,"Staff, Location, Price, Check-in, Off",
778,1,True,"Staff, Location, Price, Check-in, Off",
778,2,True,"Staff, Location, Price, Check-in, Off",
778,2,True,"Staff, Location, Price, Check-in, Off",
778,3,True,"Staff, Location, Price, Check-in, Off",
778,3,True,"Staff, Location, Price, Check-in, Off",
779,1,True,"Room, Staff, Location, Check-in, Off",
779,1,True,"Room, Staff, Location, Check-in, Off",
779,2,True,"Room, Staff, Location, Check-in, Off",
779,2,True,"Room, Staff, Location, Check-in, Off",
779,3,True,"Room, Staff, Location, Check-in, Off",
779,3,True,"Room, Staff, Location, Check-in, Off",
780,1,True,"Room, Location, Off",
780,1,True,"Room, Location, Off",
780,2,True,"Room, Location, Off",
780,2,True,"Room, Location, Off",
780,3,True,"Room, Location, Off",
780,3,True,"Room, Location, Off",
781,1,True,"Staff, Food, Off",
781,1,True,"Staff, Food, Off",
781,2,True,"Staff, Food, Off",
781,2,True,"Staff, Food, Off",
781,3,True,"Staff, Food, Off",
781,3,True,"Staff, Food, Off",
782,1,True,"Room, Food, Facility, Off",
782,1,True,"Room, Food, Facility, Off",
782,2,True,"Room, Food, Facility, Off",
782,2,True,"Room, Food, Facility, Off",
782,3,True,"Room, Food, Facility, Off",
782,3,True,"Room, Food, Facility, Off",
783,1,True,"Staff, Off",
783,1,True,"Staff, Off",
783,2,True,"Staff, Off",
783,2,True,"Staff, Off",
783,3,True,"Staff, Off",
783,3,True,"Staff, Off",
784,1,True,"Room, Staff, Location, Off",
784,1,True,"Room, Staff, Location, Off",
784,2,True,"Room, Staff, Location, Off",
784,2,True,"Room, Staff, Location, Off",
784,3,True,"Room, Staff, Location, Off",
784,3,True,"Room, Staff, Location, Off",
785,1,True,"Staff, Off",
785,1,True,"Staff, Off",
785,2,True,"Staff, Off",
785,2,True,"Staff, Off",
785,3,True,"Staff, Off",
785,3,True,"Staff, Off",
2484,1,True,"Location, Off",
2484,1,True,"Location, Off",
2484,2,True,"Location, Off",
2484,2,True,"Location, Off",
2484,3,True,"Location, Off",
2484,3,True,"Location, Off",
