Review ID,Run,Valid,Topic,Text Span,Errors
1,1,True,Room,"New, comfortable apartments, close to the airport, to very clean beach.",
1,1,True,Staff,Staff is extremely helpful and easy to communicate with ,
1,1,True,Food,"Tasty food on the first floor, comfortable restaurant for both cozy evenings and calm work to escape the heat in the midday",
1,2,True,Room,"New, comfortable apartments, close to the airport, to very clean beach.",
1,2,True,Staff,Staff is extremely helpful and easy to communicate with ,
1,2,True,Food,"Tasty food on the first floor, comfortable restaurant for both cozy evenings and calm work to escape the heat in the midday",
1,3,True,Room,"New, comfortable apartments, close to the airport, to very clean beach.",
1,3,True,Staff,Staff is extremely helpful and easy to communicate with ,
1,3,True,Food,"Tasty food on the first floor, comfortable restaurant for both cozy evenings and calm work to escape the heat in the midday",
2,1,False,(parse failed),,json_parse_error: Unterminated string starting at: line 1 column 5406 (char 5405)
2,2,False,(parse failed),,json_parse_error: Unterminated string starting at: line 1 column 5406 (char 5405)
2,3,False,(parse failed),,json_parse_error: Unterminated string starting at: line 1 column 5406 (char 5405)
3,1,False,(parse failed),,json_parse_error: Expecting ':' delimiter: line 1 column 356 (char 355)
3,2,False,(parse failed),,json_parse_error: Expecting ':' delimiter: line 1 column 356 (char 355)
3,3,False,(parse failed),,json_parse_error: Expecting ':' delimiter: line 1 column 356 (char 355)
4,1,True,Room,Clean,
4,2,True,Room,Clean,
4,3,True,Room,Clean,
5,1,True,Room,very comfortable beds,
5,1,True,Location,in a very convenient location.,
5,1,True,Location,a great beach.,
5,2,True,Room,very comfortable beds,
5,2,True,Location,in a very convenient location.,
5,2,True,Location,a great beach.,
5,3,True,Room,very comfortable beds,
5,3,True,Location,in a very convenient location.,
5,3,True,Location,a great beach.,
6,1,True,Room,The room was exceptionally clean with a really comfortable bed,
6,2,True,Room,The room was exceptionally clean with a really comfortable bed,
6,3,True,Room,The room was exceptionally clean with a really comfortable bed,
7,1,False,Room,The room was spotless.,
7,1,False,Room,although not big,
7,1,False,Staff,The staff were lovely.,
7,1,False,Staff,Service was great.,
7,1,False,Staff,They were very helpful and friendly!,
7,1,False,Location,great location,
7,1,False,Location,just a 5-minute walk to the beach,
7,1,False,Location,"very convenient for the night market, which is only one street away.",
7,1,False,Food,"Breakfast was wonderful — fresh fruit, eggs any style, and great coffee.",
7,1,False,Food,the food arrived cold and took over an hour.,
7,1,False,Food,"fresh juice, eggs made to order, and a wide selection of pastries.",
7,1,False,Food,"breakfast was amazing, fresh and handmade!",
7,1,False,Price,very reasonable prices,
7,1,False,Facility,"renovated,",
7,1,False,Check-in,check-in/check-out process or timing,
7,1,False,Check-out,check-in/check-out process or timing,
7,1,False,Off,I don't think I need to mention where I'll be staying next time I'm in Larnaka..,
7,1,False,Off,Brilliant guys ... 🙏🙏🙏,
7,1,False,Booking-issue,nothing,
7,1,False,Booking-issue,booking/reservation process,
7,1,False,Taxi-issue,taxi service,
7,2,False,Room,The room was spotless.,
7,2,False,Room,although not big,
7,2,False,Staff,The staff were lovely.,
7,2,False,Staff,Service was great.,
7,2,False,Staff,They were very helpful and friendly!,
7,2,False,Location,great location,
7,2,False,Location,just a 5-minute walk to the beach,
7,2,False,Location,"very convenient for the night market, which is only one street away.",
7,2,False,Food,"Breakfast was wonderful — fresh fruit, eggs any style, and great coffee.",
7,2,False,Food,the food arrived cold and took over an hour.,
7,2,False,Food,"fresh juice, eggs made to order, and a wide selection of pastries.",
7,2,False,Food,"breakfast was amazing, fresh and handmade!",
7,2,False,Price,very reasonable prices,
7,2,False,Facility,"renovated,",
7,2,False,Check-in,check-in/check-out process or timing,
7,2,False,Check-out,check-in/check-out process or timing,
7,2,False,Off,I don't think I need to mention where I'll be staying next time I'm in Larnaka..,
7,2,False,Off,Brilliant guys ... 🙏🙏🙏,
7,2,False,Booking-issue,nothing,
7,2,False,Booking-issue,booking/reservation process,
7,2,False,Taxi-issue,taxi service,
7,3,False,Room,The room was spotless.,
7,3,False,Room,although not big,
7,3,False,Staff,The staff were lovely.,
7,3,False,Staff,Service was great.,
7,3,False,Staff,They were very helpful and friendly!,
7,3,False,Location,great location,
7,3,False,Location,just a 5-minute walk to the beach,
7,3,False,Location,"very convenient for the night market, which is only one street away.",
7,3,False,Food,"Breakfast was wonderful — fresh fruit, eggs any style, and great coffee.",
7,3,False,Food,the food arrived cold and took over an hour.,
7,3,False,Food,"fresh juice, eggs made to order, and a wide selection of pastries.",
7,3,False,Food,"breakfast was amazing, fresh and handmade!",
7,3,False,Price,very reasonable prices,
7,3,False,Facility,"renovated,",
7,3,False,Check-in,check-in/check-out process or timing,
7,3,False,Check-out,check-in/check-out process or timing,
7,3,False,Off,I don't think I need to mention where I'll be staying next time I'm in Larnaka..,
7,3,False,Off,Brilliant guys ... 🙏🙏🙏,
7,3,False,Booking-issue,nothing,
7,3,False,Booking-issue,booking/reservation process,
7,3,False,Taxi-issue,taxi service,
8,1,False,Room,not big,
8,1,False,Staff,The staff was very nice and helpful!,
8,1,False,Location,"nice location,",
8,1,False,Location,"renovated,",
8,2,False,Room,not big,
8,2,False,Staff,The staff was very nice and helpful!,
8,2,False,Location,"nice location,",
8,2,False,Location,"renovated,",
8,3,False,Room,not big,
8,3,False,Staff,The staff was very nice and helpful!,
8,3,False,Location,"nice location,",
8,3,False,Location,"renovated,",
9,1,False,(parse failed),,"json_parse_error: Expecting ',' delimiter: line 1 column 671 (char 670)"
9,2,False,(parse failed),,"json_parse_error: Expecting ',' delimiter: line 1 column 671 (char 670)"
9,3,False,(parse failed),,"json_parse_error: Expecting ',' delimiter: line 1 column 671 (char 670)"
10,1,True,Room,Great modern room,
10,1,True,Location,quiet location,
10,2,True,Room,Great modern room,
10,2,True,Location,quiet location,
10,3,True,Room,Great modern room,
10,3,True,Location,quiet location,
11,1,False,Room,The room was spotless.,
11,1,False,Staff,Maria at reception is just great she really took time to explain where to go how to get there and so helpful ... ™,
11,1,False,Staff,"Richard the chef this guy is like the friendliest guy ever, such a nice guy with a permanent. Smile 😊",
11,1,False,Location,The bus stop which goes to and from the airport as well as the town center is a minutes walk away and just 2 euros ,
11,1,False,Location,I don't think I need to mention where I'll be staying next time I'm in Larnaka.. 🤖,
11,1,False,Food,Oh yeah the food is great to and very reasonable prices ..,
11,2,False,Room,The room was spotless.,
11,2,False,Staff,Maria at reception is just great she really took time to explain where to go how to get there and so helpful ... ™,
11,2,False,Staff,"Richard the chef this guy is like the friendliest guy ever, such a nice guy with a permanent. Smile 😊",
11,2,False,Location,The bus stop which goes to and from the airport as well as the town center is a minutes walk away and just 2 euros ,
11,2,False,Location,I don't think I need to mention where I'll be staying next time I'm in Larnaka.. 🤖,
11,2,False,Food,Oh yeah the food is great to and very reasonable prices ..,
11,3,False,Room,The room was spotless.,
11,3,False,Staff,Maria at reception is just great she really took time to explain where to go how to get there and so helpful ... ™,
11,3,False,Staff,"Richard the chef this guy is like the friendliest guy ever, such a nice guy with a permanent. Smile 😊",
11,3,False,Location,The bus stop which goes to and from the airport as well as the town center is a minutes walk away and just 2 euros ,
11,3,False,Location,I don't think I need to mention where I'll be staying next time I'm in Larnaka.. 🤖,
11,3,False,Food,Oh yeah the food is great to and very reasonable prices ..,
12,1,False,(parse failed),,json_parse_error: Expecting ':' delimiter: line 1 column 112 (char 111)
12,2,False,(parse failed),,json_parse_error: Expecting ':' delimiter: line 1 column 112 (char 111)
12,3,False,(parse failed),,json_parse_error: Expecting ':' delimiter: line 1 column 112 (char 111)
13,1,False,(parse failed),,"json_parse_error: Expecting ',' delimiter: line 1 column 2129 (char 2128)"
13,2,False,(parse failed),,"json_parse_error: Expecting ',' delimiter: line 1 column 2129 (char 2128)"
13,3,False,(parse failed),,"json_parse_error: Expecting ',' delimiter: line 1 column 2129 (char 2128)"
14,1,False,(parse failed),,json_parse_error: Expecting ':' delimiter: line 1 column 349 (char 348)
14,2,False,(parse failed),,json_parse_error: Expecting ':' delimiter: line 1 column 349 (char 348)
14,3,False,(parse failed),,json_parse_error: Expecting ':' delimiter: line 1 column 349 (char 348)
15,1,False,(parse failed),,json_parse_error: Expecting property name enclosed in double quotes: line 1 column 139 (char 138)
15,2,False,(parse failed),,json_parse_error: Expecting property name enclosed in double quotes: line 1 column 139 (char 138)
15,3,False,(parse failed),,json_parse_error: Expecting property name enclosed in double quotes: line 1 column 139 (char 138)
16,1,False,Room,"they are spacious, clean, the window view is nice too.",
16,1,False,Room,the room was not very big,
16,1,False,Food,"the food there is very very tasty and made with a lot of care- they care a lot about the details: olive oil galore, herbs- absolutely delicious!",
16,2,False,Room,"they are spacious, clean, the window view is nice too.",
16,2,False,Room,the room was not very big,
16,2,False,Food,"the food there is very very tasty and made with a lot of care- they care a lot about the details: olive oil galore, herbs- absolutely delicious!",
16,3,False,Room,"they are spacious, clean, the window view is nice too.",
16,3,False,Room,the room was not very big,
16,3,False,Food,"the food there is very very tasty and made with a lot of care- they care a lot about the details: olive oil galore, herbs- absolutely delicious!",
17,1,False,(parse failed),,json_parse_error: Expecting property name enclosed in double quotes: line 1 column 219 (char 218)
17,2,False,(parse failed),,json_parse_error: Expecting property name enclosed in double quotes: line 1 column 219 (char 218)
17,3,False,(parse failed),,json_parse_error: Expecting property name enclosed in double quotes: line 1 column 219 (char 218)
18,1,False,(parse failed),,json_parse_error: Expecting ':' delimiter: line 1 column 107 (char 106)
18,2,False,(parse failed),,json_parse_error: Expecting ':' delimiter: line 1 column 107 (char 106)
18,3,False,(parse failed),,json_parse_error: Expecting ':' delimiter: line 1 column 107 (char 106)
19,1,False,(parse failed),,json_parse_error: Expecting ':' delimiter: line 1 column 234 (char 233)
19,2,False,(parse failed),,json_parse_error: Expecting ':' delimiter: line 1 column 234 (char 233)
19,3,False,(parse failed),,json_parse_error: Expecting ':' delimiter: line 1 column 234 (char 233)
20,1,True,Room,clean,
20,1,True,Staff,friendly stuff,
20,1,True,Location,location,
20,2,True,Room,clean,
20,2,True,Staff,friendly stuff,
20,2,True,Location,location,
20,3,True,Room,clean,
20,3,True,Staff,friendly stuff,
20,3,True,Location,location,
21,1,False,(parse failed),,json_parse_error: Expecting ':' delimiter: line 1 column 101 (char 100)
21,2,False,(parse failed),,json_parse_error: Expecting ':' delimiter: line 1 column 101 (char 100)
21,3,False,(parse failed),,json_parse_error: Expecting ':' delimiter: line 1 column 101 (char 100)
22,1,True,Room,"Room was perfect, looked new, clean shiny tiled floors and bathroom tiles, just every inch perfect and clean.",
22,1,True,Room,"Bed was really comfortable, lots of room for me to put my things... although might have needed another set of drawers if there were two of us.",
22,1,True,Food,"Ordered pizza one night and was not great, too stodgy but I'm sure other food is better.",
22,2,True,Room,"Room was perfect, looked new, clean shiny tiled floors and bathroom tiles, just every inch perfect and clean.",
22,2,True,Room,"Bed was really comfortable, lots of room for me to put my things... although might have needed another set of drawers if there were two of us.",
22,2,True,Food,"Ordered pizza one night and was not great, too stodgy but I'm sure other food is better.",
22,3,True,Room,"Room was perfect, looked new, clean shiny tiled floors and bathroom tiles, just every inch perfect and clean.",
22,3,True,Room,"Bed was really comfortable, lots of room for me to put my things... although might have needed another set of drawers if there were two of us.",
22,3,True,Food,"Ordered pizza one night and was not great, too stodgy but I'm sure other food is better.",
23,1,True,Room,the beds were very comfortable,
23,2,True,Room,the beds were very comfortable,
23,3,True,Room,the beds were very comfortable,
24,1,False,Room,The mattress was very comfortable.,
24,2,False,Room,The mattress was very comfortable.,
24,3,False,Room,The mattress was very comfortable.,
25,1,False,(parse failed),,"json_parse_error: Expecting ',' delimiter: line 1 column 1198 (char 1197)"
25,2,False,(parse failed),,"json_parse_error: Expecting ',' delimiter: line 1 column 1198 (char 1197)"
25,3,False,(parse failed),,"json_parse_error: Expecting ',' delimiter: line 1 column 1198 (char 1197)"
26,1,False,(parse failed),,"json_parse_error: Expecting ',' delimiter: line 1 column 5285 (char 5284)"
26,2,False,(parse failed),,"json_parse_error: Expecting ',' delimiter: line 1 column 5285 (char 5284)"
26,3,False,(parse failed),,"json_parse_error: Expecting ',' delimiter: line 1 column 5285 (char 5284)"
27,1,False,(parse failed),,json_parse_error: Expecting property name enclosed in double quotes: line 1 column 174 (char 173)
27,2,False,(parse failed),,json_parse_error: Expecting property name enclosed in double quotes: line 1 column 174 (char 173)
27,3,False,(parse failed),,json_parse_error: Expecting property name enclosed in double quotes: line 1 column 174 (char 173)
28,1,False,(parse failed),,json_parse_error: Expecting value: line 1 column 5261 (char 5260)
28,2,False,(parse failed),,json_parse_error: Expecting value: line 1 column 5261 (char 5260)
28,3,False,(parse failed),,json_parse_error: Expecting value: line 1 column 5261 (char 5260)
29,1,False,(parse failed),,json_parse_error: Expecting property name enclosed in double quotes: line 1 column 154 (char 153)
29,2,False,(parse failed),,json_parse_error: Expecting property name enclosed in double quotes: line 1 column 154 (char 153)
29,3,False,(parse failed),,json_parse_error: Expecting property name enclosed in double quotes: line 1 column 154 (char 153)
30,1,True,Room,The room was spotless.,
30,1,True,Staff,Staff were lovely.,
30,1,True,Location,Great location for restaurants.,
30,1,True,Location,Great location for a short drive to the airport.,
30,1,True,Off,Not applicable,
30,2,True,Room,The room was spotless.,
30,2,True,Staff,Staff were lovely.,
30,2,True,Location,Great location for restaurants.,
30,2,True,Location,Great location for a short drive to the airport.,
30,2,True,Off,Not applicable,
30,3,True,Room,The room was spotless.,
30,3,True,Staff,Staff were lovely.,
30,3,True,Location,Great location for restaurants.,
30,3,True,Location,Great location for a short drive to the airport.,
30,3,True,Off,Not applicable,
31,1,False,Room,clean,
31,1,False,Staff,friendly staff,
31,1,False,Location,Very close to Mackenzy beach,
31,1,False,Location,& Larnaca airport.,
31,1,False,Food,Great restaurant beneath the hotel - food excellent & reasonably priced.,
31,2,False,Room,clean,
31,2,False,Staff,friendly staff,
31,2,False,Location,Very close to Mackenzy beach,
31,2,False,Location,& Larnaca airport.,
31,2,False,Food,Great restaurant beneath the hotel - food excellent & reasonably priced.,
31,3,False,Room,clean,
31,3,False,Staff,friendly staff,
31,3,False,Location,Very close to Mackenzy beach,
31,3,False,Location,& Larnaca airport.,
31,3,False,Food,Great restaurant beneath the hotel - food excellent & reasonably priced.,
32,1,False,Room,The bed was great.,
32,1,False,Room,Rooms clean.,
32,1,False,Room,The room was great,
32,1,False,Staff,Staff were so kind.,
32,2,False,Room,The bed was great.,
32,2,False,Room,Rooms clean.,
32,2,False,Room,The room was great,
32,2,False,Staff,Staff were so kind.,
32,3,False,Room,The bed was great.,
32,3,False,Room,Rooms clean.,
32,3,False,Room,The room was great,
32,3,False,Staff,Staff were so kind.,
33,1,True,Room,super clean room with modern furniture,
33,1,True,Staff,Very helpful staff,
33,1,True,Food,Option to have a good breakfast within the hotel,
33,2,True,Room,super clean room with modern furniture,
33,2,True,Staff,Very helpful staff,
33,2,True,Food,Option to have a good breakfast within the hotel,
33,3,True,Room,super clean room with modern furniture,
33,3,True,Staff,Very helpful staff,
33,3,True,Food,Option to have a good breakfast within the hotel,
34,1,False,Location,location,
34,1,False,Location,location,
34,1,False,Price,value for money,
34,1,False,Off,more hooks on walls for towels etc.,
34,2,False,Location,location,
34,2,False,Location,location,
34,2,False,Price,value for money,
34,2,False,Off,more hooks on walls for towels etc.,
34,3,False,Location,location,
34,3,False,Location,location,
34,3,False,Price,value for money,
34,3,False,Off,more hooks on walls for towels etc.,
35,1,False,(no spans found),,Room: text span not found verbatim in review_text
35,2,False,(no spans found),,Room: text span not found verbatim in review_text
35,3,False,(no spans found),,Room: text span not found verbatim in review_text
36,1,False,(parse failed),,json_parse_error: Unterminated string starting at: line 1 column 5370 (char 5369)
36,2,False,(parse failed),,json_parse_error: Unterminated string starting at: line 1 column 5370 (char 5369)
36,3,False,(parse failed),,json_parse_error: Unterminated string starting at: line 1 column 5370 (char 5369)
37,1,True,Room,lovely caring staff.,
37,1,True,Staff,"Really clean , lovely caring staff.",
37,1,True,Food,food was good too!,
37,2,True,Room,lovely caring staff.,
37,2,True,Staff,"Really clean , lovely caring staff.",
37,2,True,Food,food was good too!,
37,3,True,Room,lovely caring staff.,
37,3,True,Staff,"Really clean , lovely caring staff.",
37,3,True,Food,food was good too!,
38,1,True,Room,great rooms - nice and cool,
38,2,True,Room,great rooms - nice and cool,
38,3,True,Room,great rooms - nice and cool,
39,1,True,Room,It was really clean and spacious,
39,2,True,Room,It was really clean and spacious,
39,3,True,Room,It was really clean and spacious,
40,1,True,Room,not far from Airport and Mackenzie beach.,
40,1,True,Location,"Nice location,",
40,1,True,Location,not far from Airport and Mackenzie beach.,
40,2,True,Room,not far from Airport and Mackenzie beach.,
40,2,True,Location,"Nice location,",
40,2,True,Location,not far from Airport and Mackenzie beach.,
40,3,True,Room,not far from Airport and Mackenzie beach.,
40,3,True,Location,"Nice location,",
40,3,True,Location,not far from Airport and Mackenzie beach.,
41,1,True,Room,"Clean modern rooms, very nice breakfast.",
41,1,True,Staff,Super friendly and helpful staff.,
41,1,True,Location,"A good location 5 lins away from the airport by car, 5 mins walk to the beach.",
41,2,True,Room,"Clean modern rooms, very nice breakfast.",
41,2,True,Staff,Super friendly and helpful staff.,
41,2,True,Location,"A good location 5 lins away from the airport by car, 5 mins walk to the beach.",
41,3,True,Room,"Clean modern rooms, very nice breakfast.",
41,3,True,Staff,Super friendly and helpful staff.,
41,3,True,Location,"A good location 5 lins away from the airport by car, 5 mins walk to the beach.",
42,1,False,Room,"The room was very clean, well decorated and modern, although not big.",
42,1,False,Staff,"The staff was very nice and helpful! The breakfast was amazing, fresh and handmade!",
42,1,False,Location,"nice location,",
42,2,False,Room,"The room was very clean, well decorated and modern, although not big.",
42,2,False,Staff,"The staff was very nice and helpful! The breakfast was amazing, fresh and handmade!",
42,2,False,Location,"nice location,",
42,3,False,Room,"The room was very clean, well decorated and modern, although not big.",
42,3,False,Staff,"The staff was very nice and helpful! The breakfast was amazing, fresh and handmade!",
42,3,False,Location,"nice location,",
43,1,True,Room,clean,
43,1,True,Room,spacious,
43,1,True,Room,practical,
43,2,True,Room,clean,
43,2,True,Room,spacious,
43,2,True,Room,practical,
43,3,True,Room,clean,
43,3,True,Room,spacious,
43,3,True,Room,practical,
44,1,True,Staff,Was met with a warm welcome at reception and then again by the dining staff.,
44,1,True,Off,"Outside was a but noisy later in the evening, but that's not within the hotels control",
44,2,True,Staff,Was met with a warm welcome at reception and then again by the dining staff.,
44,2,True,Off,"Outside was a but noisy later in the evening, but that's not within the hotels control",
44,3,True,Staff,Was met with a warm welcome at reception and then again by the dining staff.,
44,3,True,Off,"Outside was a but noisy later in the evening, but that's not within the hotels control",
45,1,True,Room,everything was me and clean.,
45,1,True,Food,"good food, very reasonably priced,",
45,2,True,Room,everything was me and clean.,
45,2,True,Food,"good food, very reasonably priced,",
45,3,True,Room,everything was me and clean.,
45,3,True,Food,"good food, very reasonably priced,",
46,1,False,(parse failed),,json_parse_error: Expecting ':' delimiter: line 1 column 413 (char 412)
46,2,False,(parse failed),,json_parse_error: Expecting ':' delimiter: line 1 column 413 (char 412)
46,3,False,(parse failed),,json_parse_error: Expecting ':' delimiter: line 1 column 413 (char 412)
47,1,False,Staff,very helpful staff who organised a taxi to collect us in the morning.,
47,1,False,Price,Good value for money.,
47,1,False,Taxi-issue,taxi to collect us in the morning.,
47,2,False,Staff,very helpful staff who organised a taxi to collect us in the morning.,
47,2,False,Price,Good value for money.,
47,2,False,Taxi-issue,taxi to collect us in the morning.,
47,3,False,Staff,very helpful staff who organised a taxi to collect us in the morning.,
47,3,False,Price,Good value for money.,
47,3,False,Taxi-issue,taxi to collect us in the morning.,
48,1,False,Room,clean and comfortable rooms,
48,1,False,Staff,lovely owner,
48,2,False,Room,clean and comfortable rooms,
48,2,False,Staff,lovely owner,
48,3,False,Room,clean and comfortable rooms,
48,3,False,Staff,lovely owner,
49,1,True,Room,The 2 rooms were big enough for a family of 5.,
49,1,True,Location,Great location close to the airport and a short walk to the sea.,
49,1,True,Location,Great value for money.,
49,1,True,Price,Great value for money.,
49,2,True,Room,The 2 rooms were big enough for a family of 5.,
49,2,True,Location,Great location close to the airport and a short walk to the sea.,
49,2,True,Location,Great value for money.,
49,2,True,Price,Great value for money.,
49,3,True,Room,The 2 rooms were big enough for a family of 5.,
49,3,True,Location,Great location close to the airport and a short walk to the sea.,
49,3,True,Location,Great value for money.,
49,3,True,Price,Great value for money.,
50,1,False,Room,The room was clean and comfortable.,
50,2,False,Room,The room was clean and comfortable.,
50,3,False,Room,The room was clean and comfortable.,
51,1,True,Room,"nice clean room,",
51,1,True,Room,very well kept.,
51,1,True,Staff,staff very helpful and friendly.,
51,1,True,Food,good food,
51,2,True,Room,"nice clean room,",
51,2,True,Room,very well kept.,
51,2,True,Staff,staff very helpful and friendly.,
51,2,True,Food,good food,
51,3,True,Room,"nice clean room,",
51,3,True,Room,very well kept.,
51,3,True,Staff,staff very helpful and friendly.,
51,3,True,Food,good food,
52,1,False,(parse failed),,json_parse_error: Expecting ':' delimiter: line 1 column 97 (char 96)
52,2,False,(parse failed),,json_parse_error: Expecting ':' delimiter: line 1 column 97 (char 96)
52,3,False,(parse failed),,json_parse_error: Expecting ':' delimiter: line 1 column 97 (char 96)
53,1,False,Room,"renovated hotel,",
53,1,False,Room,comfortable bed,
53,1,False,Location,"close to the airport and Mackenzie Beach,",
53,1,False,Food,delicious breakfasts in the hotel restaurant.,
53,2,False,Room,"renovated hotel,",
53,2,False,Room,comfortable bed,
53,2,False,Location,"close to the airport and Mackenzie Beach,",
53,2,False,Food,delicious breakfasts in the hotel restaurant.,
53,3,False,Room,"renovated hotel,",
53,3,False,Room,comfortable bed,
53,3,False,Location,"close to the airport and Mackenzie Beach,",
53,3,False,Food,delicious breakfasts in the hotel restaurant.,
54,1,True,Room,Very nice and clean room.,
54,2,True,Room,Very nice and clean room.,
54,3,True,Room,Very nice and clean room.,
55,1,True,Off,A lot of mosquitos,
55,2,True,Off,A lot of mosquitos,
55,3,True,Off,A lot of mosquitos,
56,1,False,(parse failed),,json_parse_error: Expecting property name enclosed in double quotes: line 1 column 119 (char 118)
56,2,False,(parse failed),,json_parse_error: Expecting property name enclosed in double quotes: line 1 column 119 (char 118)
56,3,False,(parse failed),,json_parse_error: Expecting property name enclosed in double quotes: line 1 column 119 (char 118)
57,1,False,Room,"Very clean, very comfortable room.",
57,1,False,Room,The room was spotless.,
57,1,False,Staff,Staff was extremely helpful.,
57,1,False,Staff,They ordered a taxi for us to get to the airport very early in the morning.,
57,1,False,Staff,Staff was extremely helpful.,
57,1,False,Location,"We were able to enjoy a very nice, short walk to the beach where there were many restaurants available to choose from.",
57,1,False,Location,Great location for restaurants.,
57,1,False,Location,Great location for a short drive to the airport.,
57,1,False,Off,Not applicable,
57,2,False,Room,"Very clean, very comfortable room.",
57,2,False,Room,The room was spotless.,
57,2,False,Staff,Staff was extremely helpful.,
57,2,False,Staff,They ordered a taxi for us to get to the airport very early in the morning.,
57,2,False,Staff,Staff was extremely helpful.,
57,2,False,Location,"We were able to enjoy a very nice, short walk to the beach where there were many restaurants available to choose from.",
57,2,False,Location,Great location for restaurants.,
57,2,False,Location,Great location for a short drive to the airport.,
57,2,False,Off,Not applicable,
57,3,False,Room,"Very clean, very comfortable room.",
57,3,False,Room,The room was spotless.,
57,3,False,Staff,Staff was extremely helpful.,
57,3,False,Staff,They ordered a taxi for us to get to the airport very early in the morning.,
57,3,False,Staff,Staff was extremely helpful.,
57,3,False,Location,"We were able to enjoy a very nice, short walk to the beach where there were many restaurants available to choose from.",
57,3,False,Location,Great location for restaurants.,
57,3,False,Location,Great location for a short drive to the airport.,
57,3,False,Off,Not applicable,
58,1,False,(parse failed),,json_parse_error: Expecting property name enclosed in double quotes: line 1 column 140 (char 139)
58,2,False,(parse failed),,json_parse_error: Expecting property name enclosed in double quotes: line 1 column 140 (char 139)
58,3,False,(parse failed),,json_parse_error: Expecting property name enclosed in double quotes: line 1 column 140 (char 139)
59,1,False,Room,The room was spotless.,
59,1,False,Location,Close to airport so very convenient for overnight stay.,
59,1,False,Location,Also very easy to check-in if you arrive late at night.,
59,2,False,Room,The room was spotless.,
59,2,False,Location,Close to airport so very convenient for overnight stay.,
59,2,False,Location,Also very easy to check-in if you arrive late at night.,
59,3,False,Room,The room was spotless.,
59,3,False,Location,Close to airport so very convenient for overnight stay.,
59,3,False,Location,Also very easy to check-in if you arrive late at night.,
60,1,True,Room,clear instructions left access to our room made easy,
60,2,True,Room,clear instructions left access to our room made easy,
60,3,True,Room,clear instructions left access to our room made easy,
61,1,False,Staff,"Excellent staff, very helpful and friendly.",
61,1,False,Staff,The staff were lovely.,
61,1,False,Location,"Great location, convenient for the airport.",
61,1,False,Food,Excellent range of food offered.,
61,1,False,Food,and good service.,
61,2,False,Staff,"Excellent staff, very helpful and friendly.",
61,2,False,Staff,The staff were lovely.,
61,2,False,Location,"Great location, convenient for the airport.",
61,2,False,Food,Excellent range of food offered.,
61,2,False,Food,and good service.,
61,3,False,Staff,"Excellent staff, very helpful and friendly.",
61,3,False,Staff,The staff were lovely.,
61,3,False,Location,"Great location, convenient for the airport.",
61,3,False,Food,Excellent range of food offered.,
61,3,False,Food,and good service.,
62,1,False,Room,"Comfortable beds, the best linen and duvets I had in my entire 10 day trip.",
62,1,False,Room,"Our son had a folding bed which could have been better,",
62,1,False,Room,the regular beds were,
62,1,False,Staff,Caring and helpful host.,
62,1,False,Location,"Comfortable location near the airport, and near the beach.",
62,1,False,Location,We liked La Veranda,
62,1,False,Location,the best linen and duvets I had in my entire 10 day trip.,
62,1,False,Location,Good AC.,
62,1,False,Location,and near the beach.,
62,1,False,Location,especially considering how comfortable the regular beds were,
62,2,False,Room,"Comfortable beds, the best linen and duvets I had in my entire 10 day trip.",
62,2,False,Room,"Our son had a folding bed which could have been better,",
62,2,False,Room,the regular beds were,
62,2,False,Staff,Caring and helpful host.,
62,2,False,Location,"Comfortable location near the airport, and near the beach.",
62,2,False,Location,We liked La Veranda,
62,2,False,Location,the best linen and duvets I had in my entire 10 day trip.,
62,2,False,Location,Good AC.,
62,2,False,Location,and near the beach.,
62,2,False,Location,especially considering how comfortable the regular beds were,
62,3,False,Room,"Comfortable beds, the best linen and duvets I had in my entire 10 day trip.",
62,3,False,Room,"Our son had a folding bed which could have been better,",
62,3,False,Room,the regular beds were,
62,3,False,Staff,Caring and helpful host.,
62,3,False,Location,"Comfortable location near the airport, and near the beach.",
62,3,False,Location,We liked La Veranda,
62,3,False,Location,the best linen and duvets I had in my entire 10 day trip.,
62,3,False,Location,Good AC.,
62,3,False,Location,and near the beach.,
62,3,False,Location,especially considering how comfortable the regular beds were,
63,1,True,(no spans found),,
63,2,True,(no spans found),,
63,3,True,(no spans found),,
64,1,False,(parse failed),,json_parse_error: Expecting ':' delimiter: line 1 column 248 (char 247)
64,2,False,(parse failed),,json_parse_error: Expecting ':' delimiter: line 1 column 248 (char 247)
64,3,False,(parse failed),,json_parse_error: Expecting ':' delimiter: line 1 column 248 (char 247)
65,1,False,Room,bed was comfortable,
65,1,False,Staff,the food and staff were really good.,
65,1,False,Staff,"The property was clean,",
65,1,False,Staff,and the food and staff were really good.,
65,1,False,Staff,staff were lovely.,
65,1,False,Location,Location was great and easy to get to and from.,
65,1,False,Location,and easy to get to and from,
65,2,False,Room,bed was comfortable,
65,2,False,Staff,the food and staff were really good.,
65,2,False,Staff,"The property was clean,",
65,2,False,Staff,and the food and staff were really good.,
65,2,False,Staff,staff were lovely.,
65,2,False,Location,Location was great and easy to get to and from.,
65,2,False,Location,and easy to get to and from,
65,3,False,Room,bed was comfortable,
65,3,False,Staff,the food and staff were really good.,
65,3,False,Staff,"The property was clean,",
65,3,False,Staff,and the food and staff were really good.,
65,3,False,Staff,staff were lovely.,
65,3,False,Location,Location was great and easy to get to and from.,
65,3,False,Location,and easy to get to and from,
66,1,False,Room,The place was spotless and very comfortable.,
66,1,False,Staff,The gentleman in reception was very friendly and had a lovely smile.,
66,1,False,Location,the location was perfect for the airport as we were flying out to uk.,
66,1,False,Location,The entrance to the hotel is welcoming and the bar and coffee shop chic.,
66,1,False,Food,the fish and steak restaurant around the corner was also great value and friendly.,
66,2,False,Room,The place was spotless and very comfortable.,
66,2,False,Staff,The gentleman in reception was very friendly and had a lovely smile.,
66,2,False,Location,the location was perfect for the airport as we were flying out to uk.,
66,2,False,Location,The entrance to the hotel is welcoming and the bar and coffee shop chic.,
66,2,False,Food,the fish and steak restaurant around the corner was also great value and friendly.,
66,3,False,Room,The place was spotless and very comfortable.,
66,3,False,Staff,The gentleman in reception was very friendly and had a lovely smile.,
66,3,False,Location,the location was perfect for the airport as we were flying out to uk.,
66,3,False,Location,The entrance to the hotel is welcoming and the bar and coffee shop chic.,
66,3,False,Food,the fish and steak restaurant around the corner was also great value and friendly.,
67,1,False,(parse failed),,json_parse_error: Expecting property name enclosed in double quotes: line 1 column 116 (char 115)
67,2,False,(parse failed),,json_parse_error: Expecting property name enclosed in double quotes: line 1 column 116 (char 115)
67,3,False,(parse failed),,json_parse_error: Expecting property name enclosed in double quotes: line 1 column 116 (char 115)
68,1,True,Room,clean,
68,1,True,Staff,Friendly,
68,2,True,Room,clean,
68,2,True,Staff,Friendly,
68,3,True,Room,clean,
68,3,True,Staff,Friendly,
69,1,False,(parse failed),,"json_parse_error: Expecting ',' delimiter: line 1 column 585 (char 584)"
69,2,False,(parse failed),,"json_parse_error: Expecting ',' delimiter: line 1 column 585 (char 584)"
69,3,False,(parse failed),,"json_parse_error: Expecting ',' delimiter: line 1 column 585 (char 584)"
70,1,False,Staff,Peaceful and clean friendly helpful staff,
70,2,False,Staff,Peaceful and clean friendly helpful staff,
70,3,False,Staff,Peaceful and clean friendly helpful staff,
71,1,False,(parse failed),,"json_parse_error: Expecting ',' delimiter: line 1 column 1090 (char 1089)"
71,2,False,(parse failed),,"json_parse_error: Expecting ',' delimiter: line 1 column 1090 (char 1089)"
71,3,False,(parse failed),,"json_parse_error: Expecting ',' delimiter: line 1 column 1090 (char 1089)"
72,1,True,Room,I received very clear instructions how to enter the hotel and access my room.,
72,2,True,Room,I received very clear instructions how to enter the hotel and access my room.,
72,3,True,Room,I received very clear instructions how to enter the hotel and access my room.,
73,1,False,(parse failed),,json_parse_error: Expecting property name enclosed in double quotes: line 1 column 48 (char 47)
73,2,False,(parse failed),,json_parse_error: Expecting property name enclosed in double quotes: line 1 column 48 (char 47)
73,3,False,(parse failed),,json_parse_error: Expecting property name enclosed in double quotes: line 1 column 48 (char 47)
74,1,False,(parse failed),,json_parse_error: Expecting ':' delimiter: line 1 column 171 (char 170)
74,2,False,(parse failed),,json_parse_error: Expecting ':' delimiter: line 1 column 171 (char 170)
74,3,False,(parse failed),,json_parse_error: Expecting ':' delimiter: line 1 column 171 (char 170)
75,1,False,(parse failed),,json_parse_error: Expecting ':' delimiter: line 1 column 97 (char 96)
75,2,False,(parse failed),,json_parse_error: Expecting ':' delimiter: line 1 column 97 (char 96)
75,3,False,(parse failed),,json_parse_error: Expecting ':' delimiter: line 1 column 97 (char 96)
76,1,True,Room,Feels new and clean,
76,1,True,Location,perfect location nearby the beach ,
76,2,True,Room,Feels new and clean,
76,2,True,Location,perfect location nearby the beach ,
76,3,True,Room,Feels new and clean,
76,3,True,Location,perfect location nearby the beach ,
77,1,False,Staff,The staff is very VERY helpful and eager to assist.,
77,2,False,Staff,The staff is very VERY helpful and eager to assist.,
77,3,False,Staff,The staff is very VERY helpful and eager to assist.,
78,1,False,(parse failed),,json_parse_error: Expecting property name enclosed in double quotes: line 1 column 104 (char 103)
78,2,False,(parse failed),,json_parse_error: Expecting property name enclosed in double quotes: line 1 column 104 (char 103)
78,3,False,(parse failed),,json_parse_error: Expecting property name enclosed in double quotes: line 1 column 104 (char 103)
79,1,False,(parse failed),,json_parse_error: Expecting ':' delimiter: line 1 column 72 (char 71)
79,2,False,(parse failed),,json_parse_error: Expecting ':' delimiter: line 1 column 72 (char 71)
79,3,False,(parse failed),,json_parse_error: Expecting ':' delimiter: line 1 column 72 (char 71)
80,1,True,Room,Everything was clean.,
80,1,True,Room,We had dinner. It was delicious and inexpensive.,
80,1,True,Room,Mc Kenzie Beach within walking distance.,
80,1,True,Location,It is a new hotel.,
80,1,True,Location,Mc Kenzie Beach within walking distance.,
80,1,True,Food,We had dinner. It was delicious and inexpensive.,
80,2,True,Room,Everything was clean.,
80,2,True,Room,We had dinner. It was delicious and inexpensive.,
80,2,True,Room,Mc Kenzie Beach within walking distance.,
80,2,True,Location,It is a new hotel.,
80,2,True,Location,Mc Kenzie Beach within walking distance.,
80,2,True,Food,We had dinner. It was delicious and inexpensive.,
80,3,True,Room,Everything was clean.,
80,3,True,Room,We had dinner. It was delicious and inexpensive.,
80,3,True,Room,Mc Kenzie Beach within walking distance.,
80,3,True,Location,It is a new hotel.,
80,3,True,Location,Mc Kenzie Beach within walking distance.,
80,3,True,Food,We had dinner. It was delicious and inexpensive.,
81,1,True,Room,clean spacious rooms.,
81,1,True,Location,Close to the airport,
81,2,True,Room,clean spacious rooms.,
81,2,True,Location,Close to the airport,
81,3,True,Room,clean spacious rooms.,
81,3,True,Location,Close to the airport,
82,1,True,Room,super clean,
82,1,True,Room,modern,
82,1,True,Staff,Amazing staff ,
82,2,True,Room,super clean,
82,2,True,Room,modern,
82,2,True,Staff,Amazing staff ,
82,3,True,Room,super clean,
82,3,True,Room,modern,
82,3,True,Staff,Amazing staff ,
83,1,False,(parse failed),,json_parse_error: Unterminated string starting at: line 1 column 141 (char 140)
83,2,False,(parse failed),,json_parse_error: Unterminated string starting at: line 1 column 141 (char 140)
83,3,False,(parse failed),,json_parse_error: Unterminated string starting at: line 1 column 141 (char 140)
84,1,False,Room,Every thing was spotless clean in the breakfast room,
84,1,False,Staff,"the staff serving you as a values customer and so very polite and caring at all times. Could not seem to do enough for their guests, ",
84,1,False,Staff,very good staff,
84,1,False,Food,The breakfast was very good plenty of selection and very good staff serving you as a values customer and so very polite and caring at all times.,
84,1,False,Food,"Could not seem to do enough for their guests, Every thing was spotless clean in the breakfast room",
84,2,False,Room,Every thing was spotless clean in the breakfast room,
84,2,False,Staff,"the staff serving you as a values customer and so very polite and caring at all times. Could not seem to do enough for their guests, ",
84,2,False,Staff,very good staff,
84,2,False,Food,The breakfast was very good plenty of selection and very good staff serving you as a values customer and so very polite and caring at all times.,
84,2,False,Food,"Could not seem to do enough for their guests, Every thing was spotless clean in the breakfast room",
84,3,False,Room,Every thing was spotless clean in the breakfast room,
84,3,False,Staff,"the staff serving you as a values customer and so very polite and caring at all times. Could not seem to do enough for their guests, ",
84,3,False,Staff,very good staff,
84,3,False,Food,The breakfast was very good plenty of selection and very good staff serving you as a values customer and so very polite and caring at all times.,
84,3,False,Food,"Could not seem to do enough for their guests, Every thing was spotless clean in the breakfast room",
85,1,False,Room,The room wasn't clean when we checked in.,
85,1,False,Room,so they finished the cleaning after our complaint,
85,1,False,Staff,friendly personnel,
85,1,False,Food,"Good food in the restaurant downstairs,",
85,2,False,Room,The room wasn't clean when we checked in.,
85,2,False,Room,so they finished the cleaning after our complaint,
85,2,False,Staff,friendly personnel,
85,2,False,Food,"Good food in the restaurant downstairs,",
85,3,False,Room,The room wasn't clean when we checked in.,
85,3,False,Room,so they finished the cleaning after our complaint,
85,3,False,Staff,friendly personnel,
85,3,False,Food,"Good food in the restaurant downstairs,",
86,1,False,(parse failed),,json_parse_error: Expecting property name enclosed in double quotes: line 1 column 115 (char 114)
86,2,False,(parse failed),,json_parse_error: Expecting property name enclosed in double quotes: line 1 column 115 (char 114)
86,3,False,(parse failed),,json_parse_error: Expecting property name enclosed in double quotes: line 1 column 115 (char 114)
87,1,False,(parse failed),,json_parse_error: Expecting ':' delimiter: line 1 column 97 (char 96)
87,2,False,(parse failed),,json_parse_error: Expecting ':' delimiter: line 1 column 97 (char 96)
87,3,False,(parse failed),,json_parse_error: Expecting ':' delimiter: line 1 column 97 (char 96)
88,1,False,Room,clean comfortable little,
88,1,False,Staff,Lovely friendly,
88,1,False,Location,Good location and easily reached,
88,2,False,Room,clean comfortable little,
88,2,False,Staff,Lovely friendly,
88,2,False,Location,Good location and easily reached,
88,3,False,Room,clean comfortable little,
88,3,False,Staff,Lovely friendly,
88,3,False,Location,Good location and easily reached,
89,1,True,Room,"clean, comfortable bed",
89,2,True,Room,"clean, comfortable bed",
89,3,True,Room,"clean, comfortable bed",
90,1,True,Room,not always,
90,1,True,Staff,"position,staff and very clean",
90,2,True,Room,not always,
90,2,True,Staff,"position,staff and very clean",
90,3,True,Room,not always,
90,3,True,Staff,"position,staff and very clean",
91,1,False,Room,Very nice rooms that were very clean.,
91,1,False,Room,very nice rooms that were very clean,
91,1,False,Staff,"helpful, friendly staff.",
91,1,False,Location,Close to Larnaca airport.,
91,2,False,Room,Very nice rooms that were very clean.,
91,2,False,Room,very nice rooms that were very clean,
91,2,False,Staff,"helpful, friendly staff.",
91,2,False,Location,Close to Larnaca airport.,
91,3,False,Room,Very nice rooms that were very clean.,
91,3,False,Room,very nice rooms that were very clean,
91,3,False,Staff,"helpful, friendly staff.",
91,3,False,Location,Close to Larnaca airport.,
92,1,True,Room,that was super easy and comfortable,
92,1,True,Check-in,we did late night check in,
92,2,True,Room,that was super easy and comfortable,
92,2,True,Check-in,we did late night check in,
92,3,True,Room,that was super easy and comfortable,
92,3,True,Check-in,we did late night check in,
93,1,False,(parse failed),,json_parse_error: Unterminated string starting at: line 1 column 5308 (char 5307)
93,2,False,(parse failed),,json_parse_error: Unterminated string starting at: line 1 column 5308 (char 5307)
93,3,False,(parse failed),,json_parse_error: Unterminated string starting at: line 1 column 5308 (char 5307)
94,1,True,Room,modern facility,
94,1,True,Staff,Amazing staff,
94,1,True,Food,very tasty food,
94,1,True,Facility,modern facility,
94,2,True,Room,modern facility,
94,2,True,Staff,Amazing staff,
94,2,True,Food,very tasty food,
94,2,True,Facility,modern facility,
94,3,True,Room,modern facility,
94,3,True,Staff,Amazing staff,
94,3,True,Food,very tasty food,
94,3,True,Facility,modern facility,
95,1,True,Room,clean and quiet,
95,1,True,Location,perfect location for the airport,
95,2,True,Room,clean and quiet,
95,2,True,Location,perfect location for the airport,
95,3,True,Room,clean and quiet,
95,3,True,Location,perfect location for the airport,
96,1,True,Room,the room is very comfortable.,
96,1,True,Staff,"the staff is very nice,",
96,2,True,Room,the room is very comfortable.,
96,2,True,Staff,"the staff is very nice,",
96,3,True,Room,the room is very comfortable.,
96,3,True,Staff,"the staff is very nice,",
97,1,False,Room,not big,
97,1,False,Staff,The staff was very nice and helpful!,
97,1,False,Staff,The staff was very nice and helpful!,
97,1,False,Location,"nice location,",
97,1,False,Food,Breakfast was great.,
97,1,False,Food,"Also, the breakfast was amazing, fresh and handmade!",
97,2,False,Room,not big,
97,2,False,Staff,The staff was very nice and helpful!,
97,2,False,Staff,The staff was very nice and helpful!,
97,2,False,Location,"nice location,",
97,2,False,Food,Breakfast was great.,
97,2,False,Food,"Also, the breakfast was amazing, fresh and handmade!",
97,3,False,Room,not big,
97,3,False,Staff,The staff was very nice and helpful!,
97,3,False,Staff,The staff was very nice and helpful!,
97,3,False,Location,"nice location,",
97,3,False,Food,Breakfast was great.,
97,3,False,Food,"Also, the breakfast was amazing, fresh and handmade!",
98,1,False,Room,"The Hotel itself was very nice, spacious, clean and modern.",
98,1,False,Room,The room was spotless.,
98,1,False,Staff,We used the hotel only for one night because it is close to the airport.,
98,1,False,Location,but i must admit the location offers some nice places for at least a two-nights stay for sure.,
98,1,False,Location,"The nearby beach (mackenzie) is nice, long, with some cool and fancy bars.",
98,1,False,Location,there is also the salt lake which I wished to visit but didn't have time.,
98,1,False,Location,"The Hotel itself was very nice, spacious, clean and modern.",
98,2,False,Room,"The Hotel itself was very nice, spacious, clean and modern.",
98,2,False,Room,The room was spotless.,
98,2,False,Staff,We used the hotel only for one night because it is close to the airport.,
98,2,False,Location,but i must admit the location offers some nice places for at least a two-nights stay for sure.,
98,2,False,Location,"The nearby beach (mackenzie) is nice, long, with some cool and fancy bars.",
98,2,False,Location,there is also the salt lake which I wished to visit but didn't have time.,
98,2,False,Location,"The Hotel itself was very nice, spacious, clean and modern.",
98,3,False,Room,"The Hotel itself was very nice, spacious, clean and modern.",
98,3,False,Room,The room was spotless.,
98,3,False,Staff,We used the hotel only for one night because it is close to the airport.,
98,3,False,Location,but i must admit the location offers some nice places for at least a two-nights stay for sure.,
98,3,False,Location,"The nearby beach (mackenzie) is nice, long, with some cool and fancy bars.",
98,3,False,Location,there is also the salt lake which I wished to visit but didn't have time.,
98,3,False,Location,"The Hotel itself was very nice, spacious, clean and modern.",
99,1,True,Room,very clean,
99,1,True,Staff,the staff was wonderful,
99,2,True,Room,very clean,
99,2,True,Staff,the staff was wonderful,
99,3,True,Room,very clean,
99,3,True,Staff,the staff was wonderful,
100,1,True,Room,exceptional staff,
100,1,True,Staff,incredibly polite,
100,1,True,Staff,highly recommend,
100,2,True,Room,exceptional staff,
100,2,True,Staff,incredibly polite,
100,2,True,Staff,highly recommend,
100,3,True,Room,exceptional staff,
100,3,True,Staff,incredibly polite,
100,3,True,Staff,highly recommend,
101,1,False,(parse failed),,json_parse_error: Expecting property name enclosed in double quotes: line 1 column 199 (char 198)
101,2,False,(parse failed),,json_parse_error: Expecting property name enclosed in double quotes: line 1 column 199 (char 198)
101,3,False,(parse failed),,json_parse_error: Expecting property name enclosed in double quotes: line 1 column 199 (char 198)
102,1,False,(parse failed),,"json_parse_error: Expecting ',' delimiter: line 1 column 5269 (char 5268)"
102,2,False,(parse failed),,"json_parse_error: Expecting ',' delimiter: line 1 column 5269 (char 5268)"
102,3,False,(parse failed),,"json_parse_error: Expecting ',' delimiter: line 1 column 5269 (char 5268)"
103,1,False,(parse failed),,json_parse_error: Expecting ':' delimiter: line 1 column 141 (char 140)
103,2,False,(parse failed),,json_parse_error: Expecting ':' delimiter: line 1 column 141 (char 140)
103,3,False,(parse failed),,json_parse_error: Expecting ':' delimiter: line 1 column 141 (char 140)
104,1,True,Room,good rooms,
104,2,True,Room,good rooms,
104,3,True,Room,good rooms,
105,1,False,Room,the room was very clean and the bathroom was spacious.,
105,1,False,Staff,"The staff was super nice,",
105,1,False,Staff,"the staff was super nice, the rooms were very clean and the bathroom was spacious.",
105,2,False,Room,the room was very clean and the bathroom was spacious.,
105,2,False,Staff,"The staff was super nice,",
105,2,False,Staff,"the staff was super nice, the rooms were very clean and the bathroom was spacious.",
105,3,False,Room,the room was very clean and the bathroom was spacious.,
105,3,False,Staff,"The staff was super nice,",
105,3,False,Staff,"the staff was super nice, the rooms were very clean and the bathroom was spacious.",
106,1,False,(parse failed),,"json_parse_error: Expecting ',' delimiter: line 1 column 5274 (char 5273)"
106,2,False,(parse failed),,"json_parse_error: Expecting ',' delimiter: line 1 column 5274 (char 5273)"
106,3,False,(parse failed),,"json_parse_error: Expecting ',' delimiter: line 1 column 5274 (char 5273)"
107,1,True,Room,Rooms large and newly redecorated in a contemporary style.,
107,1,True,Room,Bed very comfortable.,
107,1,True,Location,Very convenient for the airport.,
107,1,True,Food,Breakfast was excellent.,
107,2,True,Room,Rooms large and newly redecorated in a contemporary style.,
107,2,True,Room,Bed very comfortable.,
107,2,True,Location,Very convenient for the airport.,
107,2,True,Food,Breakfast was excellent.,
107,3,True,Room,Rooms large and newly redecorated in a contemporary style.,
107,3,True,Room,Bed very comfortable.,
107,3,True,Location,Very convenient for the airport.,
107,3,True,Food,Breakfast was excellent.,
108,1,False,Room,The room was clean and comfortable.,
108,1,False,Staff,The staff were very friendly and helpful.,
108,1,False,Location,"The location is great, close to the city center.",
108,1,False,Off,nothing,
108,2,False,Room,The room was clean and comfortable.,
108,2,False,Staff,The staff were very friendly and helpful.,
108,2,False,Location,"The location is great, close to the city center.",
108,2,False,Off,nothing,
108,3,False,Room,The room was clean and comfortable.,
108,3,False,Staff,The staff were very friendly and helpful.,
108,3,False,Location,"The location is great, close to the city center.",
108,3,False,Off,nothing,
109,1,False,Room,lovely rooms with comfortable beds.,
109,1,False,Room,The room was clean,
109,1,False,Staff,Very helpful staff,
109,1,False,Location,Great location for overnight stay for late flights.,
109,1,False,Location,Great location,
109,1,False,Location,for late flights,
109,2,False,Room,lovely rooms with comfortable beds.,
109,2,False,Room,The room was clean,
109,2,False,Staff,Very helpful staff,
109,2,False,Location,Great location for overnight stay for late flights.,
109,2,False,Location,Great location,
109,2,False,Location,for late flights,
109,3,False,Room,lovely rooms with comfortable beds.,
109,3,False,Room,The room was clean,
109,3,False,Staff,Very helpful staff,
109,3,False,Location,Great location for overnight stay for late flights.,
109,3,False,Location,Great location,
109,3,False,Location,for late flights,
110,1,False,Room,"the room was very clean, well decorated and modern, although not big.",
110,1,False,Staff,The staff was very nice and helpful!,
110,1,False,Location,"nice location,",
110,1,False,Location,"the building is completely refurbished, it is confortable and the self check in was very easy.",
110,1,False,Food,"Also, the breakfast was amazing, fresh and handmade!",
110,2,False,Room,"the room was very clean, well decorated and modern, although not big.",
110,2,False,Staff,The staff was very nice and helpful!,
110,2,False,Location,"nice location,",
110,2,False,Location,"the building is completely refurbished, it is confortable and the self check in was very easy.",
110,2,False,Food,"Also, the breakfast was amazing, fresh and handmade!",
110,3,False,Room,"the room was very clean, well decorated and modern, although not big.",
110,3,False,Staff,The staff was very nice and helpful!,
110,3,False,Location,"nice location,",
110,3,False,Location,"the building is completely refurbished, it is confortable and the self check in was very easy.",
110,3,False,Food,"Also, the breakfast was amazing, fresh and handmade!",
111,1,True,Room,spotlessly clean.,
111,1,True,Room,Excellent for airport and Mackenzie beach,
111,2,True,Room,spotlessly clean.,
111,2,True,Room,Excellent for airport and Mackenzie beach,
111,3,True,Room,spotlessly clean.,
111,3,True,Room,Excellent for airport and Mackenzie beach,
112,1,False,(parse failed),,json_parse_error: Expecting property name enclosed in double quotes: line 1 column 140 (char 139)
112,2,False,(parse failed),,json_parse_error: Expecting property name enclosed in double quotes: line 1 column 140 (char 139)
112,3,False,(parse failed),,json_parse_error: Expecting property name enclosed in double quotes: line 1 column 140 (char 139)
113,1,True,Room,clean rooms,
113,1,True,Staff,Staff excellent and accommodating.,
113,1,True,Staff,Very nice,
113,2,True,Room,clean rooms,
113,2,True,Staff,Staff excellent and accommodating.,
113,2,True,Staff,Very nice,
113,3,True,Room,clean rooms,
113,3,True,Staff,Staff excellent and accommodating.,
113,3,True,Staff,Very nice,
114,1,False,(parse failed),,"json_parse_error: Expecting ',' delimiter: line 1 column 2796 (char 2795)"
114,2,False,(parse failed),,"json_parse_error: Expecting ',' delimiter: line 1 column 2796 (char 2795)"
114,3,False,(parse failed),,"json_parse_error: Expecting ',' delimiter: line 1 column 2796 (char 2795)"
115,1,False,Room,the room was perfect,
115,1,False,Staff,Stuff in the hotel were very helpful and nice,
115,1,False,Location,mackenzie beach is few minutes,
115,1,False,Location,airport near,
115,1,False,Location,best location in larnaca,
115,2,False,Room,the room was perfect,
115,2,False,Staff,Stuff in the hotel were very helpful and nice,
115,2,False,Location,mackenzie beach is few minutes,
115,2,False,Location,airport near,
115,2,False,Location,best location in larnaca,
115,3,False,Room,the room was perfect,
115,3,False,Staff,Stuff in the hotel were very helpful and nice,
115,3,False,Location,mackenzie beach is few minutes,
115,3,False,Location,airport near,
115,3,False,Location,best location in larnaca,
116,1,True,Room,"clean,",
116,1,True,Room,"air conditioned,",
116,1,True,Room,close to the airport,
116,2,True,Room,"clean,",
116,2,True,Room,"air conditioned,",
116,2,True,Room,close to the airport,
116,3,True,Room,"clean,",
116,3,True,Room,"air conditioned,",
116,3,True,Room,close to the airport,
117,1,False,Location,"the location next to the airport is great for flights very early in the morning, because it only takes you 5 minutes to get to the airport.",
117,1,False,Location,The beach is a 10 minutes walk away,
117,2,False,Location,"the location next to the airport is great for flights very early in the morning, because it only takes you 5 minutes to get to the airport.",
117,2,False,Location,The beach is a 10 minutes walk away,
117,3,False,Location,"the location next to the airport is great for flights very early in the morning, because it only takes you 5 minutes to get to the airport.",
117,3,False,Location,The beach is a 10 minutes walk away,
118,1,True,Location,location near the airport and beach 10/10,
118,1,True,Staff,front desk are absolutely perfect 10/10,
118,1,True,Food,hotel restaurant delicious! 10/10,
118,1,True,Room,the room perfect!,
118,1,True,Off,"nothing to say,",
118,2,True,Location,location near the airport and beach 10/10,
118,2,True,Staff,front desk are absolutely perfect 10/10,
118,2,True,Food,hotel restaurant delicious! 10/10,
118,2,True,Room,the room perfect!,
118,2,True,Off,"nothing to say,",
118,3,True,Location,location near the airport and beach 10/10,
118,3,True,Staff,front desk are absolutely perfect 10/10,
118,3,True,Food,hotel restaurant delicious! 10/10,
118,3,True,Room,the room perfect!,
118,3,True,Off,"nothing to say,",
119,1,False,(parse failed),,json_parse_error: Unterminated string starting at: line 1 column 5290 (char 5289)
119,2,False,(parse failed),,json_parse_error: Unterminated string starting at: line 1 column 5290 (char 5289)
119,3,False,(parse failed),,json_parse_error: Unterminated string starting at: line 1 column 5290 (char 5289)
120,1,True,Staff,Helpful staff,
120,1,True,Room,The room was small but adequate,
120,2,True,Staff,Helpful staff,
120,2,True,Room,The room was small but adequate,
120,3,True,Staff,Helpful staff,
120,3,True,Room,The room was small but adequate,
121,1,False,Room,The room was spotless.,
121,1,False,Staff,Staff were lovely.,
121,1,False,Location,Great location for restaurants.,
121,1,False,Location,Great location for a short drive to the airport.,
121,1,False,Off,Not applicable,
121,2,False,Room,The room was spotless.,
121,2,False,Staff,Staff were lovely.,
121,2,False,Location,Great location for restaurants.,
121,2,False,Location,Great location for a short drive to the airport.,
121,2,False,Off,Not applicable,
121,3,False,Room,The room was spotless.,
121,3,False,Staff,Staff were lovely.,
121,3,False,Location,Great location for restaurants.,
121,3,False,Location,Great location for a short drive to the airport.,
121,3,False,Off,Not applicable,
122,1,True,Room,super friendly,
122,1,True,Staff,Very clean and super friendly staff.,
122,1,True,Staff,Would recommend,
122,2,True,Room,super friendly,
122,2,True,Staff,Very clean and super friendly staff.,
122,2,True,Staff,Would recommend,
122,3,True,Room,super friendly,
122,3,True,Staff,Very clean and super friendly staff.,
122,3,True,Staff,Would recommend,
123,1,False,Room,"The room was very clean, well decorated and modern, although not big.",
123,1,False,Staff,The staff was very nice and helpful!,
123,1,False,Location,"nice location,",
123,1,False,Location,the area was a little noisy when we stayed there.,
123,1,False,Food,"Also, the breakfast was amazing, fresh and handmade!",
123,2,False,Room,"The room was very clean, well decorated and modern, although not big.",
123,2,False,Staff,The staff was very nice and helpful!,
123,2,False,Location,"nice location,",
123,2,False,Location,the area was a little noisy when we stayed there.,
123,2,False,Food,"Also, the breakfast was amazing, fresh and handmade!",
123,3,False,Room,"The room was very clean, well decorated and modern, although not big.",
123,3,False,Staff,The staff was very nice and helpful!,
123,3,False,Location,"nice location,",
123,3,False,Location,the area was a little noisy when we stayed there.,
123,3,False,Food,"Also, the breakfast was amazing, fresh and handmade!",
124,1,True,Staff,Very friendly staff,
124,2,True,Staff,Very friendly staff,
124,3,True,Staff,Very friendly staff,
125,1,True,Room,Clean as hospital,
125,1,True,Location,close to one of the best beaches of Larnaca region,
125,1,True,Location,perfectly connect by public transport with Larnaca city centre,
125,1,True,Price,quite reasonable price,
125,1,True,Taxi-issue,"Taxi drivers who cooperate with hotel, both times, from airport and back, charged 2-3 EUR above the price agreed with the hotel (20 EUR).",
125,2,True,Room,Clean as hospital,
125,2,True,Location,close to one of the best beaches of Larnaca region,
125,2,True,Location,perfectly connect by public transport with Larnaca city centre,
125,2,True,Price,quite reasonable price,
125,2,True,Taxi-issue,"Taxi drivers who cooperate with hotel, both times, from airport and back, charged 2-3 EUR above the price agreed with the hotel (20 EUR).",
125,3,True,Room,Clean as hospital,
125,3,True,Location,close to one of the best beaches of Larnaca region,
125,3,True,Location,perfectly connect by public transport with Larnaca city centre,
125,3,True,Price,quite reasonable price,
125,3,True,Taxi-issue,"Taxi drivers who cooperate with hotel, both times, from airport and back, charged 2-3 EUR above the price agreed with the hotel (20 EUR).",
126,1,False,(parse failed),,"json_parse_error: Expecting ',' delimiter: line 1 column 99 (char 98)"
126,2,False,(parse failed),,"json_parse_error: Expecting ',' delimiter: line 1 column 99 (char 98)"
126,3,False,(parse failed),,"json_parse_error: Expecting ',' delimiter: line 1 column 99 (char 98)"
127,1,False,(parse failed),,json_parse_error: Expecting property name enclosed in double quotes: line 1 column 91 (char 90)
127,2,False,(parse failed),,json_parse_error: Expecting property name enclosed in double quotes: line 1 column 91 (char 90)
127,3,False,(parse failed),,json_parse_error: Expecting property name enclosed in double quotes: line 1 column 91 (char 90)
128,1,True,Room,"very clean and comfortable,",
128,1,True,Room,close to the airport,
128,2,True,Room,"very clean and comfortable,",
128,2,True,Room,close to the airport,
128,3,True,Room,"very clean and comfortable,",
128,3,True,Room,close to the airport,
129,1,True,Room,The room and bathroom were of very good size and clean!,
129,2,True,Room,The room and bathroom were of very good size and clean!,
129,3,True,Room,The room and bathroom were of very good size and clean!,
130,1,True,Room,that your hotel allowed to stay with animals,
130,2,True,Room,that your hotel allowed to stay with animals,
130,3,True,Room,that your hotel allowed to stay with animals,
131,1,True,Room,The room was very clean.,
131,1,True,Room,Using the air conditioner was great after a hot day outside.,
131,1,True,Staff,The staff was very nice.,
131,1,True,Location,"The location of the hotel was a bit far from the city centre,",
131,1,True,Location,"but you can take the 425 bus, which arrives fairly often at the station near the hotel.",
131,2,True,Room,The room was very clean.,
131,2,True,Room,Using the air conditioner was great after a hot day outside.,
131,2,True,Staff,The staff was very nice.,
131,2,True,Location,"The location of the hotel was a bit far from the city centre,",
131,2,True,Location,"but you can take the 425 bus, which arrives fairly often at the station near the hotel.",
131,3,True,Room,The room was very clean.,
131,3,True,Room,Using the air conditioner was great after a hot day outside.,
131,3,True,Staff,The staff was very nice.,
131,3,True,Location,"The location of the hotel was a bit far from the city centre,",
131,3,True,Location,"but you can take the 425 bus, which arrives fairly often at the station near the hotel.",
132,1,False,(parse failed),,"json_parse_error: Expecting ',' delimiter: line 1 column 5270 (char 5269)"
132,2,False,(parse failed),,"json_parse_error: Expecting ',' delimiter: line 1 column 5270 (char 5269)"
132,3,False,(parse failed),,"json_parse_error: Expecting ',' delimiter: line 1 column 5270 (char 5269)"
133,1,False,(parse failed),,"json_parse_error: Expecting ',' delimiter: line 1 column 5279 (char 5278)"
133,2,False,(parse failed),,"json_parse_error: Expecting ',' delimiter: line 1 column 5279 (char 5278)"
133,3,False,(parse failed),,"json_parse_error: Expecting ',' delimiter: line 1 column 5279 (char 5278)"
134,1,False,(parse failed),,json_parse_error: Unterminated string starting at: line 1 column 5275 (char 5274)
134,2,False,(parse failed),,json_parse_error: Unterminated string starting at: line 1 column 5275 (char 5274)
134,3,False,(parse failed),,json_parse_error: Unterminated string starting at: line 1 column 5275 (char 5274)
135,1,False,Room,"Modern, clean accommodation.",
135,1,False,Room,The room was spotless.,
135,1,False,Staff,Good food and great staff.,
135,1,False,Staff,Richard is a star!,
135,1,False,Food,Good food,
135,2,False,Room,"Modern, clean accommodation.",
135,2,False,Room,The room was spotless.,
135,2,False,Staff,Good food and great staff.,
135,2,False,Staff,Richard is a star!,
135,2,False,Food,Good food,
135,3,False,Room,"Modern, clean accommodation.",
135,3,False,Room,The room was spotless.,
135,3,False,Staff,Good food and great staff.,
135,3,False,Staff,Richard is a star!,
135,3,False,Food,Good food,
136,1,True,Room,clean and beautiful on the inside,
136,1,True,Price,such a cheap price,
136,2,True,Room,clean and beautiful on the inside,
136,2,True,Price,such a cheap price,
136,3,True,Room,clean and beautiful on the inside,
136,3,True,Price,such a cheap price,
137,1,True,Room,Room was clean and the bed was comfortable ,
137,1,True,Staff,Friendly staff,
137,1,True,Location,great location,
137,2,True,Room,Room was clean and the bed was comfortable ,
137,2,True,Staff,Friendly staff,
137,2,True,Location,great location,
137,3,True,Room,Room was clean and the bed was comfortable ,
137,3,True,Staff,Friendly staff,
137,3,True,Location,great location,
138,1,False,Room,very clean room and bathroom,
138,1,False,Staff,very helpful and kind personel,
138,1,False,Location,"Great localization,",
138,1,False,Location,very convenient for the beach.,
138,2,False,Room,very clean room and bathroom,
138,2,False,Staff,very helpful and kind personel,
138,2,False,Location,"Great localization,",
138,2,False,Location,very convenient for the beach.,
138,3,False,Room,very clean room and bathroom,
138,3,False,Staff,very helpful and kind personel,
138,3,False,Location,"Great localization,",
138,3,False,Location,very convenient for the beach.,
139,1,False,(parse failed),,"json_parse_error: Expecting ',' delimiter: line 1 column 5278 (char 5277)"
139,2,False,(parse failed),,"json_parse_error: Expecting ',' delimiter: line 1 column 5278 (char 5277)"
139,3,False,(parse failed),,"json_parse_error: Expecting ',' delimiter: line 1 column 5278 (char 5277)"
140,1,False,(parse failed),,"json_parse_error: Expecting ',' delimiter: line 1 column 5259 (char 5258)"
140,2,False,(parse failed),,"json_parse_error: Expecting ',' delimiter: line 1 column 5259 (char 5258)"
140,3,False,(parse failed),,"json_parse_error: Expecting ',' delimiter: line 1 column 5259 (char 5258)"
141,1,True,Room,Fantastic hotel with wonderful staff.,
141,1,True,Staff,wonderful staff.,
141,1,True,Staff,Fantastic hotel with wonderful staff.,
141,1,True,Staff,Exceptional,
141,2,True,Room,Fantastic hotel with wonderful staff.,
141,2,True,Staff,wonderful staff.,
141,2,True,Staff,Fantastic hotel with wonderful staff.,
141,2,True,Staff,Exceptional,
141,3,True,Room,Fantastic hotel with wonderful staff.,
141,3,True,Staff,wonderful staff.,
141,3,True,Staff,Fantastic hotel with wonderful staff.,
141,3,True,Staff,Exceptional,
142,1,False,Room,not big,
142,1,False,Staff,The staff was very nice and helpful!,
142,1,False,Location,"nice location,",
142,1,False,Location,"convenient for the night market, which is only one street away.",
142,2,False,Room,not big,
142,2,False,Staff,The staff was very nice and helpful!,
142,2,False,Location,"nice location,",
142,2,False,Location,"convenient for the night market, which is only one street away.",
142,3,False,Room,not big,
142,3,False,Staff,The staff was very nice and helpful!,
142,3,False,Location,"nice location,",
142,3,False,Location,"convenient for the night market, which is only one street away.",
143,1,True,Room,perfect overnight stay,
143,2,True,Room,perfect overnight stay,
143,3,True,Room,perfect overnight stay,
144,1,False,(parse failed),,"json_parse_error: Expecting ',' delimiter: line 1 column 656 (char 655)"
144,2,False,(parse failed),,"json_parse_error: Expecting ',' delimiter: line 1 column 656 (char 655)"
144,3,False,(parse failed),,"json_parse_error: Expecting ',' delimiter: line 1 column 656 (char 655)"
145,1,False,Room,"the room was super clean, everything new and cosy, the bathroom with a spacious cabin shower.",
145,1,False,Staff,The staff was super super friendly and made everything possible for our stay to be perfect.,
145,1,False,Food,Rich breakfast with various local food.,
145,2,False,Room,"the room was super clean, everything new and cosy, the bathroom with a spacious cabin shower.",
145,2,False,Staff,The staff was super super friendly and made everything possible for our stay to be perfect.,
145,2,False,Food,Rich breakfast with various local food.,
145,3,False,Room,"the room was super clean, everything new and cosy, the bathroom with a spacious cabin shower.",
145,3,False,Staff,The staff was super super friendly and made everything possible for our stay to be perfect.,
145,3,False,Food,Rich breakfast with various local food.,
146,1,False,(parse failed),,json_parse_error: Expecting ':' delimiter: line 1 column 171 (char 170)
146,2,False,(parse failed),,json_parse_error: Expecting ':' delimiter: line 1 column 171 (char 170)
146,3,False,(parse failed),,json_parse_error: Expecting ':' delimiter: line 1 column 171 (char 170)
147,1,False,(parse failed),,"json_parse_error: Expecting ',' delimiter: line 1 column 1272 (char 1271)"
147,2,False,(parse failed),,"json_parse_error: Expecting ',' delimiter: line 1 column 1272 (char 1271)"
147,3,False,(parse failed),,"json_parse_error: Expecting ',' delimiter: line 1 column 1272 (char 1271)"
148,1,False,Room,"The room was very clean, well decorated and modern, although not big.",
148,1,False,Room,The bed was super comfy,
148,1,False,Staff,The staff was very nice and helpful!,
148,1,False,Staff,Maria at reception is just great she really took time to explain where to go how to get there and so helpful ...,
148,1,False,Staff,"Richard the chef this guy is like the friendliest guy ever, such a nice guy with a permanent. Smile",
148,1,False,Location,"nice location,",
148,1,False,Location,just a 5-minute walk to the beach.,
148,1,False,Location,"very convenient for the night market, which is only one street away.",
148,1,False,Location,the bus stop which goes to and from the airport as well as the town center is a minutes walk away and just 2 euros,
148,1,False,Off,nothing,
148,2,False,Room,"The room was very clean, well decorated and modern, although not big.",
148,2,False,Room,The bed was super comfy,
148,2,False,Staff,The staff was very nice and helpful!,
148,2,False,Staff,Maria at reception is just great she really took time to explain where to go how to get there and so helpful ...,
148,2,False,Staff,"Richard the chef this guy is like the friendliest guy ever, such a nice guy with a permanent. Smile",
148,2,False,Location,"nice location,",
148,2,False,Location,just a 5-minute walk to the beach.,
148,2,False,Location,"very convenient for the night market, which is only one street away.",
148,2,False,Location,the bus stop which goes to and from the airport as well as the town center is a minutes walk away and just 2 euros,
148,2,False,Off,nothing,
148,3,False,Room,"The room was very clean, well decorated and modern, although not big.",
148,3,False,Room,The bed was super comfy,
148,3,False,Staff,The staff was very nice and helpful!,
148,3,False,Staff,Maria at reception is just great she really took time to explain where to go how to get there and so helpful ...,
148,3,False,Staff,"Richard the chef this guy is like the friendliest guy ever, such a nice guy with a permanent. Smile",
148,3,False,Location,"nice location,",
148,3,False,Location,just a 5-minute walk to the beach.,
148,3,False,Location,"very convenient for the night market, which is only one street away.",
148,3,False,Location,the bus stop which goes to and from the airport as well as the town center is a minutes walk away and just 2 euros,
148,3,False,Off,nothing,
149,1,False,(parse failed),,json_parse_error: Expecting ':' delimiter: line 1 column 216 (char 215)
149,2,False,(parse failed),,json_parse_error: Expecting ':' delimiter: line 1 column 216 (char 215)
149,3,False,(parse failed),,json_parse_error: Expecting ':' delimiter: line 1 column 216 (char 215)
150,1,True,Room,"Everything was new, beautiful and clean.",
150,2,True,Room,"Everything was new, beautiful and clean.",
150,3,True,Room,"Everything was new, beautiful and clean.",
151,1,False,(parse failed),,json_parse_error: Expecting value: line 1 column 5374 (char 5373)
151,2,False,(parse failed),,json_parse_error: Expecting value: line 1 column 5374 (char 5373)
151,3,False,(parse failed),,json_parse_error: Expecting value: line 1 column 5374 (char 5373)
152,1,False,(parse failed),,json_parse_error: Unterminated string starting at: line 1 column 5288 (char 5287)
152,2,False,(parse failed),,json_parse_error: Unterminated string starting at: line 1 column 5288 (char 5287)
152,3,False,(parse failed),,json_parse_error: Unterminated string starting at: line 1 column 5288 (char 5287)
153,1,False,(parse failed),,json_parse_error: Unterminated string starting at: line 1 column 5316 (char 5315)
153,2,False,(parse failed),,json_parse_error: Unterminated string starting at: line 1 column 5316 (char 5315)
153,3,False,(parse failed),,json_parse_error: Unterminated string starting at: line 1 column 5316 (char 5315)
154,1,False,Staff,Lovely staff.,
154,1,False,Food,Good food.,
154,2,False,Staff,Lovely staff.,
154,2,False,Food,Good food.,
154,3,False,Staff,Lovely staff.,
154,3,False,Food,Good food.,
155,1,True,Room,"A comfortable, nice and clean hotel near the airport.",
155,1,True,Room,"The facilities are wonderful, brand new and full equiped.",
155,1,True,Room,nice shower and bed.,
155,1,True,Food,We really enjoyed the dinner in the restaurant. Everything was freshmade and prepare by the cheff...,
155,1,True,Price,Excellent value for money,
155,2,True,Room,"A comfortable, nice and clean hotel near the airport.",
155,2,True,Room,"The facilities are wonderful, brand new and full equiped.",
155,2,True,Room,nice shower and bed.,
155,2,True,Food,We really enjoyed the dinner in the restaurant. Everything was freshmade and prepare by the cheff...,
155,2,True,Price,Excellent value for money,
155,3,True,Room,"A comfortable, nice and clean hotel near the airport.",
155,3,True,Room,"The facilities are wonderful, brand new and full equiped.",
155,3,True,Room,nice shower and bed.,
155,3,True,Food,We really enjoyed the dinner in the restaurant. Everything was freshmade and prepare by the cheff...,
155,3,True,Price,Excellent value for money,
156,1,True,Room,"it was great, comfy, air conditioned and clean.",
156,1,True,Price,very good value for money,
156,2,True,Room,"it was great, comfy, air conditioned and clean.",
156,2,True,Price,very good value for money,
156,3,True,Room,"it was great, comfy, air conditioned and clean.",
156,3,True,Price,very good value for money,
157,1,False,(parse failed),,"json_parse_error: Expecting ',' delimiter: line 1 column 71 (char 70)"
157,2,False,(parse failed),,"json_parse_error: Expecting ',' delimiter: line 1 column 71 (char 70)"
157,3,False,(parse failed),,"json_parse_error: Expecting ',' delimiter: line 1 column 71 (char 70)"
158,1,False,Room,The room was amazing.,
158,1,False,Staff,"Staff are great,",
158,1,False,Staff,hotel is clean and service fantastic,
158,1,False,Location,Fantastic location for the airport on the beach.,
158,1,False,Location,Easy check in at 3am,
158,1,False,Location,the breakfasts were amazing,
158,1,False,Check-in,Easy check in at 3am,
158,2,False,Room,The room was amazing.,
158,2,False,Staff,"Staff are great,",
158,2,False,Staff,hotel is clean and service fantastic,
158,2,False,Location,Fantastic location for the airport on the beach.,
158,2,False,Location,Easy check in at 3am,
158,2,False,Location,the breakfasts were amazing,
158,2,False,Check-in,Easy check in at 3am,
158,3,False,Room,The room was amazing.,
158,3,False,Staff,"Staff are great,",
158,3,False,Staff,hotel is clean and service fantastic,
158,3,False,Location,Fantastic location for the airport on the beach.,
158,3,False,Location,Easy check in at 3am,
158,3,False,Location,the breakfasts were amazing,
158,3,False,Check-in,Easy check in at 3am,
159,1,True,Room,Clean rooms,
159,1,True,Staff,very friendly staff,
159,1,True,Location,great location as it is close to the airport.,
159,2,True,Room,Clean rooms,
159,2,True,Staff,very friendly staff,
159,2,True,Location,great location as it is close to the airport.,
159,3,True,Room,Clean rooms,
159,3,True,Staff,very friendly staff,
159,3,True,Location,great location as it is close to the airport.,
160,1,False,(no spans found),,Room: text span not found verbatim in review_text; Staff: text span not found verbatim in review_text; Location: text span not found verbatim in review_text; Food: text span not found verbatim in review_text; Price: text span not found verbatim in review_text; Facility: text span not found verbatim in review_text; Check-in: text span not found verbatim in review_text; Check-out: text span not found verbatim in review_text; Off: text span not found verbatim in review_text; Booking-issue: text span not found verbatim in review_text; Taxi-issue: text span not found verbatim in review_text
160,2,False,(no spans found),,Room: text span not found verbatim in review_text; Staff: text span not found verbatim in review_text; Location: text span not found verbatim in review_text; Food: text span not found verbatim in review_text; Price: text span not found verbatim in review_text; Facility: text span not found verbatim in review_text; Check-in: text span not found verbatim in review_text; Check-out: text span not found verbatim in review_text; Off: text span not found verbatim in review_text; Booking-issue: text span not found verbatim in review_text; Taxi-issue: text span not found verbatim in review_text
160,3,False,(no spans found),,Room: text span not found verbatim in review_text; Staff: text span not found verbatim in review_text; Location: text span not found verbatim in review_text; Food: text span not found verbatim in review_text; Price: text span not found verbatim in review_text; Facility: text span not found verbatim in review_text; Check-in: text span not found verbatim in review_text; Check-out: text span not found verbatim in review_text; Off: text span not found verbatim in review_text; Booking-issue: text span not found verbatim in review_text; Taxi-issue: text span not found verbatim in review_text
161,1,False,Room,the room,
161,1,False,Staff,the staff,
161,1,False,Price,the price,
161,2,False,Room,the room,
161,2,False,Staff,the staff,
161,2,False,Price,the price,
161,3,False,Room,the room,
161,3,False,Staff,the staff,
161,3,False,Price,the price,
162,1,False,Room,the room was clean and comfortable,
162,1,False,Staff,Exceptional friendly stuff,
162,1,False,Food,breakfast was really delicious,
162,2,False,Room,the room was clean and comfortable,
162,2,False,Staff,Exceptional friendly stuff,
162,2,False,Food,breakfast was really delicious,
162,3,False,Room,the room was clean and comfortable,
162,3,False,Staff,Exceptional friendly stuff,
162,3,False,Food,breakfast was really delicious,
163,1,False,Room,The room was clean and comfortable.,
163,1,False,Staff,The staff were very helpful and friendly.,
163,1,False,Check-in,Easy late night check in,
163,2,False,Room,The room was clean and comfortable.,
163,2,False,Staff,The staff were very helpful and friendly.,
163,2,False,Check-in,Easy late night check in,
163,3,False,Room,The room was clean and comfortable.,
163,3,False,Staff,The staff were very helpful and friendly.,
163,3,False,Check-in,Easy late night check in,
164,1,False,(parse failed),,json_parse_error: Unterminated string starting at: line 1 column 5296 (char 5295)
164,2,False,(parse failed),,json_parse_error: Unterminated string starting at: line 1 column 5296 (char 5295)
164,3,False,(parse failed),,json_parse_error: Unterminated string starting at: line 1 column 5296 (char 5295)
165,1,False,Room,clean,
165,1,False,Staff,friendly,
165,2,False,Room,clean,
165,2,False,Staff,friendly,
165,3,False,Room,clean,
165,3,False,Staff,friendly,
166,1,True,Room,very clean and homely,
166,2,True,Room,very clean and homely,
166,3,True,Room,very clean and homely,
167,1,False,Room,super clean place,
167,1,False,Staff,excellent staff and service,
167,1,False,Food,the food is SUPER EXCELLENT ,
167,2,False,Room,super clean place,
167,2,False,Staff,excellent staff and service,
167,2,False,Food,the food is SUPER EXCELLENT ,
167,3,False,Room,super clean place,
167,3,False,Staff,excellent staff and service,
167,3,False,Food,the food is SUPER EXCELLENT ,
168,1,False,Room,The room is clean.,
168,1,False,Room,The room was spotless.,
168,1,False,Staff,The staff are good.,
168,1,False,Staff,Staff were lovely.,
168,1,False,Staff,Staff were lovely. Service was great.,
168,1,False,Location,near the airport,
168,1,False,Location,short walking distance to the beach and restaurants,
168,1,False,Location,"We liked the location,",
168,1,False,Location,Great location for a short drive to the airport.,
168,1,False,Location,Great location for restaurants.,
168,1,False,Location,The location is excellent — just a 5-minute walk to the beach.,
168,1,False,Food,pretty delicious,
168,1,False,Food,the food at the restaurant is a must try.,
168,2,False,Room,The room is clean.,
168,2,False,Room,The room was spotless.,
168,2,False,Staff,The staff are good.,
168,2,False,Staff,Staff were lovely.,
168,2,False,Staff,Staff were lovely. Service was great.,
168,2,False,Location,near the airport,
168,2,False,Location,short walking distance to the beach and restaurants,
168,2,False,Location,"We liked the location,",
168,2,False,Location,Great location for a short drive to the airport.,
168,2,False,Location,Great location for restaurants.,
168,2,False,Location,The location is excellent — just a 5-minute walk to the beach.,
168,2,False,Food,pretty delicious,
168,2,False,Food,the food at the restaurant is a must try.,
168,3,False,Room,The room is clean.,
168,3,False,Room,The room was spotless.,
168,3,False,Staff,The staff are good.,
168,3,False,Staff,Staff were lovely.,
168,3,False,Staff,Staff were lovely. Service was great.,
168,3,False,Location,near the airport,
168,3,False,Location,short walking distance to the beach and restaurants,
168,3,False,Location,"We liked the location,",
168,3,False,Location,Great location for a short drive to the airport.,
168,3,False,Location,Great location for restaurants.,
168,3,False,Location,The location is excellent — just a 5-minute walk to the beach.,
168,3,False,Food,pretty delicious,
168,3,False,Food,the food at the restaurant is a must try.,
169,1,False,(parse failed),,json_parse_error: Expecting ':' delimiter: line 1 column 136 (char 135)
169,2,False,(parse failed),,json_parse_error: Expecting ':' delimiter: line 1 column 136 (char 135)
169,3,False,(parse failed),,json_parse_error: Expecting ':' delimiter: line 1 column 136 (char 135)
170,1,False,(parse failed),,json_parse_error: Expecting ':' delimiter: line 1 column 194 (char 193)
170,2,False,(parse failed),,json_parse_error: Expecting ':' delimiter: line 1 column 194 (char 193)
170,3,False,(parse failed),,json_parse_error: Expecting ':' delimiter: line 1 column 194 (char 193)
171,1,False,Room,"The room was very clean, well decorated and modern, although not big.",
171,1,False,Staff,The staff was very nice and helpful!,
171,1,False,Staff,The staff was very welcoming as well.,
171,1,False,Location,"just few steps from the salt lake and the McKenzie Beach (with shallow water, good for people who are not too good swimmers, a lot of cafes and bars nearby).",
171,1,False,Location,the hotel doesn't have it's own parking lot so sometimes it might be difficult to find a parking spot.,
171,1,False,Off,Not applicable,
171,2,False,Room,"The room was very clean, well decorated and modern, although not big.",
171,2,False,Staff,The staff was very nice and helpful!,
171,2,False,Staff,The staff was very welcoming as well.,
171,2,False,Location,"just few steps from the salt lake and the McKenzie Beach (with shallow water, good for people who are not too good swimmers, a lot of cafes and bars nearby).",
171,2,False,Location,the hotel doesn't have it's own parking lot so sometimes it might be difficult to find a parking spot.,
171,2,False,Off,Not applicable,
171,3,False,Room,"The room was very clean, well decorated and modern, although not big.",
171,3,False,Staff,The staff was very nice and helpful!,
171,3,False,Staff,The staff was very welcoming as well.,
171,3,False,Location,"just few steps from the salt lake and the McKenzie Beach (with shallow water, good for people who are not too good swimmers, a lot of cafes and bars nearby).",
171,3,False,Location,the hotel doesn't have it's own parking lot so sometimes it might be difficult to find a parking spot.,
171,3,False,Off,Not applicable,
172,1,False,Room,Everything was clean.,
172,1,False,Staff,Personal was friendly..,
172,1,False,Location,Nice place..,
172,1,False,Off,Not applicable,
172,2,False,Room,Everything was clean.,
172,2,False,Staff,Personal was friendly..,
172,2,False,Location,Nice place..,
172,2,False,Off,Not applicable,
172,3,False,Room,Everything was clean.,
172,3,False,Staff,Personal was friendly..,
172,3,False,Location,Nice place..,
172,3,False,Off,Not applicable,
173,1,False,Room,The bedding and floors were SOO CLEAN.,
173,1,False,Room,The bed and linens were soo comfy,
173,1,False,Staff,The staff so friendly and kind and helpful!!!,
173,2,False,Room,The bedding and floors were SOO CLEAN.,
173,2,False,Room,The bed and linens were soo comfy,
173,2,False,Staff,The staff so friendly and kind and helpful!!!,
173,3,False,Room,The bedding and floors were SOO CLEAN.,
173,3,False,Room,The bed and linens were soo comfy,
173,3,False,Staff,The staff so friendly and kind and helpful!!!,
174,1,False,(parse failed),,json_parse_error: Expecting property name enclosed in double quotes: line 1 column 128 (char 127)
174,2,False,(parse failed),,json_parse_error: Expecting property name enclosed in double quotes: line 1 column 128 (char 127)
174,3,False,(parse failed),,json_parse_error: Expecting property name enclosed in double quotes: line 1 column 128 (char 127)
175,1,False,Location,just a 5-minute walk to the beach.,
175,1,False,Location,"very convenient for the night market, which is only one street away.",
175,2,False,Location,just a 5-minute walk to the beach.,
175,2,False,Location,"very convenient for the night market, which is only one street away.",
175,3,False,Location,just a 5-minute walk to the beach.,
175,3,False,Location,"very convenient for the night market, which is only one street away.",
176,1,True,Room,The room was spacious enough for two people and it was very clean.,
176,2,True,Room,The room was spacious enough for two people and it was very clean.,
176,3,True,Room,The room was spacious enough for two people and it was very clean.,
177,1,False,Room,The room was nice.,
177,1,False,Staff,The staff was nice and helpful.,
177,1,False,Location,It’s close to the beach and the airport.,
177,1,False,Off,Nothing to complain.,
177,2,False,Room,The room was nice.,
177,2,False,Staff,The staff was nice and helpful.,
177,2,False,Location,It’s close to the beach and the airport.,
177,2,False,Off,Nothing to complain.,
177,3,False,Room,The room was nice.,
177,3,False,Staff,The staff was nice and helpful.,
177,3,False,Location,It’s close to the beach and the airport.,
177,3,False,Off,Nothing to complain.,
178,1,False,(parse failed),,json_parse_error: Expecting ':' delimiter: line 1 column 194 (char 193)
178,2,False,(parse failed),,json_parse_error: Expecting ':' delimiter: line 1 column 194 (char 193)
178,3,False,(parse failed),,json_parse_error: Expecting ':' delimiter: line 1 column 194 (char 193)
179,1,True,Room,Very clean.,
179,1,True,Location,Close to local restaurants and beach.,
179,1,True,Location,Quiet.,
179,2,True,Room,Very clean.,
179,2,True,Location,Close to local restaurants and beach.,
179,2,True,Location,Quiet.,
179,3,True,Room,Very clean.,
179,3,True,Location,Close to local restaurants and beach.,
179,3,True,Location,Quiet.,
180,1,True,Room,comfy bed,
180,1,True,Staff,friendly staff,
180,1,True,Food,delicious breakfast (great freshly made croissants),
180,2,True,Room,comfy bed,
180,2,True,Staff,friendly staff,
180,2,True,Food,delicious breakfast (great freshly made croissants),
180,3,True,Room,comfy bed,
180,3,True,Staff,friendly staff,
180,3,True,Food,delicious breakfast (great freshly made croissants),
181,1,True,Room,big clean rooms,
181,1,True,Staff,great staff,
181,2,True,Room,big clean rooms,
181,2,True,Staff,great staff,
181,3,True,Room,big clean rooms,
181,3,True,Staff,great staff,
182,1,False,(parse failed),,json_parse_error: Expecting ':' delimiter: line 1 column 207 (char 206)
182,2,False,(parse failed),,json_parse_error: Expecting ':' delimiter: line 1 column 207 (char 206)
182,3,False,(parse failed),,json_parse_error: Expecting ':' delimiter: line 1 column 207 (char 206)
183,1,False,Room,the room was very clean,
183,1,False,Staff,the Team is very friendly,
183,1,False,Food,the food is terrific,
183,2,False,Room,the room was very clean,
183,2,False,Staff,the Team is very friendly,
183,2,False,Food,the food is terrific,
183,3,False,Room,the room was very clean,
183,3,False,Staff,the Team is very friendly,
183,3,False,Food,the food is terrific,
184,1,False,(parse failed),,json_parse_error: Expecting ':' delimiter: line 1 column 97 (char 96)
184,2,False,(parse failed),,json_parse_error: Expecting ':' delimiter: line 1 column 97 (char 96)
184,3,False,(parse failed),,json_parse_error: Expecting ':' delimiter: line 1 column 97 (char 96)
185,1,False,Room,The room was spotless.,
185,1,False,Staff,And breakfast was served until noon! The building manager/owner is exceptionally congenial. Also the manager of the kitchen.,
185,1,False,Location,"It was located near the airport, which is what I was looking for.",
185,1,False,Off,Nothing!,
185,2,False,Room,The room was spotless.,
185,2,False,Staff,And breakfast was served until noon! The building manager/owner is exceptionally congenial. Also the manager of the kitchen.,
185,2,False,Location,"It was located near the airport, which is what I was looking for.",
185,2,False,Off,Nothing!,
185,3,False,Room,The room was spotless.,
185,3,False,Staff,And breakfast was served until noon! The building manager/owner is exceptionally congenial. Also the manager of the kitchen.,
185,3,False,Location,"It was located near the airport, which is what I was looking for.",
185,3,False,Off,Nothing!,
186,1,False,Room,"The room was very clean, well decorated and modern, although not big.",
186,1,False,Staff,Very friendly staff.,
186,2,False,Room,"The room was very clean, well decorated and modern, although not big.",
186,2,False,Staff,Very friendly staff.,
186,3,False,Room,"The room was very clean, well decorated and modern, although not big.",
186,3,False,Staff,Very friendly staff.,
187,1,False,Room,not big,
187,1,False,Staff,The staff was very nice and helpful!,
187,1,False,Staff,The staff here are amazing beyond expectations.,
187,1,False,Staff,Maria at reception is just great she really took time to explain where to go how to get there and so helpful ...,
187,1,False,Staff,"Richard the chef this guy is like the friendliest guy ever, such a nice guy with a permanent. Smile",
187,1,False,Location,"nice location,",
187,1,False,Location,just a 5-minute walk to the beach.,
187,1,False,Location,"very convenient for the night market, which is only one street away.",
187,1,False,Location,the bus stop which goes to and from the airport as well as the town center is a minutes walk away and just 2 euros,
187,1,False,Off,nothing,
187,2,False,Room,not big,
187,2,False,Staff,The staff was very nice and helpful!,
187,2,False,Staff,The staff here are amazing beyond expectations.,
187,2,False,Staff,Maria at reception is just great she really took time to explain where to go how to get there and so helpful ...,
187,2,False,Staff,"Richard the chef this guy is like the friendliest guy ever, such a nice guy with a permanent. Smile",
187,2,False,Location,"nice location,",
187,2,False,Location,just a 5-minute walk to the beach.,
187,2,False,Location,"very convenient for the night market, which is only one street away.",
187,2,False,Location,the bus stop which goes to and from the airport as well as the town center is a minutes walk away and just 2 euros,
187,2,False,Off,nothing,
187,3,False,Room,not big,
187,3,False,Staff,The staff was very nice and helpful!,
187,3,False,Staff,The staff here are amazing beyond expectations.,
187,3,False,Staff,Maria at reception is just great she really took time to explain where to go how to get there and so helpful ...,
187,3,False,Staff,"Richard the chef this guy is like the friendliest guy ever, such a nice guy with a permanent. Smile",
187,3,False,Location,"nice location,",
187,3,False,Location,just a 5-minute walk to the beach.,
187,3,False,Location,"very convenient for the night market, which is only one street away.",
187,3,False,Location,the bus stop which goes to and from the airport as well as the town center is a minutes walk away and just 2 euros,
187,3,False,Off,nothing,
188,1,False,(parse failed),,"json_parse_error: Expecting ',' delimiter: line 1 column 1311 (char 1310)"
188,2,False,(parse failed),,"json_parse_error: Expecting ',' delimiter: line 1 column 1311 (char 1310)"
188,3,False,(parse failed),,"json_parse_error: Expecting ',' delimiter: line 1 column 1311 (char 1310)"
189,1,True,Room,"it was clean and modern, ideal for our large family",
189,2,True,Room,"it was clean and modern, ideal for our large family",
189,3,True,Room,"it was clean and modern, ideal for our large family",
190,1,True,Room,"Our room was rather small and lacked a balcony,",
190,2,True,Room,"Our room was rather small and lacked a balcony,",
190,3,True,Room,"Our room was rather small and lacked a balcony,",
191,1,True,Room,Very clean and beside the airport,
191,2,True,Room,Very clean and beside the airport,
191,3,True,Room,Very clean and beside the airport,
192,1,False,(parse failed),,json_parse_error: Unterminated string starting at: line 1 column 5273 (char 5272)
192,2,False,(parse failed),,json_parse_error: Unterminated string starting at: line 1 column 5273 (char 5272)
192,3,False,(parse failed),,json_parse_error: Unterminated string starting at: line 1 column 5273 (char 5272)
193,1,False,Room,Room clean and spacious.,
193,1,False,Room,The room was spotless.,
193,1,False,Staff,Staff were lovely.,
193,1,False,Staff,Staff very helpful.,
193,1,False,Location,Excellent location for beach and airport transfer.,
193,1,False,Location,Great location for restaurants.,
193,1,False,Location,Great location for a short drive to the airport.,
193,2,False,Room,Room clean and spacious.,
193,2,False,Room,The room was spotless.,
193,2,False,Staff,Staff were lovely.,
193,2,False,Staff,Staff very helpful.,
193,2,False,Location,Excellent location for beach and airport transfer.,
193,2,False,Location,Great location for restaurants.,
193,2,False,Location,Great location for a short drive to the airport.,
193,3,False,Room,Room clean and spacious.,
193,3,False,Room,The room was spotless.,
193,3,False,Staff,Staff were lovely.,
193,3,False,Staff,Staff very helpful.,
193,3,False,Location,Excellent location for beach and airport transfer.,
193,3,False,Location,Great location for restaurants.,
193,3,False,Location,Great location for a short drive to the airport.,
194,1,False,(parse failed),,json_parse_error: Expecting ':' delimiter: line 1 column 97 (char 96)
194,2,False,(parse failed),,json_parse_error: Expecting ':' delimiter: line 1 column 97 (char 96)
194,3,False,(parse failed),,json_parse_error: Expecting ':' delimiter: line 1 column 97 (char 96)
195,1,False,Room,"clean, spacious, friendly, new and modern",
195,2,False,Room,"clean, spacious, friendly, new and modern",
195,3,False,Room,"clean, spacious, friendly, new and modern",
196,1,False,Room,The mattresses were hard.,
196,1,False,Room,the room was spotless,
196,1,False,Booking-issue,When we were booking the room there was a promotion from booking.com which didn't apply and we payed 80 euro more. After that I checked a new dates to book and we had similar number and if we do it it will be the same. This is a big fraud.,
196,2,False,Room,The mattresses were hard.,
196,2,False,Room,the room was spotless,
196,2,False,Booking-issue,When we were booking the room there was a promotion from booking.com which didn't apply and we payed 80 euro more. After that I checked a new dates to book and we had similar number and if we do it it will be the same. This is a big fraud.,
196,3,False,Room,The mattresses were hard.,
196,3,False,Room,the room was spotless,
196,3,False,Booking-issue,When we were booking the room there was a promotion from booking.com which didn't apply and we payed 80 euro more. After that I checked a new dates to book and we had similar number and if we do it it will be the same. This is a big fraud.,
197,1,True,Room,not that far away,
197,1,True,Location,Mackenzy beach with restaurants is not that far away.,
197,2,True,Room,not that far away,
197,2,True,Location,Mackenzy beach with restaurants is not that far away.,
197,3,True,Room,not that far away,
197,3,True,Location,Mackenzy beach with restaurants is not that far away.,
198,1,False,(parse failed),,json_parse_error: Expecting value: line 1 column 5258 (char 5257)
198,2,False,(parse failed),,json_parse_error: Expecting value: line 1 column 5258 (char 5257)
198,3,False,(parse failed),,json_parse_error: Expecting value: line 1 column 5258 (char 5257)
199,1,False,(parse failed),,"json_parse_error: Expecting ',' delimiter: line 1 column 5278 (char 5277)"
199,2,False,(parse failed),,"json_parse_error: Expecting ',' delimiter: line 1 column 5278 (char 5277)"
199,3,False,(parse failed),,"json_parse_error: Expecting ',' delimiter: line 1 column 5278 (char 5277)"
200,1,True,Room,"Very clean and new,",
200,1,True,Room,The best club sandwich ever!!,
200,1,True,Food,food was 5 star! The best club sandwich ever!!,
200,2,True,Room,"Very clean and new,",
200,2,True,Room,The best club sandwich ever!!,
200,2,True,Food,food was 5 star! The best club sandwich ever!!,
200,3,True,Room,"Very clean and new,",
200,3,True,Room,The best club sandwich ever!!,
200,3,True,Food,food was 5 star! The best club sandwich ever!!,
201,1,False,(parse failed),,json_parse_error: Unterminated string starting at: line 1 column 1671 (char 1670)
201,2,False,(parse failed),,json_parse_error: Unterminated string starting at: line 1 column 1671 (char 1670)
201,3,False,(parse failed),,json_parse_error: Unterminated string starting at: line 1 column 1671 (char 1670)
202,1,False,(parse failed),,json_parse_error: Unterminated string starting at: line 1 column 5279 (char 5278)
202,2,False,(parse failed),,json_parse_error: Unterminated string starting at: line 1 column 5279 (char 5278)
202,3,False,(parse failed),,json_parse_error: Unterminated string starting at: line 1 column 5279 (char 5278)
203,1,True,Room,The room was very clean and ac worked well.,
203,1,True,Room,and ac worked well,
203,1,True,Staff,Staff was very friendly.,
203,1,True,Price,Definitely worth the price.,
203,2,True,Room,The room was very clean and ac worked well.,
203,2,True,Room,and ac worked well,
203,2,True,Staff,Staff was very friendly.,
203,2,True,Price,Definitely worth the price.,
203,3,True,Room,The room was very clean and ac worked well.,
203,3,True,Room,and ac worked well,
203,3,True,Staff,Staff was very friendly.,
203,3,True,Price,Definitely worth the price.,
204,1,False,Room,The room was spotless.,
204,1,False,Staff,Staff were lovely.,
204,1,False,Staff,Staff were very friendly.,
204,1,False,Staff,Great to come to from the airport.,
204,1,False,Location,Great location for restaurants.,
204,1,False,Location,Great location for a short drive to the airport.,
204,2,False,Room,The room was spotless.,
204,2,False,Staff,Staff were lovely.,
204,2,False,Staff,Staff were very friendly.,
204,2,False,Staff,Great to come to from the airport.,
204,2,False,Location,Great location for restaurants.,
204,2,False,Location,Great location for a short drive to the airport.,
204,3,False,Room,The room was spotless.,
204,3,False,Staff,Staff were lovely.,
204,3,False,Staff,Staff were very friendly.,
204,3,False,Staff,Great to come to from the airport.,
204,3,False,Location,Great location for restaurants.,
204,3,False,Location,Great location for a short drive to the airport.,
205,1,False,(parse failed),,json_parse_error: Unterminated string starting at: line 1 column 5368 (char 5367)
205,2,False,(parse failed),,json_parse_error: Unterminated string starting at: line 1 column 5368 (char 5367)
205,3,False,(parse failed),,json_parse_error: Unterminated string starting at: line 1 column 5368 (char 5367)
206,1,False,Room,The room was clean and comfortable.,
206,1,False,Location,Welcoming owners and great location.,
206,1,False,Location,Good value.,
206,1,False,Location,The beach is less than 5 minutes away.,
206,2,False,Room,The room was clean and comfortable.,
206,2,False,Location,Welcoming owners and great location.,
206,2,False,Location,Good value.,
206,2,False,Location,The beach is less than 5 minutes away.,
206,3,False,Room,The room was clean and comfortable.,
206,3,False,Location,Welcoming owners and great location.,
206,3,False,Location,Good value.,
206,3,False,Location,The beach is less than 5 minutes away.,
207,1,False,(parse failed),,json_parse_error: Expecting ':' delimiter: line 1 column 97 (char 96)
207,2,False,(parse failed),,json_parse_error: Expecting ':' delimiter: line 1 column 97 (char 96)
207,3,False,(parse failed),,json_parse_error: Expecting ':' delimiter: line 1 column 97 (char 96)
208,1,False,Room,"quit area,",
208,1,False,Room,it should be better cleaner.,
208,2,False,Room,"quit area,",
208,2,False,Room,it should be better cleaner.,
208,3,False,Room,"quit area,",
208,3,False,Room,it should be better cleaner.,
209,1,True,Room,it was a really nice room,
209,1,True,Staff,very friendly people,
209,1,True,Food,we loved the breakfast,
209,2,True,Room,it was a really nice room,
209,2,True,Staff,very friendly people,
209,2,True,Food,we loved the breakfast,
209,3,True,Room,it was a really nice room,
209,3,True,Staff,very friendly people,
209,3,True,Food,we loved the breakfast,
210,1,False,Room,clean,
210,1,False,Staff,friendly,
210,1,False,Location,fine location,
210,2,False,Room,clean,
210,2,False,Staff,friendly,
210,2,False,Location,fine location,
210,3,False,Room,clean,
210,3,False,Staff,friendly,
210,3,False,Location,fine location,
211,1,False,Room,"The room was clean, well decorated and modern, although not big.",
211,1,False,Staff,The stuff was very friendly and helpfull. They exceeded my expectations.,
211,1,False,Location,Liked everythingz close to airport and town half an hour walking to town.,
211,1,False,Food,Breakfast for charge same as anywhere else was enormous size and very delicious.,
211,2,False,Room,"The room was clean, well decorated and modern, although not big.",
211,2,False,Staff,The stuff was very friendly and helpfull. They exceeded my expectations.,
211,2,False,Location,Liked everythingz close to airport and town half an hour walking to town.,
211,2,False,Food,Breakfast for charge same as anywhere else was enormous size and very delicious.,
211,3,False,Room,"The room was clean, well decorated and modern, although not big.",
211,3,False,Staff,The stuff was very friendly and helpfull. They exceeded my expectations.,
211,3,False,Location,Liked everythingz close to airport and town half an hour walking to town.,
211,3,False,Food,Breakfast for charge same as anywhere else was enormous size and very delicious.,
212,1,True,Room,Beautiful hotel,
212,1,True,Staff,friendly and helpful staff,
212,1,True,Price,very cheap,
212,2,True,Room,Beautiful hotel,
212,2,True,Staff,friendly and helpful staff,
212,2,True,Price,very cheap,
212,3,True,Room,Beautiful hotel,
212,3,True,Staff,friendly and helpful staff,
212,3,True,Price,very cheap,
213,1,False,Room,the room was clean and comfortable,
213,1,False,Staff,The staff were friendly and helpful,
213,1,False,Food,"the food was very good,the chef is kind.",
213,2,False,Room,the room was clean and comfortable,
213,2,False,Staff,The staff were friendly and helpful,
213,2,False,Food,"the food was very good,the chef is kind.",
213,3,False,Room,the room was clean and comfortable,
213,3,False,Staff,The staff were friendly and helpful,
213,3,False,Food,"the food was very good,the chef is kind.",
214,1,False,Room,The room was spotless.,
214,1,False,Staff,The hotell organised a taxi for me,
214,1,False,Check-in,I arrived late at night. The hotell organised a taxi for me,
214,2,False,Room,The room was spotless.,
214,2,False,Staff,The hotell organised a taxi for me,
214,2,False,Check-in,I arrived late at night. The hotell organised a taxi for me,
214,3,False,Room,The room was spotless.,
214,3,False,Staff,The hotell organised a taxi for me,
214,3,False,Check-in,I arrived late at night. The hotell organised a taxi for me,
215,1,True,Room,clean and simple,
215,2,True,Room,clean and simple,
215,3,True,Room,clean and simple,
216,1,True,Room,the room is very clean,
216,2,True,Room,the room is very clean,
216,3,True,Room,the room is very clean,
217,1,False,Room,"The room was very clean, well decorated and modern, although not big.",
217,1,False,Room,The room was spotless.,
217,1,False,Staff,The staff was very nice and helpful!,
217,1,False,Staff,The staff were lovely.,
217,1,False,Staff,Maria at reception is just great she really took time to explain where to go how to get there and so helpful ...,
217,1,False,Staff,"Richard the chef this guy is like the friendliest guy ever, such a nice guy with a permanent. Smile ",
217,1,False,Location,"nice location,",
217,1,False,Location,just a 5-minute walk to the beach.,
217,1,False,Location,"very convenient for the night market, which is only one street away.",
217,1,False,Location,Great location for restaurants.,
217,1,False,Location,Great location for a short drive to the airport.,
217,1,False,Location,I don't think I need to mention where I'll be staying next time I'm in Larnaka.. ,
217,1,False,Food,"Breakfast was amazing, fresh and handmade!",
217,1,False,Food,Oh yeah the food is great to and very reasonable prices ..,
217,1,False,Food,Even the cleaning lady is so friendly and so nice to talk to .,
217,1,False,Price,Oh yeah the food is great to and very reasonable prices ..,
217,1,False,Off,nothing,
217,1,False,Off,Brilliant guys ... ,
217,2,False,Room,"The room was very clean, well decorated and modern, although not big.",
217,2,False,Room,The room was spotless.,
217,2,False,Staff,The staff was very nice and helpful!,
217,2,False,Staff,The staff were lovely.,
217,2,False,Staff,Maria at reception is just great she really took time to explain where to go how to get there and so helpful ...,
217,2,False,Staff,"Richard the chef this guy is like the friendliest guy ever, such a nice guy with a permanent. Smile ",
217,2,False,Location,"nice location,",
217,2,False,Location,just a 5-minute walk to the beach.,
217,2,False,Location,"very convenient for the night market, which is only one street away.",
217,2,False,Location,Great location for restaurants.,
217,2,False,Location,Great location for a short drive to the airport.,
217,2,False,Location,I don't think I need to mention where I'll be staying next time I'm in Larnaka.. ,
217,2,False,Food,"Breakfast was amazing, fresh and handmade!",
217,2,False,Food,Oh yeah the food is great to and very reasonable prices ..,
217,2,False,Food,Even the cleaning lady is so friendly and so nice to talk to .,
217,2,False,Price,Oh yeah the food is great to and very reasonable prices ..,
217,2,False,Off,nothing,
217,2,False,Off,Brilliant guys ... ,
217,3,False,Room,"The room was very clean, well decorated and modern, although not big.",
217,3,False,Room,The room was spotless.,
217,3,False,Staff,The staff was very nice and helpful!,
217,3,False,Staff,The staff were lovely.,
217,3,False,Staff,Maria at reception is just great she really took time to explain where to go how to get there and so helpful ...,
217,3,False,Staff,"Richard the chef this guy is like the friendliest guy ever, such a nice guy with a permanent. Smile ",
217,3,False,Location,"nice location,",
217,3,False,Location,just a 5-minute walk to the beach.,
217,3,False,Location,"very convenient for the night market, which is only one street away.",
217,3,False,Location,Great location for restaurants.,
217,3,False,Location,Great location for a short drive to the airport.,
217,3,False,Location,I don't think I need to mention where I'll be staying next time I'm in Larnaka.. ,
217,3,False,Food,"Breakfast was amazing, fresh and handmade!",
217,3,False,Food,Oh yeah the food is great to and very reasonable prices ..,
217,3,False,Food,Even the cleaning lady is so friendly and so nice to talk to .,
217,3,False,Price,Oh yeah the food is great to and very reasonable prices ..,
217,3,False,Off,nothing,
217,3,False,Off,Brilliant guys ... ,
218,1,True,Room,"clean room,",
218,1,True,Room,bed,
218,1,True,Location,location.,
218,1,True,Location,good location,
218,2,True,Room,"clean room,",
218,2,True,Room,bed,
218,2,True,Location,location.,
218,2,True,Location,good location,
218,3,True,Room,"clean room,",
218,3,True,Room,bed,
218,3,True,Location,location.,
218,3,True,Location,good location,
219,1,True,Room,"very clean room,",
219,1,True,Room,"comfy beds,",
219,1,True,Room,very nice showers.,
219,1,True,Room,all freshly renovated.,
219,1,True,Staff,nothing,
219,1,True,Location,it is sometimes a bit noisy because of the air traffic,
219,1,True,Off,nothing,
219,2,True,Room,"very clean room,",
219,2,True,Room,"comfy beds,",
219,2,True,Room,very nice showers.,
219,2,True,Room,all freshly renovated.,
219,2,True,Staff,nothing,
219,2,True,Location,it is sometimes a bit noisy because of the air traffic,
219,2,True,Off,nothing,
219,3,True,Room,"very clean room,",
219,3,True,Room,"comfy beds,",
219,3,True,Room,very nice showers.,
219,3,True,Room,all freshly renovated.,
219,3,True,Staff,nothing,
219,3,True,Location,it is sometimes a bit noisy because of the air traffic,
219,3,True,Off,nothing,
220,1,False,(parse failed),,"json_parse_error: Expecting ',' delimiter: line 1 column 5267 (char 5266)"
220,2,False,(parse failed),,"json_parse_error: Expecting ',' delimiter: line 1 column 5267 (char 5266)"
220,3,False,(parse failed),,"json_parse_error: Expecting ',' delimiter: line 1 column 5267 (char 5266)"
221,1,False,(parse failed),,json_parse_error: Expecting ':' delimiter: line 1 column 225 (char 224)
221,2,False,(parse failed),,json_parse_error: Expecting ':' delimiter: line 1 column 225 (char 224)
221,3,False,(parse failed),,json_parse_error: Expecting ':' delimiter: line 1 column 225 (char 224)
222,1,False,Room,the room was nice,
222,2,False,Room,the room was nice,
222,3,False,Room,the room was nice,
223,1,False,(parse failed),,json_parse_error: Expecting ':' delimiter: line 1 column 97 (char 96)
223,2,False,(parse failed),,json_parse_error: Expecting ':' delimiter: line 1 column 97 (char 96)
223,3,False,(parse failed),,json_parse_error: Expecting ':' delimiter: line 1 column 97 (char 96)
224,1,False,Room,not mentioned,
224,1,False,Staff,Staff very friendly and very helpful.,
224,1,False,Staff,Staff very friendly and very helpful.,
224,2,False,Room,not mentioned,
224,2,False,Staff,Staff very friendly and very helpful.,
224,2,False,Staff,Staff very friendly and very helpful.,
224,3,False,Room,not mentioned,
224,3,False,Staff,Staff very friendly and very helpful.,
224,3,False,Staff,Staff very friendly and very helpful.,
225,1,False,Room,The room was spotless.,
225,1,False,Staff,Staff were lovely.,
225,1,False,Location,Great location for restaurants.,
225,1,False,Location,Great location for a short drive to the airport.,
225,1,False,Off,Nothing,
225,2,False,Room,The room was spotless.,
225,2,False,Staff,Staff were lovely.,
225,2,False,Location,Great location for restaurants.,
225,2,False,Location,Great location for a short drive to the airport.,
225,2,False,Off,Nothing,
225,3,False,Room,The room was spotless.,
225,3,False,Staff,Staff were lovely.,
225,3,False,Location,Great location for restaurants.,
225,3,False,Location,Great location for a short drive to the airport.,
225,3,False,Off,Nothing,
226,1,False,Room,"rooms and hotel in general are very clean, aircon modern and quiet, and room service is also excellent.",
226,1,False,Room,"The double bed, although nothing fancy, was probably the best hotel bed we've slept in ... ever!!!",
226,1,False,Staff,Excellent staff in this family driven hotel. Very helpful and pleasant people who speak perfect English and couldn't have been better -- all the way from the booking process and online dialog to putting us on a taxi to the airport! This alone is reason enough to come back :-),
226,1,False,Staff,This alone is reason enough to come back :-) Staff were lovely. Service was great.,
226,1,False,Staff,The owners are also great it's like a real caring family set up ...,
226,1,False,Location,Great location for restaurants.,
226,1,False,Location,Great location for a short drive to the airport.,
226,1,False,Location,the backyard itself could actually have been used so much better.,
226,1,False,Location,"beach towel services would also have been nice and useful, to avoid using lots of space/weight in baggage.",
226,1,False,Off,Not applicable,
226,2,False,Room,"rooms and hotel in general are very clean, aircon modern and quiet, and room service is also excellent.",
226,2,False,Room,"The double bed, although nothing fancy, was probably the best hotel bed we've slept in ... ever!!!",
226,2,False,Staff,Excellent staff in this family driven hotel. Very helpful and pleasant people who speak perfect English and couldn't have been better -- all the way from the booking process and online dialog to putting us on a taxi to the airport! This alone is reason enough to come back :-),
226,2,False,Staff,This alone is reason enough to come back :-) Staff were lovely. Service was great.,
226,2,False,Staff,The owners are also great it's like a real caring family set up ...,
226,2,False,Location,Great location for restaurants.,
226,2,False,Location,Great location for a short drive to the airport.,
226,2,False,Location,the backyard itself could actually have been used so much better.,
226,2,False,Location,"beach towel services would also have been nice and useful, to avoid using lots of space/weight in baggage.",
226,2,False,Off,Not applicable,
226,3,False,Room,"rooms and hotel in general are very clean, aircon modern and quiet, and room service is also excellent.",
226,3,False,Room,"The double bed, although nothing fancy, was probably the best hotel bed we've slept in ... ever!!!",
226,3,False,Staff,Excellent staff in this family driven hotel. Very helpful and pleasant people who speak perfect English and couldn't have been better -- all the way from the booking process and online dialog to putting us on a taxi to the airport! This alone is reason enough to come back :-),
226,3,False,Staff,This alone is reason enough to come back :-) Staff were lovely. Service was great.,
226,3,False,Staff,The owners are also great it's like a real caring family set up ...,
226,3,False,Location,Great location for restaurants.,
226,3,False,Location,Great location for a short drive to the airport.,
226,3,False,Location,the backyard itself could actually have been used so much better.,
226,3,False,Location,"beach towel services would also have been nice and useful, to avoid using lots of space/weight in baggage.",
226,3,False,Off,Not applicable,
227,1,False,(parse failed),,json_parse_error: Unterminated string starting at: line 1 column 5283 (char 5282)
227,2,False,(parse failed),,json_parse_error: Unterminated string starting at: line 1 column 5283 (char 5282)
227,3,False,(parse failed),,json_parse_error: Unterminated string starting at: line 1 column 5283 (char 5282)
228,1,True,Room,the room had a big balcony,
228,1,True,Location,the location is convenient,
228,2,True,Room,the room had a big balcony,
228,2,True,Location,the location is convenient,
228,3,True,Room,the room had a big balcony,
228,3,True,Location,the location is convenient,
229,1,False,(parse failed),,json_parse_error: Expecting ':' delimiter: line 1 column 502 (char 501)
229,2,False,(parse failed),,json_parse_error: Expecting ':' delimiter: line 1 column 502 (char 501)
229,3,False,(parse failed),,json_parse_error: Expecting ':' delimiter: line 1 column 502 (char 501)
230,1,False,Location,"location,",
230,1,False,Room,clean and very good value,
230,2,False,Location,"location,",
230,2,False,Room,clean and very good value,
230,3,False,Location,"location,",
230,3,False,Room,clean and very good value,
231,1,True,Room,rooms were clean and ideally situated for the airport,
231,1,True,Staff,very friendly staff,
231,2,True,Room,rooms were clean and ideally situated for the airport,
231,2,True,Staff,very friendly staff,
231,3,True,Room,rooms were clean and ideally situated for the airport,
231,3,True,Staff,very friendly staff,
232,1,False,(parse failed),,json_parse_error: Expecting ':' delimiter: line 1 column 188 (char 187)
232,2,False,(parse failed),,json_parse_error: Expecting ':' delimiter: line 1 column 188 (char 187)
232,3,False,(parse failed),,json_parse_error: Expecting ':' delimiter: line 1 column 188 (char 187)
233,1,False,(parse failed),,json_parse_error: Unterminated string starting at: line 1 column 5282 (char 5281)
233,2,False,(parse failed),,json_parse_error: Unterminated string starting at: line 1 column 5282 (char 5281)
233,3,False,(parse failed),,json_parse_error: Unterminated string starting at: line 1 column 5282 (char 5281)
234,1,False,Room,not big,
234,1,False,Location,"great location for bars, restaurants and beach at a very good rate for the excellent standard of accommodation",
234,2,False,Room,not big,
234,2,False,Location,"great location for bars, restaurants and beach at a very good rate for the excellent standard of accommodation",
234,3,False,Room,not big,
234,3,False,Location,"great location for bars, restaurants and beach at a very good rate for the excellent standard of accommodation",
235,1,False,(parse failed),,json_parse_error: Unterminated string starting at: line 1 column 5266 (char 5265)
235,2,False,(parse failed),,json_parse_error: Unterminated string starting at: line 1 column 5266 (char 5265)
235,3,False,(parse failed),,json_parse_error: Unterminated string starting at: line 1 column 5266 (char 5265)
236,1,True,Room,"Although small, the room was comfortable.",
236,1,True,Room,the bathroom was a good size and well appointed.,
236,1,True,Location,"The hotel is about 100m from the 425 bus route which runs to the airport, about 10 minutes away.",
236,1,True,Food,Breakfast as an extra was good.,
236,2,True,Room,"Although small, the room was comfortable.",
236,2,True,Room,the bathroom was a good size and well appointed.,
236,2,True,Location,"The hotel is about 100m from the 425 bus route which runs to the airport, about 10 minutes away.",
236,2,True,Food,Breakfast as an extra was good.,
236,3,True,Room,"Although small, the room was comfortable.",
236,3,True,Room,the bathroom was a good size and well appointed.,
236,3,True,Location,"The hotel is about 100m from the 425 bus route which runs to the airport, about 10 minutes away.",
236,3,True,Food,Breakfast as an extra was good.,
237,1,False,Room,clean and comfortable,
237,1,False,Staff,not applicable,
237,2,False,Room,clean and comfortable,
237,2,False,Staff,not applicable,
237,3,False,Room,clean and comfortable,
237,3,False,Staff,not applicable,
238,1,True,Room,quite small,
238,1,True,Location,close to the airport,
238,2,True,Room,quite small,
238,2,True,Location,close to the airport,
238,3,True,Room,quite small,
238,3,True,Location,close to the airport,
239,1,True,Room,Light and airy and clean room.,
239,1,True,Room,Not far from the sea.,
239,2,True,Room,Light and airy and clean room.,
239,2,True,Room,Not far from the sea.,
239,3,True,Room,Light and airy and clean room.,
239,3,True,Room,Not far from the sea.,
240,1,False,Room,The room was spotless.,
240,1,False,Room,"All in all, awesome!",
240,1,False,Staff,the hotel manager was reachable at all times due to my flight times and further delays.,
240,1,False,Staff,I couldn't have asked for more informative and reassuring service. 5 star service!,
240,1,False,Location,The location is very nice of this hotel due to such close proximity to the beach and restaurants.,
240,1,False,Off,Nothing,
240,2,False,Room,The room was spotless.,
240,2,False,Room,"All in all, awesome!",
240,2,False,Staff,the hotel manager was reachable at all times due to my flight times and further delays.,
240,2,False,Staff,I couldn't have asked for more informative and reassuring service. 5 star service!,
240,2,False,Location,The location is very nice of this hotel due to such close proximity to the beach and restaurants.,
240,2,False,Off,Nothing,
240,3,False,Room,The room was spotless.,
240,3,False,Room,"All in all, awesome!",
240,3,False,Staff,the hotel manager was reachable at all times due to my flight times and further delays.,
240,3,False,Staff,I couldn't have asked for more informative and reassuring service. 5 star service!,
240,3,False,Location,The location is very nice of this hotel due to such close proximity to the beach and restaurants.,
240,3,False,Off,Nothing,
241,1,False,(parse failed),,"json_parse_error: Expecting ',' delimiter: line 1 column 558 (char 557)"
241,2,False,(parse failed),,"json_parse_error: Expecting ',' delimiter: line 1 column 558 (char 557)"
241,3,False,(parse failed),,"json_parse_error: Expecting ',' delimiter: line 1 column 558 (char 557)"
242,1,True,Room,comfortable and pleasant!,
242,1,True,Staff,The staff were very accommodating and kind.,
242,2,True,Room,comfortable and pleasant!,
242,2,True,Staff,The staff were very accommodating and kind.,
242,3,True,Room,comfortable and pleasant!,
242,3,True,Staff,The staff were very accommodating and kind.,
243,1,True,Room,clean,
243,1,True,Room,beautifully kept,
243,2,True,Room,clean,
243,2,True,Room,beautifully kept,
243,3,True,Room,clean,
243,3,True,Room,beautifully kept,
244,1,False,Room,The room was spotless.,
244,1,False,Staff,Staff were lovely.,
244,1,False,Location,Great location for restaurants.,
244,1,False,Location,Great location for a short drive to the airport.,
244,1,False,Off,nothing,
244,2,False,Room,The room was spotless.,
244,2,False,Staff,Staff were lovely.,
244,2,False,Location,Great location for restaurants.,
244,2,False,Location,Great location for a short drive to the airport.,
244,2,False,Off,nothing,
244,3,False,Room,The room was spotless.,
244,3,False,Staff,Staff were lovely.,
244,3,False,Location,Great location for restaurants.,
244,3,False,Location,Great location for a short drive to the airport.,
244,3,False,Off,nothing,
245,1,False,(parse failed),,json_parse_error: Expecting ':' delimiter: line 1 column 192 (char 191)
245,2,False,(parse failed),,json_parse_error: Expecting ':' delimiter: line 1 column 192 (char 191)
245,3,False,(parse failed),,json_parse_error: Expecting ':' delimiter: line 1 column 192 (char 191)
246,1,False,(parse failed),,json_parse_error: Expecting property name enclosed in double quotes: line 1 column 307 (char 306)
246,2,False,(parse failed),,json_parse_error: Expecting property name enclosed in double quotes: line 1 column 307 (char 306)
246,3,False,(parse failed),,json_parse_error: Expecting property name enclosed in double quotes: line 1 column 307 (char 306)
247,1,False,(parse failed),,"json_parse_error: Expecting ',' delimiter: line 1 column 1542 (char 1541)"
247,2,False,(parse failed),,"json_parse_error: Expecting ',' delimiter: line 1 column 1542 (char 1541)"
247,3,False,(parse failed),,"json_parse_error: Expecting ',' delimiter: line 1 column 1542 (char 1541)"
248,1,True,Room,"Bed was soooooooo comfortable, I didn't want to leave my room!!",
248,1,True,Staff,"Staff super kind, professional, polite and helpful.",
248,1,True,Staff,"thank you for taxi, it arrived right in time!",
248,2,True,Room,"Bed was soooooooo comfortable, I didn't want to leave my room!!",
248,2,True,Staff,"Staff super kind, professional, polite and helpful.",
248,2,True,Staff,"thank you for taxi, it arrived right in time!",
248,3,True,Room,"Bed was soooooooo comfortable, I didn't want to leave my room!!",
248,3,True,Staff,"Staff super kind, professional, polite and helpful.",
248,3,True,Staff,"thank you for taxi, it arrived right in time!",
249,1,False,Room,The room was spotless.,
249,1,False,Room,although not big,
249,1,False,Staff,The staff were lovely.,
249,1,False,Staff,Service was great.,
249,1,False,Staff,They were very helpful and friendly!,
249,1,False,Location,Great location for restaurants.,
249,1,False,Location,Great location for a short drive to the airport.,
249,1,False,Location,"nice location,",
249,1,False,Location,"lovely personal, renovated,",
249,1,False,Location,the bus stop which goes to and from the airport as well as the town center is a minutes walk away and just 2 euros,
249,1,False,Food,"Breakfast was great. Fresh juice, eggs made to order, and a wide selection of pastries.",
249,1,False,Food,"Breakfast was wonderful — fresh fruit, eggs any style, and great coffee.",
249,2,False,Room,The room was spotless.,
249,2,False,Room,although not big,
249,2,False,Staff,The staff were lovely.,
249,2,False,Staff,Service was great.,
249,2,False,Staff,They were very helpful and friendly!,
249,2,False,Location,Great location for restaurants.,
249,2,False,Location,Great location for a short drive to the airport.,
249,2,False,Location,"nice location,",
249,2,False,Location,"lovely personal, renovated,",
249,2,False,Location,the bus stop which goes to and from the airport as well as the town center is a minutes walk away and just 2 euros,
249,2,False,Food,"Breakfast was great. Fresh juice, eggs made to order, and a wide selection of pastries.",
249,2,False,Food,"Breakfast was wonderful — fresh fruit, eggs any style, and great coffee.",
249,3,False,Room,The room was spotless.,
249,3,False,Room,although not big,
249,3,False,Staff,The staff were lovely.,
249,3,False,Staff,Service was great.,
249,3,False,Staff,They were very helpful and friendly!,
249,3,False,Location,Great location for restaurants.,
249,3,False,Location,Great location for a short drive to the airport.,
249,3,False,Location,"nice location,",
249,3,False,Location,"lovely personal, renovated,",
249,3,False,Location,the bus stop which goes to and from the airport as well as the town center is a minutes walk away and just 2 euros,
249,3,False,Food,"Breakfast was great. Fresh juice, eggs made to order, and a wide selection of pastries.",
249,3,False,Food,"Breakfast was wonderful — fresh fruit, eggs any style, and great coffee.",
250,1,False,Room,"The rooms, lobby and restaurant were lovely; exceedlingly modern, and comfortable.",
250,1,False,Staff,"the family that runs the hotel was incredibly friendly and very, very nice.",
250,1,False,Location,The location allowed us to walk to the beach and restaurants.,
250,1,False,Food,"We ate dinner at the hotel because we were so impressed with ""chef Richard"" and the food was fabulous.",
250,2,False,Room,"The rooms, lobby and restaurant were lovely; exceedlingly modern, and comfortable.",
250,2,False,Staff,"the family that runs the hotel was incredibly friendly and very, very nice.",
250,2,False,Location,The location allowed us to walk to the beach and restaurants.,
250,2,False,Food,"We ate dinner at the hotel because we were so impressed with ""chef Richard"" and the food was fabulous.",
250,3,False,Room,"The rooms, lobby and restaurant were lovely; exceedlingly modern, and comfortable.",
250,3,False,Staff,"the family that runs the hotel was incredibly friendly and very, very nice.",
250,3,False,Location,The location allowed us to walk to the beach and restaurants.,
250,3,False,Food,"We ate dinner at the hotel because we were so impressed with ""chef Richard"" and the food was fabulous.",
251,1,False,(parse failed),,"json_parse_error: Expecting ',' delimiter: line 1 column 1334 (char 1333)"
251,2,False,(parse failed),,"json_parse_error: Expecting ',' delimiter: line 1 column 1334 (char 1333)"
251,3,False,(parse failed),,"json_parse_error: Expecting ',' delimiter: line 1 column 1334 (char 1333)"
252,1,True,Room,Exceptionally clean and brand new.,
252,1,True,Staff,Everyone very friendly,
252,1,True,Food,Breakfast was freshly made and delicious.,
252,2,True,Room,Exceptionally clean and brand new.,
252,2,True,Staff,Everyone very friendly,
252,2,True,Food,Breakfast was freshly made and delicious.,
252,3,True,Room,Exceptionally clean and brand new.,
252,3,True,Staff,Everyone very friendly,
252,3,True,Food,Breakfast was freshly made and delicious.,
253,1,True,Room,cleanliness and quietness,
253,2,True,Room,cleanliness and quietness,
253,3,True,Room,cleanliness and quietness,
254,1,False,Room,"the rooms are spotless,",
254,1,False,Room,the shower fantastic,
254,1,False,Staff,The family were so helpful.,
254,2,False,Room,"the rooms are spotless,",
254,2,False,Room,the shower fantastic,
254,2,False,Staff,The family were so helpful.,
254,3,False,Room,"the rooms are spotless,",
254,3,False,Room,the shower fantastic,
254,3,False,Staff,The family were so helpful.,
255,1,True,Room,The room is spacious and new.,
255,1,True,Staff,The staff is super friendly and attentive.,
255,1,True,Location,"The location is super convenient, only few steps from the beach.",
255,2,True,Room,The room is spacious and new.,
255,2,True,Staff,The staff is super friendly and attentive.,
255,2,True,Location,"The location is super convenient, only few steps from the beach.",
255,3,True,Room,The room is spacious and new.,
255,3,True,Staff,The staff is super friendly and attentive.,
255,3,True,Location,"The location is super convenient, only few steps from the beach.",
256,1,False,(parse failed),,json_parse_error: Expecting property name enclosed in double quotes: line 1 column 86 (char 85)
256,2,False,(parse failed),,json_parse_error: Expecting property name enclosed in double quotes: line 1 column 86 (char 85)
256,3,False,(parse failed),,json_parse_error: Expecting property name enclosed in double quotes: line 1 column 86 (char 85)
257,1,True,Room,clean hotel,
257,1,True,Staff,Lovely staff,
257,1,True,Location,"Great location,",
257,1,True,Location,quiet,
257,2,True,Room,clean hotel,
257,2,True,Staff,Lovely staff,
257,2,True,Location,"Great location,",
257,2,True,Location,quiet,
257,3,True,Room,clean hotel,
257,3,True,Staff,Lovely staff,
257,3,True,Location,"Great location,",
257,3,True,Location,quiet,
258,1,True,Room,"Great accommodation,",
258,1,True,Staff,"wonderful staff,",
258,1,True,Food,"delicious food,",
258,2,True,Room,"Great accommodation,",
258,2,True,Staff,"wonderful staff,",
258,2,True,Food,"delicious food,",
258,3,True,Room,"Great accommodation,",
258,3,True,Staff,"wonderful staff,",
258,3,True,Food,"delicious food,",
259,1,False,(parse failed),,json_parse_error: Expecting ':' delimiter: line 1 column 184 (char 183)
259,2,False,(parse failed),,json_parse_error: Expecting ':' delimiter: line 1 column 184 (char 183)
259,3,False,(parse failed),,json_parse_error: Expecting ':' delimiter: line 1 column 184 (char 183)
260,1,False,Room,Very comfortable beds.,
260,1,False,Staff,"Friendly staff,",
260,1,False,Location,10 mins walk to Mackenzie Beach,
260,1,False,Location,and 40 mins (3 km) walk to downtown on a nice promenade.,
260,2,False,Room,Very comfortable beds.,
260,2,False,Staff,"Friendly staff,",
260,2,False,Location,10 mins walk to Mackenzie Beach,
260,2,False,Location,and 40 mins (3 km) walk to downtown on a nice promenade.,
260,3,False,Room,Very comfortable beds.,
260,3,False,Staff,"Friendly staff,",
260,3,False,Location,10 mins walk to Mackenzie Beach,
260,3,False,Location,and 40 mins (3 km) walk to downtown on a nice promenade.,
261,1,True,Room,Everything was clean and cozy.,
261,1,True,Room,We were introduced very good in everything and we felt very good there!,
261,2,True,Room,Everything was clean and cozy.,
261,2,True,Room,We were introduced very good in everything and we felt very good there!,
261,3,True,Room,Everything was clean and cozy.,
261,3,True,Room,We were introduced very good in everything and we felt very good there!,
262,1,False,(parse failed),,json_parse_error: Unterminated string starting at: line 1 column 5644 (char 5643)
262,2,False,(parse failed),,json_parse_error: Unterminated string starting at: line 1 column 5644 (char 5643)
262,3,False,(parse failed),,json_parse_error: Unterminated string starting at: line 1 column 5644 (char 5643)
263,1,False,Room,room was big enough with comfy beds for family of four;,
263,1,False,Room,The room was big enough with comfy beds for family of four; liked having a small balcony for outdoor space.,
263,2,False,Room,room was big enough with comfy beds for family of four;,
263,2,False,Room,The room was big enough with comfy beds for family of four; liked having a small balcony for outdoor space.,
263,3,False,Room,room was big enough with comfy beds for family of four;,
263,3,False,Room,The room was big enough with comfy beds for family of four; liked having a small balcony for outdoor space.,
264,1,False,(parse failed),,json_parse_error: Expecting property name enclosed in double quotes: line 1 column 60 (char 59)
264,2,False,(parse failed),,json_parse_error: Expecting property name enclosed in double quotes: line 1 column 60 (char 59)
264,3,False,(parse failed),,json_parse_error: Expecting property name enclosed in double quotes: line 1 column 60 (char 59)
265,1,True,Room,very clean and comfortable-,
265,2,True,Room,very clean and comfortable-,
265,3,True,Room,very clean and comfortable-,
266,1,True,Room,it’s clean and very nice,
266,1,True,Staff,crew,
266,2,True,Room,it’s clean and very nice,
266,2,True,Staff,crew,
266,3,True,Room,it’s clean and very nice,
266,3,True,Staff,crew,
267,1,True,Staff,Helpful staff arranged a taxi for us from the airport to the hotel.,
267,2,True,Staff,Helpful staff arranged a taxi for us from the airport to the hotel.,
267,3,True,Staff,Helpful staff arranged a taxi for us from the airport to the hotel.,
268,1,False,(parse failed),,json_parse_error: Expecting value: line 1 column 5285 (char 5284)
268,2,False,(parse failed),,json_parse_error: Expecting value: line 1 column 5285 (char 5284)
268,3,False,(parse failed),,json_parse_error: Expecting value: line 1 column 5285 (char 5284)
269,1,True,Room,"clean,",
269,1,True,Staff,"super friendly,",
269,1,True,Location,convenient,
269,1,True,Off,nothing,
269,2,True,Room,"clean,",
269,2,True,Staff,"super friendly,",
269,2,True,Location,convenient,
269,2,True,Off,nothing,
269,3,True,Room,"clean,",
269,3,True,Staff,"super friendly,",
269,3,True,Location,convenient,
269,3,True,Off,nothing,
270,1,False,Room,"Clean rooms,",
270,1,False,Room,the room was spotless.,
270,1,False,Staff,helpful staff,
270,2,False,Room,"Clean rooms,",
270,2,False,Room,the room was spotless.,
270,2,False,Staff,helpful staff,
270,3,False,Room,"Clean rooms,",
270,3,False,Room,the room was spotless.,
270,3,False,Staff,helpful staff,
271,1,False,(parse failed),,json_parse_error: Expecting value: line 1 column 5263 (char 5262)
271,2,False,(parse failed),,json_parse_error: Expecting value: line 1 column 5263 (char 5262)
271,3,False,(parse failed),,json_parse_error: Expecting value: line 1 column 5263 (char 5262)
272,1,False,Room,The room was clean.,
272,1,False,Staff,The staff is very nice 😃,
272,1,False,Location,Great location !! Near Mackenzie beach and very close to the center.,
272,1,False,Food,The Breakfast is so delicious,
272,2,False,Room,The room was clean.,
272,2,False,Staff,The staff is very nice 😃,
272,2,False,Location,Great location !! Near Mackenzie beach and very close to the center.,
272,2,False,Food,The Breakfast is so delicious,
272,3,False,Room,The room was clean.,
272,3,False,Staff,The staff is very nice 😃,
272,3,False,Location,Great location !! Near Mackenzie beach and very close to the center.,
272,3,False,Food,The Breakfast is so delicious,
273,1,False,(parse failed),,json_parse_error: Expecting value: line 1 column 5265 (char 5264)
273,2,False,(parse failed),,json_parse_error: Expecting value: line 1 column 5265 (char 5264)
273,3,False,(parse failed),,json_parse_error: Expecting value: line 1 column 5265 (char 5264)
274,1,False,Room,not big,
274,1,False,Staff,"Every staff member I encountered, from the valet to the check-in to the cleaning staff were delightful and eager to help!",
274,2,False,Room,not big,
274,2,False,Staff,"Every staff member I encountered, from the valet to the check-in to the cleaning staff were delightful and eager to help!",
274,3,False,Room,not big,
274,3,False,Staff,"Every staff member I encountered, from the valet to the check-in to the cleaning staff were delightful and eager to help!",
275,1,False,Room,"the rooms were clean,",
275,1,False,Room,"very comfortable,",
275,1,False,Room,and the staff was amazing.,
275,1,False,Staff,The staff was amazing.,
275,2,False,Room,"the rooms were clean,",
275,2,False,Room,"very comfortable,",
275,2,False,Room,and the staff was amazing.,
275,2,False,Staff,The staff was amazing.,
275,3,False,Room,"the rooms were clean,",
275,3,False,Room,"very comfortable,",
275,3,False,Room,and the staff was amazing.,
275,3,False,Staff,The staff was amazing.,
276,1,True,Room,friendly staff who allow you to check in the early hours of morning ,
276,1,True,Staff,friendly staff who allow you to check in the early hours of morning ,
276,2,True,Room,friendly staff who allow you to check in the early hours of morning ,
276,2,True,Staff,friendly staff who allow you to check in the early hours of morning ,
276,3,True,Room,friendly staff who allow you to check in the early hours of morning ,
276,3,True,Staff,friendly staff who allow you to check in the early hours of morning ,
277,1,True,Staff,"The staff is always very helpful, exceptional!",
277,1,True,Staff,staff explained,
277,2,True,Staff,"The staff is always very helpful, exceptional!",
277,2,True,Staff,staff explained,
277,3,True,Staff,"The staff is always very helpful, exceptional!",
277,3,True,Staff,staff explained,
278,1,False,Room,The room was clean and easy for the airport.,
278,1,False,Staff,"The staff were wonderful, so friendly and welcoming",
278,1,False,Food,the food was superb,
278,2,False,Room,The room was clean and easy for the airport.,
278,2,False,Staff,"The staff were wonderful, so friendly and welcoming",
278,2,False,Food,the food was superb,
278,3,False,Room,The room was clean and easy for the airport.,
278,3,False,Staff,"The staff were wonderful, so friendly and welcoming",
278,3,False,Food,the food was superb,
279,1,False,Room,The bed linens were wonderful and the mattress was neither too hard or soft.,
279,1,False,Food,"breakfast is not included in the hotel cost. However, there is small restaurant within the hotel lobby that charged $10 euros for a very nice hot breakfast (no menu - you get whatever is served).",
279,2,False,Room,The bed linens were wonderful and the mattress was neither too hard or soft.,
279,2,False,Food,"breakfast is not included in the hotel cost. However, there is small restaurant within the hotel lobby that charged $10 euros for a very nice hot breakfast (no menu - you get whatever is served).",
279,3,False,Room,The bed linens were wonderful and the mattress was neither too hard or soft.,
279,3,False,Food,"breakfast is not included in the hotel cost. However, there is small restaurant within the hotel lobby that charged $10 euros for a very nice hot breakfast (no menu - you get whatever is served).",
280,1,False,(parse failed),,json_parse_error: Expecting value: line 1 column 5276 (char 5275)
280,2,False,(parse failed),,json_parse_error: Expecting value: line 1 column 5276 (char 5275)
280,3,False,(parse failed),,json_parse_error: Expecting value: line 1 column 5276 (char 5275)
281,1,False,Room,The room was spotless.,
281,1,False,Staff,the owner and staff are so welcoming and helpful,
281,1,False,Location,This hotel is in a great location for the airport and restaurants.,
281,1,False,Location,for the airport and restaurants.,
281,1,False,Location,"taking time to print off flight documentation, booking taxis and even when my flight was cancelled,",
281,1,False,Location,for longer without a problem.,
281,2,False,Room,The room was spotless.,
281,2,False,Staff,the owner and staff are so welcoming and helpful,
281,2,False,Location,This hotel is in a great location for the airport and restaurants.,
281,2,False,Location,for the airport and restaurants.,
281,2,False,Location,"taking time to print off flight documentation, booking taxis and even when my flight was cancelled,",
281,2,False,Location,for longer without a problem.,
281,3,False,Room,The room was spotless.,
281,3,False,Staff,the owner and staff are so welcoming and helpful,
281,3,False,Location,This hotel is in a great location for the airport and restaurants.,
281,3,False,Location,for the airport and restaurants.,
281,3,False,Location,"taking time to print off flight documentation, booking taxis and even when my flight was cancelled,",
281,3,False,Location,for longer without a problem.,
282,1,False,Room,The room was spotless.,
282,1,False,Room,not big,
282,1,False,Staff,"Helpful, friendly staff.",
282,1,False,Staff,staff were lovely,
282,1,False,Location,"close to the beach,",
282,1,False,Location,situated in a quiet place.,
282,1,False,Location,beach,
282,1,False,Location,convenient for restaurants,
282,1,False,Food,tasty breakfast.,
282,1,False,Food,breakfast was amazing,
282,2,False,Room,The room was spotless.,
282,2,False,Room,not big,
282,2,False,Staff,"Helpful, friendly staff.",
282,2,False,Staff,staff were lovely,
282,2,False,Location,"close to the beach,",
282,2,False,Location,situated in a quiet place.,
282,2,False,Location,beach,
282,2,False,Location,convenient for restaurants,
282,2,False,Food,tasty breakfast.,
282,2,False,Food,breakfast was amazing,
282,3,False,Room,The room was spotless.,
282,3,False,Room,not big,
282,3,False,Staff,"Helpful, friendly staff.",
282,3,False,Staff,staff were lovely,
282,3,False,Location,"close to the beach,",
282,3,False,Location,situated in a quiet place.,
282,3,False,Location,beach,
282,3,False,Location,convenient for restaurants,
282,3,False,Food,tasty breakfast.,
282,3,False,Food,breakfast was amazing,
283,1,True,Room,Everything was very clean and modern,
283,1,True,Staff,staff,
283,2,True,Room,Everything was very clean and modern,
283,2,True,Staff,staff,
283,3,True,Room,Everything was very clean and modern,
283,3,True,Staff,staff,
284,1,False,(parse failed),,"json_parse_error: Expecting ',' delimiter: line 1 column 662 (char 661)"
284,2,False,(parse failed),,"json_parse_error: Expecting ',' delimiter: line 1 column 662 (char 661)"
284,3,False,(parse failed),,"json_parse_error: Expecting ',' delimiter: line 1 column 662 (char 661)"
285,1,False,Room,clean and nice,
285,2,False,Room,clean and nice,
285,3,False,Room,clean and nice,
286,1,True,Location,Very convenient location for arriving at the airport.,
286,2,True,Location,Very convenient location for arriving at the airport.,
286,3,True,Location,Very convenient location for arriving at the airport.,
287,1,False,(parse failed),,json_parse_error: Unterminated string starting at: line 1 column 5254 (char 5253)
287,2,False,(parse failed),,json_parse_error: Unterminated string starting at: line 1 column 5254 (char 5253)
287,3,False,(parse failed),,json_parse_error: Unterminated string starting at: line 1 column 5254 (char 5253)
288,1,False,Room,Boutique hotel in the quiet area.,
288,1,False,Room,The room was clean and comfortable.,
288,1,False,Staff,Staff was friendly and helpful.,
288,1,False,Staff,Staff was very nice and helpful!,
288,1,False,Location,Only few kilometers from the airport but quite distant from the city center.,
288,1,False,Location,close to salt lake to have opportunity to watch flamings.,
288,1,False,Location,quite distant from the city center,
288,1,False,Food,"Good, tasty breakfest.",
288,2,False,Room,Boutique hotel in the quiet area.,
288,2,False,Room,The room was clean and comfortable.,
288,2,False,Staff,Staff was friendly and helpful.,
288,2,False,Staff,Staff was very nice and helpful!,
288,2,False,Location,Only few kilometers from the airport but quite distant from the city center.,
288,2,False,Location,close to salt lake to have opportunity to watch flamings.,
288,2,False,Location,quite distant from the city center,
288,2,False,Food,"Good, tasty breakfest.",
288,3,False,Room,Boutique hotel in the quiet area.,
288,3,False,Room,The room was clean and comfortable.,
288,3,False,Staff,Staff was friendly and helpful.,
288,3,False,Staff,Staff was very nice and helpful!,
288,3,False,Location,Only few kilometers from the airport but quite distant from the city center.,
288,3,False,Location,close to salt lake to have opportunity to watch flamings.,
288,3,False,Location,quite distant from the city center,
288,3,False,Food,"Good, tasty breakfest.",
289,1,False,Room,the room does not maintain well noise insulation.,
289,1,False,Location,Close to airport and Makenzie beach area.,
289,1,False,Location,Taxi fare to airport around 15-18 euro.,
289,1,False,Price,around 15-18 euro.,
289,2,False,Room,the room does not maintain well noise insulation.,
289,2,False,Location,Close to airport and Makenzie beach area.,
289,2,False,Location,Taxi fare to airport around 15-18 euro.,
289,2,False,Price,around 15-18 euro.,
289,3,False,Room,the room does not maintain well noise insulation.,
289,3,False,Location,Close to airport and Makenzie beach area.,
289,3,False,Location,Taxi fare to airport around 15-18 euro.,
289,3,False,Price,around 15-18 euro.,
290,1,False,(parse failed),,json_parse_error: Expecting ':' delimiter: line 1 column 538 (char 537)
290,2,False,(parse failed),,json_parse_error: Expecting ':' delimiter: line 1 column 538 (char 537)
290,3,False,(parse failed),,json_parse_error: Expecting ':' delimiter: line 1 column 538 (char 537)
291,1,True,Room,Very clean and cozy,
291,1,True,Staff,Friendly staff,
291,1,True,Location,Close to the airport,
291,2,True,Room,Very clean and cozy,
291,2,True,Staff,Friendly staff,
291,2,True,Location,Close to the airport,
291,3,True,Room,Very clean and cozy,
291,3,True,Staff,Friendly staff,
291,3,True,Location,Close to the airport,
292,1,False,(parse failed),,json_parse_error: Expecting property name enclosed in double quotes: line 1 column 161 (char 160)
292,2,False,(parse failed),,json_parse_error: Expecting property name enclosed in double quotes: line 1 column 161 (char 160)
292,3,False,(parse failed),,json_parse_error: Expecting property name enclosed in double quotes: line 1 column 161 (char 160)
293,1,False,Staff,"Very pleasant, helpful and friendly staff.",
293,2,False,Staff,"Very pleasant, helpful and friendly staff.",
293,3,False,Staff,"Very pleasant, helpful and friendly staff.",
294,1,True,Room,basic,
294,2,True,Room,basic,
294,3,True,Room,basic,
295,1,False,Room,the new and well furnished hotel with comfortable rooms;,
295,1,False,Room,room was cleaned every day;,
295,1,False,Room,the room was spotless.,
295,1,False,Staff,the staff is polite and helpful;,
295,1,False,Staff,"Mr. Richard and Sendi are awesome, it’s such a pleasure to start a day with their smiles.",
295,1,False,Staff,the hosts are very kind and smiling people;,
295,1,False,Staff,the staff is polite and helpful;,
295,1,False,Location,"the location is good, only 20 minutes away from the centre but located in a quiet area;",
295,1,False,Location,located in a quiet area;,
295,1,False,Location,"Good, only 20 minutes away from the centre",
295,1,False,Location,only 20 minutes away from the centre but located in a quiet area;,
295,1,False,Location,"Good, only 20 minutes away from the centre",
295,2,False,Room,the new and well furnished hotel with comfortable rooms;,
295,2,False,Room,room was cleaned every day;,
295,2,False,Room,the room was spotless.,
295,2,False,Staff,the staff is polite and helpful;,
295,2,False,Staff,"Mr. Richard and Sendi are awesome, it’s such a pleasure to start a day with their smiles.",
295,2,False,Staff,the hosts are very kind and smiling people;,
295,2,False,Staff,the staff is polite and helpful;,
295,2,False,Location,"the location is good, only 20 minutes away from the centre but located in a quiet area;",
295,2,False,Location,located in a quiet area;,
295,2,False,Location,"Good, only 20 minutes away from the centre",
295,2,False,Location,only 20 minutes away from the centre but located in a quiet area;,
295,2,False,Location,"Good, only 20 minutes away from the centre",
295,3,False,Room,the new and well furnished hotel with comfortable rooms;,
295,3,False,Room,room was cleaned every day;,
295,3,False,Room,the room was spotless.,
295,3,False,Staff,the staff is polite and helpful;,
295,3,False,Staff,"Mr. Richard and Sendi are awesome, it’s such a pleasure to start a day with their smiles.",
295,3,False,Staff,the hosts are very kind and smiling people;,
295,3,False,Staff,the staff is polite and helpful;,
295,3,False,Location,"the location is good, only 20 minutes away from the centre but located in a quiet area;",
295,3,False,Location,located in a quiet area;,
295,3,False,Location,"Good, only 20 minutes away from the centre",
295,3,False,Location,only 20 minutes away from the centre but located in a quiet area;,
295,3,False,Location,"Good, only 20 minutes away from the centre",
296,1,True,Off,TV CHANNELS TO BE FIXED :),
296,2,True,Off,TV CHANNELS TO BE FIXED :),
296,3,True,Off,TV CHANNELS TO BE FIXED :),
297,1,False,(parse failed),,json_parse_error: Expecting property name enclosed in double quotes: line 1 column 69 (char 68)
297,2,False,(parse failed),,json_parse_error: Expecting property name enclosed in double quotes: line 1 column 69 (char 68)
297,3,False,(parse failed),,json_parse_error: Expecting property name enclosed in double quotes: line 1 column 69 (char 68)
298,1,False,(parse failed),,"json_parse_error: Expecting ',' delimiter: line 1 column 279 (char 278)"
298,2,False,(parse failed),,"json_parse_error: Expecting ',' delimiter: line 1 column 279 (char 278)"
298,3,False,(parse failed),,"json_parse_error: Expecting ',' delimiter: line 1 column 279 (char 278)"
299,1,False,Room,"the room is just as in the pictures; newly renovated, fully functional and most importantly comfortable and clean.",
299,1,False,Staff,"The staff was very welcoming and friendly,",
299,1,False,Staff,"the staff was very welcoming and friendly, the room is just as in the pictures; newly renovated, fully functional and most importantly comfortable and clean.",
299,1,False,Staff,the staff was very welcoming and friendly,
299,1,False,Location,"The hotel's location is convenient. Very easy to catch public transportations, many café around and close to the center.",
299,2,False,Room,"the room is just as in the pictures; newly renovated, fully functional and most importantly comfortable and clean.",
299,2,False,Staff,"The staff was very welcoming and friendly,",
299,2,False,Staff,"the staff was very welcoming and friendly, the room is just as in the pictures; newly renovated, fully functional and most importantly comfortable and clean.",
299,2,False,Staff,the staff was very welcoming and friendly,
299,2,False,Location,"The hotel's location is convenient. Very easy to catch public transportations, many café around and close to the center.",
299,3,False,Room,"the room is just as in the pictures; newly renovated, fully functional and most importantly comfortable and clean.",
299,3,False,Staff,"The staff was very welcoming and friendly,",
299,3,False,Staff,"the staff was very welcoming and friendly, the room is just as in the pictures; newly renovated, fully functional and most importantly comfortable and clean.",
299,3,False,Staff,the staff was very welcoming and friendly,
299,3,False,Location,"The hotel's location is convenient. Very easy to catch public transportations, many café around and close to the center.",
300,1,False,(parse failed),,"json_parse_error: Expecting ',' delimiter: line 1 column 644 (char 643)"
300,2,False,(parse failed),,"json_parse_error: Expecting ',' delimiter: line 1 column 644 (char 643)"
300,3,False,(parse failed),,"json_parse_error: Expecting ',' delimiter: line 1 column 644 (char 643)"
301,1,False,Room,quiet area.,
301,1,False,Staff,Staff make you feel at home.,
301,2,False,Room,quiet area.,
301,2,False,Staff,Staff make you feel at home.,
301,3,False,Room,quiet area.,
301,3,False,Staff,Staff make you feel at home.,
302,1,True,Room,It was very clean.,
302,2,True,Room,It was very clean.,
302,3,True,Room,It was very clean.,
303,1,False,(parse failed),,json_parse_error: Expecting ':' delimiter: line 1 column 219 (char 218)
303,2,False,(parse failed),,json_parse_error: Expecting ':' delimiter: line 1 column 219 (char 218)
303,3,False,(parse failed),,json_parse_error: Expecting ':' delimiter: line 1 column 219 (char 218)
304,1,False,Room,"the room, bed sheets and toilet are super clean. Bed is very comfortable.",
304,1,False,Staff,"The staff was nice, they gave me recommendations on what places to visit and how to roam around.",
304,1,False,Location,on foot from the bus station.,
304,1,False,Location,one of which you can get on foot for less than 5 minutes.,
304,1,False,Location,"a lot of restaurants, bars and shops in the area.",
304,1,False,Location,lots and lots of beach shores to relax at,
304,2,False,Room,"the room, bed sheets and toilet are super clean. Bed is very comfortable.",
304,2,False,Staff,"The staff was nice, they gave me recommendations on what places to visit and how to roam around.",
304,2,False,Location,on foot from the bus station.,
304,2,False,Location,one of which you can get on foot for less than 5 minutes.,
304,2,False,Location,"a lot of restaurants, bars and shops in the area.",
304,2,False,Location,lots and lots of beach shores to relax at,
304,3,False,Room,"the room, bed sheets and toilet are super clean. Bed is very comfortable.",
304,3,False,Staff,"The staff was nice, they gave me recommendations on what places to visit and how to roam around.",
304,3,False,Location,on foot from the bus station.,
304,3,False,Location,one of which you can get on foot for less than 5 minutes.,
304,3,False,Location,"a lot of restaurants, bars and shops in the area.",
304,3,False,Location,lots and lots of beach shores to relax at,
305,1,False,(parse failed),,"json_parse_error: Expecting ',' delimiter: line 1 column 5278 (char 5277)"
305,2,False,(parse failed),,"json_parse_error: Expecting ',' delimiter: line 1 column 5278 (char 5277)"
305,3,False,(parse failed),,"json_parse_error: Expecting ',' delimiter: line 1 column 5278 (char 5277)"
306,1,False,Staff,"excellent stuff,",
306,2,False,Staff,"excellent stuff,",
306,3,False,Staff,"excellent stuff,",
307,1,False,Room,"The room was very clean, well decorated and modern, although not big.",
307,1,False,Staff,The staff was very nice and helpful!,
307,1,False,Location,"nice location,",
307,1,False,Food,"Also, the breakfast was amazing, fresh and handmade!",
307,2,False,Room,"The room was very clean, well decorated and modern, although not big.",
307,2,False,Staff,The staff was very nice and helpful!,
307,2,False,Location,"nice location,",
307,2,False,Food,"Also, the breakfast was amazing, fresh and handmade!",
307,3,False,Room,"The room was very clean, well decorated and modern, although not big.",
307,3,False,Staff,The staff was very nice and helpful!,
307,3,False,Location,"nice location,",
307,3,False,Food,"Also, the breakfast was amazing, fresh and handmade!",
308,1,False,(parse failed),,json_parse_error: Expecting property name enclosed in double quotes: line 1 column 222 (char 221)
308,2,False,(parse failed),,json_parse_error: Expecting property name enclosed in double quotes: line 1 column 222 (char 221)
308,3,False,(parse failed),,json_parse_error: Expecting property name enclosed in double quotes: line 1 column 222 (char 221)
309,1,False,Room,"The room was very clean, well decorated and modern, although not big.",
309,1,False,Staff,The staff was very nice and helpful!,
309,1,False,Location,"nice location,",
309,1,False,Food,"Also, the breakfast was amazing, fresh and handmade!",
309,1,False,Off,nothing,
309,2,False,Room,"The room was very clean, well decorated and modern, although not big.",
309,2,False,Staff,The staff was very nice and helpful!,
309,2,False,Location,"nice location,",
309,2,False,Food,"Also, the breakfast was amazing, fresh and handmade!",
309,2,False,Off,nothing,
309,3,False,Room,"The room was very clean, well decorated and modern, although not big.",
309,3,False,Staff,The staff was very nice and helpful!,
309,3,False,Location,"nice location,",
309,3,False,Food,"Also, the breakfast was amazing, fresh and handmade!",
309,3,False,Off,nothing,
310,1,False,(parse failed),,json_parse_error: Expecting property name enclosed in double quotes: line 1 column 332 (char 331)
310,2,False,(parse failed),,json_parse_error: Expecting property name enclosed in double quotes: line 1 column 332 (char 331)
310,3,False,(parse failed),,json_parse_error: Expecting property name enclosed in double quotes: line 1 column 332 (char 331)
311,1,False,(parse failed),,"json_parse_error: Expecting ',' delimiter: line 1 column 1784 (char 1783)"
311,2,False,(parse failed),,"json_parse_error: Expecting ',' delimiter: line 1 column 1784 (char 1783)"
311,3,False,(parse failed),,"json_parse_error: Expecting ',' delimiter: line 1 column 1784 (char 1783)"
312,1,False,(parse failed),,json_parse_error: Unterminated string starting at: line 1 column 5272 (char 5271)
312,2,False,(parse failed),,json_parse_error: Unterminated string starting at: line 1 column 5272 (char 5271)
312,3,False,(parse failed),,json_parse_error: Unterminated string starting at: line 1 column 5272 (char 5271)
313,1,True,Room,Nicely renovated and clean hotel.,
313,1,True,Staff,Super friendly staff.,
313,1,True,Location,Quiet street with sufficient parking facilities.,
313,1,True,Price,Fantastic value for money.,
313,2,True,Room,Nicely renovated and clean hotel.,
313,2,True,Staff,Super friendly staff.,
313,2,True,Location,Quiet street with sufficient parking facilities.,
313,2,True,Price,Fantastic value for money.,
313,3,True,Room,Nicely renovated and clean hotel.,
313,3,True,Staff,Super friendly staff.,
313,3,True,Location,Quiet street with sufficient parking facilities.,
313,3,True,Price,Fantastic value for money.,
314,1,True,Room,with good wifi,
314,1,True,Location,in 5 minutes from airport,
314,1,True,Location,super fast checkin/checkout,
314,2,True,Room,with good wifi,
314,2,True,Location,in 5 minutes from airport,
314,2,True,Location,super fast checkin/checkout,
314,3,True,Room,with good wifi,
314,3,True,Location,in 5 minutes from airport,
314,3,True,Location,super fast checkin/checkout,
315,1,True,Room,it’s was exceptionally clean,
315,1,True,Staff,staff all very friendly,
315,2,True,Room,it’s was exceptionally clean,
315,2,True,Staff,staff all very friendly,
315,3,True,Room,it’s was exceptionally clean,
315,3,True,Staff,staff all very friendly,
316,1,False,Room,a nice addition to the very clean and tidy room is Netflix.,
316,1,False,Staff,Everyone was very accommodating and welcoming.,
316,1,False,Location,Perfect location to McKenzie Beach and only a 30 minute walk to the central marina.,
316,1,False,Off,"I have no reason to complain, everything was great!",
316,2,False,Room,a nice addition to the very clean and tidy room is Netflix.,
316,2,False,Staff,Everyone was very accommodating and welcoming.,
316,2,False,Location,Perfect location to McKenzie Beach and only a 30 minute walk to the central marina.,
316,2,False,Off,"I have no reason to complain, everything was great!",
316,3,False,Room,a nice addition to the very clean and tidy room is Netflix.,
316,3,False,Staff,Everyone was very accommodating and welcoming.,
316,3,False,Location,Perfect location to McKenzie Beach and only a 30 minute walk to the central marina.,
316,3,False,Off,"I have no reason to complain, everything was great!",
317,1,False,(no spans found),,Room: text span not found verbatim in review_text
317,2,False,(no spans found),,Room: text span not found verbatim in review_text
317,3,False,(no spans found),,Room: text span not found verbatim in review_text
318,1,False,Room,"Our room was a family suite (for 4 people), so could do with one more double hook in bathroom for towels.",
318,1,False,Staff,Staff were very friendly and extremely helpful.,
318,1,False,Location,In a quiet area 10 minutes from Larnaca airport.,
318,2,False,Room,"Our room was a family suite (for 4 people), so could do with one more double hook in bathroom for towels.",
318,2,False,Staff,Staff were very friendly and extremely helpful.,
318,2,False,Location,In a quiet area 10 minutes from Larnaca airport.,
318,3,False,Room,"Our room was a family suite (for 4 people), so could do with one more double hook in bathroom for towels.",
318,3,False,Staff,Staff were very friendly and extremely helpful.,
318,3,False,Location,In a quiet area 10 minutes from Larnaca airport.,
319,1,False,(parse failed),,"json_parse_error: Expecting ',' delimiter: line 1 column 1760 (char 1759)"
319,2,False,(parse failed),,"json_parse_error: Expecting ',' delimiter: line 1 column 1760 (char 1759)"
319,3,False,(parse failed),,"json_parse_error: Expecting ',' delimiter: line 1 column 1760 (char 1759)"
320,1,True,Location,"location,",
320,1,True,Room,room,
320,2,True,Location,"location,",
320,2,True,Room,room,
320,3,True,Location,"location,",
320,3,True,Room,room,
321,1,False,Room,The room was spotless.,
321,1,False,Staff,not applicable,
321,1,False,Location,not applicable,
321,1,False,Off,not applicable,
321,2,False,Room,The room was spotless.,
321,2,False,Staff,not applicable,
321,2,False,Location,not applicable,
321,2,False,Off,not applicable,
321,3,False,Room,The room was spotless.,
321,3,False,Staff,not applicable,
321,3,False,Location,not applicable,
321,3,False,Off,not applicable,
322,1,False,(parse failed),,json_parse_error: Unterminated string starting at: line 1 column 5270 (char 5269)
322,2,False,(parse failed),,json_parse_error: Unterminated string starting at: line 1 column 5270 (char 5269)
322,3,False,(parse failed),,json_parse_error: Unterminated string starting at: line 1 column 5270 (char 5269)
323,1,False,(parse failed),,json_parse_error: Expecting ':' delimiter: line 1 column 336 (char 335)
323,2,False,(parse failed),,json_parse_error: Expecting ':' delimiter: line 1 column 336 (char 335)
323,3,False,(parse failed),,json_parse_error: Expecting ':' delimiter: line 1 column 336 (char 335)
324,1,False,(parse failed),,"json_parse_error: Expecting ',' delimiter: line 1 column 621 (char 620)"
324,2,False,(parse failed),,"json_parse_error: Expecting ',' delimiter: line 1 column 621 (char 620)"
324,3,False,(parse failed),,"json_parse_error: Expecting ',' delimiter: line 1 column 621 (char 620)"
325,1,True,Room,clean and fresh rooms,
325,1,True,Staff,good hosts,
325,1,True,Location,not far from the airport,
325,1,True,Location,5 min walk to the beach,
325,2,True,Room,clean and fresh rooms,
325,2,True,Staff,good hosts,
325,2,True,Location,not far from the airport,
325,2,True,Location,5 min walk to the beach,
325,3,True,Room,clean and fresh rooms,
325,3,True,Staff,good hosts,
325,3,True,Location,not far from the airport,
325,3,True,Location,5 min walk to the beach,
326,1,True,Room,Clean and freshly renovated room,
326,2,True,Room,Clean and freshly renovated room,
326,3,True,Room,Clean and freshly renovated room,
327,1,False,Room,The room was spotless.,
327,1,False,Room,not big,
327,1,False,Staff,the host of the Hotel was so kind and helpful,
327,1,False,Staff,Always a smile on his face with great energy and amazing hospitality making sure we had a great stay,
327,1,False,Location,it’s close to the Larnaca AirPort,
327,1,False,Location,The location was ideal for the purpose of our stay because it’s close to the Larnaca AirPort,
327,1,False,Location,the bus stop which goes to and from the airport as well as the town center is a minutes walk away and just 2 euros,
327,1,False,Off,not applicable,
327,2,False,Room,The room was spotless.,
327,2,False,Room,not big,
327,2,False,Staff,the host of the Hotel was so kind and helpful,
327,2,False,Staff,Always a smile on his face with great energy and amazing hospitality making sure we had a great stay,
327,2,False,Location,it’s close to the Larnaca AirPort,
327,2,False,Location,The location was ideal for the purpose of our stay because it’s close to the Larnaca AirPort,
327,2,False,Location,the bus stop which goes to and from the airport as well as the town center is a minutes walk away and just 2 euros,
327,2,False,Off,not applicable,
327,3,False,Room,The room was spotless.,
327,3,False,Room,not big,
327,3,False,Staff,the host of the Hotel was so kind and helpful,
327,3,False,Staff,Always a smile on his face with great energy and amazing hospitality making sure we had a great stay,
327,3,False,Location,it’s close to the Larnaca AirPort,
327,3,False,Location,The location was ideal for the purpose of our stay because it’s close to the Larnaca AirPort,
327,3,False,Location,the bus stop which goes to and from the airport as well as the town center is a minutes walk away and just 2 euros,
327,3,False,Off,not applicable,
328,1,False,(parse failed),,"json_parse_error: Expecting ',' delimiter: line 1 column 1914 (char 1913)"
328,2,False,(parse failed),,"json_parse_error: Expecting ',' delimiter: line 1 column 1914 (char 1913)"
328,3,False,(parse failed),,"json_parse_error: Expecting ',' delimiter: line 1 column 1914 (char 1913)"
329,1,False,Room,The room was small and quiet.,
329,1,False,Staff,Not applicable,
329,1,False,Location,not far from the city center,
329,2,False,Room,The room was small and quiet.,
329,2,False,Staff,Not applicable,
329,2,False,Location,not far from the city center,
329,3,False,Room,The room was small and quiet.,
329,3,False,Staff,Not applicable,
329,3,False,Location,not far from the city center,
330,1,False,Staff,They were really customer-centric and kind.,
330,1,False,Staff,The staff was exceptional.,
330,1,False,Food,The breakfast was really delicious too 😊,
330,1,False,Off,Nothing. It was perfect.,
330,2,False,Staff,They were really customer-centric and kind.,
330,2,False,Staff,The staff was exceptional.,
330,2,False,Food,The breakfast was really delicious too 😊,
330,2,False,Off,Nothing. It was perfect.,
330,3,False,Staff,They were really customer-centric and kind.,
330,3,False,Staff,The staff was exceptional.,
330,3,False,Food,The breakfast was really delicious too 😊,
330,3,False,Off,Nothing. It was perfect.,
331,1,True,Room,Very welcoming,
331,1,True,Staff,Clean fresh nice and peaceful ,
331,2,True,Room,Very welcoming,
331,2,True,Staff,Clean fresh nice and peaceful ,
331,3,True,Room,Very welcoming,
331,3,True,Staff,Clean fresh nice and peaceful ,
332,1,False,Room,the room was really clean and the bed was comfortable.,
332,1,False,Staff,The staff was super nice!,
332,1,False,Price,for a really good price (better than everything we've seen online),
332,1,False,Taxi-issue,they've helped us book it for a really good price (better than everything we've seen online),
332,2,False,Room,the room was really clean and the bed was comfortable.,
332,2,False,Staff,The staff was super nice!,
332,2,False,Price,for a really good price (better than everything we've seen online),
332,2,False,Taxi-issue,they've helped us book it for a really good price (better than everything we've seen online),
332,3,False,Room,the room was really clean and the bed was comfortable.,
332,3,False,Staff,The staff was super nice!,
332,3,False,Price,for a really good price (better than everything we've seen online),
332,3,False,Taxi-issue,they've helped us book it for a really good price (better than everything we've seen online),
333,1,False,Room,the room was a bit small,
333,1,False,Food,Breakfast was exceptional,
333,2,False,Room,the room was a bit small,
333,2,False,Food,Breakfast was exceptional,
333,3,False,Room,the room was a bit small,
333,3,False,Food,Breakfast was exceptional,
334,1,False,(parse failed),,json_parse_error: Expecting ':' delimiter: line 1 column 211 (char 210)
334,2,False,(parse failed),,json_parse_error: Expecting ':' delimiter: line 1 column 211 (char 210)
334,3,False,(parse failed),,json_parse_error: Expecting ':' delimiter: line 1 column 211 (char 210)
335,1,False,(parse failed),,json_parse_error: Expecting ':' delimiter: line 1 column 156 (char 155)
335,2,False,(parse failed),,json_parse_error: Expecting ':' delimiter: line 1 column 156 (char 155)
335,3,False,(parse failed),,json_parse_error: Expecting ':' delimiter: line 1 column 156 (char 155)
336,1,False,Room,tastefully decorated room and super comfy bed.,
336,1,False,Staff,Exceptionally friendly and helpful.,
336,1,False,Food,dinner and breakfast were freshly made and very tasty.,
336,2,False,Room,tastefully decorated room and super comfy bed.,
336,2,False,Staff,Exceptionally friendly and helpful.,
336,2,False,Food,dinner and breakfast were freshly made and very tasty.,
336,3,False,Room,tastefully decorated room and super comfy bed.,
336,3,False,Staff,Exceptionally friendly and helpful.,
336,3,False,Food,dinner and breakfast were freshly made and very tasty.,
337,1,True,Room,clean and,
337,1,True,Staff,owners,
337,2,True,Room,clean and,
337,2,True,Staff,owners,
337,3,True,Room,clean and,
337,3,True,Staff,owners,
338,1,False,(parse failed),,"json_parse_error: Expecting ',' delimiter: line 1 column 1048 (char 1047)"
338,2,False,(parse failed),,"json_parse_error: Expecting ',' delimiter: line 1 column 1048 (char 1047)"
338,3,False,(parse failed),,"json_parse_error: Expecting ',' delimiter: line 1 column 1048 (char 1047)"
339,1,True,Room,"Clean rooms, cleaning every day;",
339,1,True,Staff,Great staff and very pleasant hosts;,
339,1,True,Staff,The owner is a very kind person and creative chef.,
339,1,True,Staff,I’ll miss his breakfasts.,
339,2,True,Room,"Clean rooms, cleaning every day;",
339,2,True,Staff,Great staff and very pleasant hosts;,
339,2,True,Staff,The owner is a very kind person and creative chef.,
339,2,True,Staff,I’ll miss his breakfasts.,
339,3,True,Room,"Clean rooms, cleaning every day;",
339,3,True,Staff,Great staff and very pleasant hosts;,
339,3,True,Staff,The owner is a very kind person and creative chef.,
339,3,True,Staff,I’ll miss his breakfasts.,
340,1,False,(parse failed),,json_parse_error: Expecting ':' delimiter: line 1 column 254 (char 253)
340,2,False,(parse failed),,json_parse_error: Expecting ':' delimiter: line 1 column 254 (char 253)
340,3,False,(parse failed),,json_parse_error: Expecting ':' delimiter: line 1 column 254 (char 253)
341,1,False,Room,Property was clean and modern,
341,1,False,Staff,The owners were absolutely lovely and made sure we had everything we needed!,
341,1,False,Staff,They were very friendly and helpful,
341,1,False,Location,location was good.,
341,2,False,Room,Property was clean and modern,
341,2,False,Staff,The owners were absolutely lovely and made sure we had everything we needed!,
341,2,False,Staff,They were very friendly and helpful,
341,2,False,Location,location was good.,
341,3,False,Room,Property was clean and modern,
341,3,False,Staff,The owners were absolutely lovely and made sure we had everything we needed!,
341,3,False,Staff,They were very friendly and helpful,
341,3,False,Location,location was good.,
342,1,False,Staff,they helped us in any possible way. thank you!,
342,2,False,Staff,they helped us in any possible way. thank you!,
342,3,False,Staff,they helped us in any possible way. thank you!,
343,1,False,Room,"the room was very clean, well decorated and modern, although not big.",
343,1,False,Staff,"great friendly staff, very welcoming, the owner took me personally to our room, and gave me a prime parking spot.",
343,1,False,Staff,he introduced us to his daughter who was learning the trade and she was super nice and helpful.,
343,1,False,Staff,couldn't have been more pleased,
343,2,False,Room,"the room was very clean, well decorated and modern, although not big.",
343,2,False,Staff,"great friendly staff, very welcoming, the owner took me personally to our room, and gave me a prime parking spot.",
343,2,False,Staff,he introduced us to his daughter who was learning the trade and she was super nice and helpful.,
343,2,False,Staff,couldn't have been more pleased,
343,3,False,Room,"the room was very clean, well decorated and modern, although not big.",
343,3,False,Staff,"great friendly staff, very welcoming, the owner took me personally to our room, and gave me a prime parking spot.",
343,3,False,Staff,he introduced us to his daughter who was learning the trade and she was super nice and helpful.,
343,3,False,Staff,couldn't have been more pleased,
344,1,True,Room,rooms were comfortable snd very clean,
344,1,True,Staff,staff very good and helpful,
344,1,True,Location,Great location 5 min walk to beach And amenities ,
344,1,True,Off,Notting,
344,2,True,Room,rooms were comfortable snd very clean,
344,2,True,Staff,staff very good and helpful,
344,2,True,Location,Great location 5 min walk to beach And amenities ,
344,2,True,Off,Notting,
344,3,True,Room,rooms were comfortable snd very clean,
344,3,True,Staff,staff very good and helpful,
344,3,True,Location,Great location 5 min walk to beach And amenities ,
344,3,True,Off,Notting,
345,1,False,(parse failed),,"json_parse_error: Expecting ',' delimiter: line 1 column 686 (char 685)"
345,2,False,(parse failed),,"json_parse_error: Expecting ',' delimiter: line 1 column 686 (char 685)"
345,3,False,(parse failed),,"json_parse_error: Expecting ',' delimiter: line 1 column 686 (char 685)"
346,1,False,Staff,Clean and good communication.,
346,1,False,Taxi-issue,Booked a taxi from the airport was a no show.,
346,2,False,Staff,Clean and good communication.,
346,2,False,Taxi-issue,Booked a taxi from the airport was a no show.,
346,3,False,Staff,Clean and good communication.,
346,3,False,Taxi-issue,Booked a taxi from the airport was a no show.,
347,1,False,Room,Rooms were also exceptional in their cleanliness and although compact had everything that you might need for your stay.,
347,1,False,Staff,Exceptional staff who were so friendly and keen to please.,
347,2,False,Room,Rooms were also exceptional in their cleanliness and although compact had everything that you might need for your stay.,
347,2,False,Staff,Exceptional staff who were so friendly and keen to please.,
347,3,False,Room,Rooms were also exceptional in their cleanliness and although compact had everything that you might need for your stay.,
347,3,False,Staff,Exceptional staff who were so friendly and keen to please.,
348,1,True,Room,not much parking around the property which was an apartment before being converted into this hotel,
348,1,True,Staff,"Staff and owners were very welcoming,",
348,1,True,Staff,the inside is excellent compared to the view from outside,
348,1,True,Food,breakfast was a typical Cypriot one,
348,2,True,Room,not much parking around the property which was an apartment before being converted into this hotel,
348,2,True,Staff,"Staff and owners were very welcoming,",
348,2,True,Staff,the inside is excellent compared to the view from outside,
348,2,True,Food,breakfast was a typical Cypriot one,
348,3,True,Room,not much parking around the property which was an apartment before being converted into this hotel,
348,3,True,Staff,"Staff and owners were very welcoming,",
348,3,True,Staff,the inside is excellent compared to the view from outside,
348,3,True,Food,breakfast was a typical Cypriot one,
349,1,False,(parse failed),,json_parse_error: Expecting value: line 1 column 5275 (char 5274)
349,2,False,(parse failed),,json_parse_error: Expecting value: line 1 column 5275 (char 5274)
349,3,False,(parse failed),,json_parse_error: Expecting value: line 1 column 5275 (char 5274)
350,1,True,Room,Lovely clean room,
350,1,True,Room,Comfortable bed,
350,1,True,Room,Easy parking,
350,1,True,Staff,Lovely helpful staff,
350,2,True,Room,Lovely clean room,
350,2,True,Room,Comfortable bed,
350,2,True,Room,Easy parking,
350,2,True,Staff,Lovely helpful staff,
350,3,True,Room,Lovely clean room,
350,3,True,Room,Comfortable bed,
350,3,True,Room,Easy parking,
350,3,True,Staff,Lovely helpful staff,
351,1,True,Room,"Clean, modern room, with comfy bed and great air conditioning.",
351,1,True,Room,with comfy bed and great air conditioning.,
351,1,True,Room,Fab location,
351,1,True,Location,Close to Mackenzie beach and bars.,
351,1,True,Location,Fab location,
351,2,True,Room,"Clean, modern room, with comfy bed and great air conditioning.",
351,2,True,Room,with comfy bed and great air conditioning.,
351,2,True,Room,Fab location,
351,2,True,Location,Close to Mackenzie beach and bars.,
351,2,True,Location,Fab location,
351,3,True,Room,"Clean, modern room, with comfy bed and great air conditioning.",
351,3,True,Room,with comfy bed and great air conditioning.,
351,3,True,Room,Fab location,
351,3,True,Location,Close to Mackenzie beach and bars.,
351,3,True,Location,Fab location,
352,1,False,Room,The room was spotless.,
352,1,False,Room,good beds,
352,2,False,Room,The room was spotless.,
352,2,False,Room,good beds,
352,3,False,Room,The room was spotless.,
352,3,False,Room,good beds,
353,1,True,Room,* Very clean and comfy room with balcony,
353,1,True,Room,* Simple clear contemporary decoration,
353,1,True,Room,* Near the airport,
353,1,True,Room,* Friendly staff.,
353,1,True,Staff,Friendly staff.,
353,1,True,Location,Near the airport,
353,2,True,Room,* Very clean and comfy room with balcony,
353,2,True,Room,* Simple clear contemporary decoration,
353,2,True,Room,* Near the airport,
353,2,True,Room,* Friendly staff.,
353,2,True,Staff,Friendly staff.,
353,2,True,Location,Near the airport,
353,3,True,Room,* Very clean and comfy room with balcony,
353,3,True,Room,* Simple clear contemporary decoration,
353,3,True,Room,* Near the airport,
353,3,True,Room,* Friendly staff.,
353,3,True,Staff,Friendly staff.,
353,3,True,Location,Near the airport,
354,1,False,(parse failed),,json_parse_error: Expecting property name enclosed in double quotes: line 1 column 61 (char 60)
354,2,False,(parse failed),,json_parse_error: Expecting property name enclosed in double quotes: line 1 column 61 (char 60)
354,3,False,(parse failed),,json_parse_error: Expecting property name enclosed in double quotes: line 1 column 61 (char 60)
355,1,False,Room,The room was spotless.,
355,1,False,Food,"Breakfast in the hotel was great,",
355,2,False,Room,The room was spotless.,
355,2,False,Food,"Breakfast in the hotel was great,",
355,3,False,Room,The room was spotless.,
355,3,False,Food,"Breakfast in the hotel was great,",
356,1,False,(parse failed),,json_parse_error: Expecting ':' delimiter: line 1 column 190 (char 189)
356,2,False,(parse failed),,json_parse_error: Expecting ':' delimiter: line 1 column 190 (char 189)
356,3,False,(parse failed),,json_parse_error: Expecting ':' delimiter: line 1 column 190 (char 189)
357,1,False,Room,The room was spotless.,
357,1,False,Staff,Staff is friendly,
357,2,False,Room,The room was spotless.,
357,2,False,Staff,Staff is friendly,
357,3,False,Room,The room was spotless.,
357,3,False,Staff,Staff is friendly,
358,1,False,(parse failed),,json_parse_error: Expecting ':' delimiter: line 1 column 230 (char 229)
358,2,False,(parse failed),,json_parse_error: Expecting ':' delimiter: line 1 column 230 (char 229)
358,3,False,(parse failed),,json_parse_error: Expecting ':' delimiter: line 1 column 230 (char 229)
359,1,False,Location,Good location and nice atmosphere.,
359,2,False,Location,Good location and nice atmosphere.,
359,3,False,Location,Good location and nice atmosphere.,
360,1,False,Room,"The room was very clean, well decorated and modern, although not big.",
360,1,False,Room,The room was spotless.,
360,1,False,Staff,The staff was very nice and helpful!,
360,1,False,Staff,The staff were lovely.,
360,1,False,Staff,Maria at reception is just great she really took time to explain where to go how to get there and so helpful ...,
360,1,False,Staff,"Richard the chef this guy is like the friendliest guy ever, such a nice guy with a permanent. Smile ",
360,1,False,Location,"nice location,",
360,1,False,Location,just a 5-minute walk to the beach.,
360,1,False,Location,"very convenient for the night market, which is only one street away.",
360,1,False,Location,Great location for restaurants.,
360,1,False,Location,Great location for a short drive to the airport.,
360,1,False,Location,I don't think I need to mention where I'll be staying next time I'm in Larnaka.. ,
360,1,False,Food,"Breakfast was amazing, fresh and handmade!",
360,1,False,Food,Oh yeah the food is great to and very reasonable prices ..,
360,1,False,Food,Even the cleaning lady is so friendly and so nice to talk to .,
360,1,False,Price,Oh yeah the food is great to and very reasonable prices ..,
360,1,False,Off,nothing,
360,1,False,Off,Brilliant guys ... ,
360,2,False,Room,"The room was very clean, well decorated and modern, although not big.",
360,2,False,Room,The room was spotless.,
360,2,False,Staff,The staff was very nice and helpful!,
360,2,False,Staff,The staff were lovely.,
360,2,False,Staff,Maria at reception is just great she really took time to explain where to go how to get there and so helpful ...,
360,2,False,Staff,"Richard the chef this guy is like the friendliest guy ever, such a nice guy with a permanent. Smile ",
360,2,False,Location,"nice location,",
360,2,False,Location,just a 5-minute walk to the beach.,
360,2,False,Location,"very convenient for the night market, which is only one street away.",
360,2,False,Location,Great location for restaurants.,
360,2,False,Location,Great location for a short drive to the airport.,
360,2,False,Location,I don't think I need to mention where I'll be staying next time I'm in Larnaka.. ,
360,2,False,Food,"Breakfast was amazing, fresh and handmade!",
360,2,False,Food,Oh yeah the food is great to and very reasonable prices ..,
360,2,False,Food,Even the cleaning lady is so friendly and so nice to talk to .,
360,2,False,Price,Oh yeah the food is great to and very reasonable prices ..,
360,2,False,Off,nothing,
360,2,False,Off,Brilliant guys ... ,
360,3,False,Room,"The room was very clean, well decorated and modern, although not big.",
360,3,False,Room,The room was spotless.,
360,3,False,Staff,The staff was very nice and helpful!,
360,3,False,Staff,The staff were lovely.,
360,3,False,Staff,Maria at reception is just great she really took time to explain where to go how to get there and so helpful ...,
360,3,False,Staff,"Richard the chef this guy is like the friendliest guy ever, such a nice guy with a permanent. Smile ",
360,3,False,Location,"nice location,",
360,3,False,Location,just a 5-minute walk to the beach.,
360,3,False,Location,"very convenient for the night market, which is only one street away.",
360,3,False,Location,Great location for restaurants.,
360,3,False,Location,Great location for a short drive to the airport.,
360,3,False,Location,I don't think I need to mention where I'll be staying next time I'm in Larnaka.. ,
360,3,False,Food,"Breakfast was amazing, fresh and handmade!",
360,3,False,Food,Oh yeah the food is great to and very reasonable prices ..,
360,3,False,Food,Even the cleaning lady is so friendly and so nice to talk to .,
360,3,False,Price,Oh yeah the food is great to and very reasonable prices ..,
360,3,False,Off,nothing,
360,3,False,Off,Brilliant guys ... ,
361,1,False,(parse failed),,"json_parse_error: Expecting ',' delimiter: line 1 column 1499 (char 1498)"
361,2,False,(parse failed),,"json_parse_error: Expecting ',' delimiter: line 1 column 1499 (char 1498)"
361,3,False,(parse failed),,"json_parse_error: Expecting ',' delimiter: line 1 column 1499 (char 1498)"
362,1,False,(parse failed),,"json_parse_error: Expecting ',' delimiter: line 1 column 534 (char 533)"
362,2,False,(parse failed),,"json_parse_error: Expecting ',' delimiter: line 1 column 534 (char 533)"
362,3,False,(parse failed),,"json_parse_error: Expecting ',' delimiter: line 1 column 534 (char 533)"
363,1,False,Room,not big,
363,1,False,Staff,"The staff were exceptionally attentive to ensuring that our stay was pleasent. Hospitality was great, highly recommend the hotel 😊",
363,2,False,Room,not big,
363,2,False,Staff,"The staff were exceptionally attentive to ensuring that our stay was pleasent. Hospitality was great, highly recommend the hotel 😊",
363,3,False,Room,not big,
363,3,False,Staff,"The staff were exceptionally attentive to ensuring that our stay was pleasent. Hospitality was great, highly recommend the hotel 😊",
364,1,True,Room,Loads of bars and restaurants,
364,2,True,Room,Loads of bars and restaurants,
364,3,True,Room,Loads of bars and restaurants,
365,1,False,(parse failed),,json_parse_error: Unterminated string starting at: line 1 column 5267 (char 5266)
365,2,False,(parse failed),,json_parse_error: Unterminated string starting at: line 1 column 5267 (char 5266)
365,3,False,(parse failed),,json_parse_error: Unterminated string starting at: line 1 column 5267 (char 5266)
366,1,False,(parse failed),,"json_parse_error: Expecting ',' delimiter: line 1 column 1130 (char 1129)"
366,2,False,(parse failed),,"json_parse_error: Expecting ',' delimiter: line 1 column 1130 (char 1129)"
366,3,False,(parse failed),,"json_parse_error: Expecting ',' delimiter: line 1 column 1130 (char 1129)"
367,1,False,Room,Nice bathroom.,
367,1,False,Staff,Friendly Staff.,
367,1,False,Staff,Staff were lovely.,
367,2,False,Room,Nice bathroom.,
367,2,False,Staff,Friendly Staff.,
367,2,False,Staff,Staff were lovely.,
367,3,False,Room,Nice bathroom.,
367,3,False,Staff,Friendly Staff.,
367,3,False,Staff,Staff were lovely.,
368,1,False,Room,clean,
368,1,False,Location,perfect location,
368,2,False,Room,clean,
368,2,False,Location,perfect location,
368,3,False,Room,clean,
368,3,False,Location,perfect location,
369,1,False,(parse failed),,"json_parse_error: Expecting ',' delimiter: line 1 column 747 (char 746)"
369,2,False,(parse failed),,"json_parse_error: Expecting ',' delimiter: line 1 column 747 (char 746)"
369,3,False,(parse failed),,"json_parse_error: Expecting ',' delimiter: line 1 column 747 (char 746)"
370,1,False,Room,"extremely clean,",
370,1,False,Room,"newly renovated,",
370,1,False,Room,"efficiently run,",
370,1,False,Location,good location from the airport and sea.,
370,2,False,Room,"extremely clean,",
370,2,False,Room,"newly renovated,",
370,2,False,Room,"efficiently run,",
370,2,False,Location,good location from the airport and sea.,
370,3,False,Room,"extremely clean,",
370,3,False,Room,"newly renovated,",
370,3,False,Room,"efficiently run,",
370,3,False,Location,good location from the airport and sea.,
371,1,False,Staff,People working here are the best ever,
371,2,False,Staff,People working here are the best ever,
371,3,False,Staff,People working here are the best ever,
372,1,True,Room,"Bright, cozy, looks like almost new hotel in silent part of town.",
372,2,True,Room,"Bright, cozy, looks like almost new hotel in silent part of town.",
372,3,True,Room,"Bright, cozy, looks like almost new hotel in silent part of town.",
373,1,True,Room,"Cozy, clean hotel,",
373,1,True,Room,with wonderful staff.,
373,1,True,Room,"Can also enjoy delicious breakfast, if desired.",
373,1,True,Room,"Nice place,",
373,1,True,Staff,wonderful staff.,
373,1,True,Staff,"Can also enjoy delicious breakfast, if desired.",
373,1,True,Staff,"Nice place,",
373,2,True,Room,"Cozy, clean hotel,",
373,2,True,Room,with wonderful staff.,
373,2,True,Room,"Can also enjoy delicious breakfast, if desired.",
373,2,True,Room,"Nice place,",
373,2,True,Staff,wonderful staff.,
373,2,True,Staff,"Can also enjoy delicious breakfast, if desired.",
373,2,True,Staff,"Nice place,",
373,3,True,Room,"Cozy, clean hotel,",
373,3,True,Room,with wonderful staff.,
373,3,True,Room,"Can also enjoy delicious breakfast, if desired.",
373,3,True,Room,"Nice place,",
373,3,True,Staff,wonderful staff.,
373,3,True,Staff,"Can also enjoy delicious breakfast, if desired.",
373,3,True,Staff,"Nice place,",
374,1,False,(parse failed),,"json_parse_error: Expecting ',' delimiter: line 1 column 695 (char 694)"
374,2,False,(parse failed),,"json_parse_error: Expecting ',' delimiter: line 1 column 695 (char 694)"
374,3,False,(parse failed),,"json_parse_error: Expecting ',' delimiter: line 1 column 695 (char 694)"
375,1,False,Room,the rooms are stylish and the beds very comfortable.,
375,1,False,Staff,The staff are helpful and friendly.,
375,1,False,Food,the food he creates is outstanding and delicious.,
375,1,False,Food,Even the simplest of food ie. chicken burger and salad was made to taste exceptional.,
375,1,False,Food,Whether you stay at the hotel or not you should go to their restaurant for lunch or dinner or both.,
375,1,False,Food,It will not disappoint and you will want to keep going back.,
375,1,False,Food,Richard cooks from the heart.,
375,2,False,Room,the rooms are stylish and the beds very comfortable.,
375,2,False,Staff,The staff are helpful and friendly.,
375,2,False,Food,the food he creates is outstanding and delicious.,
375,2,False,Food,Even the simplest of food ie. chicken burger and salad was made to taste exceptional.,
375,2,False,Food,Whether you stay at the hotel or not you should go to their restaurant for lunch or dinner or both.,
375,2,False,Food,It will not disappoint and you will want to keep going back.,
375,2,False,Food,Richard cooks from the heart.,
375,3,False,Room,the rooms are stylish and the beds very comfortable.,
375,3,False,Staff,The staff are helpful and friendly.,
375,3,False,Food,the food he creates is outstanding and delicious.,
375,3,False,Food,Even the simplest of food ie. chicken burger and salad was made to taste exceptional.,
375,3,False,Food,Whether you stay at the hotel or not you should go to their restaurant for lunch or dinner or both.,
375,3,False,Food,It will not disappoint and you will want to keep going back.,
375,3,False,Food,Richard cooks from the heart.,
376,1,False,(parse failed),,json_parse_error: Expecting value: line 1 column 5260 (char 5259)
376,2,False,(parse failed),,json_parse_error: Expecting value: line 1 column 5260 (char 5259)
376,3,False,(parse failed),,json_parse_error: Expecting value: line 1 column 5260 (char 5259)
377,1,True,Room,Rooms are clean.,
377,1,True,Staff,Staff very polite and helpful.,
377,1,True,Location,"Hotel is near to the beach,",
377,1,True,Location,airport and bus station.,
377,1,True,Food,Breakfast was delicious.,
377,2,True,Room,Rooms are clean.,
377,2,True,Staff,Staff very polite and helpful.,
377,2,True,Location,"Hotel is near to the beach,",
377,2,True,Location,airport and bus station.,
377,2,True,Food,Breakfast was delicious.,
377,3,True,Room,Rooms are clean.,
377,3,True,Staff,Staff very polite and helpful.,
377,3,True,Location,"Hotel is near to the beach,",
377,3,True,Location,airport and bus station.,
377,3,True,Food,Breakfast was delicious.,
378,1,False,Room,The room was very clean and comfortable.,
378,1,False,Staff,The staff was very friendly.,
378,1,False,Food,The food was delicious.,
378,2,False,Room,The room was very clean and comfortable.,
378,2,False,Staff,The staff was very friendly.,
378,2,False,Food,The food was delicious.,
378,3,False,Room,The room was very clean and comfortable.,
378,3,False,Staff,The staff was very friendly.,
378,3,False,Food,The food was delicious.,
379,1,True,Room,"Clean rooms, comfortable beds - everything was giod!",
379,1,True,Staff,were pleased by staff and got early breakfast as well as had nice evening in bar. Hotel administrator helped us with taxi.,
379,1,True,Taxi-issue,Hotel administrator helped us with taxi.,
379,2,True,Room,"Clean rooms, comfortable beds - everything was giod!",
379,2,True,Staff,were pleased by staff and got early breakfast as well as had nice evening in bar. Hotel administrator helped us with taxi.,
379,2,True,Taxi-issue,Hotel administrator helped us with taxi.,
379,3,True,Room,"Clean rooms, comfortable beds - everything was giod!",
379,3,True,Staff,were pleased by staff and got early breakfast as well as had nice evening in bar. Hotel administrator helped us with taxi.,
379,3,True,Taxi-issue,Hotel administrator helped us with taxi.,
380,1,False,(parse failed),,json_parse_error: Expecting value: line 1 column 5322 (char 5321)
380,2,False,(parse failed),,json_parse_error: Expecting value: line 1 column 5322 (char 5321)
380,3,False,(parse failed),,json_parse_error: Expecting value: line 1 column 5322 (char 5321)
381,1,False,Room,the room was clean and comfortable,
381,1,False,Staff,staff was very friendly,
381,1,False,Location,"great location,walking distance to the beach and close to the airport.",
381,2,False,Room,the room was clean and comfortable,
381,2,False,Staff,staff was very friendly,
381,2,False,Location,"great location,walking distance to the beach and close to the airport.",
381,3,False,Room,the room was clean and comfortable,
381,3,False,Staff,staff was very friendly,
381,3,False,Location,"great location,walking distance to the beach and close to the airport.",
382,1,False,Room,The room was clean.,
382,1,False,Room,The room was spotless.,
382,1,False,Staff,Maha was responsive and reachable via whatsap and was able to accommodate the needs for my stay.,
382,1,False,Location,close to the airport,
382,1,False,Location,and also allows you access to the beach at 7min walking distance.,
382,2,False,Room,The room was clean.,
382,2,False,Room,The room was spotless.,
382,2,False,Staff,Maha was responsive and reachable via whatsap and was able to accommodate the needs for my stay.,
382,2,False,Location,close to the airport,
382,2,False,Location,and also allows you access to the beach at 7min walking distance.,
382,3,False,Room,The room was clean.,
382,3,False,Room,The room was spotless.,
382,3,False,Staff,Maha was responsive and reachable via whatsap and was able to accommodate the needs for my stay.,
382,3,False,Location,close to the airport,
382,3,False,Location,and also allows you access to the beach at 7min walking distance.,
383,1,False,Staff,Very friendly and helpful staff.,
383,1,False,Staff,helpful staff,
383,1,False,Food,Good breakfast,
383,1,False,Facility,Clean facilities,
383,2,False,Staff,Very friendly and helpful staff.,
383,2,False,Staff,helpful staff,
383,2,False,Food,Good breakfast,
383,2,False,Facility,Clean facilities,
383,3,False,Staff,Very friendly and helpful staff.,
383,3,False,Staff,helpful staff,
383,3,False,Food,Good breakfast,
383,3,False,Facility,Clean facilities,
384,1,True,Room,clean,
384,1,True,Staff,staff & management are great,
384,2,True,Room,clean,
384,2,True,Staff,staff & management are great,
384,3,True,Room,clean,
384,3,True,Staff,staff & management are great,
385,1,False,(parse failed),,"json_parse_error: Expecting ',' delimiter: line 1 column 680 (char 679)"
385,2,False,(parse failed),,"json_parse_error: Expecting ',' delimiter: line 1 column 680 (char 679)"
385,3,False,(parse failed),,"json_parse_error: Expecting ',' delimiter: line 1 column 680 (char 679)"
386,1,False,Room,The rooms were completely renovated and stunning with brand new air conditioning systems that chilled the rooms within minutes (we rented a 2 bedroom suite).,
386,1,False,Staff,"Tony and Joanna were very friendly, welcoming and accommodating as was Richard at the bar/restaurant.",
386,1,False,Staff,"Coming off of a US based cruise ship, we had forgotten converters to charge our phones but Tony had multiple for us to borrow. He even had a luggage scale for us as we prepared our suitcases for our departure back home.",
386,1,False,Staff,"The owners were very friendly, welcoming and accommodating as was Richard at the bar/restaurant.",
386,1,False,Staff,He even had a luggage scale for us as we prepared our suitcases for our departure back home.,
386,1,False,Staff,"Richard at the bar/restaurant was very friendly, welcoming and accommodating.",
386,1,False,Staff,The place was spotlessly clean!,
386,2,False,Room,The rooms were completely renovated and stunning with brand new air conditioning systems that chilled the rooms within minutes (we rented a 2 bedroom suite).,
386,2,False,Staff,"Tony and Joanna were very friendly, welcoming and accommodating as was Richard at the bar/restaurant.",
386,2,False,Staff,"Coming off of a US based cruise ship, we had forgotten converters to charge our phones but Tony had multiple for us to borrow. He even had a luggage scale for us as we prepared our suitcases for our departure back home.",
386,2,False,Staff,"The owners were very friendly, welcoming and accommodating as was Richard at the bar/restaurant.",
386,2,False,Staff,He even had a luggage scale for us as we prepared our suitcases for our departure back home.,
386,2,False,Staff,"Richard at the bar/restaurant was very friendly, welcoming and accommodating.",
386,2,False,Staff,The place was spotlessly clean!,
386,3,False,Room,The rooms were completely renovated and stunning with brand new air conditioning systems that chilled the rooms within minutes (we rented a 2 bedroom suite).,
386,3,False,Staff,"Tony and Joanna were very friendly, welcoming and accommodating as was Richard at the bar/restaurant.",
386,3,False,Staff,"Coming off of a US based cruise ship, we had forgotten converters to charge our phones but Tony had multiple for us to borrow. He even had a luggage scale for us as we prepared our suitcases for our departure back home.",
386,3,False,Staff,"The owners were very friendly, welcoming and accommodating as was Richard at the bar/restaurant.",
386,3,False,Staff,He even had a luggage scale for us as we prepared our suitcases for our departure back home.,
386,3,False,Staff,"Richard at the bar/restaurant was very friendly, welcoming and accommodating.",
386,3,False,Staff,The place was spotlessly clean!,
387,1,False,Room,the rooms,
387,1,False,Staff,and the staff,
387,2,False,Room,the rooms,
387,2,False,Staff,and the staff,
387,3,False,Room,the rooms,
387,3,False,Staff,and the staff,
388,1,True,Room,Brand new fittings and furniture.,
388,1,True,Room,Very clean and quite.,
388,1,True,Staff,Very friendly and effective employees and owners.,
388,1,True,Staff,Excellent location near the airport and the beach.,
388,1,True,Staff,Nothing at all,
388,1,True,Location,Excellent location near the airport and the beach.,
388,1,True,Location,Brand new fittings and furniture.,
388,1,True,Location,Very clean and quite.,
388,2,True,Room,Brand new fittings and furniture.,
388,2,True,Room,Very clean and quite.,
388,2,True,Staff,Very friendly and effective employees and owners.,
388,2,True,Staff,Excellent location near the airport and the beach.,
388,2,True,Staff,Nothing at all,
388,2,True,Location,Excellent location near the airport and the beach.,
388,2,True,Location,Brand new fittings and furniture.,
388,2,True,Location,Very clean and quite.,
388,3,True,Room,Brand new fittings and furniture.,
388,3,True,Room,Very clean and quite.,
388,3,True,Staff,Very friendly and effective employees and owners.,
388,3,True,Staff,Excellent location near the airport and the beach.,
388,3,True,Staff,Nothing at all,
388,3,True,Location,Excellent location near the airport and the beach.,
388,3,True,Location,Brand new fittings and furniture.,
388,3,True,Location,Very clean and quite.,
389,1,False,(parse failed),,json_parse_error: Expecting property name enclosed in double quotes: line 1 column 91 (char 90)
389,2,False,(parse failed),,json_parse_error: Expecting property name enclosed in double quotes: line 1 column 91 (char 90)
389,3,False,(parse failed),,json_parse_error: Expecting property name enclosed in double quotes: line 1 column 91 (char 90)
390,1,False,Room,"The room was very clean, well decorated and modern, although not big.",
390,1,False,Staff,"The staff was very nice and helpful! The breakfast was amazing, fresh and handmade!",
390,1,False,Location,"nice location,",
390,1,False,Location,the bus stop which goes to and from the airport as well as the town center is a minutes walk away and just 2 euros,
390,1,False,Food,Breakfast was great.,
390,1,False,Off,nothing,
390,2,False,Room,"The room was very clean, well decorated and modern, although not big.",
390,2,False,Staff,"The staff was very nice and helpful! The breakfast was amazing, fresh and handmade!",
390,2,False,Location,"nice location,",
390,2,False,Location,the bus stop which goes to and from the airport as well as the town center is a minutes walk away and just 2 euros,
390,2,False,Food,Breakfast was great.,
390,2,False,Off,nothing,
390,3,False,Room,"The room was very clean, well decorated and modern, although not big.",
390,3,False,Staff,"The staff was very nice and helpful! The breakfast was amazing, fresh and handmade!",
390,3,False,Location,"nice location,",
390,3,False,Location,the bus stop which goes to and from the airport as well as the town center is a minutes walk away and just 2 euros,
390,3,False,Food,Breakfast was great.,
390,3,False,Off,nothing,
391,1,False,(parse failed),,"json_parse_error: Expecting ',' delimiter: line 1 column 1605 (char 1604)"
391,2,False,(parse failed),,"json_parse_error: Expecting ',' delimiter: line 1 column 1605 (char 1604)"
391,3,False,(parse failed),,"json_parse_error: Expecting ',' delimiter: line 1 column 1605 (char 1604)"
392,1,False,(parse failed),,json_parse_error: Expecting property name enclosed in double quotes: line 1 column 89 (char 88)
392,2,False,(parse failed),,json_parse_error: Expecting property name enclosed in double quotes: line 1 column 89 (char 88)
392,3,False,(parse failed),,json_parse_error: Expecting property name enclosed in double quotes: line 1 column 89 (char 88)
393,1,True,Room,"Very clean & modern,",
393,1,True,Staff,good customer service,
393,1,True,Location,and restaurant/bar very reasonably priced and quality,
393,2,True,Room,"Very clean & modern,",
393,2,True,Staff,good customer service,
393,2,True,Location,and restaurant/bar very reasonably priced and quality,
393,3,True,Room,"Very clean & modern,",
393,3,True,Staff,good customer service,
393,3,True,Location,and restaurant/bar very reasonably priced and quality,
394,1,False,Room,"Rooms very clean, good quality bed linen and towels, A/C, flat screen tv.",
394,1,False,Staff,"Check in was quick and easy by polite, friendly hotel managers.",
394,1,False,Staff,Great service by Richard (bar manager).,
394,1,False,Location,"Located 7 minutes walk from beach, restaurants and supermarket.",
394,1,False,Location,Airport 10 mins by taxi.,
394,1,False,Location,Larnaca centre 10 mins by bus or about 30 mins walking.,
394,2,False,Room,"Rooms very clean, good quality bed linen and towels, A/C, flat screen tv.",
394,2,False,Staff,"Check in was quick and easy by polite, friendly hotel managers.",
394,2,False,Staff,Great service by Richard (bar manager).,
394,2,False,Location,"Located 7 minutes walk from beach, restaurants and supermarket.",
394,2,False,Location,Airport 10 mins by taxi.,
394,2,False,Location,Larnaca centre 10 mins by bus or about 30 mins walking.,
394,3,False,Room,"Rooms very clean, good quality bed linen and towels, A/C, flat screen tv.",
394,3,False,Staff,"Check in was quick and easy by polite, friendly hotel managers.",
394,3,False,Staff,Great service by Richard (bar manager).,
394,3,False,Location,"Located 7 minutes walk from beach, restaurants and supermarket.",
394,3,False,Location,Airport 10 mins by taxi.,
394,3,False,Location,Larnaca centre 10 mins by bus or about 30 mins walking.,
395,1,False,(no spans found),,Room: text span not found verbatim in review_text; Staff: text span not found verbatim in review_text; Location: text span not found verbatim in review_text
395,2,False,(no spans found),,Room: text span not found verbatim in review_text; Staff: text span not found verbatim in review_text; Location: text span not found verbatim in review_text
395,3,False,(no spans found),,Room: text span not found verbatim in review_text; Staff: text span not found verbatim in review_text; Location: text span not found verbatim in review_text
396,1,False,Room,"nice renovated rooms,",
396,1,False,Room,very clean,
396,1,False,Staff,staff was fantastic,
396,1,False,Price,price was great,
396,2,False,Room,"nice renovated rooms,",
396,2,False,Room,very clean,
396,2,False,Staff,staff was fantastic,
396,2,False,Price,price was great,
396,3,False,Room,"nice renovated rooms,",
396,3,False,Room,very clean,
396,3,False,Staff,staff was fantastic,
396,3,False,Price,price was great,
397,1,False,Room,The room was clean and comfortable.,
397,1,False,Staff,The staff were very helpful and friendly.,
397,1,False,Location,"The hotel is located in a quiet area, close to the beach.",
397,2,False,Room,The room was clean and comfortable.,
397,2,False,Staff,The staff were very helpful and friendly.,
397,2,False,Location,"The hotel is located in a quiet area, close to the beach.",
397,3,False,Room,The room was clean and comfortable.,
397,3,False,Staff,The staff were very helpful and friendly.,
397,3,False,Location,"The hotel is located in a quiet area, close to the beach.",
398,1,False,(parse failed),,"json_parse_error: Expecting ',' delimiter: line 1 column 757 (char 756)"
398,2,False,(parse failed),,"json_parse_error: Expecting ',' delimiter: line 1 column 757 (char 756)"
398,3,False,(parse failed),,"json_parse_error: Expecting ',' delimiter: line 1 column 757 (char 756)"
399,1,True,Room,the room was clean and ready by 12 to check in.,
399,1,True,Staff,Amazing staff. I met the owners at the reception,
399,1,True,Check-in,check in,
399,2,True,Room,the room was clean and ready by 12 to check in.,
399,2,True,Staff,Amazing staff. I met the owners at the reception,
399,2,True,Check-in,check in,
399,3,True,Room,the room was clean and ready by 12 to check in.,
399,3,True,Staff,Amazing staff. I met the owners at the reception,
399,3,True,Check-in,check in,
400,1,False,(parse failed),,json_parse_error: Unterminated string starting at: line 1 column 5253 (char 5252)
400,2,False,(parse failed),,json_parse_error: Unterminated string starting at: line 1 column 5253 (char 5252)
400,3,False,(parse failed),,json_parse_error: Unterminated string starting at: line 1 column 5253 (char 5252)
401,1,False,Room,The room was fresh and clean.,
401,1,False,Room,The room was spotless.,
401,1,False,Staff,Friendly staff.,
401,1,False,Staff,Staff were lovely.,
401,1,False,Location,Great location for restaurants.,
401,1,False,Location,Great location for a short drive to the airport.,
401,2,False,Room,The room was fresh and clean.,
401,2,False,Room,The room was spotless.,
401,2,False,Staff,Friendly staff.,
401,2,False,Staff,Staff were lovely.,
401,2,False,Location,Great location for restaurants.,
401,2,False,Location,Great location for a short drive to the airport.,
401,3,False,Room,The room was fresh and clean.,
401,3,False,Room,The room was spotless.,
401,3,False,Staff,Friendly staff.,
401,3,False,Staff,Staff were lovely.,
401,3,False,Location,Great location for restaurants.,
401,3,False,Location,Great location for a short drive to the airport.,
402,1,False,(parse failed),,json_parse_error: Unterminated string starting at: line 1 column 5263 (char 5262)
402,2,False,(parse failed),,json_parse_error: Unterminated string starting at: line 1 column 5263 (char 5262)
402,3,False,(parse failed),,json_parse_error: Unterminated string starting at: line 1 column 5263 (char 5262)
403,1,False,Staff,"Very good team
  Good hospitality
  Good food
  Smiling and willing people.",
403,1,False,Food,Good food,
403,2,False,Staff,"Very good team
  Good hospitality
  Good food
  Smiling and willing people.",
403,2,False,Food,Good food,
403,3,False,Staff,"Very good team
  Good hospitality
  Good food
  Smiling and willing people.",
403,3,False,Food,Good food,
404,1,False,Room,a bit small,
404,2,False,Room,a bit small,
404,3,False,Room,a bit small,
405,1,False,Room,The rooms are brand new very good bedding!,
405,1,False,Room,The room was spotless.,
405,1,False,Staff,Richard the chef of the hotel! He makes you feel like you know each other years before..!he is kind polite ready to help you with whatever you want to eat and drink!,
405,1,False,Staff,He is kind polite ready to help you with whatever you want to eat and drink!,
405,1,False,Off,Nothing!,
405,2,False,Room,The rooms are brand new very good bedding!,
405,2,False,Room,The room was spotless.,
405,2,False,Staff,Richard the chef of the hotel! He makes you feel like you know each other years before..!he is kind polite ready to help you with whatever you want to eat and drink!,
405,2,False,Staff,He is kind polite ready to help you with whatever you want to eat and drink!,
405,2,False,Off,Nothing!,
405,3,False,Room,The rooms are brand new very good bedding!,
405,3,False,Room,The room was spotless.,
405,3,False,Staff,Richard the chef of the hotel! He makes you feel like you know each other years before..!he is kind polite ready to help you with whatever you want to eat and drink!,
405,3,False,Staff,He is kind polite ready to help you with whatever you want to eat and drink!,
405,3,False,Off,Nothing!,
406,1,False,(parse failed),,"json_parse_error: Expecting ',' delimiter: line 1 column 404 (char 403)"
406,2,False,(parse failed),,"json_parse_error: Expecting ',' delimiter: line 1 column 404 (char 403)"
406,3,False,(parse failed),,"json_parse_error: Expecting ',' delimiter: line 1 column 404 (char 403)"
407,1,False,Room,nice modern bedroom,
407,1,False,Location,hotel great location,
407,1,False,Food,nice greek breakfast,
407,2,False,Room,nice modern bedroom,
407,2,False,Location,hotel great location,
407,2,False,Food,nice greek breakfast,
407,3,False,Room,nice modern bedroom,
407,3,False,Location,hotel great location,
407,3,False,Food,nice greek breakfast,
408,1,False,Room,The room was spotless.,
408,1,False,Staff,A wonderful place run by wonderful people!,
408,2,False,Room,The room was spotless.,
408,2,False,Staff,A wonderful place run by wonderful people!,
408,3,False,Room,The room was spotless.,
408,3,False,Staff,A wonderful place run by wonderful people!,
409,1,False,Room,rooms were to a very high standard and clean.,
409,1,False,Staff,"the staff, they have been helpful, kind and professional.",
409,1,False,Food,delicious food,
409,2,False,Room,rooms were to a very high standard and clean.,
409,2,False,Staff,"the staff, they have been helpful, kind and professional.",
409,2,False,Food,delicious food,
409,3,False,Room,rooms were to a very high standard and clean.,
409,3,False,Staff,"the staff, they have been helpful, kind and professional.",
409,3,False,Food,delicious food,
410,1,False,(parse failed),,"json_parse_error: Expecting ',' delimiter: line 1 column 2134 (char 2133)"
410,2,False,(parse failed),,"json_parse_error: Expecting ',' delimiter: line 1 column 2134 (char 2133)"
410,3,False,(parse failed),,"json_parse_error: Expecting ',' delimiter: line 1 column 2134 (char 2133)"
411,1,False,(parse failed),,"json_parse_error: Expecting ',' delimiter: line 1 column 1337 (char 1336)"
411,2,False,(parse failed),,"json_parse_error: Expecting ',' delimiter: line 1 column 1337 (char 1336)"
411,3,False,(parse failed),,"json_parse_error: Expecting ',' delimiter: line 1 column 1337 (char 1336)"
412,1,False,Room,The room was spotless.,
412,2,False,Room,The room was spotless.,
412,3,False,Room,The room was spotless.,
413,1,False,Room,the bed,
413,1,False,Staff,the customer service,
413,2,False,Room,the bed,
413,2,False,Staff,the customer service,
413,3,False,Room,the bed,
413,3,False,Staff,the customer service,
414,1,True,Room,very clean and modern rooms,
414,1,True,Staff,Great staff,
414,2,True,Room,very clean and modern rooms,
414,2,True,Staff,Great staff,
414,3,True,Room,very clean and modern rooms,
414,3,True,Staff,Great staff,
415,1,False,Room,the hotel and room were super clean.,
415,1,False,Room,The room was spotless.,
415,1,False,Staff,The staff were really welcoming.,
415,1,False,Staff,Staff were lovely.,
415,1,False,Location,"Walking distance from the Mackenzie beach,",
415,1,False,Location,beach lounges and restaurants..,
415,1,False,Location,the hotel and room were super clean.,
415,1,False,Location,beach lounges and restaurants.,
415,1,False,Location,Would definitely book again upon my next visitz,
415,1,False,Food,breakfast was awesome.,
415,1,False,Food,The breakfast was great.,
415,2,False,Room,the hotel and room were super clean.,
415,2,False,Room,The room was spotless.,
415,2,False,Staff,The staff were really welcoming.,
415,2,False,Staff,Staff were lovely.,
415,2,False,Location,"Walking distance from the Mackenzie beach,",
415,2,False,Location,beach lounges and restaurants..,
415,2,False,Location,the hotel and room were super clean.,
415,2,False,Location,beach lounges and restaurants.,
415,2,False,Location,Would definitely book again upon my next visitz,
415,2,False,Food,breakfast was awesome.,
415,2,False,Food,The breakfast was great.,
415,3,False,Room,the hotel and room were super clean.,
415,3,False,Room,The room was spotless.,
415,3,False,Staff,The staff were really welcoming.,
415,3,False,Staff,Staff were lovely.,
415,3,False,Location,"Walking distance from the Mackenzie beach,",
415,3,False,Location,beach lounges and restaurants..,
415,3,False,Location,the hotel and room were super clean.,
415,3,False,Location,beach lounges and restaurants.,
415,3,False,Location,Would definitely book again upon my next visitz,
415,3,False,Food,breakfast was awesome.,
415,3,False,Food,The breakfast was great.,
416,1,False,Room,quiet place!,
416,1,False,Staff,The staff and hosts were great!,
416,1,False,Staff,great!,
416,1,False,Staff,Pet friendly!,
416,1,False,Price,Value for money!,
416,2,False,Room,quiet place!,
416,2,False,Staff,The staff and hosts were great!,
416,2,False,Staff,great!,
416,2,False,Staff,Pet friendly!,
416,2,False,Price,Value for money!,
416,3,False,Room,quiet place!,
416,3,False,Staff,The staff and hosts were great!,
416,3,False,Staff,great!,
416,3,False,Staff,Pet friendly!,
416,3,False,Price,Value for money!,
417,1,True,Room,"Clean, fresh rooms with all you need for overnight stay.",
417,1,True,Staff,Very friendly staff.,
417,1,True,Location,Close to airport - just 7-10 min by taxi (15€).,
417,1,True,Price,15€,
417,2,True,Room,"Clean, fresh rooms with all you need for overnight stay.",
417,2,True,Staff,Very friendly staff.,
417,2,True,Location,Close to airport - just 7-10 min by taxi (15€).,
417,2,True,Price,15€,
417,3,True,Room,"Clean, fresh rooms with all you need for overnight stay.",
417,3,True,Staff,Very friendly staff.,
417,3,True,Location,Close to airport - just 7-10 min by taxi (15€).,
417,3,True,Price,15€,
418,1,False,(parse failed),,"json_parse_error: Expecting ',' delimiter: line 1 column 621 (char 620)"
418,2,False,(parse failed),,"json_parse_error: Expecting ',' delimiter: line 1 column 621 (char 620)"
418,3,False,(parse failed),,"json_parse_error: Expecting ',' delimiter: line 1 column 621 (char 620)"
419,1,True,Room,comfortable rooms,
419,1,True,Staff,Very friendly and helpful staff,
419,1,True,Location,great location,
419,2,True,Room,comfortable rooms,
419,2,True,Staff,Very friendly and helpful staff,
419,2,True,Location,great location,
419,3,True,Room,comfortable rooms,
419,3,True,Staff,Very friendly and helpful staff,
419,3,True,Location,great location,
420,1,False,Room,The room was small and the bed was hard.,
420,2,False,Room,The room was small and the bed was hard.,
420,3,False,Room,The room was small and the bed was hard.,
421,1,False,(parse failed),,"json_parse_error: Expecting ',' delimiter: line 1 column 606 (char 605)"
421,2,False,(parse failed),,"json_parse_error: Expecting ',' delimiter: line 1 column 606 (char 605)"
421,3,False,(parse failed),,"json_parse_error: Expecting ',' delimiter: line 1 column 606 (char 605)"
422,1,False,(parse failed),,json_parse_error: Expecting ':' delimiter: line 1 column 239 (char 238)
422,2,False,(parse failed),,json_parse_error: Expecting ':' delimiter: line 1 column 239 (char 238)
422,3,False,(parse failed),,json_parse_error: Expecting ':' delimiter: line 1 column 239 (char 238)
423,1,False,Room,rooms are so clean and comfortable,
423,1,False,Staff,Staff was amazing and very welcoming,
423,1,False,Price,very affordable price,
423,2,False,Room,rooms are so clean and comfortable,
423,2,False,Staff,Staff was amazing and very welcoming,
423,2,False,Price,very affordable price,
423,3,False,Room,rooms are so clean and comfortable,
423,3,False,Staff,Staff was amazing and very welcoming,
423,3,False,Price,very affordable price,
424,1,True,Room,Family room that fits a family of five.,
424,1,True,Staff,super friendly staff.,
424,1,True,Location,Close to jogging trails along the lake and close to the airport.,
424,1,True,Food,Fantastic breakfast.,
424,2,True,Room,Family room that fits a family of five.,
424,2,True,Staff,super friendly staff.,
424,2,True,Location,Close to jogging trails along the lake and close to the airport.,
424,2,True,Food,Fantastic breakfast.,
424,3,True,Room,Family room that fits a family of five.,
424,3,True,Staff,super friendly staff.,
424,3,True,Location,Close to jogging trails along the lake and close to the airport.,
424,3,True,Food,Fantastic breakfast.,
425,1,False,(parse failed),,"json_parse_error: Expecting ',' delimiter: line 1 column 787 (char 786)"
425,2,False,(parse failed),,"json_parse_error: Expecting ',' delimiter: line 1 column 787 (char 786)"
425,3,False,(parse failed),,"json_parse_error: Expecting ',' delimiter: line 1 column 787 (char 786)"
426,1,True,Room,comfortable bed,
426,1,True,Room,lovely soft duvet and pillows.,
426,1,True,Room,good shower,
426,2,True,Room,comfortable bed,
426,2,True,Room,lovely soft duvet and pillows.,
426,2,True,Room,good shower,
426,3,True,Room,comfortable bed,
426,3,True,Room,lovely soft duvet and pillows.,
426,3,True,Room,good shower,
427,1,True,Room,spotlessly clean,
427,1,True,Staff,the staff were so helpful.,
427,1,True,Location,it was not on the beach front,
427,2,True,Room,spotlessly clean,
427,2,True,Staff,the staff were so helpful.,
427,2,True,Location,it was not on the beach front,
427,3,True,Room,spotlessly clean,
427,3,True,Staff,the staff were so helpful.,
427,3,True,Location,it was not on the beach front,
428,1,True,Room,very clean,
428,2,True,Room,very clean,
428,3,True,Room,very clean,
429,1,True,Room,Bed was very soft and uncomfortable for me.,
429,1,True,Room,Parking was very limited.,
429,1,True,Location,Quiet location.,
429,2,True,Room,Bed was very soft and uncomfortable for me.,
429,2,True,Room,Parking was very limited.,
429,2,True,Location,Quiet location.,
429,3,True,Room,Bed was very soft and uncomfortable for me.,
429,3,True,Room,Parking was very limited.,
429,3,True,Location,Quiet location.,
430,1,False,(parse failed),,json_parse_error: Expecting property name enclosed in double quotes: line 1 column 97 (char 96)
430,2,False,(parse failed),,json_parse_error: Expecting property name enclosed in double quotes: line 1 column 97 (char 96)
430,3,False,(parse failed),,json_parse_error: Expecting property name enclosed in double quotes: line 1 column 97 (char 96)
431,1,False,Room,The room was large and had a nice balcony.,
431,1,False,Room,The room was spotless.,
431,1,False,Staff,The staff were friendly and helpful,
431,1,False,Location,The bus stop into town was around the corner.,
431,1,False,Location,There was nothing close by for a mini Mart.,
431,1,False,Location,The restaurant was decent.,
431,1,False,Off,Not applicable,
431,2,False,Room,The room was large and had a nice balcony.,
431,2,False,Room,The room was spotless.,
431,2,False,Staff,The staff were friendly and helpful,
431,2,False,Location,The bus stop into town was around the corner.,
431,2,False,Location,There was nothing close by for a mini Mart.,
431,2,False,Location,The restaurant was decent.,
431,2,False,Off,Not applicable,
431,3,False,Room,The room was large and had a nice balcony.,
431,3,False,Room,The room was spotless.,
431,3,False,Staff,The staff were friendly and helpful,
431,3,False,Location,The bus stop into town was around the corner.,
431,3,False,Location,There was nothing close by for a mini Mart.,
431,3,False,Location,The restaurant was decent.,
431,3,False,Off,Not applicable,
432,1,True,Room,Clean and comfortable.,
432,1,True,Room,Cute balconies.,
432,1,True,Room,Short walk to Mckenzie beach.,
432,1,True,Off,Street parking.,
432,2,True,Room,Clean and comfortable.,
432,2,True,Room,Cute balconies.,
432,2,True,Room,Short walk to Mckenzie beach.,
432,2,True,Off,Street parking.,
432,3,True,Room,Clean and comfortable.,
432,3,True,Room,Cute balconies.,
432,3,True,Room,Short walk to Mckenzie beach.,
432,3,True,Off,Street parking.,
433,1,True,Room,the size of the room an the bed,
433,1,True,Staff,I really liked how polite and friendly the staff was,
433,2,True,Room,the size of the room an the bed,
433,2,True,Staff,I really liked how polite and friendly the staff was,
433,3,True,Room,the size of the room an the bed,
433,3,True,Staff,I really liked how polite and friendly the staff was,
434,1,False,Room,The room was spotless.,
434,1,False,Staff,Not applicable,
434,1,False,Location,Near to the airport,
434,1,False,Off,Not applicable,
434,2,False,Room,The room was spotless.,
434,2,False,Staff,Not applicable,
434,2,False,Location,Near to the airport,
434,2,False,Off,Not applicable,
434,3,False,Room,The room was spotless.,
434,3,False,Staff,Not applicable,
434,3,False,Location,Near to the airport,
434,3,False,Off,Not applicable,
435,1,False,Location,close to the airports.,
435,2,False,Location,close to the airports.,
435,3,False,Location,close to the airports.,
436,1,False,(parse failed),,"json_parse_error: Expecting ',' delimiter: line 1 column 519 (char 518)"
436,2,False,(parse failed),,"json_parse_error: Expecting ',' delimiter: line 1 column 519 (char 518)"
436,3,False,(parse failed),,"json_parse_error: Expecting ',' delimiter: line 1 column 519 (char 518)"
437,1,False,(parse failed),,"json_parse_error: Expecting ',' delimiter: line 1 column 586 (char 585)"
437,2,False,(parse failed),,"json_parse_error: Expecting ',' delimiter: line 1 column 586 (char 585)"
437,3,False,(parse failed),,"json_parse_error: Expecting ',' delimiter: line 1 column 586 (char 585)"
438,1,True,Room,Very spacious and clean room.,
438,1,True,Room,The duvet was for the winter and even with 23 degrees Celsius on the a/c it was unbearable!,
438,1,True,Room,No simple sheets on the bed either...,
438,1,True,Room,Our only other choice was to close the a/c an go without covers but we could not open the windows because it was very very noisy.,
438,1,True,Room,Also the windows had no soundproofing whatsoever because the noise was too much!!,
438,1,True,Room,We gave the duvet a chance up to 3 am and then got up and opened the windows when the noise went down. We had to leave to catch a flight at 5am... Not a good night's sleep!!!,
438,1,True,Room,Also the room had a hair dryer and a kettle that we could not use because the plugs did not fit the sockets and the hotel didn't provide adaptors... So no use of that service in the room either!,
438,2,True,Room,Very spacious and clean room.,
438,2,True,Room,The duvet was for the winter and even with 23 degrees Celsius on the a/c it was unbearable!,
438,2,True,Room,No simple sheets on the bed either...,
438,2,True,Room,Our only other choice was to close the a/c an go without covers but we could not open the windows because it was very very noisy.,
438,2,True,Room,Also the windows had no soundproofing whatsoever because the noise was too much!!,
438,2,True,Room,We gave the duvet a chance up to 3 am and then got up and opened the windows when the noise went down. We had to leave to catch a flight at 5am... Not a good night's sleep!!!,
438,2,True,Room,Also the room had a hair dryer and a kettle that we could not use because the plugs did not fit the sockets and the hotel didn't provide adaptors... So no use of that service in the room either!,
438,3,True,Room,Very spacious and clean room.,
438,3,True,Room,The duvet was for the winter and even with 23 degrees Celsius on the a/c it was unbearable!,
438,3,True,Room,No simple sheets on the bed either...,
438,3,True,Room,Our only other choice was to close the a/c an go without covers but we could not open the windows because it was very very noisy.,
438,3,True,Room,Also the windows had no soundproofing whatsoever because the noise was too much!!,
438,3,True,Room,We gave the duvet a chance up to 3 am and then got up and opened the windows when the noise went down. We had to leave to catch a flight at 5am... Not a good night's sleep!!!,
438,3,True,Room,Also the room had a hair dryer and a kettle that we could not use because the plugs did not fit the sockets and the hotel didn't provide adaptors... So no use of that service in the room either!,
439,1,False,Room,room quite small.,
439,1,False,Location,Usefully located hotel in between city centre and airport.,
439,2,False,Room,room quite small.,
439,2,False,Location,Usefully located hotel in between city centre and airport.,
439,3,False,Room,room quite small.,
439,3,False,Location,Usefully located hotel in between city centre and airport.,
440,1,False,(parse failed),,json_parse_error: Expecting property name enclosed in double quotes: line 1 column 150 (char 149)
440,2,False,(parse failed),,json_parse_error: Expecting property name enclosed in double quotes: line 1 column 150 (char 149)
440,3,False,(parse failed),,json_parse_error: Expecting property name enclosed in double quotes: line 1 column 150 (char 149)
441,1,True,Room,the room was PERFECT.,
441,1,True,Room,the room was PERFECT,
441,1,True,Location,"bit far from the center,",
441,1,True,Location,but very quite Area around.,
441,1,True,Food,"Break fast was PERFECT,",
441,2,True,Room,the room was PERFECT.,
441,2,True,Room,the room was PERFECT,
441,2,True,Location,"bit far from the center,",
441,2,True,Location,but very quite Area around.,
441,2,True,Food,"Break fast was PERFECT,",
441,3,True,Room,the room was PERFECT.,
441,3,True,Room,the room was PERFECT,
441,3,True,Location,"bit far from the center,",
441,3,True,Location,but very quite Area around.,
441,3,True,Food,"Break fast was PERFECT,",
442,1,True,Room,The hotel hadn’t yet opened up for the season.,
442,1,True,Room,It was a little hard to find.,
442,1,True,Food,Breakfast was very filling. It was located on the table in front of us (funny question).,
442,2,True,Room,The hotel hadn’t yet opened up for the season.,
442,2,True,Room,It was a little hard to find.,
442,2,True,Food,Breakfast was very filling. It was located on the table in front of us (funny question).,
442,3,True,Room,The hotel hadn’t yet opened up for the season.,
442,3,True,Room,It was a little hard to find.,
442,3,True,Food,Breakfast was very filling. It was located on the table in front of us (funny question).,
443,1,True,Room,clean room,
443,1,True,Staff,friendly staff,
443,1,True,Off,"off season, so no bar / restaurant/ pool, which was not clear on booking.",
443,2,True,Room,clean room,
443,2,True,Staff,friendly staff,
443,2,True,Off,"off season, so no bar / restaurant/ pool, which was not clear on booking.",
443,3,True,Room,clean room,
443,3,True,Staff,friendly staff,
443,3,True,Off,"off season, so no bar / restaurant/ pool, which was not clear on booking.",
444,1,False,Room,nice and very clean.,
444,1,False,Room,that they couldn’t wait for 15min as i had just fractured my ankle and need to change my bandage,
444,1,False,Room,so i left without changing my bandage and had to do it outside on the street.,
444,1,False,Off,that they couldn’t wait for 15min as i had just fractured my ankle and need to change my bandage,
444,1,False,Off,so i left without changing my bandage and had to do it outside on the street.,
444,2,False,Room,nice and very clean.,
444,2,False,Room,that they couldn’t wait for 15min as i had just fractured my ankle and need to change my bandage,
444,2,False,Room,so i left without changing my bandage and had to do it outside on the street.,
444,2,False,Off,that they couldn’t wait for 15min as i had just fractured my ankle and need to change my bandage,
444,2,False,Off,so i left without changing my bandage and had to do it outside on the street.,
444,3,False,Room,nice and very clean.,
444,3,False,Room,that they couldn’t wait for 15min as i had just fractured my ankle and need to change my bandage,
444,3,False,Room,so i left without changing my bandage and had to do it outside on the street.,
444,3,False,Off,that they couldn’t wait for 15min as i had just fractured my ankle and need to change my bandage,
444,3,False,Off,so i left without changing my bandage and had to do it outside on the street.,
445,1,False,Room,nice clean little,
445,1,False,Food,Breakfast was below average.,
445,2,False,Room,nice clean little,
445,2,False,Food,Breakfast was below average.,
445,3,False,Room,nice clean little,
445,3,False,Food,Breakfast was below average.,
446,1,False,Room,the room was small and not very clean,
446,1,False,Location,"Location very good, didn't have breakfast but the evening meal was poor as it isn't really a bar or a restaurant.",
446,2,False,Room,the room was small and not very clean,
446,2,False,Location,"Location very good, didn't have breakfast but the evening meal was poor as it isn't really a bar or a restaurant.",
446,3,False,Room,the room was small and not very clean,
446,3,False,Location,"Location very good, didn't have breakfast but the evening meal was poor as it isn't really a bar or a restaurant.",
447,1,False,Room,The bed was super comfy,
447,1,False,Staff,the staff were lovely,
447,2,False,Room,The bed was super comfy,
447,2,False,Staff,the staff were lovely,
447,3,False,Room,The bed was super comfy,
447,3,False,Staff,the staff were lovely,
448,1,False,Room,Clean room.,
448,1,False,Room,The room was excellent,
448,1,False,Staff,Staff was excellent,
448,1,False,Location,Good location for makenzie beach.,
448,1,False,Location,Good location for restaurants.,
448,1,False,Location,Good location for a short drive to the airport.,
448,1,False,Location,makenzie beach,
448,2,False,Room,Clean room.,
448,2,False,Room,The room was excellent,
448,2,False,Staff,Staff was excellent,
448,2,False,Location,Good location for makenzie beach.,
448,2,False,Location,Good location for restaurants.,
448,2,False,Location,Good location for a short drive to the airport.,
448,2,False,Location,makenzie beach,
448,3,False,Room,Clean room.,
448,3,False,Room,The room was excellent,
448,3,False,Staff,Staff was excellent,
448,3,False,Location,Good location for makenzie beach.,
448,3,False,Location,Good location for restaurants.,
448,3,False,Location,Good location for a short drive to the airport.,
448,3,False,Location,makenzie beach,
449,1,True,Location,Close to the airport,
449,1,True,Taxi-issue,Very frustrating that the host didnt inform us that his taxi had a double Booking instead of ordening another for us.,
449,2,True,Location,Close to the airport,
449,2,True,Taxi-issue,Very frustrating that the host didnt inform us that his taxi had a double Booking instead of ordening another for us.,
449,3,True,Location,Close to the airport,
449,3,True,Taxi-issue,Very frustrating that the host didnt inform us that his taxi had a double Booking instead of ordening another for us.,
450,1,False,(parse failed),,json_parse_error: Expecting property name enclosed in double quotes: line 1 column 97 (char 96)
450,2,False,(parse failed),,json_parse_error: Expecting property name enclosed in double quotes: line 1 column 97 (char 96)
450,3,False,(parse failed),,json_parse_error: Expecting property name enclosed in double quotes: line 1 column 97 (char 96)
451,1,False,(parse failed),,"json_parse_error: Expecting ',' delimiter: line 1 column 731 (char 730)"
451,2,False,(parse failed),,"json_parse_error: Expecting ',' delimiter: line 1 column 731 (char 730)"
451,3,False,(parse failed),,"json_parse_error: Expecting ',' delimiter: line 1 column 731 (char 730)"
452,1,False,(parse failed),,"json_parse_error: Expecting ',' delimiter: line 1 column 1627 (char 1626)"
452,2,False,(parse failed),,"json_parse_error: Expecting ',' delimiter: line 1 column 1627 (char 1626)"
452,3,False,(parse failed),,"json_parse_error: Expecting ',' delimiter: line 1 column 1627 (char 1626)"
453,1,True,Room,close to mackenzie beach,
453,2,True,Room,close to mackenzie beach,
453,3,True,Room,close to mackenzie beach,
454,1,True,Off,Very noisy neighborhood,
454,2,True,Off,Very noisy neighborhood,
454,3,True,Off,Very noisy neighborhood,
455,1,False,(parse failed),,"json_parse_error: Expecting ',' delimiter: line 1 column 5269 (char 5268)"
455,2,False,(parse failed),,"json_parse_error: Expecting ',' delimiter: line 1 column 5269 (char 5268)"
455,3,False,(parse failed),,"json_parse_error: Expecting ',' delimiter: line 1 column 5269 (char 5268)"
456,1,False,Room,Location is good and rooms are very well maintained.,
456,1,False,Room,"Convenient by taxi to city Center,airport and beach.",
456,1,False,Room,The room was spotless.,
456,1,False,Room,Mrs Tony does a fabulous job keeping the place spotless and making the guests comfortable.,
456,1,False,Room,The helps are amazing too.,
456,1,False,Room,Thanks to all at the hotel who work hard to keep it in good condition.,
456,1,False,Location,Location is good and rooms are very well maintained.,
456,1,False,Location,"Convenient by taxi to city Center,airport and beach.",
456,1,False,Location,Great location for restaurants.,
456,1,False,Location,Great location for a short drive to the airport.,
456,1,False,Location,Peaceful and good for couples and backpackers.,
456,1,False,Food,The sandwiches and hummus by the chef were delicious.,
456,2,False,Room,Location is good and rooms are very well maintained.,
456,2,False,Room,"Convenient by taxi to city Center,airport and beach.",
456,2,False,Room,The room was spotless.,
456,2,False,Room,Mrs Tony does a fabulous job keeping the place spotless and making the guests comfortable.,
456,2,False,Room,The helps are amazing too.,
456,2,False,Room,Thanks to all at the hotel who work hard to keep it in good condition.,
456,2,False,Location,Location is good and rooms are very well maintained.,
456,2,False,Location,"Convenient by taxi to city Center,airport and beach.",
456,2,False,Location,Great location for restaurants.,
456,2,False,Location,Great location for a short drive to the airport.,
456,2,False,Location,Peaceful and good for couples and backpackers.,
456,2,False,Food,The sandwiches and hummus by the chef were delicious.,
456,3,False,Room,Location is good and rooms are very well maintained.,
456,3,False,Room,"Convenient by taxi to city Center,airport and beach.",
456,3,False,Room,The room was spotless.,
456,3,False,Room,Mrs Tony does a fabulous job keeping the place spotless and making the guests comfortable.,
456,3,False,Room,The helps are amazing too.,
456,3,False,Room,Thanks to all at the hotel who work hard to keep it in good condition.,
456,3,False,Location,Location is good and rooms are very well maintained.,
456,3,False,Location,"Convenient by taxi to city Center,airport and beach.",
456,3,False,Location,Great location for restaurants.,
456,3,False,Location,Great location for a short drive to the airport.,
456,3,False,Location,Peaceful and good for couples and backpackers.,
456,3,False,Food,The sandwiches and hummus by the chef were delicious.,
457,1,True,Room,The way room are furnished is not comfortable,
457,1,True,Location,I like the quietness and it’s close to airport,
457,2,True,Room,The way room are furnished is not comfortable,
457,2,True,Location,I like the quietness and it’s close to airport,
457,3,True,Room,The way room are furnished is not comfortable,
457,3,True,Location,I like the quietness and it’s close to airport,
458,1,True,Room,Basic night stay but facilities are limited.,
458,1,True,Food,Limited food options,
458,1,True,Food,"Probably renovation work was in progress so, some items were not ready. Example, there is no rod for hangers in the wardrobe, the safe wasn’t fixed.",
458,1,True,Off,Noisy,
458,1,True,Off,"Probably renovation work was in progress so, some items were not ready. Example, there is no rod for hangers in the wardrobe, the safe wasn’t fixed.",
458,2,True,Room,Basic night stay but facilities are limited.,
458,2,True,Food,Limited food options,
458,2,True,Food,"Probably renovation work was in progress so, some items were not ready. Example, there is no rod for hangers in the wardrobe, the safe wasn’t fixed.",
458,2,True,Off,Noisy,
458,2,True,Off,"Probably renovation work was in progress so, some items were not ready. Example, there is no rod for hangers in the wardrobe, the safe wasn’t fixed.",
458,3,True,Room,Basic night stay but facilities are limited.,
458,3,True,Food,Limited food options,
458,3,True,Food,"Probably renovation work was in progress so, some items were not ready. Example, there is no rod for hangers in the wardrobe, the safe wasn’t fixed.",
458,3,True,Off,Noisy,
458,3,True,Off,"Probably renovation work was in progress so, some items were not ready. Example, there is no rod for hangers in the wardrobe, the safe wasn’t fixed.",
459,1,True,Room,"Very comfortable bed,",
459,1,True,Room,room very new and comfortable.,
459,2,True,Room,"Very comfortable bed,",
459,2,True,Room,room very new and comfortable.,
459,3,True,Room,"Very comfortable bed,",
459,3,True,Room,room very new and comfortable.,
460,1,False,Room,the room was very clean upon arrival,
460,1,False,Staff,staff was very polite,
460,1,False,Location,Location was excellent,
460,1,False,Price,Rate was very expensive for what it offered,
460,2,False,Room,the room was very clean upon arrival,
460,2,False,Staff,staff was very polite,
460,2,False,Location,Location was excellent,
460,2,False,Price,Rate was very expensive for what it offered,
460,3,False,Room,the room was very clean upon arrival,
460,3,False,Staff,staff was very polite,
460,3,False,Location,Location was excellent,
460,3,False,Price,Rate was very expensive for what it offered,
461,1,True,Staff,The people working there were kind and responsive.,
461,2,True,Staff,The people working there were kind and responsive.,
461,3,True,Staff,The people working there were kind and responsive.,
462,1,False,(parse failed),,json_parse_error: Expecting property name enclosed in double quotes: line 1 column 50 (char 49)
462,2,False,(parse failed),,json_parse_error: Expecting property name enclosed in double quotes: line 1 column 50 (char 49)
462,3,False,(parse failed),,json_parse_error: Expecting property name enclosed in double quotes: line 1 column 50 (char 49)
463,1,False,Room,"The room was very clean, well decorated and modern, although not big.",
463,1,False,Room,The room was spotless.,
463,1,False,Staff,The staff was very nice and helpful!,
463,1,False,Staff,The staff were lovely.,
463,1,False,Staff,Maria at reception is just great she really took time to explain where to go how to get there and so helpful ...,
463,1,False,Staff,"Richard the chef this guy is like the friendliest guy ever, such a nice guy with a permanent. Smile ",
463,1,False,Location,"nice location,",
463,1,False,Location,just a 5-minute walk to the beach.,
463,1,False,Location,"very convenient for the night market, which is only one street away.",
463,1,False,Location,Great location for restaurants.,
463,1,False,Location,Great location for a short drive to the airport.,
463,1,False,Food,"Breakfast was amazing, fresh and handmade!",
463,1,False,Off,nothing,
463,2,False,Room,"The room was very clean, well decorated and modern, although not big.",
463,2,False,Room,The room was spotless.,
463,2,False,Staff,The staff was very nice and helpful!,
463,2,False,Staff,The staff were lovely.,
463,2,False,Staff,Maria at reception is just great she really took time to explain where to go how to get there and so helpful ...,
463,2,False,Staff,"Richard the chef this guy is like the friendliest guy ever, such a nice guy with a permanent. Smile ",
463,2,False,Location,"nice location,",
463,2,False,Location,just a 5-minute walk to the beach.,
463,2,False,Location,"very convenient for the night market, which is only one street away.",
463,2,False,Location,Great location for restaurants.,
463,2,False,Location,Great location for a short drive to the airport.,
463,2,False,Food,"Breakfast was amazing, fresh and handmade!",
463,2,False,Off,nothing,
463,3,False,Room,"The room was very clean, well decorated and modern, although not big.",
463,3,False,Room,The room was spotless.,
463,3,False,Staff,The staff was very nice and helpful!,
463,3,False,Staff,The staff were lovely.,
463,3,False,Staff,Maria at reception is just great she really took time to explain where to go how to get there and so helpful ...,
463,3,False,Staff,"Richard the chef this guy is like the friendliest guy ever, such a nice guy with a permanent. Smile ",
463,3,False,Location,"nice location,",
463,3,False,Location,just a 5-minute walk to the beach.,
463,3,False,Location,"very convenient for the night market, which is only one street away.",
463,3,False,Location,Great location for restaurants.,
463,3,False,Location,Great location for a short drive to the airport.,
463,3,False,Food,"Breakfast was amazing, fresh and handmade!",
463,3,False,Off,nothing,
464,1,False,Room,"the room was nice and clean,",
464,1,False,Room,the two beds were set up as we requested,
464,2,False,Room,"the room was nice and clean,",
464,2,False,Room,the two beds were set up as we requested,
464,3,False,Room,"the room was nice and clean,",
464,3,False,Room,the two beds were set up as we requested,
465,1,False,Room,"Room fresh, clean and modern.",
465,1,False,Room,The room was spotless.,
465,1,False,Location,"Calm area, close to the beach, many restaurants and coffee shops there.",
465,1,False,Location,Bus station very close.,
465,1,False,Location,Breakfast above expectations.,
465,2,False,Room,"Room fresh, clean and modern.",
465,2,False,Room,The room was spotless.,
465,2,False,Location,"Calm area, close to the beach, many restaurants and coffee shops there.",
465,2,False,Location,Bus station very close.,
465,2,False,Location,Breakfast above expectations.,
465,3,False,Room,"Room fresh, clean and modern.",
465,3,False,Room,The room was spotless.,
465,3,False,Location,"Calm area, close to the beach, many restaurants and coffee shops there.",
465,3,False,Location,Bus station very close.,
465,3,False,Location,Breakfast above expectations.,
466,1,False,Room,the room was clean and comfortable,
466,1,False,Staff,the staff were friendly and helpful,
466,1,False,Location,hotel is very close to the airport,
466,1,False,Location,nice place to stay if you arrive late at night,
466,2,False,Room,the room was clean and comfortable,
466,2,False,Staff,the staff were friendly and helpful,
466,2,False,Location,hotel is very close to the airport,
466,2,False,Location,nice place to stay if you arrive late at night,
466,3,False,Room,the room was clean and comfortable,
466,3,False,Staff,the staff were friendly and helpful,
466,3,False,Location,hotel is very close to the airport,
466,3,False,Location,nice place to stay if you arrive late at night,
467,1,False,Staff,Liked the happy and smiling welcome that greets you once you arrive at the property.,
467,1,False,Off,Not applicable,
467,2,False,Staff,Liked the happy and smiling welcome that greets you once you arrive at the property.,
467,2,False,Off,Not applicable,
467,3,False,Staff,Liked the happy and smiling welcome that greets you once you arrive at the property.,
467,3,False,Off,Not applicable,
468,1,False,Staff,"Nice staff,",
468,1,False,Room,room very nice and clean.,
468,2,False,Staff,"Nice staff,",
468,2,False,Room,room very nice and clean.,
468,3,False,Staff,"Nice staff,",
468,3,False,Room,room very nice and clean.,
469,1,True,Room,Rooms are updated and clean.,
469,1,True,Staff,Very helpful and knowledgeable staff.,
469,2,True,Room,Rooms are updated and clean.,
469,2,True,Staff,Very helpful and knowledgeable staff.,
469,3,True,Room,Rooms are updated and clean.,
469,3,True,Staff,Very helpful and knowledgeable staff.,
470,1,True,Room,Perfect for an overnight stay.,
470,1,True,Staff,Owners very nice and friendly.,
470,2,True,Room,Perfect for an overnight stay.,
470,2,True,Staff,Owners very nice and friendly.,
470,3,True,Room,Perfect for an overnight stay.,
470,3,True,Staff,Owners very nice and friendly.,
471,1,False,(parse failed),,json_parse_error: Expecting property name enclosed in double quotes: line 1 column 130 (char 129)
471,2,False,(parse failed),,json_parse_error: Expecting property name enclosed in double quotes: line 1 column 130 (char 129)
471,3,False,(parse failed),,json_parse_error: Expecting property name enclosed in double quotes: line 1 column 130 (char 129)
472,1,False,(parse failed),,json_parse_error: Expecting property name enclosed in double quotes: line 1 column 163 (char 162)
472,2,False,(parse failed),,json_parse_error: Expecting property name enclosed in double quotes: line 1 column 163 (char 162)
472,3,False,(parse failed),,json_parse_error: Expecting property name enclosed in double quotes: line 1 column 163 (char 162)
473,1,True,Room,Very nice rooms.,
473,1,True,Room,Clean.,
473,1,True,Staff,Friendly staff and service.,
473,2,True,Room,Very nice rooms.,
473,2,True,Room,Clean.,
473,2,True,Staff,Friendly staff and service.,
473,3,True,Room,Very nice rooms.,
473,3,True,Room,Clean.,
473,3,True,Staff,Friendly staff and service.,
474,1,True,Room,"Clean,",
474,1,True,Staff,if you're lucky you may have the only one parking in the side.,
474,1,True,Location,Very poor lunch (breakfast).,
474,1,True,Food,Very poor lunch (breakfast).,
474,1,True,Off,"Overpriced for its facilities,",
474,2,True,Room,"Clean,",
474,2,True,Staff,if you're lucky you may have the only one parking in the side.,
474,2,True,Location,Very poor lunch (breakfast).,
474,2,True,Food,Very poor lunch (breakfast).,
474,2,True,Off,"Overpriced for its facilities,",
474,3,True,Room,"Clean,",
474,3,True,Staff,if you're lucky you may have the only one parking in the side.,
474,3,True,Location,Very poor lunch (breakfast).,
474,3,True,Food,Very poor lunch (breakfast).,
474,3,True,Off,"Overpriced for its facilities,",
475,1,False,Room,"the floor is not cleaned enough, full of dust, water does not drain and floods the room",
475,2,False,Room,"the floor is not cleaned enough, full of dust, water does not drain and floods the room",
475,3,False,Room,"the floor is not cleaned enough, full of dust, water does not drain and floods the room",
476,1,False,Room,"the size of the room,",
476,1,False,Room,the room,
476,1,False,Staff,the kindness of the staff,
476,1,False,Location,location.,
476,2,False,Room,"the size of the room,",
476,2,False,Room,the room,
476,2,False,Staff,the kindness of the staff,
476,2,False,Location,location.,
476,3,False,Room,"the size of the room,",
476,3,False,Room,the room,
476,3,False,Staff,the kindness of the staff,
476,3,False,Location,location.,
477,1,False,(parse failed),,json_parse_error: Expecting property name enclosed in double quotes: line 1 column 56 (char 55)
477,2,False,(parse failed),,json_parse_error: Expecting property name enclosed in double quotes: line 1 column 56 (char 55)
477,3,False,(parse failed),,json_parse_error: Expecting property name enclosed in double quotes: line 1 column 56 (char 55)
478,1,False,(parse failed),,json_parse_error: Expecting property name enclosed in double quotes: line 1 column 61 (char 60)
478,2,False,(parse failed),,json_parse_error: Expecting property name enclosed in double quotes: line 1 column 61 (char 60)
478,3,False,(parse failed),,json_parse_error: Expecting property name enclosed in double quotes: line 1 column 61 (char 60)
479,1,False,Room,Balcony with courtyard or street view.,
479,1,False,Staff,"Friendly, clean hotel, functionally furnished. Very friendly host.",
479,1,False,Location,"Good breakfast directly in the hotel, to be paid separately (various options up to 10 EUR). Proximity to the airport (3km) and the beach including numerous restaurants (500m).",
479,2,False,Room,Balcony with courtyard or street view.,
479,2,False,Staff,"Friendly, clean hotel, functionally furnished. Very friendly host.",
479,2,False,Location,"Good breakfast directly in the hotel, to be paid separately (various options up to 10 EUR). Proximity to the airport (3km) and the beach including numerous restaurants (500m).",
479,3,False,Room,Balcony with courtyard or street view.,
479,3,False,Staff,"Friendly, clean hotel, functionally furnished. Very friendly host.",
479,3,False,Location,"Good breakfast directly in the hotel, to be paid separately (various options up to 10 EUR). Proximity to the airport (3km) and the beach including numerous restaurants (500m).",
480,1,False,(parse failed),,json_parse_error: Expecting property name enclosed in double quotes: line 1 column 83 (char 82)
480,2,False,(parse failed),,json_parse_error: Expecting property name enclosed in double quotes: line 1 column 83 (char 82)
480,3,False,(parse failed),,json_parse_error: Expecting property name enclosed in double quotes: line 1 column 83 (char 82)
481,1,False,(parse failed),,json_parse_error: Unterminated string starting at: line 1 column 5262 (char 5261)
481,2,False,(parse failed),,json_parse_error: Unterminated string starting at: line 1 column 5262 (char 5261)
481,3,False,(parse failed),,json_parse_error: Unterminated string starting at: line 1 column 5262 (char 5261)
482,1,True,Room,"pleasant accommodation,",
482,1,True,Room,cleanliness,
482,1,True,Staff,helpful reception,
482,2,True,Room,"pleasant accommodation,",
482,2,True,Room,cleanliness,
482,2,True,Staff,helpful reception,
482,3,True,Room,"pleasant accommodation,",
482,3,True,Room,cleanliness,
482,3,True,Staff,helpful reception,
483,1,False,(parse failed),,"json_parse_error: Expecting ',' delimiter: line 1 column 596 (char 595)"
483,2,False,(parse failed),,"json_parse_error: Expecting ',' delimiter: line 1 column 596 (char 595)"
483,3,False,(parse failed),,"json_parse_error: Expecting ',' delimiter: line 1 column 596 (char 595)"
484,1,False,(parse failed),,json_parse_error: Expecting value: line 1 column 5304 (char 5303)
484,2,False,(parse failed),,json_parse_error: Expecting value: line 1 column 5304 (char 5303)
484,3,False,(parse failed),,json_parse_error: Expecting value: line 1 column 5304 (char 5303)
485,1,True,Room,all as in the photo!,
485,1,True,Staff,staff,
485,2,True,Room,all as in the photo!,
485,2,True,Staff,staff,
485,3,True,Room,all as in the photo!,
485,3,True,Staff,staff,
486,1,False,Room,The room was very clean and very spacious.,
486,1,False,Room,The mattresses and pillows were excellent.,
486,1,False,Off,Not applicable,
486,2,False,Room,The room was very clean and very spacious.,
486,2,False,Room,The mattresses and pillows were excellent.,
486,2,False,Off,Not applicable,
486,3,False,Room,The room was very clean and very spacious.,
486,3,False,Room,The mattresses and pillows were excellent.,
486,3,False,Off,Not applicable,
487,1,False,Room,not big,
487,1,False,Staff,The staff was very nice and helpful!,
487,1,False,Staff,The staff were lovely.,
487,1,False,Staff,Maria at reception is just great she really took time to explain where to go how to get there and so helpful ... ,
487,1,False,Location,"nice location,",
487,1,False,Location,just a 5-minute walk to the beach.,
487,1,False,Location,"very convenient for the night market, which is only one street away.",
487,1,False,Location,Great location for restaurants.,
487,1,False,Location,Great location for a short drive to the airport.,
487,1,False,Food,"Breakfast was amazing, fresh and handmade!",
487,1,False,Food,Oh yeah the food is great to and very reasonable prices ..,
487,1,False,Price,"also, the breakfast was amazing, fresh and handmade!",
487,1,False,Price,Oh yeah the food is great to and very reasonable prices ..,
487,1,False,Off,nothing,
487,2,False,Room,not big,
487,2,False,Staff,The staff was very nice and helpful!,
487,2,False,Staff,The staff were lovely.,
487,2,False,Staff,Maria at reception is just great she really took time to explain where to go how to get there and so helpful ... ,
487,2,False,Location,"nice location,",
487,2,False,Location,just a 5-minute walk to the beach.,
487,2,False,Location,"very convenient for the night market, which is only one street away.",
487,2,False,Location,Great location for restaurants.,
487,2,False,Location,Great location for a short drive to the airport.,
487,2,False,Food,"Breakfast was amazing, fresh and handmade!",
487,2,False,Food,Oh yeah the food is great to and very reasonable prices ..,
487,2,False,Price,"also, the breakfast was amazing, fresh and handmade!",
487,2,False,Price,Oh yeah the food is great to and very reasonable prices ..,
487,2,False,Off,nothing,
487,3,False,Room,not big,
487,3,False,Staff,The staff was very nice and helpful!,
487,3,False,Staff,The staff were lovely.,
487,3,False,Staff,Maria at reception is just great she really took time to explain where to go how to get there and so helpful ... ,
487,3,False,Location,"nice location,",
487,3,False,Location,just a 5-minute walk to the beach.,
487,3,False,Location,"very convenient for the night market, which is only one street away.",
487,3,False,Location,Great location for restaurants.,
487,3,False,Location,Great location for a short drive to the airport.,
487,3,False,Food,"Breakfast was amazing, fresh and handmade!",
487,3,False,Food,Oh yeah the food is great to and very reasonable prices ..,
487,3,False,Price,"also, the breakfast was amazing, fresh and handmade!",
487,3,False,Price,Oh yeah the food is great to and very reasonable prices ..,
487,3,False,Off,nothing,
488,1,False,Room,"The room was very clean, well decorated and modern, although not big.",
488,1,False,Room,The rooms are spacious and clean great to stay .. I even got an upgrade which is always so nice.,
488,1,False,Staff,The staff was very nice and helpful! The personal were lovely. Maria at reception is just great she really took time to explain where to go how to get there and so helpful ... 🙏,
488,1,False,Location,"nice location,",
488,1,False,Location,just a 5-minute walk to the beach.,
488,1,False,Location,"very convenient for the night market, which is only one street away.",
488,1,False,Location,the bus stop which goes to and from the airport as well as the town center is a minutes walk away and just 2 euros,
488,1,False,Food,"Also, the breakfast was amazing, fresh and handmade!",
488,1,False,Food,Oh yeah the food is great to and very reasonable prices ..,
488,1,False,Off,nothing,
488,2,False,Room,"The room was very clean, well decorated and modern, although not big.",
488,2,False,Room,The rooms are spacious and clean great to stay .. I even got an upgrade which is always so nice.,
488,2,False,Staff,The staff was very nice and helpful! The personal were lovely. Maria at reception is just great she really took time to explain where to go how to get there and so helpful ... 🙏,
488,2,False,Location,"nice location,",
488,2,False,Location,just a 5-minute walk to the beach.,
488,2,False,Location,"very convenient for the night market, which is only one street away.",
488,2,False,Location,the bus stop which goes to and from the airport as well as the town center is a minutes walk away and just 2 euros,
488,2,False,Food,"Also, the breakfast was amazing, fresh and handmade!",
488,2,False,Food,Oh yeah the food is great to and very reasonable prices ..,
488,2,False,Off,nothing,
488,3,False,Room,"The room was very clean, well decorated and modern, although not big.",
488,3,False,Room,The rooms are spacious and clean great to stay .. I even got an upgrade which is always so nice.,
488,3,False,Staff,The staff was very nice and helpful! The personal were lovely. Maria at reception is just great she really took time to explain where to go how to get there and so helpful ... 🙏,
488,3,False,Location,"nice location,",
488,3,False,Location,just a 5-minute walk to the beach.,
488,3,False,Location,"very convenient for the night market, which is only one street away.",
488,3,False,Location,the bus stop which goes to and from the airport as well as the town center is a minutes walk away and just 2 euros,
488,3,False,Food,"Also, the breakfast was amazing, fresh and handmade!",
488,3,False,Food,Oh yeah the food is great to and very reasonable prices ..,
488,3,False,Off,nothing,
489,1,True,Room,nice and comfortable small room.,
489,1,True,Room,"The beach is 10 minutes walk,",
489,1,True,Staff,Friendly staff and very good advice,
489,1,True,Location,good availability of free parking spaces at the bottom of the hotel.,
489,1,True,Location,the airport 10 minutes by bus.,
489,1,True,Location,"The beach is 10 minutes walk,",
489,2,True,Room,nice and comfortable small room.,
489,2,True,Room,"The beach is 10 minutes walk,",
489,2,True,Staff,Friendly staff and very good advice,
489,2,True,Location,good availability of free parking spaces at the bottom of the hotel.,
489,2,True,Location,the airport 10 minutes by bus.,
489,2,True,Location,"The beach is 10 minutes walk,",
489,3,True,Room,nice and comfortable small room.,
489,3,True,Room,"The beach is 10 minutes walk,",
489,3,True,Staff,Friendly staff and very good advice,
489,3,True,Location,good availability of free parking spaces at the bottom of the hotel.,
489,3,True,Location,the airport 10 minutes by bus.,
489,3,True,Location,"The beach is 10 minutes walk,",
490,1,False,Location,Proximity to the airport and excellent cuisine,
490,2,False,Location,Proximity to the airport and excellent cuisine,
490,3,False,Location,Proximity to the airport and excellent cuisine,
491,1,True,Room,"Practical rooms,",
491,1,True,Room,balconies in each room.,
491,1,True,Room,The rooms are poorly soundproofed.,
491,1,True,Staff,Listening staff.,
491,1,True,Location,good location for the airport.,
491,1,True,Location,for the airport.,
491,1,True,Location,location for the airport.,
491,1,True,Location,The noise. The rooms are poorly soundproofed.,
491,1,True,Location,location for the airport,
491,2,True,Room,"Practical rooms,",
491,2,True,Room,balconies in each room.,
491,2,True,Room,The rooms are poorly soundproofed.,
491,2,True,Staff,Listening staff.,
491,2,True,Location,good location for the airport.,
491,2,True,Location,for the airport.,
491,2,True,Location,location for the airport.,
491,2,True,Location,The noise. The rooms are poorly soundproofed.,
491,2,True,Location,location for the airport,
491,3,True,Room,"Practical rooms,",
491,3,True,Room,balconies in each room.,
491,3,True,Room,The rooms are poorly soundproofed.,
491,3,True,Staff,Listening staff.,
491,3,True,Location,good location for the airport.,
491,3,True,Location,for the airport.,
491,3,True,Location,location for the airport.,
491,3,True,Location,The noise. The rooms are poorly soundproofed.,
491,3,True,Location,location for the airport,
492,1,False,(parse failed),,json_parse_error: Expecting value: line 1 column 5262 (char 5261)
492,2,False,(parse failed),,json_parse_error: Expecting value: line 1 column 5262 (char 5261)
492,3,False,(parse failed),,json_parse_error: Expecting value: line 1 column 5262 (char 5261)
493,1,True,Room,super sweet hosts,
493,1,True,Staff,"nice, clean and neat.",
493,1,True,Staff,super sweet hosts,
493,2,True,Room,super sweet hosts,
493,2,True,Staff,"nice, clean and neat.",
493,2,True,Staff,super sweet hosts,
493,3,True,Room,super sweet hosts,
493,3,True,Staff,"nice, clean and neat.",
493,3,True,Staff,super sweet hosts,
494,1,True,Room,Very clean hotel,
494,1,True,Staff,Very kind staff,
494,1,True,Location,Very close to the airport,
494,2,True,Room,Very clean hotel,
494,2,True,Staff,Very kind staff,
494,2,True,Location,Very close to the airport,
494,3,True,Room,Very clean hotel,
494,3,True,Staff,Very kind staff,
494,3,True,Location,Very close to the airport,
495,1,True,Room,clean,
495,1,True,Location,close to the beach,
495,1,True,Location,close to the field,
495,2,True,Room,clean,
495,2,True,Location,close to the beach,
495,2,True,Location,close to the field,
495,3,True,Room,clean,
495,3,True,Location,close to the beach,
495,3,True,Location,close to the field,
496,1,False,Staff,friendly service,
496,1,False,Location,"Great location close to the airport,",
496,1,False,Location,friendly service,
496,1,False,Food,delicious breakfasts.,
496,2,False,Staff,friendly service,
496,2,False,Location,"Great location close to the airport,",
496,2,False,Location,friendly service,
496,2,False,Food,delicious breakfasts.,
496,3,False,Staff,friendly service,
496,3,False,Location,"Great location close to the airport,",
496,3,False,Location,friendly service,
496,3,False,Food,delicious breakfasts.,
497,1,False,Room,the room was spacious.,
497,1,False,Room,and clean.,
497,1,False,Staff,helpful staff.,
497,1,False,Staff,welcoming and,
497,1,False,Staff,"Tony for his welcome and his smile, it's so rare.",
497,1,False,Location,the location close to the airport and the beach as well as many restaurants and snacks.,
497,2,False,Room,the room was spacious.,
497,2,False,Room,and clean.,
497,2,False,Staff,helpful staff.,
497,2,False,Staff,welcoming and,
497,2,False,Staff,"Tony for his welcome and his smile, it's so rare.",
497,2,False,Location,the location close to the airport and the beach as well as many restaurants and snacks.,
497,3,False,Room,the room was spacious.,
497,3,False,Room,and clean.,
497,3,False,Staff,helpful staff.,
497,3,False,Staff,welcoming and,
497,3,False,Staff,"Tony for his welcome and his smile, it's so rare.",
497,3,False,Location,the location close to the airport and the beach as well as many restaurants and snacks.,
498,1,False,Staff,"Great welcome, very pleasant contact, very helpful",
498,2,False,Staff,"Great welcome, very pleasant contact, very helpful",
498,3,False,Staff,"Great welcome, very pleasant contact, very helpful",
499,1,True,Room,"the room had everything you need,",
499,1,True,Room,and also the bathroom.,
499,1,True,Staff,"Very helpful staff,",
499,1,True,Location,The hotel is located close to Larnaca airport.,
499,2,True,Room,"the room had everything you need,",
499,2,True,Room,and also the bathroom.,
499,2,True,Staff,"Very helpful staff,",
499,2,True,Location,The hotel is located close to Larnaca airport.,
499,3,True,Room,"the room had everything you need,",
499,3,True,Room,and also the bathroom.,
499,3,True,Staff,"Very helpful staff,",
499,3,True,Location,The hotel is located close to Larnaca airport.,
500,1,False,(parse failed),,json_parse_error: Expecting ':' delimiter: line 1 column 105 (char 104)
500,2,False,(parse failed),,json_parse_error: Expecting ':' delimiter: line 1 column 105 (char 104)
500,3,False,(parse failed),,json_parse_error: Expecting ':' delimiter: line 1 column 105 (char 104)
501,1,False,(parse failed),,json_parse_error: Expecting value: line 1 column 5269 (char 5268)
501,2,False,(parse failed),,json_parse_error: Expecting value: line 1 column 5269 (char 5268)
501,3,False,(parse failed),,json_parse_error: Expecting value: line 1 column 5269 (char 5268)
502,1,False,Room,and the room was clean,
502,1,False,Staff,great,
502,2,False,Room,and the room was clean,
502,2,False,Staff,great,
502,3,False,Room,and the room was clean,
502,3,False,Staff,great,
503,1,True,Room,"the room is restful and pleasant, clean and renovated",
503,1,True,Staff,the staff is nice,
503,1,True,Location,Close to the field,
503,1,True,Location,there is a lot of construction and the roads are bumpy,
503,2,True,Room,"the room is restful and pleasant, clean and renovated",
503,2,True,Staff,the staff is nice,
503,2,True,Location,Close to the field,
503,2,True,Location,there is a lot of construction and the roads are bumpy,
503,3,True,Room,"the room is restful and pleasant, clean and renovated",
503,3,True,Staff,the staff is nice,
503,3,True,Location,Close to the field,
503,3,True,Location,there is a lot of construction and the roads are bumpy,
504,1,False,Room,"The room was very clean, well decorated and modern, although not big.",
504,1,False,Room,The room was spotless.,
504,1,False,Staff,The staff was very nice and helpful!,
504,1,False,Staff,The staff were lovely.,
504,1,False,Staff,Maria at reception is just great she really took time to explain where to go how to get there and so helpful ...,
504,1,False,Staff,"Richard the chef this guy is like the friendliest guy ever, such a nice guy with a permanent. Smile ",
504,1,False,Location,"nice location,",
504,1,False,Location,just a 5-minute walk to the beach.,
504,1,False,Location,"very convenient for the night market, which is only one street away.",
504,1,False,Location,Great location for restaurants.,
504,1,False,Location,Great location for a short drive to the airport.,
504,1,False,Location,I don't think I need to mention where I'll be staying next time I'm in Larnaka.. ,
504,1,False,Food,"Breakfast was amazing, fresh and handmade!",
504,1,False,Food,Oh yeah the food is great to and very reasonable prices ..,
504,1,False,Food,Even the cleaning lady is so friendly and so nice to talk to .,
504,1,False,Price,"Also, the breakfast was amazing, fresh and handmade!",
504,1,False,Off,nothing,
504,1,False,Off,Brilliant guys ... ,
504,2,False,Room,"The room was very clean, well decorated and modern, although not big.",
504,2,False,Room,The room was spotless.,
504,2,False,Staff,The staff was very nice and helpful!,
504,2,False,Staff,The staff were lovely.,
504,2,False,Staff,Maria at reception is just great she really took time to explain where to go how to get there and so helpful ...,
504,2,False,Staff,"Richard the chef this guy is like the friendliest guy ever, such a nice guy with a permanent. Smile ",
504,2,False,Location,"nice location,",
504,2,False,Location,just a 5-minute walk to the beach.,
504,2,False,Location,"very convenient for the night market, which is only one street away.",
504,2,False,Location,Great location for restaurants.,
504,2,False,Location,Great location for a short drive to the airport.,
504,2,False,Location,I don't think I need to mention where I'll be staying next time I'm in Larnaka.. ,
504,2,False,Food,"Breakfast was amazing, fresh and handmade!",
504,2,False,Food,Oh yeah the food is great to and very reasonable prices ..,
504,2,False,Food,Even the cleaning lady is so friendly and so nice to talk to .,
504,2,False,Price,"Also, the breakfast was amazing, fresh and handmade!",
504,2,False,Off,nothing,
504,2,False,Off,Brilliant guys ... ,
504,3,False,Room,"The room was very clean, well decorated and modern, although not big.",
504,3,False,Room,The room was spotless.,
504,3,False,Staff,The staff was very nice and helpful!,
504,3,False,Staff,The staff were lovely.,
504,3,False,Staff,Maria at reception is just great she really took time to explain where to go how to get there and so helpful ...,
504,3,False,Staff,"Richard the chef this guy is like the friendliest guy ever, such a nice guy with a permanent. Smile ",
504,3,False,Location,"nice location,",
504,3,False,Location,just a 5-minute walk to the beach.,
504,3,False,Location,"very convenient for the night market, which is only one street away.",
504,3,False,Location,Great location for restaurants.,
504,3,False,Location,Great location for a short drive to the airport.,
504,3,False,Location,I don't think I need to mention where I'll be staying next time I'm in Larnaka.. ,
504,3,False,Food,"Breakfast was amazing, fresh and handmade!",
504,3,False,Food,Oh yeah the food is great to and very reasonable prices ..,
504,3,False,Food,Even the cleaning lady is so friendly and so nice to talk to .,
504,3,False,Price,"Also, the breakfast was amazing, fresh and handmade!",
504,3,False,Off,nothing,
504,3,False,Off,Brilliant guys ... ,
505,1,False,Room,"Modern furnished and very clean room,",
505,1,False,Room,the room was spotless.,
505,1,False,Staff,friendly staff.,
505,1,False,Staff,staff were lovely.,
505,1,False,Location,"Close to the city center,",
505,1,False,Location,to the airport and the sea.,
505,1,False,Location,Great location for restaurants.,
505,1,False,Location,Great location for a short drive to the airport.,
505,1,False,Food,"Nice restaurant in the house, great coffee!",
505,1,False,Price,Price/performance is totally right.,
505,2,False,Room,"Modern furnished and very clean room,",
505,2,False,Room,the room was spotless.,
505,2,False,Staff,friendly staff.,
505,2,False,Staff,staff were lovely.,
505,2,False,Location,"Close to the city center,",
505,2,False,Location,to the airport and the sea.,
505,2,False,Location,Great location for restaurants.,
505,2,False,Location,Great location for a short drive to the airport.,
505,2,False,Food,"Nice restaurant in the house, great coffee!",
505,2,False,Price,Price/performance is totally right.,
505,3,False,Room,"Modern furnished and very clean room,",
505,3,False,Room,the room was spotless.,
505,3,False,Staff,friendly staff.,
505,3,False,Staff,staff were lovely.,
505,3,False,Location,"Close to the city center,",
505,3,False,Location,to the airport and the sea.,
505,3,False,Location,Great location for restaurants.,
505,3,False,Location,Great location for a short drive to the airport.,
505,3,False,Food,"Nice restaurant in the house, great coffee!",
505,3,False,Price,Price/performance is totally right.,
506,1,True,Room,cleanliness,
506,1,True,Location,location,
506,2,True,Room,cleanliness,
506,2,True,Location,location,
506,3,True,Room,cleanliness,
506,3,True,Location,location,
507,1,False,Room,the room is spacious enough with an above-standard large bathroom.,
507,1,False,Room,The room was spotless.,
507,1,False,Staff,The staff at the reception willingly arranged a ride to the airport for us.,
507,1,False,Off,We spent little time at the hotel to assess what could be improved.,
507,2,False,Room,the room is spacious enough with an above-standard large bathroom.,
507,2,False,Room,The room was spotless.,
507,2,False,Staff,The staff at the reception willingly arranged a ride to the airport for us.,
507,2,False,Off,We spent little time at the hotel to assess what could be improved.,
507,3,False,Room,the room is spacious enough with an above-standard large bathroom.,
507,3,False,Room,The room was spotless.,
507,3,False,Staff,The staff at the reception willingly arranged a ride to the airport for us.,
507,3,False,Off,We spent little time at the hotel to assess what could be improved.,
508,1,False,Room,"The room was very clean, well decorated and modern, although not big.",
508,1,False,Staff,"The staff was very nice and helpful! The breakfast was amazing, fresh and handmade!",
508,1,False,Location,"nice location,",
508,1,False,Location,the bus stop which goes to and from the airport as well as the town center is a minutes walk away and just 2 euros,
508,1,False,Food,"Breakfast was really good. Fresh juice, eggs made to order, and a wide selection of pastries.",
508,2,False,Room,"The room was very clean, well decorated and modern, although not big.",
508,2,False,Staff,"The staff was very nice and helpful! The breakfast was amazing, fresh and handmade!",
508,2,False,Location,"nice location,",
508,2,False,Location,the bus stop which goes to and from the airport as well as the town center is a minutes walk away and just 2 euros,
508,2,False,Food,"Breakfast was really good. Fresh juice, eggs made to order, and a wide selection of pastries.",
508,3,False,Room,"The room was very clean, well decorated and modern, although not big.",
508,3,False,Staff,"The staff was very nice and helpful! The breakfast was amazing, fresh and handmade!",
508,3,False,Location,"nice location,",
508,3,False,Location,the bus stop which goes to and from the airport as well as the town center is a minutes walk away and just 2 euros,
508,3,False,Food,"Breakfast was really good. Fresh juice, eggs made to order, and a wide selection of pastries.",
509,1,False,(parse failed),,json_parse_error: Expecting ':' delimiter: line 1 column 97 (char 96)
509,2,False,(parse failed),,json_parse_error: Expecting ':' delimiter: line 1 column 97 (char 96)
509,3,False,(parse failed),,json_parse_error: Expecting ':' delimiter: line 1 column 97 (char 96)
510,1,False,Room,clean and cheap,
510,1,False,Location,"Proximity to the airport,",
510,1,False,Location,cramped,
510,2,False,Room,clean and cheap,
510,2,False,Location,"Proximity to the airport,",
510,2,False,Location,cramped,
510,3,False,Room,clean and cheap,
510,3,False,Location,"Proximity to the airport,",
510,3,False,Location,cramped,
511,1,True,Room,new clean,
511,1,True,Staff,reception,
511,2,True,Room,new clean,
511,2,True,Staff,reception,
511,3,True,Room,new clean,
511,3,True,Staff,reception,
512,1,False,Room,very clean.,
512,1,False,Room,the room was spotless.,
512,1,False,Staff,the staff is available and always helps,
512,2,False,Room,very clean.,
512,2,False,Room,the room was spotless.,
512,2,False,Staff,the staff is available and always helps,
512,3,False,Room,very clean.,
512,3,False,Room,the room was spotless.,
512,3,False,Staff,the staff is available and always helps,
513,1,False,(parse failed),,json_parse_error: Expecting ':' delimiter: line 1 column 206 (char 205)
513,2,False,(parse failed),,json_parse_error: Expecting ':' delimiter: line 1 column 206 (char 205)
513,3,False,(parse failed),,json_parse_error: Expecting ':' delimiter: line 1 column 206 (char 205)
514,1,False,Room,"The room was very clean, well decorated and modern, although not big.",
514,1,False,Room,The rooms are spacious and clean great to stay .. I even got an upgrade which is always so nice.,
514,1,False,Staff,The staff was very nice and helpful! The personal were lovely. Maria at reception is just great she really took time to explain where to go how to get there and so helpful ... 🙏,
514,1,False,Staff,"Richard the chef this guy is like the friendliest guy ever, such a nice guy with a permanent. Smile 😁",
514,1,False,Location,"nice location,",
514,1,False,Location,just a 5-minute walk to the beach.,
514,1,False,Location,"very convenient for the night market, which is only one street away.",
514,1,False,Location,I don't think I need to mention where I'll be staying next time I'm in Larnaka.. 😊,
514,1,False,Food,"Also, the breakfast was amazing, fresh and handmade!",
514,1,False,Food,Oh yeah the food is great to and very reasonable prices ..,
514,1,False,Food,the food arrived cold and took over an hour.,
514,1,False,Price,also the price was very good.,
514,2,False,Room,"The room was very clean, well decorated and modern, although not big.",
514,2,False,Room,The rooms are spacious and clean great to stay .. I even got an upgrade which is always so nice.,
514,2,False,Staff,The staff was very nice and helpful! The personal were lovely. Maria at reception is just great she really took time to explain where to go how to get there and so helpful ... 🙏,
514,2,False,Staff,"Richard the chef this guy is like the friendliest guy ever, such a nice guy with a permanent. Smile 😁",
514,2,False,Location,"nice location,",
514,2,False,Location,just a 5-minute walk to the beach.,
514,2,False,Location,"very convenient for the night market, which is only one street away.",
514,2,False,Location,I don't think I need to mention where I'll be staying next time I'm in Larnaka.. 😊,
514,2,False,Food,"Also, the breakfast was amazing, fresh and handmade!",
514,2,False,Food,Oh yeah the food is great to and very reasonable prices ..,
514,2,False,Food,the food arrived cold and took over an hour.,
514,2,False,Price,also the price was very good.,
514,3,False,Room,"The room was very clean, well decorated and modern, although not big.",
514,3,False,Room,The rooms are spacious and clean great to stay .. I even got an upgrade which is always so nice.,
514,3,False,Staff,The staff was very nice and helpful! The personal were lovely. Maria at reception is just great she really took time to explain where to go how to get there and so helpful ... 🙏,
514,3,False,Staff,"Richard the chef this guy is like the friendliest guy ever, such a nice guy with a permanent. Smile 😁",
514,3,False,Location,"nice location,",
514,3,False,Location,just a 5-minute walk to the beach.,
514,3,False,Location,"very convenient for the night market, which is only one street away.",
514,3,False,Location,I don't think I need to mention where I'll be staying next time I'm in Larnaka.. 😊,
514,3,False,Food,"Also, the breakfast was amazing, fresh and handmade!",
514,3,False,Food,Oh yeah the food is great to and very reasonable prices ..,
514,3,False,Food,the food arrived cold and took over an hour.,
514,3,False,Price,also the price was very good.,
515,1,False,Room,The room was spotless.,
515,1,False,Staff,Very nice staff.,
515,1,False,Staff,Thank you very much for being able to move in earlier.,
515,1,False,Staff,Very nice,
515,1,False,Location,I really liked the location.,
515,1,False,Location,Close to the lake and the beach.,
515,1,False,Location,Very nice,
515,2,False,Room,The room was spotless.,
515,2,False,Staff,Very nice staff.,
515,2,False,Staff,Thank you very much for being able to move in earlier.,
515,2,False,Staff,Very nice,
515,2,False,Location,I really liked the location.,
515,2,False,Location,Close to the lake and the beach.,
515,2,False,Location,Very nice,
515,3,False,Room,The room was spotless.,
515,3,False,Staff,Very nice staff.,
515,3,False,Staff,Thank you very much for being able to move in earlier.,
515,3,False,Staff,Very nice,
515,3,False,Location,I really liked the location.,
515,3,False,Location,Close to the lake and the beach.,
515,3,False,Location,Very nice,
516,1,False,Room,"The room was very clean, well decorated and modern, although not big.",
516,1,False,Room,The rooms are spacious and clean great to stay .. I even got an upgrade which is always so nice.,
516,1,False,Staff,"nice location,",
516,1,False,Staff,The owners are also great it's like a real caring family set up ...,
516,1,False,Staff,The staff was very nice and helpful!,
516,1,False,Location,"nice location,",
516,1,False,Location,the bus stop which goes to and from the airport as well as the town center is a minutes walk away and just 2 euros,
516,1,False,Location,I don't think I need to mention where I'll be staying next time I'm in Larnaka.. 😊,
516,1,False,Food,"Breakfast was amazing, fresh and handmade!",
516,2,False,Room,"The room was very clean, well decorated and modern, although not big.",
516,2,False,Room,The rooms are spacious and clean great to stay .. I even got an upgrade which is always so nice.,
516,2,False,Staff,"nice location,",
516,2,False,Staff,The owners are also great it's like a real caring family set up ...,
516,2,False,Staff,The staff was very nice and helpful!,
516,2,False,Location,"nice location,",
516,2,False,Location,the bus stop which goes to and from the airport as well as the town center is a minutes walk away and just 2 euros,
516,2,False,Location,I don't think I need to mention where I'll be staying next time I'm in Larnaka.. 😊,
516,2,False,Food,"Breakfast was amazing, fresh and handmade!",
516,3,False,Room,"The room was very clean, well decorated and modern, although not big.",
516,3,False,Room,The rooms are spacious and clean great to stay .. I even got an upgrade which is always so nice.,
516,3,False,Staff,"nice location,",
516,3,False,Staff,The owners are also great it's like a real caring family set up ...,
516,3,False,Staff,The staff was very nice and helpful!,
516,3,False,Location,"nice location,",
516,3,False,Location,the bus stop which goes to and from the airport as well as the town center is a minutes walk away and just 2 euros,
516,3,False,Location,I don't think I need to mention where I'll be staying next time I'm in Larnaka.. 😊,
516,3,False,Food,"Breakfast was amazing, fresh and handmade!",
517,1,False,Room,not mentioned,
517,1,False,Staff,"the manager very friendly,",
517,1,False,Staff,the staff were very helpful and friendly!,
517,2,False,Room,not mentioned,
517,2,False,Staff,"the manager very friendly,",
517,2,False,Staff,the staff were very helpful and friendly!,
517,3,False,Room,not mentioned,
517,3,False,Staff,"the manager very friendly,",
517,3,False,Staff,the staff were very helpful and friendly!,
518,1,False,(parse failed),,"json_parse_error: Expecting ',' delimiter: line 1 column 540 (char 539)"
518,2,False,(parse failed),,"json_parse_error: Expecting ',' delimiter: line 1 column 540 (char 539)"
518,3,False,(parse failed),,"json_parse_error: Expecting ',' delimiter: line 1 column 540 (char 539)"
519,1,False,Room,not big,
519,1,False,Staff,The staff was very nice and helpful!,
519,1,False,Location,"nice location,",
519,1,False,Location,the bus stop which goes to and from the airport as well as the town center is a minutes walk away and just 2 euros,
519,1,False,Food,Breakfast was really good.,
519,1,False,Food,fresh and handmade!,
519,1,False,Food,The food is great to and very reasonable prices.,
519,1,False,Off,nothing,
519,2,False,Room,not big,
519,2,False,Staff,The staff was very nice and helpful!,
519,2,False,Location,"nice location,",
519,2,False,Location,the bus stop which goes to and from the airport as well as the town center is a minutes walk away and just 2 euros,
519,2,False,Food,Breakfast was really good.,
519,2,False,Food,fresh and handmade!,
519,2,False,Food,The food is great to and very reasonable prices.,
519,2,False,Off,nothing,
519,3,False,Room,not big,
519,3,False,Staff,The staff was very nice and helpful!,
519,3,False,Location,"nice location,",
519,3,False,Location,the bus stop which goes to and from the airport as well as the town center is a minutes walk away and just 2 euros,
519,3,False,Food,Breakfast was really good.,
519,3,False,Food,fresh and handmade!,
519,3,False,Food,The food is great to and very reasonable prices.,
519,3,False,Off,nothing,
521,1,True,Room,"pleasant balcony,",
521,1,True,Room,comfortable mattress.,
521,1,True,Staff,"nice hosts,",
521,2,True,Room,"pleasant balcony,",
521,2,True,Room,comfortable mattress.,
521,2,True,Staff,"nice hosts,",
521,3,True,Room,"pleasant balcony,",
521,3,True,Room,comfortable mattress.,
521,3,True,Staff,"nice hosts,",
522,1,False,(parse failed),,"json_parse_error: Expecting ',' delimiter: line 1 column 1334 (char 1333)"
522,2,False,(parse failed),,"json_parse_error: Expecting ',' delimiter: line 1 column 1334 (char 1333)"
522,3,False,(parse failed),,"json_parse_error: Expecting ',' delimiter: line 1 column 1334 (char 1333)"
523,1,False,(parse failed),,json_parse_error: Expecting value: line 1 column 5291 (char 5290)
523,2,False,(parse failed),,json_parse_error: Expecting value: line 1 column 5291 (char 5290)
523,3,False,(parse failed),,json_parse_error: Expecting value: line 1 column 5291 (char 5290)
524,1,True,Room,Excellent cleanliness.,
524,1,True,Staff,Professional staff.,
524,1,True,Location,Good location.,
524,1,True,Food,Excellent food,
524,1,True,Price,A place that gives full value for the price.,
524,2,True,Room,Excellent cleanliness.,
524,2,True,Staff,Professional staff.,
524,2,True,Location,Good location.,
524,2,True,Food,Excellent food,
524,2,True,Price,A place that gives full value for the price.,
524,3,True,Room,Excellent cleanliness.,
524,3,True,Staff,Professional staff.,
524,3,True,Location,Good location.,
524,3,True,Food,Excellent food,
524,3,True,Price,A place that gives full value for the price.,
525,1,True,Room,"clean,",
525,1,True,Room,"quiet,",
525,1,True,Room,well organized,
525,2,True,Room,"clean,",
525,2,True,Room,"quiet,",
525,2,True,Room,well organized,
525,3,True,Room,"clean,",
525,3,True,Room,"quiet,",
525,3,True,Room,well organized,
526,1,False,Room,not mentioned,
526,2,False,Room,not mentioned,
526,3,False,Room,not mentioned,
527,1,False,(parse failed),,"json_parse_error: Expecting ',' delimiter: line 1 column 5287 (char 5286)"
527,2,False,(parse failed),,"json_parse_error: Expecting ',' delimiter: line 1 column 5287 (char 5286)"
527,3,False,(parse failed),,"json_parse_error: Expecting ',' delimiter: line 1 column 5287 (char 5286)"
528,1,True,Room,everything is clean and fresh.,
528,2,True,Room,everything is clean and fresh.,
528,3,True,Room,everything is clean and fresh.,
529,1,False,(parse failed),,json_parse_error: Expecting ':' delimiter: line 1 column 81 (char 80)
529,2,False,(parse failed),,json_parse_error: Expecting ':' delimiter: line 1 column 81 (char 80)
529,3,False,(parse failed),,json_parse_error: Expecting ':' delimiter: line 1 column 81 (char 80)
530,1,False,Room,"The room was very clean, well decorated and modern, although not big.",
530,1,False,Staff,The staff was very nice and helpful!,
530,1,False,Location,not far from the beach.,
530,2,False,Room,"The room was very clean, well decorated and modern, although not big.",
530,2,False,Staff,The staff was very nice and helpful!,
530,2,False,Location,not far from the beach.,
530,3,False,Room,"The room was very clean, well decorated and modern, although not big.",
530,3,False,Staff,The staff was very nice and helpful!,
530,3,False,Location,not far from the beach.,
531,1,False,Room,"Clean, tidy, comfortable and beautiful room.",
531,1,False,Room,The room was spotless.,
531,1,False,Staff,Courteous and welcoming service.,
531,1,False,Staff,We will return to him again..,
531,1,False,Location,Location close to the airport and the promenade by the sea.,
531,1,False,Location,Highly recommend.,
531,2,False,Room,"Clean, tidy, comfortable and beautiful room.",
531,2,False,Room,The room was spotless.,
531,2,False,Staff,Courteous and welcoming service.,
531,2,False,Staff,We will return to him again..,
531,2,False,Location,Location close to the airport and the promenade by the sea.,
531,2,False,Location,Highly recommend.,
531,3,False,Room,"Clean, tidy, comfortable and beautiful room.",
531,3,False,Room,The room was spotless.,
531,3,False,Staff,Courteous and welcoming service.,
531,3,False,Staff,We will return to him again..,
531,3,False,Location,Location close to the airport and the promenade by the sea.,
531,3,False,Location,Highly recommend.,
532,1,False,(parse failed),,json_parse_error: Expecting ':' delimiter: line 1 column 196 (char 195)
532,2,False,(parse failed),,json_parse_error: Expecting ':' delimiter: line 1 column 196 (char 195)
532,3,False,(parse failed),,json_parse_error: Expecting ':' delimiter: line 1 column 196 (char 195)
533,1,False,Room,The room was spotless.,
533,1,False,Staff,the cook particularly affable fast and delicious irreproachable service.,
533,2,False,Room,The room was spotless.,
533,2,False,Staff,the cook particularly affable fast and delicious irreproachable service.,
533,3,False,Room,The room was spotless.,
533,3,False,Staff,the cook particularly affable fast and delicious irreproachable service.,
534,1,False,(parse failed),,"json_parse_error: Expecting ',' delimiter: line 1 column 1948 (char 1947)"
534,2,False,(parse failed),,"json_parse_error: Expecting ',' delimiter: line 1 column 1948 (char 1947)"
534,3,False,(parse failed),,"json_parse_error: Expecting ',' delimiter: line 1 column 1948 (char 1947)"
535,1,False,(parse failed),,"json_parse_error: Expecting ',' delimiter: line 1 column 1833 (char 1832)"
535,2,False,(parse failed),,"json_parse_error: Expecting ',' delimiter: line 1 column 1833 (char 1832)"
535,3,False,(parse failed),,"json_parse_error: Expecting ',' delimiter: line 1 column 1833 (char 1832)"
536,1,False,(parse failed),,json_parse_error: Unterminated string starting at: line 1 column 5281 (char 5280)
536,2,False,(parse failed),,json_parse_error: Unterminated string starting at: line 1 column 5281 (char 5280)
536,3,False,(parse failed),,json_parse_error: Unterminated string starting at: line 1 column 5281 (char 5280)
537,1,False,(no spans found),,Room: text span not found verbatim in review_text
537,2,False,(no spans found),,Room: text span not found verbatim in review_text
537,3,False,(no spans found),,Room: text span not found verbatim in review_text
538,1,False,(parse failed),,"json_parse_error: Expecting ',' delimiter: line 1 column 610 (char 609)"
538,2,False,(parse failed),,"json_parse_error: Expecting ',' delimiter: line 1 column 610 (char 609)"
538,3,False,(parse failed),,"json_parse_error: Expecting ',' delimiter: line 1 column 610 (char 609)"
539,1,False,Room,not big,
539,1,False,Staff,ready to help at any hour,
539,2,False,Room,not big,
539,2,False,Staff,ready to help at any hour,
539,3,False,Room,not big,
539,3,False,Staff,ready to help at any hour,
540,1,False,Location,"Location is very close to the beach,",
540,1,False,Location,"very close to the airport, like 8 minutes by car.",
540,1,False,Staff,Very kind staff on the last day kept our suitcases in custody for the whole day.,
540,1,False,Staff,staff,
540,1,False,Room,Room a little smaller than average but large bathroom and shower.,
540,2,False,Location,"Location is very close to the beach,",
540,2,False,Location,"very close to the airport, like 8 minutes by car.",
540,2,False,Staff,Very kind staff on the last day kept our suitcases in custody for the whole day.,
540,2,False,Staff,staff,
540,2,False,Room,Room a little smaller than average but large bathroom and shower.,
540,3,False,Location,"Location is very close to the beach,",
540,3,False,Location,"very close to the airport, like 8 minutes by car.",
540,3,False,Staff,Very kind staff on the last day kept our suitcases in custody for the whole day.,
540,3,False,Staff,staff,
540,3,False,Room,Room a little smaller than average but large bathroom and shower.,
541,1,True,Room,maximum cleanliness,
541,1,True,Staff,Courteous and helpful staff,
541,1,True,Location,the property is close to both the airport and Mackenzie Beach.,
541,1,True,Location,In fifteen minutes of walking along the sea you can also reach Finikoudes.,
541,1,True,Location,Strategic location:,
541,2,True,Room,maximum cleanliness,
541,2,True,Staff,Courteous and helpful staff,
541,2,True,Location,the property is close to both the airport and Mackenzie Beach.,
541,2,True,Location,In fifteen minutes of walking along the sea you can also reach Finikoudes.,
541,2,True,Location,Strategic location:,
541,3,True,Room,maximum cleanliness,
541,3,True,Staff,Courteous and helpful staff,
541,3,True,Location,the property is close to both the airport and Mackenzie Beach.,
541,3,True,Location,In fifteen minutes of walking along the sea you can also reach Finikoudes.,
541,3,True,Location,Strategic location:,
542,1,False,(parse failed),,json_parse_error: Expecting ':' delimiter: line 1 column 350 (char 349)
542,2,False,(parse failed),,json_parse_error: Expecting ':' delimiter: line 1 column 350 (char 349)
542,3,False,(parse failed),,json_parse_error: Expecting ':' delimiter: line 1 column 350 (char 349)
543,1,True,Room,recently refurbished rooms.,
543,1,True,Off,Little parking nearby arriving in the evening,
543,2,True,Room,recently refurbished rooms.,
543,2,True,Off,Little parking nearby arriving in the evening,
543,3,True,Room,recently refurbished rooms.,
543,3,True,Off,Little parking nearby arriving in the evening,
544,1,False,Staff,The sense of hospitality of the owner.,
544,1,False,Off,Nothing .,
544,2,False,Staff,The sense of hospitality of the owner.,
544,2,False,Off,Nothing .,
544,3,False,Staff,The sense of hospitality of the owner.,
544,3,False,Off,Nothing .,
545,1,False,Food,perfect,
545,2,False,Food,perfect,
545,3,False,Food,perfect,
546,1,False,(parse failed),,"json_parse_error: Expecting ',' delimiter: line 1 column 291 (char 290)"
546,2,False,(parse failed),,"json_parse_error: Expecting ',' delimiter: line 1 column 291 (char 290)"
546,3,False,(parse failed),,"json_parse_error: Expecting ',' delimiter: line 1 column 291 (char 290)"
547,1,True,Room,"large comfortable bed,",
547,1,True,Room,"clean linen,",
547,1,True,Room,cozy.,
547,1,True,Location,close to the airport (7-10 minutes by taxi),
547,2,True,Room,"large comfortable bed,",
547,2,True,Room,"clean linen,",
547,2,True,Room,cozy.,
547,2,True,Location,close to the airport (7-10 minutes by taxi),
547,3,True,Room,"large comfortable bed,",
547,3,True,Room,"clean linen,",
547,3,True,Room,cozy.,
547,3,True,Location,close to the airport (7-10 minutes by taxi),
548,1,False,(parse failed),,json_parse_error: Unterminated string starting at: line 1 column 5248 (char 5247)
548,2,False,(parse failed),,json_parse_error: Unterminated string starting at: line 1 column 5248 (char 5247)
548,3,False,(parse failed),,json_parse_error: Unterminated string starting at: line 1 column 5248 (char 5247)
549,1,True,Room,the hotel was still very clean!!,
549,1,True,Staff,Super nice staff.,
549,1,True,Staff,Great location and pet friendly!,
549,2,True,Room,the hotel was still very clean!!,
549,2,True,Staff,Super nice staff.,
549,2,True,Staff,Great location and pet friendly!,
549,3,True,Room,the hotel was still very clean!!,
549,3,True,Staff,Super nice staff.,
549,3,True,Staff,Great location and pet friendly!,
550,1,False,(parse failed),,"json_parse_error: Expecting ',' delimiter: line 1 column 1699 (char 1698)"
550,2,False,(parse failed),,"json_parse_error: Expecting ',' delimiter: line 1 column 1699 (char 1698)"
550,3,False,(parse failed),,"json_parse_error: Expecting ',' delimiter: line 1 column 1699 (char 1698)"
551,1,False,(parse failed),,"json_parse_error: Expecting ',' delimiter: line 1 column 1846 (char 1845)"
551,2,False,(parse failed),,"json_parse_error: Expecting ',' delimiter: line 1 column 1846 (char 1845)"
551,3,False,(parse failed),,"json_parse_error: Expecting ',' delimiter: line 1 column 1846 (char 1845)"
552,1,False,Room,"the rooms are pleasant, clean, the beds are comfortable, everything is new and clean!!",
552,2,False,Room,"the rooms are pleasant, clean, the beds are comfortable, everything is new and clean!!",
552,3,False,Room,"the rooms are pleasant, clean, the beds are comfortable, everything is new and clean!!",
553,1,True,Room,clean rooms,
553,1,True,Staff,very nice staff,
553,2,True,Room,clean rooms,
553,2,True,Staff,very nice staff,
553,3,True,Room,clean rooms,
553,3,True,Staff,very nice staff,
554,1,False,Room,"Very clean, very comfortable, brand new!",
554,1,False,Staff,The staff were extremely friendly and welcoming.,
554,1,False,Location,...,
554,2,False,Room,"Very clean, very comfortable, brand new!",
554,2,False,Staff,The staff were extremely friendly and welcoming.,
554,2,False,Location,...,
554,3,False,Room,"Very clean, very comfortable, brand new!",
554,3,False,Staff,The staff were extremely friendly and welcoming.,
554,3,False,Location,...,
555,1,False,(parse failed),,"json_parse_error: Expecting ',' delimiter: line 1 column 668 (char 667)"
555,2,False,(parse failed),,"json_parse_error: Expecting ',' delimiter: line 1 column 668 (char 667)"
555,3,False,(parse failed),,"json_parse_error: Expecting ',' delimiter: line 1 column 668 (char 667)"
556,1,False,(parse failed),,"json_parse_error: Expecting ',' delimiter: line 1 column 302 (char 301)"
556,2,False,(parse failed),,"json_parse_error: Expecting ',' delimiter: line 1 column 302 (char 301)"
556,3,False,(parse failed),,"json_parse_error: Expecting ',' delimiter: line 1 column 302 (char 301)"
557,1,False,Staff,"Cleanliness first, but also the kindness of the staff.",
557,1,False,Food,"The breakfast offered by an independent service does not correspond quantitatively and qualitatively to the known levels of Cypriot hospitality and gastronomy,",
557,1,False,Food,and the price of €12 for breakfast is much more expensive than the reasonable value (in terms of quality and quantity) of the offered product!,
557,1,False,Price,€12,
557,2,False,Staff,"Cleanliness first, but also the kindness of the staff.",
557,2,False,Food,"The breakfast offered by an independent service does not correspond quantitatively and qualitatively to the known levels of Cypriot hospitality and gastronomy,",
557,2,False,Food,and the price of €12 for breakfast is much more expensive than the reasonable value (in terms of quality and quantity) of the offered product!,
557,2,False,Price,€12,
557,3,False,Staff,"Cleanliness first, but also the kindness of the staff.",
557,3,False,Food,"The breakfast offered by an independent service does not correspond quantitatively and qualitatively to the known levels of Cypriot hospitality and gastronomy,",
557,3,False,Food,and the price of €12 for breakfast is much more expensive than the reasonable value (in terms of quality and quantity) of the offered product!,
557,3,False,Price,€12,
558,1,False,(parse failed),,json_parse_error: Expecting value: line 1 column 5270 (char 5269)
558,2,False,(parse failed),,json_parse_error: Expecting value: line 1 column 5270 (char 5269)
558,3,False,(parse failed),,json_parse_error: Expecting value: line 1 column 5270 (char 5269)
559,1,False,Location,not far from the beach,
559,2,False,Location,not far from the beach,
559,3,False,Location,not far from the beach,
560,1,False,Room,the room,
560,1,False,Location,Excellent location near the airport.,
560,1,False,Location,Good for an overnight stay after a late or early morning flight.,
560,2,False,Room,the room,
560,2,False,Location,Excellent location near the airport.,
560,2,False,Location,Good for an overnight stay after a late or early morning flight.,
560,3,False,Room,the room,
560,3,False,Location,Excellent location near the airport.,
560,3,False,Location,Good for an overnight stay after a late or early morning flight.,
561,1,True,Room,cleanliness,
561,1,True,Staff,kindness of the staff,
561,2,True,Room,cleanliness,
561,2,True,Staff,kindness of the staff,
561,3,True,Room,cleanliness,
561,3,True,Staff,kindness of the staff,
562,1,False,Room,"the room is really clean, close to Larnaca airport and it was really convenient to stop there because our flight landed in the middle of the night",
562,2,False,Room,"the room is really clean, close to Larnaca airport and it was really convenient to stop there because our flight landed in the middle of the night",
562,3,False,Room,"the room is really clean, close to Larnaca airport and it was really convenient to stop there because our flight landed in the middle of the night",
564,1,False,Room,The room was spotless and the sheets were musky!,
564,1,False,Room,"While we had booked a double room, they gave us a 4-bed room with two rooms, which made us very happy.",
564,1,False,Room,the room was spotless,
564,1,False,Staff,The staff is very kind and helpful!,
564,1,False,Staff,The staff is very kind and helpful!,
564,2,False,Room,The room was spotless and the sheets were musky!,
564,2,False,Room,"While we had booked a double room, they gave us a 4-bed room with two rooms, which made us very happy.",
564,2,False,Room,the room was spotless,
564,2,False,Staff,The staff is very kind and helpful!,
564,2,False,Staff,The staff is very kind and helpful!,
564,3,False,Room,The room was spotless and the sheets were musky!,
564,3,False,Room,"While we had booked a double room, they gave us a 4-bed room with two rooms, which made us very happy.",
564,3,False,Room,the room was spotless,
564,3,False,Staff,The staff is very kind and helpful!,
564,3,False,Staff,The staff is very kind and helpful!,
565,1,False,(parse failed),,json_parse_error: Unterminated string starting at: line 1 column 5319 (char 5318)
565,2,False,(parse failed),,json_parse_error: Unterminated string starting at: line 1 column 5319 (char 5318)
565,3,False,(parse failed),,json_parse_error: Unterminated string starting at: line 1 column 5319 (char 5318)
566,1,False,Room,not big,
566,1,False,Staff,Staff speaks French,
566,1,False,Location,Location close to the airport,
566,2,False,Room,not big,
566,2,False,Staff,Staff speaks French,
566,2,False,Location,Location close to the airport,
566,3,False,Room,not big,
566,3,False,Staff,Staff speaks French,
566,3,False,Location,Location close to the airport,
567,1,False,Room,not big,
567,1,False,Staff,The staff was very nice and helpful!,
567,1,False,Staff,they helped us with everything we needed.,
567,1,False,Location,"nice location,",
567,1,False,Location,"the breakfast was amazing, fresh and handmade!",
567,1,False,Food,"the breakfast was amazing, fresh and handmade!",
567,1,False,Food,"Also, the breakfast was amazing, fresh and handmade!",
567,2,False,Room,not big,
567,2,False,Staff,The staff was very nice and helpful!,
567,2,False,Staff,they helped us with everything we needed.,
567,2,False,Location,"nice location,",
567,2,False,Location,"the breakfast was amazing, fresh and handmade!",
567,2,False,Food,"the breakfast was amazing, fresh and handmade!",
567,2,False,Food,"Also, the breakfast was amazing, fresh and handmade!",
567,3,False,Room,not big,
567,3,False,Staff,The staff was very nice and helpful!,
567,3,False,Staff,they helped us with everything we needed.,
567,3,False,Location,"nice location,",
567,3,False,Location,"the breakfast was amazing, fresh and handmade!",
567,3,False,Food,"the breakfast was amazing, fresh and handmade!",
567,3,False,Food,"Also, the breakfast was amazing, fresh and handmade!",
568,1,True,Off,Be sure to negotiate the price beforehand. It's your own fault!,
568,1,True,Taxi-issue,The taxi driver who picked us up for the short drive to the airport ripped us off.,
568,2,True,Off,Be sure to negotiate the price beforehand. It's your own fault!,
568,2,True,Taxi-issue,The taxi driver who picked us up for the short drive to the airport ripped us off.,
568,3,True,Off,Be sure to negotiate the price beforehand. It's your own fault!,
568,3,True,Taxi-issue,The taxi driver who picked us up for the short drive to the airport ripped us off.,
569,1,True,Room,"The hotel was recently renovated, rooms are in new and clean condition",
569,1,True,Staff,The hotel staff is simply charming and kind!,
569,1,True,Staff,They upgraded our room for free.,
569,1,True,Staff,The hotel put us in touch with a taxi driver who took us to visit the mall and charged us decent prices.,
569,1,True,Location,"Excellent location, 7 minutes walk from the boardwalk and the airport",
569,2,True,Room,"The hotel was recently renovated, rooms are in new and clean condition",
569,2,True,Staff,The hotel staff is simply charming and kind!,
569,2,True,Staff,They upgraded our room for free.,
569,2,True,Staff,The hotel put us in touch with a taxi driver who took us to visit the mall and charged us decent prices.,
569,2,True,Location,"Excellent location, 7 minutes walk from the boardwalk and the airport",
569,3,True,Room,"The hotel was recently renovated, rooms are in new and clean condition",
569,3,True,Staff,The hotel staff is simply charming and kind!,
569,3,True,Staff,They upgraded our room for free.,
569,3,True,Staff,The hotel put us in touch with a taxi driver who took us to visit the mall and charged us decent prices.,
569,3,True,Location,"Excellent location, 7 minutes walk from the boardwalk and the airport",
570,1,True,Room,Everything is clean and perfect.,
570,1,True,Staff,"Staff very welcoming, kind and very friendly.",
570,1,True,Off,I strongly advise.,
570,2,True,Room,Everything is clean and perfect.,
570,2,True,Staff,"Staff very welcoming, kind and very friendly.",
570,2,True,Off,I strongly advise.,
570,3,True,Room,Everything is clean and perfect.,
570,3,True,Staff,"Staff very welcoming, kind and very friendly.",
570,3,True,Off,I strongly advise.,
571,1,False,(parse failed),,json_parse_error: Expecting value: line 1 column 5266 (char 5265)
571,2,False,(parse failed),,json_parse_error: Expecting value: line 1 column 5266 (char 5265)
571,3,False,(parse failed),,json_parse_error: Expecting value: line 1 column 5266 (char 5265)
572,1,False,Staff,"Friendly people both at the reception and in the restaurant, willing to serve",
572,2,False,Staff,"Friendly people both at the reception and in the restaurant, willing to serve",
572,3,False,Staff,"Friendly people both at the reception and in the restaurant, willing to serve",
573,1,True,Room,"the calm and comfort of the bedding, the balcony, the spacious room",
573,2,True,Room,"the calm and comfort of the bedding, the balcony, the spacious room",
573,3,True,Room,"the calm and comfort of the bedding, the balcony, the spacious room",
574,1,False,Room,"The room was very clean, well decorated and modern, although not big.",
574,1,False,Room,The rooms are spacious and clean great to stay .. I even got an upgrade which is always so nice.,
574,1,False,Staff,The staff was very nice and helpful! The personal were lovely too.,
574,1,False,Staff,Maria at reception is just great she really took time to explain where to go how to get there and so helpful ... 🙏,
574,1,False,Staff,"Richard the chef this guy is like the friendliest guy ever, such a nice guy with a permanent. Smile 😁",
574,1,False,Location,"nice location,",
574,1,False,Location,just a 5-minute walk to the beach.,
574,1,False,Location,"very convenient for the night market, which is only one street away.",
574,1,False,Location,the bus stop which goes to and from the airport as well as the town center is a minutes walk away and just 2 euros,
574,1,False,Off,nothing,
574,2,False,Room,"The room was very clean, well decorated and modern, although not big.",
574,2,False,Room,The rooms are spacious and clean great to stay .. I even got an upgrade which is always so nice.,
574,2,False,Staff,The staff was very nice and helpful! The personal were lovely too.,
574,2,False,Staff,Maria at reception is just great she really took time to explain where to go how to get there and so helpful ... 🙏,
574,2,False,Staff,"Richard the chef this guy is like the friendliest guy ever, such a nice guy with a permanent. Smile 😁",
574,2,False,Location,"nice location,",
574,2,False,Location,just a 5-minute walk to the beach.,
574,2,False,Location,"very convenient for the night market, which is only one street away.",
574,2,False,Location,the bus stop which goes to and from the airport as well as the town center is a minutes walk away and just 2 euros,
574,2,False,Off,nothing,
574,3,False,Room,"The room was very clean, well decorated and modern, although not big.",
574,3,False,Room,The rooms are spacious and clean great to stay .. I even got an upgrade which is always so nice.,
574,3,False,Staff,The staff was very nice and helpful! The personal were lovely too.,
574,3,False,Staff,Maria at reception is just great she really took time to explain where to go how to get there and so helpful ... 🙏,
574,3,False,Staff,"Richard the chef this guy is like the friendliest guy ever, such a nice guy with a permanent. Smile 😁",
574,3,False,Location,"nice location,",
574,3,False,Location,just a 5-minute walk to the beach.,
574,3,False,Location,"very convenient for the night market, which is only one street away.",
574,3,False,Location,the bus stop which goes to and from the airport as well as the town center is a minutes walk away and just 2 euros,
574,3,False,Off,nothing,
575,1,False,Room,"The room was very clean, well decorated and modern, although not big.",
575,1,False,Room,The rooms are spacious and clean great to stay .. I even got an upgrade which is always so nice.,
575,1,False,Staff,The staff was very nice and helpful! The personal were lovely. Service was great. Maria at reception is just great she really took time to explain where to go how to get there and so helpful ... 🙏,
575,1,False,Location,"nice location,",
575,1,False,Location,just a 5-minute walk to the beach.,
575,1,False,Location,"very convenient for the night market, which is only one street away.",
575,1,False,Location,Great location for restaurants.,
575,1,False,Location,Great location for a short drive to the airport.,
575,1,False,Location,I don't think I need to mention where I'll be staying next time I'm in Larnaka.. 😊,
575,1,False,Food,"Also, the breakfast was amazing, fresh and handmade!",
575,2,False,Room,"The room was very clean, well decorated and modern, although not big.",
575,2,False,Room,The rooms are spacious and clean great to stay .. I even got an upgrade which is always so nice.,
575,2,False,Staff,The staff was very nice and helpful! The personal were lovely. Service was great. Maria at reception is just great she really took time to explain where to go how to get there and so helpful ... 🙏,
575,2,False,Location,"nice location,",
575,2,False,Location,just a 5-minute walk to the beach.,
575,2,False,Location,"very convenient for the night market, which is only one street away.",
575,2,False,Location,Great location for restaurants.,
575,2,False,Location,Great location for a short drive to the airport.,
575,2,False,Location,I don't think I need to mention where I'll be staying next time I'm in Larnaka.. 😊,
575,2,False,Food,"Also, the breakfast was amazing, fresh and handmade!",
575,3,False,Room,"The room was very clean, well decorated and modern, although not big.",
575,3,False,Room,The rooms are spacious and clean great to stay .. I even got an upgrade which is always so nice.,
575,3,False,Staff,The staff was very nice and helpful! The personal were lovely. Service was great. Maria at reception is just great she really took time to explain where to go how to get there and so helpful ... 🙏,
575,3,False,Location,"nice location,",
575,3,False,Location,just a 5-minute walk to the beach.,
575,3,False,Location,"very convenient for the night market, which is only one street away.",
575,3,False,Location,Great location for restaurants.,
575,3,False,Location,Great location for a short drive to the airport.,
575,3,False,Location,I don't think I need to mention where I'll be staying next time I'm in Larnaka.. 😊,
575,3,False,Food,"Also, the breakfast was amazing, fresh and handmade!",
576,1,False,Staff,"the restaurant service is very good, varied and with good prices,",
576,1,False,Staff,the workers are very pleasant and attentive.,
576,2,False,Staff,"the restaurant service is very good, varied and with good prices,",
576,2,False,Staff,the workers are very pleasant and attentive.,
576,3,False,Staff,"the restaurant service is very good, varied and with good prices,",
576,3,False,Staff,the workers are very pleasant and attentive.,
577,1,False,Room,The room was spotless.,
577,1,False,Staff,Staff were lovely.,
577,1,False,Location,Great location for restaurants.,
577,1,False,Location,Great location for a short drive to the airport.,
577,1,False,Off,Nothing,
577,2,False,Room,The room was spotless.,
577,2,False,Staff,Staff were lovely.,
577,2,False,Location,Great location for restaurants.,
577,2,False,Location,Great location for a short drive to the airport.,
577,2,False,Off,Nothing,
577,3,False,Room,The room was spotless.,
577,3,False,Staff,Staff were lovely.,
577,3,False,Location,Great location for restaurants.,
577,3,False,Location,Great location for a short drive to the airport.,
577,3,False,Off,Nothing,
578,1,True,Room,"Good, firm beds and nice air conditioning in the room.",
578,1,True,Staff,they were very nice and prepared a fantastic breakfast for us!,
578,2,True,Room,"Good, firm beds and nice air conditioning in the room.",
578,2,True,Staff,they were very nice and prepared a fantastic breakfast for us!,
578,3,True,Room,"Good, firm beds and nice air conditioning in the room.",
578,3,True,Staff,they were very nice and prepared a fantastic breakfast for us!,
579,1,False,Room,"The room was very clean, well decorated and modern, although not big.",
579,1,False,Room,The room was spotless.,
579,1,False,Staff,The staff was very nice and helpful!,
579,1,False,Staff,The staff were lovely.,
579,1,False,Staff,Maria at reception is just great she really took time to explain where to go how to get there and so helpful ...,
579,1,False,Staff,"Richard the chef this guy is like the friendliest guy ever, such a nice guy with a permanent. Smile",
579,1,False,Location,"nice location,",
579,1,False,Location,just a 5-minute walk to the beach.,
579,1,False,Location,"very convenient for the night market, which is only one street away.",
579,1,False,Location,Great location for restaurants.,
579,1,False,Location,Great location for a short drive to the airport.,
579,1,False,Food,"Also, the breakfast was amazing, fresh and handmade!",
579,2,False,Room,"The room was very clean, well decorated and modern, although not big.",
579,2,False,Room,The room was spotless.,
579,2,False,Staff,The staff was very nice and helpful!,
579,2,False,Staff,The staff were lovely.,
579,2,False,Staff,Maria at reception is just great she really took time to explain where to go how to get there and so helpful ...,
579,2,False,Staff,"Richard the chef this guy is like the friendliest guy ever, such a nice guy with a permanent. Smile",
579,2,False,Location,"nice location,",
579,2,False,Location,just a 5-minute walk to the beach.,
579,2,False,Location,"very convenient for the night market, which is only one street away.",
579,2,False,Location,Great location for restaurants.,
579,2,False,Location,Great location for a short drive to the airport.,
579,2,False,Food,"Also, the breakfast was amazing, fresh and handmade!",
579,3,False,Room,"The room was very clean, well decorated and modern, although not big.",
579,3,False,Room,The room was spotless.,
579,3,False,Staff,The staff was very nice and helpful!,
579,3,False,Staff,The staff were lovely.,
579,3,False,Staff,Maria at reception is just great she really took time to explain where to go how to get there and so helpful ...,
579,3,False,Staff,"Richard the chef this guy is like the friendliest guy ever, such a nice guy with a permanent. Smile",
579,3,False,Location,"nice location,",
579,3,False,Location,just a 5-minute walk to the beach.,
579,3,False,Location,"very convenient for the night market, which is only one street away.",
579,3,False,Location,Great location for restaurants.,
579,3,False,Location,Great location for a short drive to the airport.,
579,3,False,Food,"Also, the breakfast was amazing, fresh and handmade!",
580,1,False,(parse failed),,json_parse_error: Expecting ':' delimiter: line 1 column 189 (char 188)
580,2,False,(parse failed),,json_parse_error: Expecting ':' delimiter: line 1 column 189 (char 188)
580,3,False,(parse failed),,json_parse_error: Expecting ':' delimiter: line 1 column 189 (char 188)
581,1,True,Room,super clean,
581,1,True,Staff,Welcoming by the staff,
581,2,True,Room,super clean,
581,2,True,Staff,Welcoming by the staff,
581,3,True,Room,super clean,
581,3,True,Staff,Welcoming by the staff,
582,1,False,(parse failed),,json_parse_error: Expecting property name enclosed in double quotes: line 1 column 72 (char 71)
582,2,False,(parse failed),,json_parse_error: Expecting property name enclosed in double quotes: line 1 column 72 (char 71)
582,3,False,(parse failed),,json_parse_error: Expecting property name enclosed in double quotes: line 1 column 72 (char 71)
583,1,True,Room,Room comfort.,
583,1,True,Staff,Nothing.,
583,2,True,Room,Room comfort.,
583,2,True,Staff,Nothing.,
583,3,True,Room,Room comfort.,
583,3,True,Staff,Nothing.,
584,1,False,(parse failed),,"json_parse_error: Expecting ',' delimiter: line 1 column 1009 (char 1008)"
584,2,False,(parse failed),,"json_parse_error: Expecting ',' delimiter: line 1 column 1009 (char 1008)"
584,3,False,(parse failed),,"json_parse_error: Expecting ',' delimiter: line 1 column 1009 (char 1008)"
585,1,False,(parse failed),,json_parse_error: Expecting property name enclosed in double quotes: line 1 column 60 (char 59)
585,2,False,(parse failed),,json_parse_error: Expecting property name enclosed in double quotes: line 1 column 60 (char 59)
585,3,False,(parse failed),,json_parse_error: Expecting property name enclosed in double quotes: line 1 column 60 (char 59)
586,1,False,Room,The room was spotless.,
586,1,False,Staff,Friendly and welcoming staff.,
586,1,False,Location,"the hotel is close to the airport,",
586,1,False,Location,convenient for a short stay.,
586,1,False,Location,"Near the sea, promenade and several excellent restaurants.",
586,2,False,Room,The room was spotless.,
586,2,False,Staff,Friendly and welcoming staff.,
586,2,False,Location,"the hotel is close to the airport,",
586,2,False,Location,convenient for a short stay.,
586,2,False,Location,"Near the sea, promenade and several excellent restaurants.",
586,3,False,Room,The room was spotless.,
586,3,False,Staff,Friendly and welcoming staff.,
586,3,False,Location,"the hotel is close to the airport,",
586,3,False,Location,convenient for a short stay.,
586,3,False,Location,"Near the sea, promenade and several excellent restaurants.",
587,1,True,Room,clean - close to the airport and the beach,
587,1,True,Staff,the employees are nice,
587,2,True,Room,clean - close to the airport and the beach,
587,2,True,Staff,the employees are nice,
587,3,True,Room,clean - close to the airport and the beach,
587,3,True,Staff,the employees are nice,
588,1,False,Room,The room was clean and comfortable.,
588,1,False,Staff,The staff were very helpful and friendly.,
588,1,False,Location,Excellent location close to everything.,
588,2,False,Room,The room was clean and comfortable.,
588,2,False,Staff,The staff were very helpful and friendly.,
588,2,False,Location,Excellent location close to everything.,
588,3,False,Room,The room was clean and comfortable.,
588,3,False,Staff,The staff were very helpful and friendly.,
588,3,False,Location,Excellent location close to everything.,
589,1,False,Room,"Cleanliness, distance from the airport, quality of bedding, size of the room, bottle of water available.",
589,1,False,Room,size of the room,
589,1,False,Staff,Sympathy of the owners in the morning who made the effort to speak French to us.,
589,1,False,Staff,"The owners left us clear and precise information for our arrival, sending us photos.",
589,1,False,Staff,The owners,
589,1,False,Off,We recommend eyes closed.,
589,2,False,Room,"Cleanliness, distance from the airport, quality of bedding, size of the room, bottle of water available.",
589,2,False,Room,size of the room,
589,2,False,Staff,Sympathy of the owners in the morning who made the effort to speak French to us.,
589,2,False,Staff,"The owners left us clear and precise information for our arrival, sending us photos.",
589,2,False,Staff,The owners,
589,2,False,Off,We recommend eyes closed.,
589,3,False,Room,"Cleanliness, distance from the airport, quality of bedding, size of the room, bottle of water available.",
589,3,False,Room,size of the room,
589,3,False,Staff,Sympathy of the owners in the morning who made the effort to speak French to us.,
589,3,False,Staff,"The owners left us clear and precise information for our arrival, sending us photos.",
589,3,False,Staff,The owners,
589,3,False,Off,We recommend eyes closed.,
590,1,False,Room,"Crisp white linens, small but cozy and very clean room.",
590,1,False,Room,The room was spotless.,
590,1,False,Staff,Very pleasant and helpful staff!,
590,1,False,Staff,Thank you!,
590,1,False,Location,5 minutes from the beach and the airport.,
590,1,False,Location,5 minutes from the beach,
590,1,False,Location,the airport,
590,1,False,Location,and the airport.,
590,1,False,Location,only one street away.,
590,1,False,Price,"For a reasonable price, we extended our stay in the room for half a day due to the constantly shifting departure of the plane.",
590,1,False,Off,Not applicable,
590,2,False,Room,"Crisp white linens, small but cozy and very clean room.",
590,2,False,Room,The room was spotless.,
590,2,False,Staff,Very pleasant and helpful staff!,
590,2,False,Staff,Thank you!,
590,2,False,Location,5 minutes from the beach and the airport.,
590,2,False,Location,5 minutes from the beach,
590,2,False,Location,the airport,
590,2,False,Location,and the airport.,
590,2,False,Location,only one street away.,
590,2,False,Price,"For a reasonable price, we extended our stay in the room for half a day due to the constantly shifting departure of the plane.",
590,2,False,Off,Not applicable,
590,3,False,Room,"Crisp white linens, small but cozy and very clean room.",
590,3,False,Room,The room was spotless.,
590,3,False,Staff,Very pleasant and helpful staff!,
590,3,False,Staff,Thank you!,
590,3,False,Location,5 minutes from the beach and the airport.,
590,3,False,Location,5 minutes from the beach,
590,3,False,Location,the airport,
590,3,False,Location,and the airport.,
590,3,False,Location,only one street away.,
590,3,False,Price,"For a reasonable price, we extended our stay in the room for half a day due to the constantly shifting departure of the plane.",
590,3,False,Off,Not applicable,
591,1,False,(parse failed),,"json_parse_error: Expecting ',' delimiter: line 1 column 723 (char 722)"
591,2,False,(parse failed),,"json_parse_error: Expecting ',' delimiter: line 1 column 723 (char 722)"
591,3,False,(parse failed),,"json_parse_error: Expecting ',' delimiter: line 1 column 723 (char 722)"
592,1,False,Room,The room was spotless.,
592,1,False,Room,although not big,
592,1,False,Staff,the staff were very nice and helpful!,
592,1,False,Staff,Maria at reception is just great she really took time to explain where to go how to get there and so helpful ... 🙏,
592,1,False,Staff,"Richard the chef this guy is like the friendliest guy ever, such a nice guy with a permanent. Smile 😁",
592,1,False,Location,"nice location,",
592,1,False,Location,just a 5-minute walk to the beach.,
592,1,False,Location,"very convenient for the night market, which is only one street away.",
592,1,False,Location,the bus stop which goes to and from the airport as well as the town center is a minutes walk away and just 2 euros,
592,1,False,Food,"Breakfast was really good. Fresh juice, eggs made to order, and a wide selection of pastries.",
592,1,False,Food,Oh yeah the food is great to and very reasonable prices ..,
592,1,False,Food,Even the cleaning lady is so friendly and so nice to talk to .,
592,1,False,Off,nothing,
592,2,False,Room,The room was spotless.,
592,2,False,Room,although not big,
592,2,False,Staff,the staff were very nice and helpful!,
592,2,False,Staff,Maria at reception is just great she really took time to explain where to go how to get there and so helpful ... 🙏,
592,2,False,Staff,"Richard the chef this guy is like the friendliest guy ever, such a nice guy with a permanent. Smile 😁",
592,2,False,Location,"nice location,",
592,2,False,Location,just a 5-minute walk to the beach.,
592,2,False,Location,"very convenient for the night market, which is only one street away.",
592,2,False,Location,the bus stop which goes to and from the airport as well as the town center is a minutes walk away and just 2 euros,
592,2,False,Food,"Breakfast was really good. Fresh juice, eggs made to order, and a wide selection of pastries.",
592,2,False,Food,Oh yeah the food is great to and very reasonable prices ..,
592,2,False,Food,Even the cleaning lady is so friendly and so nice to talk to .,
592,2,False,Off,nothing,
592,3,False,Room,The room was spotless.,
592,3,False,Room,although not big,
592,3,False,Staff,the staff were very nice and helpful!,
592,3,False,Staff,Maria at reception is just great she really took time to explain where to go how to get there and so helpful ... 🙏,
592,3,False,Staff,"Richard the chef this guy is like the friendliest guy ever, such a nice guy with a permanent. Smile 😁",
592,3,False,Location,"nice location,",
592,3,False,Location,just a 5-minute walk to the beach.,
592,3,False,Location,"very convenient for the night market, which is only one street away.",
592,3,False,Location,the bus stop which goes to and from the airport as well as the town center is a minutes walk away and just 2 euros,
592,3,False,Food,"Breakfast was really good. Fresh juice, eggs made to order, and a wide selection of pastries.",
592,3,False,Food,Oh yeah the food is great to and very reasonable prices ..,
592,3,False,Food,Even the cleaning lady is so friendly and so nice to talk to .,
592,3,False,Off,nothing,
593,1,False,Food,"The dishes cooked to order are delicious, I recommend eating at Jasmine Garden.",
593,2,False,Food,"The dishes cooked to order are delicious, I recommend eating at Jasmine Garden.",
593,3,False,Food,"The dishes cooked to order are delicious, I recommend eating at Jasmine Garden.",
594,1,False,Room,Very uncomfortable folding bed,
594,1,False,Staff,Nice welcoming staff.,
594,1,False,Staff,Kindly settled early,
594,1,False,Food,We had a delicious dinner at the hotel restaurant.,
594,1,False,Facility,There is a cozy courtyard.,
594,2,False,Room,Very uncomfortable folding bed,
594,2,False,Staff,Nice welcoming staff.,
594,2,False,Staff,Kindly settled early,
594,2,False,Food,We had a delicious dinner at the hotel restaurant.,
594,2,False,Facility,There is a cozy courtyard.,
594,3,False,Room,Very uncomfortable folding bed,
594,3,False,Staff,Nice welcoming staff.,
594,3,False,Staff,Kindly settled early,
594,3,False,Food,We had a delicious dinner at the hotel restaurant.,
594,3,False,Facility,There is a cozy courtyard.,
595,1,False,(parse failed),,"json_parse_error: Expecting ',' delimiter: line 1 column 1596 (char 1595)"
595,2,False,(parse failed),,"json_parse_error: Expecting ',' delimiter: line 1 column 1596 (char 1595)"
595,3,False,(parse failed),,"json_parse_error: Expecting ',' delimiter: line 1 column 1596 (char 1595)"
596,1,True,Room,"very clean cheap, modern room",
596,1,True,Price,cheap,
596,2,True,Room,"very clean cheap, modern room",
596,2,True,Price,cheap,
596,3,True,Room,"very clean cheap, modern room",
596,3,True,Price,cheap,
597,1,False,(parse failed),,"json_parse_error: Expecting ',' delimiter: line 1 column 244 (char 243)"
597,2,False,(parse failed),,"json_parse_error: Expecting ',' delimiter: line 1 column 244 (char 243)"
597,3,False,(parse failed),,"json_parse_error: Expecting ',' delimiter: line 1 column 244 (char 243)"
598,1,False,Room,"The room was very clean, well decorated and modern, although not big.",
598,1,False,Staff,Very nice staff,
598,2,False,Room,"The room was very clean, well decorated and modern, although not big.",
598,2,False,Staff,Very nice staff,
598,3,False,Room,"The room was very clean, well decorated and modern, although not big.",
598,3,False,Staff,Very nice staff,
599,1,True,Room,The room is small but everything is new and very clean.,
599,1,True,Room,Comfortable double bed and crisp white linen.,
599,1,True,Room,Side sea view.,
599,1,True,Staff,friendly staff.,
599,2,True,Room,The room is small but everything is new and very clean.,
599,2,True,Room,Comfortable double bed and crisp white linen.,
599,2,True,Room,Side sea view.,
599,2,True,Staff,friendly staff.,
599,3,True,Room,The room is small but everything is new and very clean.,
599,3,True,Room,Comfortable double bed and crisp white linen.,
599,3,True,Room,Side sea view.,
599,3,True,Staff,friendly staff.,
600,1,True,Room,a small but clean cozy modern hotel,
600,1,True,Price,corresponds to the price,
600,2,True,Room,a small but clean cozy modern hotel,
600,2,True,Price,corresponds to the price,
600,3,True,Room,a small but clean cozy modern hotel,
600,3,True,Price,corresponds to the price,
601,1,False,Room,"The room was very clean, well decorated and modern, although not big.",
601,1,False,Room,The rooms are spacious and clean great to stay .. I even got an upgrade which is always so nice.,
601,1,False,Staff,The staff was very nice and helpful! The personal were lovely. Maria at reception is just great she really took time to explain where to go how to get there and so helpful ... 🙏,
601,1,False,Location,"nice location,",
601,1,False,Location,just a 5-minute walk to the beach.,
601,1,False,Location,"very convenient for the night market, which is only one street away.",
601,1,False,Location,the bus stop which goes to and from the airport as well as the town center is a minutes walk away and just 2 euros,
601,1,False,Food,"Also, the breakfast was amazing, fresh and handmade!",
601,1,False,Food,Oh yeah the food is great to and very reasonable prices ..,
601,1,False,Off,nothing,
601,2,False,Room,"The room was very clean, well decorated and modern, although not big.",
601,2,False,Room,The rooms are spacious and clean great to stay .. I even got an upgrade which is always so nice.,
601,2,False,Staff,The staff was very nice and helpful! The personal were lovely. Maria at reception is just great she really took time to explain where to go how to get there and so helpful ... 🙏,
601,2,False,Location,"nice location,",
601,2,False,Location,just a 5-minute walk to the beach.,
601,2,False,Location,"very convenient for the night market, which is only one street away.",
601,2,False,Location,the bus stop which goes to and from the airport as well as the town center is a minutes walk away and just 2 euros,
601,2,False,Food,"Also, the breakfast was amazing, fresh and handmade!",
601,2,False,Food,Oh yeah the food is great to and very reasonable prices ..,
601,2,False,Off,nothing,
601,3,False,Room,"The room was very clean, well decorated and modern, although not big.",
601,3,False,Room,The rooms are spacious and clean great to stay .. I even got an upgrade which is always so nice.,
601,3,False,Staff,The staff was very nice and helpful! The personal were lovely. Maria at reception is just great she really took time to explain where to go how to get there and so helpful ... 🙏,
601,3,False,Location,"nice location,",
601,3,False,Location,just a 5-minute walk to the beach.,
601,3,False,Location,"very convenient for the night market, which is only one street away.",
601,3,False,Location,the bus stop which goes to and from the airport as well as the town center is a minutes walk away and just 2 euros,
601,3,False,Food,"Also, the breakfast was amazing, fresh and handmade!",
601,3,False,Food,Oh yeah the food is great to and very reasonable prices ..,
601,3,False,Off,nothing,
602,1,False,Room,"clean,",
602,1,False,Room,quiet.,
602,1,False,Room,the room was spotless.,
602,1,False,Staff,"Excellent welcome,",
602,1,False,Staff,Hotel staff were friendly and helpful,
602,1,False,Location,Hotel very well located for the airport.,
602,2,False,Room,"clean,",
602,2,False,Room,quiet.,
602,2,False,Room,the room was spotless.,
602,2,False,Staff,"Excellent welcome,",
602,2,False,Staff,Hotel staff were friendly and helpful,
602,2,False,Location,Hotel very well located for the airport.,
602,3,False,Room,"clean,",
602,3,False,Room,quiet.,
602,3,False,Room,the room was spotless.,
602,3,False,Staff,"Excellent welcome,",
602,3,False,Staff,Hotel staff were friendly and helpful,
602,3,False,Location,Hotel very well located for the airport.,
603,1,False,(parse failed),,json_parse_error: Expecting value: line 1 column 5268 (char 5267)
603,2,False,(parse failed),,json_parse_error: Expecting value: line 1 column 5268 (char 5267)
603,3,False,(parse failed),,json_parse_error: Expecting value: line 1 column 5268 (char 5267)
604,1,False,(parse failed),,"json_parse_error: Expecting ',' delimiter: line 1 column 1174 (char 1173)"
604,2,False,(parse failed),,"json_parse_error: Expecting ',' delimiter: line 1 column 1174 (char 1173)"
604,3,False,(parse failed),,"json_parse_error: Expecting ',' delimiter: line 1 column 1174 (char 1173)"
605,1,False,Room,"clean,",
605,1,False,Room,"well decorated and modern, although not big.",
605,1,False,Staff,"The hosts are very nice, they help in everything.",
605,2,False,Room,"clean,",
605,2,False,Room,"well decorated and modern, although not big.",
605,2,False,Staff,"The hosts are very nice, they help in everything.",
605,3,False,Room,"clean,",
605,3,False,Room,"well decorated and modern, although not big.",
605,3,False,Staff,"The hosts are very nice, they help in everything.",
606,1,False,Room,The room was spotless.,
606,1,False,Staff,"Amazing team, thinks of all the details and happy to help. Our flight was delayed and they took care of us both for late check-in and for an electrical adapter",
606,1,False,Check-in,Our flight was delayed and they took care of us both for late check-in,
606,2,False,Room,The room was spotless.,
606,2,False,Staff,"Amazing team, thinks of all the details and happy to help. Our flight was delayed and they took care of us both for late check-in and for an electrical adapter",
606,2,False,Check-in,Our flight was delayed and they took care of us both for late check-in,
606,3,False,Room,The room was spotless.,
606,3,False,Staff,"Amazing team, thinks of all the details and happy to help. Our flight was delayed and they took care of us both for late check-in and for an electrical adapter",
606,3,False,Check-in,Our flight was delayed and they took care of us both for late check-in,
607,1,True,Room,"The room is not sealed off from the corridor, you can hear everything.",
607,1,True,Room,Somewhat small and sterile rooms.,
607,2,True,Room,"The room is not sealed off from the corridor, you can hear everything.",
607,2,True,Room,Somewhat small and sterile rooms.,
607,3,True,Room,"The room is not sealed off from the corridor, you can hear everything.",
607,3,True,Room,Somewhat small and sterile rooms.,
608,1,True,Room,clean and comfortable,
608,2,True,Room,clean and comfortable,
608,3,True,Room,clean and comfortable,
609,1,False,(parse failed),,"json_parse_error: Expecting ',' delimiter: line 1 column 898 (char 897)"
609,2,False,(parse failed),,"json_parse_error: Expecting ',' delimiter: line 1 column 898 (char 897)"
609,3,False,(parse failed),,"json_parse_error: Expecting ',' delimiter: line 1 column 898 (char 897)"
610,1,False,Room,The room was spotless.,
610,1,False,Location,Close to Larnaca airport and 5min walk to the beach.,
610,1,False,Location,Very quiet hotel with a restaurant in the enclosure which is very good.,
610,1,False,Location,The breakfast on the terrace is very nice too!,
610,2,False,Room,The room was spotless.,
610,2,False,Location,Close to Larnaca airport and 5min walk to the beach.,
610,2,False,Location,Very quiet hotel with a restaurant in the enclosure which is very good.,
610,2,False,Location,The breakfast on the terrace is very nice too!,
610,3,False,Room,The room was spotless.,
610,3,False,Location,Close to Larnaca airport and 5min walk to the beach.,
610,3,False,Location,Very quiet hotel with a restaurant in the enclosure which is very good.,
610,3,False,Location,The breakfast on the terrace is very nice too!,
611,1,False,Room,The comfortable and very clean room.,
611,1,False,Room,The calm,
611,1,False,Staff,"the kindness and availability of the staff,",
611,1,False,Staff,The restaurant offering a good quality of dishes.,
611,1,False,Staff,The comfortable and very clean room.,
611,1,False,Staff,The calm,
611,1,False,Location,Proximity to the city center and the beach.,
611,1,False,Location,Very good value for money,
611,1,False,Price,Very good value for money,
611,2,False,Room,The comfortable and very clean room.,
611,2,False,Room,The calm,
611,2,False,Staff,"the kindness and availability of the staff,",
611,2,False,Staff,The restaurant offering a good quality of dishes.,
611,2,False,Staff,The comfortable and very clean room.,
611,2,False,Staff,The calm,
611,2,False,Location,Proximity to the city center and the beach.,
611,2,False,Location,Very good value for money,
611,2,False,Price,Very good value for money,
611,3,False,Room,The comfortable and very clean room.,
611,3,False,Room,The calm,
611,3,False,Staff,"the kindness and availability of the staff,",
611,3,False,Staff,The restaurant offering a good quality of dishes.,
611,3,False,Staff,The comfortable and very clean room.,
611,3,False,Staff,The calm,
611,3,False,Location,Proximity to the city center and the beach.,
611,3,False,Location,Very good value for money,
611,3,False,Price,Very good value for money,
612,1,False,(parse failed),,json_parse_error: Expecting ':' delimiter: line 1 column 153 (char 152)
612,2,False,(parse failed),,json_parse_error: Expecting ':' delimiter: line 1 column 153 (char 152)
612,3,False,(parse failed),,json_parse_error: Expecting ':' delimiter: line 1 column 153 (char 152)
613,1,False,Room,Comfortable bed.,
613,1,False,Room,Purely.,
613,1,False,Room,Not all rooms have a balcony. I did not have it.,
613,1,False,Room,"Staying for one day is fine, but if you live for a while, then how to dry your towel and swimsuit ...",
613,1,False,Staff,Very good breakfast!,
613,1,False,Staff,Friendly staff.,
613,1,False,Food,Breakfast was great.,
613,2,False,Room,Comfortable bed.,
613,2,False,Room,Purely.,
613,2,False,Room,Not all rooms have a balcony. I did not have it.,
613,2,False,Room,"Staying for one day is fine, but if you live for a while, then how to dry your towel and swimsuit ...",
613,2,False,Staff,Very good breakfast!,
613,2,False,Staff,Friendly staff.,
613,2,False,Food,Breakfast was great.,
613,3,False,Room,Comfortable bed.,
613,3,False,Room,Purely.,
613,3,False,Room,Not all rooms have a balcony. I did not have it.,
613,3,False,Room,"Staying for one day is fine, but if you live for a while, then how to dry your towel and swimsuit ...",
613,3,False,Staff,Very good breakfast!,
613,3,False,Staff,Friendly staff.,
613,3,False,Food,Breakfast was great.,
614,1,False,(parse failed),,"json_parse_error: Expecting ',' delimiter: line 1 column 904 (char 903)"
614,2,False,(parse failed),,"json_parse_error: Expecting ',' delimiter: line 1 column 904 (char 903)"
614,3,False,(parse failed),,"json_parse_error: Expecting ',' delimiter: line 1 column 904 (char 903)"
615,1,False,(parse failed),,json_parse_error: Unterminated string starting at: line 1 column 520 (char 519)
615,2,False,(parse failed),,json_parse_error: Unterminated string starting at: line 1 column 520 (char 519)
615,3,False,(parse failed),,json_parse_error: Unterminated string starting at: line 1 column 520 (char 519)
616,1,False,Room,not too big,
616,1,False,Staff,Very friendly and helpful hotel staff.,
616,1,False,Location,"Mackenzie Beach is super easy to reach,",
616,1,False,Location,not too close to be disturbed by the parties there at night.,
616,2,False,Room,not too big,
616,2,False,Staff,Very friendly and helpful hotel staff.,
616,2,False,Location,"Mackenzie Beach is super easy to reach,",
616,2,False,Location,not too close to be disturbed by the parties there at night.,
616,3,False,Room,not too big,
616,3,False,Staff,Very friendly and helpful hotel staff.,
616,3,False,Location,"Mackenzie Beach is super easy to reach,",
616,3,False,Location,not too close to be disturbed by the parties there at night.,
617,1,False,(parse failed),,json_parse_error: Expecting property name enclosed in double quotes: line 1 column 80 (char 79)
617,2,False,(parse failed),,json_parse_error: Expecting property name enclosed in double quotes: line 1 column 80 (char 79)
617,3,False,(parse failed),,json_parse_error: Expecting property name enclosed in double quotes: line 1 column 80 (char 79)
618,1,True,Room,space,
618,1,True,Location,location,
618,1,True,Location,location,
618,2,True,Room,space,
618,2,True,Location,location,
618,2,True,Location,location,
618,3,True,Room,space,
618,3,True,Location,location,
618,3,True,Location,location,
619,1,False,Room,quiet hotel,
619,1,False,Staff,Excellent welcome by the owner who speaks fluent French.,
619,1,False,Staff,Perfect and good dinner and lovely waiter.,
619,1,False,Staff,the owner,
619,1,False,Location,Quiet hotel and extremely well located for the airport and Larnaca salt lake.,
619,1,False,Location,for a night of transit before our return to France it was perfect.,
619,1,False,Location,Larnaca salt lake,
619,1,False,Location,airport,
619,1,False,Price,Unbeatable value for money I think.,
619,2,False,Room,quiet hotel,
619,2,False,Staff,Excellent welcome by the owner who speaks fluent French.,
619,2,False,Staff,Perfect and good dinner and lovely waiter.,
619,2,False,Staff,the owner,
619,2,False,Location,Quiet hotel and extremely well located for the airport and Larnaca salt lake.,
619,2,False,Location,for a night of transit before our return to France it was perfect.,
619,2,False,Location,Larnaca salt lake,
619,2,False,Location,airport,
619,2,False,Price,Unbeatable value for money I think.,
619,3,False,Room,quiet hotel,
619,3,False,Staff,Excellent welcome by the owner who speaks fluent French.,
619,3,False,Staff,Perfect and good dinner and lovely waiter.,
619,3,False,Staff,the owner,
619,3,False,Location,Quiet hotel and extremely well located for the airport and Larnaca salt lake.,
619,3,False,Location,for a night of transit before our return to France it was perfect.,
619,3,False,Location,Larnaca salt lake,
619,3,False,Location,airport,
619,3,False,Price,Unbeatable value for money I think.,
620,1,False,(parse failed),,json_parse_error: Expecting ':' delimiter: line 1 column 132 (char 131)
620,2,False,(parse failed),,json_parse_error: Expecting ':' delimiter: line 1 column 132 (char 131)
620,3,False,(parse failed),,json_parse_error: Expecting ':' delimiter: line 1 column 132 (char 131)
621,1,False,(parse failed),,json_parse_error: Expecting ':' delimiter: line 1 column 121 (char 120)
621,2,False,(parse failed),,json_parse_error: Expecting ':' delimiter: line 1 column 121 (char 120)
621,3,False,(parse failed),,json_parse_error: Expecting ':' delimiter: line 1 column 121 (char 120)
622,1,True,Room,"super friendly staff and a clean, modern room",
622,1,True,Staff,super friendly staff,
622,2,True,Room,"super friendly staff and a clean, modern room",
622,2,True,Staff,super friendly staff,
622,3,True,Room,"super friendly staff and a clean, modern room",
622,3,True,Staff,super friendly staff,
623,1,False,Location,Good location near the airport and the beach.,
623,2,False,Location,Good location near the airport and the beach.,
623,3,False,Location,Good location near the airport and the beach.,
624,1,False,Room,Nice modern room.,
624,1,False,Room,The room was spotless.,
624,1,False,Staff,Boss and family take care of that,
624,1,False,Staff,Well-being of your guests!,
624,2,False,Room,Nice modern room.,
624,2,False,Room,The room was spotless.,
624,2,False,Staff,Boss and family take care of that,
624,2,False,Staff,Well-being of your guests!,
624,3,False,Room,Nice modern room.,
624,3,False,Room,The room was spotless.,
624,3,False,Staff,Boss and family take care of that,
624,3,False,Staff,Well-being of your guests!,
625,1,False,(parse failed),,"json_parse_error: Expecting ',' delimiter: line 1 column 654 (char 653)"
625,2,False,(parse failed),,"json_parse_error: Expecting ',' delimiter: line 1 column 654 (char 653)"
625,3,False,(parse failed),,"json_parse_error: Expecting ',' delimiter: line 1 column 654 (char 653)"
626,1,False,(parse failed),,json_parse_error: Expecting ':' delimiter: line 1 column 210 (char 209)
626,2,False,(parse failed),,json_parse_error: Expecting ':' delimiter: line 1 column 210 (char 209)
626,3,False,(parse failed),,json_parse_error: Expecting ':' delimiter: line 1 column 210 (char 209)
627,1,False,(parse failed),,json_parse_error: Unterminated string starting at: line 1 column 5299 (char 5298)
627,2,False,(parse failed),,json_parse_error: Unterminated string starting at: line 1 column 5299 (char 5298)
627,3,False,(parse failed),,json_parse_error: Unterminated string starting at: line 1 column 5299 (char 5298)
628,1,False,Room,The rooms were very clean.,
628,1,False,Room,The room was spotless.,
628,1,False,Staff,The staff at the hotel (Tony) was nice and gave a pleasant feeling - immediately after the booking we received a WhatsApp from him to confirm the time of arrival and to inform that they were waiting for us.,
628,1,False,Location,the hotel is located close to the airport,
628,1,False,Location,there is a bus with good frequency from the street next to the airport,
628,1,False,Location,and close to the city center,
628,1,False,Location,The hotel is located in a dead-end and quiet street - we had plenty of parking,
628,1,False,Location,the hotel is located close to the airport,
628,2,False,Room,The rooms were very clean.,
628,2,False,Room,The room was spotless.,
628,2,False,Staff,The staff at the hotel (Tony) was nice and gave a pleasant feeling - immediately after the booking we received a WhatsApp from him to confirm the time of arrival and to inform that they were waiting for us.,
628,2,False,Location,the hotel is located close to the airport,
628,2,False,Location,there is a bus with good frequency from the street next to the airport,
628,2,False,Location,and close to the city center,
628,2,False,Location,The hotel is located in a dead-end and quiet street - we had plenty of parking,
628,2,False,Location,the hotel is located close to the airport,
628,3,False,Room,The rooms were very clean.,
628,3,False,Room,The room was spotless.,
628,3,False,Staff,The staff at the hotel (Tony) was nice and gave a pleasant feeling - immediately after the booking we received a WhatsApp from him to confirm the time of arrival and to inform that they were waiting for us.,
628,3,False,Location,the hotel is located close to the airport,
628,3,False,Location,there is a bus with good frequency from the street next to the airport,
628,3,False,Location,and close to the city center,
628,3,False,Location,The hotel is located in a dead-end and quiet street - we had plenty of parking,
628,3,False,Location,the hotel is located close to the airport,
629,1,False,Room,the room was clean and comfortable,
629,1,False,Staff,the staff were friendly and helpful,
629,2,False,Room,the room was clean and comfortable,
629,2,False,Staff,the staff were friendly and helpful,
629,3,False,Room,the room was clean and comfortable,
629,3,False,Staff,the staff were friendly and helpful,
630,1,False,(parse failed),,json_parse_error: Expecting ':' delimiter: line 1 column 97 (char 96)
630,2,False,(parse failed),,json_parse_error: Expecting ':' delimiter: line 1 column 97 (char 96)
630,3,False,(parse failed),,json_parse_error: Expecting ':' delimiter: line 1 column 97 (char 96)
631,1,True,Room,"It was very new, clean and quite modern.",
631,1,True,Price,Excellent price/quality ratio,
631,2,True,Room,"It was very new, clean and quite modern.",
631,2,True,Price,Excellent price/quality ratio,
631,3,True,Room,"It was very new, clean and quite modern.",
631,3,True,Price,Excellent price/quality ratio,
632,1,False,Room,"The room was very nicely furnished and, above all, super clean.",
632,1,False,Room,The room was very nicely furnished,
632,1,False,Location,the bus connection to the city center was just around the corner,
632,1,False,Location,and we were able to get back to the hotel later in the evening without any problems using public transport,
632,1,False,Location,The location was also perfect for the trip to the airport the next morning (7:00 am).,
632,2,False,Room,"The room was very nicely furnished and, above all, super clean.",
632,2,False,Room,The room was very nicely furnished,
632,2,False,Location,the bus connection to the city center was just around the corner,
632,2,False,Location,and we were able to get back to the hotel later in the evening without any problems using public transport,
632,2,False,Location,The location was also perfect for the trip to the airport the next morning (7:00 am).,
632,3,False,Room,"The room was very nicely furnished and, above all, super clean.",
632,3,False,Room,The room was very nicely furnished,
632,3,False,Location,the bus connection to the city center was just around the corner,
632,3,False,Location,and we were able to get back to the hotel later in the evening without any problems using public transport,
632,3,False,Location,The location was also perfect for the trip to the airport the next morning (7:00 am).,
633,1,False,(parse failed),,json_parse_error: Expecting property name enclosed in double quotes: line 1 column 54 (char 53)
633,2,False,(parse failed),,json_parse_error: Expecting property name enclosed in double quotes: line 1 column 54 (char 53)
633,3,False,(parse failed),,json_parse_error: Expecting property name enclosed in double quotes: line 1 column 54 (char 53)
634,1,False,(parse failed),,json_parse_error: Unterminated string starting at: line 1 column 1400 (char 1399)
634,2,False,(parse failed),,json_parse_error: Unterminated string starting at: line 1 column 1400 (char 1399)
634,3,False,(parse failed),,json_parse_error: Unterminated string starting at: line 1 column 1400 (char 1399)
635,1,False,(parse failed),,json_parse_error: Unterminated string starting at: line 1 column 5267 (char 5266)
635,2,False,(parse failed),,json_parse_error: Unterminated string starting at: line 1 column 5267 (char 5266)
635,3,False,(parse failed),,json_parse_error: Unterminated string starting at: line 1 column 5267 (char 5266)
636,1,False,Room,The room was spotless.,
636,1,False,Staff,a very friendly staff,
636,2,False,Room,The room was spotless.,
636,2,False,Staff,a very friendly staff,
636,3,False,Room,The room was spotless.,
636,3,False,Staff,a very friendly staff,
637,1,False,(parse failed),,json_parse_error: Expecting ':' delimiter: line 1 column 195 (char 194)
637,2,False,(parse failed),,json_parse_error: Expecting ':' delimiter: line 1 column 195 (char 194)
637,3,False,(parse failed),,json_parse_error: Expecting ':' delimiter: line 1 column 195 (char 194)
638,1,True,Room,room comfort,
638,1,True,Staff,service and courtesy of the staff.,
638,1,True,Staff,the staff,
638,1,True,Location,"Location,",
638,1,True,Location,room comfort,
638,1,True,Location,service and courtesy of the staff.,
638,1,True,Location,Everything was perfect !,
638,2,True,Room,room comfort,
638,2,True,Staff,service and courtesy of the staff.,
638,2,True,Staff,the staff,
638,2,True,Location,"Location,",
638,2,True,Location,room comfort,
638,2,True,Location,service and courtesy of the staff.,
638,2,True,Location,Everything was perfect !,
638,3,True,Room,room comfort,
638,3,True,Staff,service and courtesy of the staff.,
638,3,True,Staff,the staff,
638,3,True,Location,"Location,",
638,3,True,Location,room comfort,
638,3,True,Location,service and courtesy of the staff.,
638,3,True,Location,Everything was perfect !,
639,1,True,Room,Small beautiful clean room.,
639,1,True,Room,They accommodated us with an earlier check-in and earlier check-out.,
639,1,True,Room,There is no problem with a later check-in either.,
639,2,True,Room,Small beautiful clean room.,
639,2,True,Room,They accommodated us with an earlier check-in and earlier check-out.,
639,2,True,Room,There is no problem with a later check-in either.,
639,3,True,Room,Small beautiful clean room.,
639,3,True,Room,They accommodated us with an earlier check-in and earlier check-out.,
639,3,True,Room,There is no problem with a later check-in either.,
640,1,False,(parse failed),,json_parse_error: Expecting ':' delimiter: line 1 column 124 (char 123)
640,2,False,(parse failed),,json_parse_error: Expecting ':' delimiter: line 1 column 124 (char 123)
640,3,False,(parse failed),,json_parse_error: Expecting ':' delimiter: line 1 column 124 (char 123)
641,1,False,(parse failed),,"json_parse_error: Expecting ',' delimiter: line 1 column 585 (char 584)"
641,2,False,(parse failed),,"json_parse_error: Expecting ',' delimiter: line 1 column 585 (char 584)"
641,3,False,(parse failed),,"json_parse_error: Expecting ',' delimiter: line 1 column 585 (char 584)"
642,1,False,Room,they speak French.,
642,1,False,Staff,Are very caring and welcome you 24 hours a day.,
642,1,False,Food,"Delicious homemade breakfast,",
642,2,False,Room,they speak French.,
642,2,False,Staff,Are very caring and welcome you 24 hours a day.,
642,2,False,Food,"Delicious homemade breakfast,",
642,3,False,Room,they speak French.,
642,3,False,Staff,Are very caring and welcome you 24 hours a day.,
642,3,False,Food,"Delicious homemade breakfast,",
643,1,False,Room,modern room.,
643,1,False,Food,I would like more variety at breakfast.,
643,1,False,Price,The price to food ratio was disproportionate.,
643,2,False,Room,modern room.,
643,2,False,Food,I would like more variety at breakfast.,
643,2,False,Price,The price to food ratio was disproportionate.,
643,3,False,Room,modern room.,
643,3,False,Food,I would like more variety at breakfast.,
643,3,False,Price,The price to food ratio was disproportionate.,
644,1,False,(parse failed),,json_parse_error: Unterminated string starting at: line 1 column 5252 (char 5251)
644,2,False,(parse failed),,json_parse_error: Unterminated string starting at: line 1 column 5252 (char 5251)
644,3,False,(parse failed),,json_parse_error: Unterminated string starting at: line 1 column 5252 (char 5251)
645,1,False,Room,"The room was very clean, well decorated and modern, although not big.",
645,1,False,Staff,"The staff was very nice and helpful! The breakfast was amazing, fresh and handmade!",
645,1,False,Location,"nice location,",
645,1,False,Location,the bus stop which goes to and from the airport as well as the town center is a minutes walk away and just 2 euros,
645,1,False,Off,nothing,
645,2,False,Room,"The room was very clean, well decorated and modern, although not big.",
645,2,False,Staff,"The staff was very nice and helpful! The breakfast was amazing, fresh and handmade!",
645,2,False,Location,"nice location,",
645,2,False,Location,the bus stop which goes to and from the airport as well as the town center is a minutes walk away and just 2 euros,
645,2,False,Off,nothing,
645,3,False,Room,"The room was very clean, well decorated and modern, although not big.",
645,3,False,Staff,"The staff was very nice and helpful! The breakfast was amazing, fresh and handmade!",
645,3,False,Location,"nice location,",
645,3,False,Location,the bus stop which goes to and from the airport as well as the town center is a minutes walk away and just 2 euros,
645,3,False,Off,nothing,
646,1,True,Room,The room was wonderful. White bed.,
646,1,True,Location,Very close to Salt Lake and Mackenzie Beach.,
646,1,True,Location,Very close to bus stop.,
646,1,True,Location,"Very close to the airport, the bus only costs 1.5 euros to and from the airport.",
646,1,True,Location,"From the hotel you can just walk along the entire promenade of Larnaca, you won’t miss anything.",
646,1,True,Location,A calm step along the sea to the Church of St. Lazarus 30-40 minutes.,
646,1,True,Food,Breakfast can be bought directly at the hotel for only 8 euros.,
646,2,True,Room,The room was wonderful. White bed.,
646,2,True,Location,Very close to Salt Lake and Mackenzie Beach.,
646,2,True,Location,Very close to bus stop.,
646,2,True,Location,"Very close to the airport, the bus only costs 1.5 euros to and from the airport.",
646,2,True,Location,"From the hotel you can just walk along the entire promenade of Larnaca, you won’t miss anything.",
646,2,True,Location,A calm step along the sea to the Church of St. Lazarus 30-40 minutes.,
646,2,True,Food,Breakfast can be bought directly at the hotel for only 8 euros.,
646,3,True,Room,The room was wonderful. White bed.,
646,3,True,Location,Very close to Salt Lake and Mackenzie Beach.,
646,3,True,Location,Very close to bus stop.,
646,3,True,Location,"Very close to the airport, the bus only costs 1.5 euros to and from the airport.",
646,3,True,Location,"From the hotel you can just walk along the entire promenade of Larnaca, you won’t miss anything.",
646,3,True,Location,A calm step along the sea to the Church of St. Lazarus 30-40 minutes.,
646,3,True,Food,Breakfast can be bought directly at the hotel for only 8 euros.,
647,1,False,Room,The room was spotless.,
647,1,False,Room,although not big,
647,1,False,Staff,The staff were lovely.,
647,1,False,Staff,Service was great.,
647,1,False,Staff,They were very helpful and friendly!,
647,1,False,Location,Great location for restaurants.,
647,1,False,Location,Great location for a short drive to the airport.,
647,1,False,Location,"nice location,",
647,1,False,Location,"lovely personal, renovated,",
647,1,False,Location,the bus stop which goes to and from the airport as well as the town center is a minutes walk away and just 2 euros,
647,1,False,Off,nothing,
647,2,False,Room,The room was spotless.,
647,2,False,Room,although not big,
647,2,False,Staff,The staff were lovely.,
647,2,False,Staff,Service was great.,
647,2,False,Staff,They were very helpful and friendly!,
647,2,False,Location,Great location for restaurants.,
647,2,False,Location,Great location for a short drive to the airport.,
647,2,False,Location,"nice location,",
647,2,False,Location,"lovely personal, renovated,",
647,2,False,Location,the bus stop which goes to and from the airport as well as the town center is a minutes walk away and just 2 euros,
647,2,False,Off,nothing,
647,3,False,Room,The room was spotless.,
647,3,False,Room,although not big,
647,3,False,Staff,The staff were lovely.,
647,3,False,Staff,Service was great.,
647,3,False,Staff,They were very helpful and friendly!,
647,3,False,Location,Great location for restaurants.,
647,3,False,Location,Great location for a short drive to the airport.,
647,3,False,Location,"nice location,",
647,3,False,Location,"lovely personal, renovated,",
647,3,False,Location,the bus stop which goes to and from the airport as well as the town center is a minutes walk away and just 2 euros,
647,3,False,Off,nothing,
648,1,False,Staff,Nice staff.,
648,2,False,Staff,Nice staff.,
648,3,False,Staff,Nice staff.,
649,1,False,(parse failed),,json_parse_error: Expecting value: line 1 column 5277 (char 5276)
649,2,False,(parse failed),,json_parse_error: Expecting value: line 1 column 5277 (char 5276)
649,3,False,(parse failed),,json_parse_error: Expecting value: line 1 column 5277 (char 5276)
650,1,False,(parse failed),,"json_parse_error: Expecting ',' delimiter: line 1 column 345 (char 344)"
650,2,False,(parse failed),,"json_parse_error: Expecting ',' delimiter: line 1 column 345 (char 344)"
650,3,False,(parse failed),,"json_parse_error: Expecting ',' delimiter: line 1 column 345 (char 344)"
651,1,False,(parse failed),,"json_parse_error: Expecting ',' delimiter: line 1 column 1335 (char 1334)"
651,2,False,(parse failed),,"json_parse_error: Expecting ',' delimiter: line 1 column 1335 (char 1334)"
651,3,False,(parse failed),,"json_parse_error: Expecting ',' delimiter: line 1 column 1335 (char 1334)"
652,1,False,(parse failed),,json_parse_error: Unterminated string starting at: line 1 column 325 (char 324)
652,2,False,(parse failed),,json_parse_error: Unterminated string starting at: line 1 column 325 (char 324)
652,3,False,(parse failed),,json_parse_error: Unterminated string starting at: line 1 column 325 (char 324)
653,1,True,Room,comfortable beds,
653,1,True,Staff,Very nice staff,
653,1,True,Location,"the option is excellent, close to the airport, near the lake with flamingos (in winter)",
653,2,True,Room,comfortable beds,
653,2,True,Staff,Very nice staff,
653,2,True,Location,"the option is excellent, close to the airport, near the lake with flamingos (in winter)",
653,3,True,Room,comfortable beds,
653,3,True,Staff,Very nice staff,
653,3,True,Location,"the option is excellent, close to the airport, near the lake with flamingos (in winter)",
654,1,False,(parse failed),,"json_parse_error: Expecting ',' delimiter: line 1 column 1015 (char 1014)"
654,2,False,(parse failed),,"json_parse_error: Expecting ',' delimiter: line 1 column 1015 (char 1014)"
654,3,False,(parse failed),,"json_parse_error: Expecting ',' delimiter: line 1 column 1015 (char 1014)"
655,1,False,Room,"the room was very well equipped, clean, comfortable...",
655,1,False,Staff,Very warm and caring welcome.,
655,2,False,Room,"the room was very well equipped, clean, comfortable...",
655,2,False,Staff,Very warm and caring welcome.,
655,3,False,Room,"the room was very well equipped, clean, comfortable...",
655,3,False,Staff,Very warm and caring welcome.,
656,1,False,(parse failed),,json_parse_error: Expecting property name enclosed in double quotes: line 1 column 59 (char 58)
656,2,False,(parse failed),,json_parse_error: Expecting property name enclosed in double quotes: line 1 column 59 (char 58)
656,3,False,(parse failed),,json_parse_error: Expecting property name enclosed in double quotes: line 1 column 59 (char 58)
657,1,True,Room,nice rooms,
657,1,True,Staff,Friendly staff,
657,2,True,Room,nice rooms,
657,2,True,Staff,Friendly staff,
657,3,True,Room,nice rooms,
657,3,True,Staff,Friendly staff,
658,1,False,Room,the room was small,
658,2,False,Room,the room was small,
658,3,False,Room,the room was small,
659,1,True,Room,"It was the cleanest room I've ever been, cleanliness is top notch, cleaned every day, down to the taps, towels and white bedding,",
659,1,True,Room,any problems are solved instantly.,
659,1,True,Staff,"The staff is excellent, everyone is definitely polite and smiling",
659,2,True,Room,"It was the cleanest room I've ever been, cleanliness is top notch, cleaned every day, down to the taps, towels and white bedding,",
659,2,True,Room,any problems are solved instantly.,
659,2,True,Staff,"The staff is excellent, everyone is definitely polite and smiling",
659,3,True,Room,"It was the cleanest room I've ever been, cleanliness is top notch, cleaned every day, down to the taps, towels and white bedding,",
659,3,True,Room,any problems are solved instantly.,
659,3,True,Staff,"The staff is excellent, everyone is definitely polite and smiling",
660,1,False,(parse failed),,json_parse_error: Expecting value: line 1 column 5274 (char 5273)
660,2,False,(parse failed),,json_parse_error: Expecting value: line 1 column 5274 (char 5273)
660,3,False,(parse failed),,json_parse_error: Expecting value: line 1 column 5274 (char 5273)
661,1,True,Room,"good bed,",
661,1,True,Room,"small but modern rooms,",
661,1,True,Room,"Proximity to the airport,",
661,1,True,Room,very good bathroom.,
661,1,True,Location,"Proximity to the airport,",
661,1,True,Location,"small but modern rooms,",
661,1,True,Location,"good bed,",
661,1,True,Location,very good bathroom.,
661,2,True,Room,"good bed,",
661,2,True,Room,"small but modern rooms,",
661,2,True,Room,"Proximity to the airport,",
661,2,True,Room,very good bathroom.,
661,2,True,Location,"Proximity to the airport,",
661,2,True,Location,"small but modern rooms,",
661,2,True,Location,"good bed,",
661,2,True,Location,very good bathroom.,
661,3,True,Room,"good bed,",
661,3,True,Room,"small but modern rooms,",
661,3,True,Room,"Proximity to the airport,",
661,3,True,Room,very good bathroom.,
661,3,True,Location,"Proximity to the airport,",
661,3,True,Location,"small but modern rooms,",
661,3,True,Location,"good bed,",
661,3,True,Location,very good bathroom.,
662,1,False,(parse failed),,json_parse_error: Unterminated string starting at: line 1 column 5315 (char 5314)
662,2,False,(parse failed),,json_parse_error: Unterminated string starting at: line 1 column 5315 (char 5314)
662,3,False,(parse failed),,json_parse_error: Unterminated string starting at: line 1 column 5315 (char 5314)
663,1,False,(parse failed),,"json_parse_error: Expecting ',' delimiter: line 1 column 206 (char 205)"
663,2,False,(parse failed),,"json_parse_error: Expecting ',' delimiter: line 1 column 206 (char 205)"
663,3,False,(parse failed),,"json_parse_error: Expecting ',' delimiter: line 1 column 206 (char 205)"
664,1,False,(parse failed),,json_parse_error: Expecting property name enclosed in double quotes: line 1 column 77 (char 76)
664,2,False,(parse failed),,json_parse_error: Expecting property name enclosed in double quotes: line 1 column 77 (char 76)
664,3,False,(parse failed),,json_parse_error: Expecting property name enclosed in double quotes: line 1 column 77 (char 76)
665,1,False,Room,"The room was good, but not lavish. Had to ask for bread.",
665,1,False,Location,"Location close to the airport, therefore during the day a lot of noise from planes taking off.",
665,1,False,Location,Not heard at night.,
665,2,False,Room,"The room was good, but not lavish. Had to ask for bread.",
665,2,False,Location,"Location close to the airport, therefore during the day a lot of noise from planes taking off.",
665,2,False,Location,Not heard at night.,
665,3,False,Room,"The room was good, but not lavish. Had to ask for bread.",
665,3,False,Location,"Location close to the airport, therefore during the day a lot of noise from planes taking off.",
665,3,False,Location,Not heard at night.,
666,1,False,(parse failed),,json_parse_error: Invalid control character at: line 1 column 71 (char 70)
666,2,False,(parse failed),,json_parse_error: Invalid control character at: line 1 column 71 (char 70)
666,3,False,(parse failed),,json_parse_error: Invalid control character at: line 1 column 71 (char 70)
667,1,False,(parse failed),,json_parse_error: Expecting value: line 1 column 5335 (char 5334)
667,2,False,(parse failed),,json_parse_error: Expecting value: line 1 column 5335 (char 5334)
667,3,False,(parse failed),,json_parse_error: Expecting value: line 1 column 5335 (char 5334)
668,1,False,(parse failed),,json_parse_error: Expecting ':' delimiter: line 1 column 97 (char 96)
668,2,False,(parse failed),,json_parse_error: Expecting ':' delimiter: line 1 column 97 (char 96)
668,3,False,(parse failed),,json_parse_error: Expecting ':' delimiter: line 1 column 97 (char 96)
669,1,False,(parse failed),,json_parse_error: Unterminated string starting at: line 1 column 5279 (char 5278)
669,2,False,(parse failed),,json_parse_error: Unterminated string starting at: line 1 column 5279 (char 5278)
669,3,False,(parse failed),,json_parse_error: Unterminated string starting at: line 1 column 5279 (char 5278)
670,1,False,(parse failed),,"json_parse_error: Expecting ',' delimiter: line 1 column 1787 (char 1786)"
670,2,False,(parse failed),,"json_parse_error: Expecting ',' delimiter: line 1 column 1787 (char 1786)"
670,3,False,(parse failed),,"json_parse_error: Expecting ',' delimiter: line 1 column 1787 (char 1786)"
671,1,False,Room,"The room was very clean, well decorated and modern, although not big.",
671,1,False,Staff,The staff was very nice and helpful!,
671,1,False,Location,"nice location,",
671,1,False,Location,the bus stop which goes to and from the airport as well as the town center is a minutes walk away and just 2 euros,
671,1,False,Off,...,
671,2,False,Room,"The room was very clean, well decorated and modern, although not big.",
671,2,False,Staff,The staff was very nice and helpful!,
671,2,False,Location,"nice location,",
671,2,False,Location,the bus stop which goes to and from the airport as well as the town center is a minutes walk away and just 2 euros,
671,2,False,Off,...,
671,3,False,Room,"The room was very clean, well decorated and modern, although not big.",
671,3,False,Staff,The staff was very nice and helpful!,
671,3,False,Location,"nice location,",
671,3,False,Location,the bus stop which goes to and from the airport as well as the town center is a minutes walk away and just 2 euros,
671,3,False,Off,...,
672,1,False,(parse failed),,json_parse_error: Expecting ':' delimiter: line 1 column 207 (char 206)
672,2,False,(parse failed),,json_parse_error: Expecting ':' delimiter: line 1 column 207 (char 206)
672,3,False,(parse failed),,json_parse_error: Expecting ':' delimiter: line 1 column 207 (char 206)
673,1,False,(parse failed),,"json_parse_error: Expecting ',' delimiter: line 1 column 5289 (char 5288)"
673,2,False,(parse failed),,"json_parse_error: Expecting ',' delimiter: line 1 column 5289 (char 5288)"
673,3,False,(parse failed),,"json_parse_error: Expecting ',' delimiter: line 1 column 5289 (char 5288)"
674,1,False,Room,"The room was very clean, well decorated and modern, although not big.",
674,1,False,Staff,Very competent staff,
674,2,False,Room,"The room was very clean, well decorated and modern, although not big.",
674,2,False,Staff,Very competent staff,
674,3,False,Room,"The room was very clean, well decorated and modern, although not big.",
674,3,False,Staff,Very competent staff,
675,1,True,Room,"very comfortable mattresses,",
675,1,True,Room,"fridge,",
675,1,True,Room,"kettle,",
675,1,True,Room,very modern new equipment.,
675,2,True,Room,"very comfortable mattresses,",
675,2,True,Room,"fridge,",
675,2,True,Room,"kettle,",
675,2,True,Room,very modern new equipment.,
675,3,True,Room,"very comfortable mattresses,",
675,3,True,Room,"fridge,",
675,3,True,Room,"kettle,",
675,3,True,Room,very modern new equipment.,
676,1,False,(parse failed),,json_parse_error: Unterminated string starting at: line 1 column 5261 (char 5260)
676,2,False,(parse failed),,json_parse_error: Unterminated string starting at: line 1 column 5261 (char 5260)
676,3,False,(parse failed),,json_parse_error: Unterminated string starting at: line 1 column 5261 (char 5260)
677,1,True,Room,ok for the sea,
677,1,True,Staff,very kind and welcoming,
677,2,True,Room,ok for the sea,
677,2,True,Staff,very kind and welcoming,
677,3,True,Room,ok for the sea,
677,3,True,Staff,very kind and welcoming,
678,1,True,Room,It is 5 minutes by car,
678,1,True,Location,next to Mackenzie beach and especially the airport,
678,2,True,Room,It is 5 minutes by car,
678,2,True,Location,next to Mackenzie beach and especially the airport,
678,3,True,Room,It is 5 minutes by car,
678,3,True,Location,next to Mackenzie beach and especially the airport,
679,1,True,Room,"Superb room, bathroom and balcony, very comfortable,",
679,1,True,Staff,the staff was top notch!,
679,2,True,Room,"Superb room, bathroom and balcony, very comfortable,",
679,2,True,Staff,the staff was top notch!,
679,3,True,Room,"Superb room, bathroom and balcony, very comfortable,",
679,3,True,Staff,the staff was top notch!,
680,1,False,(parse failed),,"json_parse_error: Expecting ',' delimiter: line 1 column 5281 (char 5280)"
680,2,False,(parse failed),,"json_parse_error: Expecting ',' delimiter: line 1 column 5281 (char 5280)"
680,3,False,(parse failed),,"json_parse_error: Expecting ',' delimiter: line 1 column 5281 (char 5280)"
681,1,False,Room,The room was spotless.,
681,1,False,Staff,good staff,
681,1,False,Location,"excellent location,",
681,1,False,Location,bus stops nearby,
681,1,False,Location,salt lake,
681,1,False,Location,5 minutes walk to the sea.,
681,1,False,Off,Not applicable,
681,2,False,Room,The room was spotless.,
681,2,False,Staff,good staff,
681,2,False,Location,"excellent location,",
681,2,False,Location,bus stops nearby,
681,2,False,Location,salt lake,
681,2,False,Location,5 minutes walk to the sea.,
681,2,False,Off,Not applicable,
681,3,False,Room,The room was spotless.,
681,3,False,Staff,good staff,
681,3,False,Location,"excellent location,",
681,3,False,Location,bus stops nearby,
681,3,False,Location,salt lake,
681,3,False,Location,5 minutes walk to the sea.,
681,3,False,Off,Not applicable,
682,1,False,Room,not big,
682,1,False,Staff,The staff was very nice and helpful!,
682,1,False,Staff,The staff here are amazing beyond expectations.,
682,1,False,Staff,Maria at reception is just great she really took time to explain where to go how to get there and so helpful ...,
682,1,False,Staff,"Richard the chef this guy is like the friendliest guy ever, such a nice guy with a permanent. Smile ",
682,1,False,Staff,Even the cleaning lady is so friendly and so nice to talk to .,
682,1,False,Location,"nice location,",
682,1,False,Location,just a 5-minute walk to the beach.,
682,1,False,Location,"very convenient for the night market, which is only one street away.",
682,1,False,Location,Great location for restaurants.,
682,1,False,Location,Great location for a short drive to the airport.,
682,1,False,Location,I don't think I need to mention where I'll be staying next time I'm in Larnaka.. ,
682,1,False,Off,nothing,
682,2,False,Room,not big,
682,2,False,Staff,The staff was very nice and helpful!,
682,2,False,Staff,The staff here are amazing beyond expectations.,
682,2,False,Staff,Maria at reception is just great she really took time to explain where to go how to get there and so helpful ...,
682,2,False,Staff,"Richard the chef this guy is like the friendliest guy ever, such a nice guy with a permanent. Smile ",
682,2,False,Staff,Even the cleaning lady is so friendly and so nice to talk to .,
682,2,False,Location,"nice location,",
682,2,False,Location,just a 5-minute walk to the beach.,
682,2,False,Location,"very convenient for the night market, which is only one street away.",
682,2,False,Location,Great location for restaurants.,
682,2,False,Location,Great location for a short drive to the airport.,
682,2,False,Location,I don't think I need to mention where I'll be staying next time I'm in Larnaka.. ,
682,2,False,Off,nothing,
682,3,False,Room,not big,
682,3,False,Staff,The staff was very nice and helpful!,
682,3,False,Staff,The staff here are amazing beyond expectations.,
682,3,False,Staff,Maria at reception is just great she really took time to explain where to go how to get there and so helpful ...,
682,3,False,Staff,"Richard the chef this guy is like the friendliest guy ever, such a nice guy with a permanent. Smile ",
682,3,False,Staff,Even the cleaning lady is so friendly and so nice to talk to .,
682,3,False,Location,"nice location,",
682,3,False,Location,just a 5-minute walk to the beach.,
682,3,False,Location,"very convenient for the night market, which is only one street away.",
682,3,False,Location,Great location for restaurants.,
682,3,False,Location,Great location for a short drive to the airport.,
682,3,False,Location,I don't think I need to mention where I'll be staying next time I'm in Larnaka.. ,
682,3,False,Off,nothing,
683,1,False,Room,clean and modern,
683,1,False,Staff,friendly,
683,2,False,Room,clean and modern,
683,2,False,Staff,friendly,
683,3,False,Room,clean and modern,
683,3,False,Staff,friendly,
684,1,False,Staff,"The terrace, the sympathy of the restaurant manager",
684,2,False,Staff,"The terrace, the sympathy of the restaurant manager",
684,3,False,Staff,"The terrace, the sympathy of the restaurant manager",
685,1,True,Room,perfect cleanliness,
685,1,True,Staff,super service,
685,1,True,Location,"Excellent location,",
685,1,True,Location,perfect cleanliness,
685,1,True,Location,excellent breakfasts for only 8€,
685,1,True,Food,excellent breakfasts for only 8€,
685,2,True,Room,perfect cleanliness,
685,2,True,Staff,super service,
685,2,True,Location,"Excellent location,",
685,2,True,Location,perfect cleanliness,
685,2,True,Location,excellent breakfasts for only 8€,
685,2,True,Food,excellent breakfasts for only 8€,
685,3,True,Room,perfect cleanliness,
685,3,True,Staff,super service,
685,3,True,Location,"Excellent location,",
685,3,True,Location,perfect cleanliness,
685,3,True,Location,excellent breakfasts for only 8€,
685,3,True,Food,excellent breakfasts for only 8€,
686,1,True,Room,quiet,
686,1,True,Staff,friendly,
686,2,True,Room,quiet,
686,2,True,Staff,friendly,
686,3,True,Room,quiet,
686,3,True,Staff,friendly,
687,1,False,Room,The room was spotless.,
687,1,False,Room,Reminds me of a family hostel.,
687,1,False,Staff,Excellent service staff.,
687,1,False,Staff,The owner and staff are always ready to help.,
687,1,False,Staff,Helped immediately with adapters.,
687,1,False,Location,From the hotel to the beach is relatively close. 5-7 minutes at a calm pace.,
687,1,False,Location,"There is a bus stop nearby, which is also very important.",
687,1,False,Food,monotonous breakfast. Every day is the same.,
687,2,False,Room,The room was spotless.,
687,2,False,Room,Reminds me of a family hostel.,
687,2,False,Staff,Excellent service staff.,
687,2,False,Staff,The owner and staff are always ready to help.,
687,2,False,Staff,Helped immediately with adapters.,
687,2,False,Location,From the hotel to the beach is relatively close. 5-7 minutes at a calm pace.,
687,2,False,Location,"There is a bus stop nearby, which is also very important.",
687,2,False,Food,monotonous breakfast. Every day is the same.,
687,3,False,Room,The room was spotless.,
687,3,False,Room,Reminds me of a family hostel.,
687,3,False,Staff,Excellent service staff.,
687,3,False,Staff,The owner and staff are always ready to help.,
687,3,False,Staff,Helped immediately with adapters.,
687,3,False,Location,From the hotel to the beach is relatively close. 5-7 minutes at a calm pace.,
687,3,False,Location,"There is a bus stop nearby, which is also very important.",
687,3,False,Food,monotonous breakfast. Every day is the same.,
688,1,False,Room,not big,
688,1,False,Staff,The staff was very nice and helpful!,
688,1,False,Staff,The staff was very nice and helpful!,
688,1,False,Staff,very nice owner,
688,1,False,Location,"nice location,",
688,1,False,Location,close to the beach!!,
688,1,False,Location,the beach,
688,2,False,Room,not big,
688,2,False,Staff,The staff was very nice and helpful!,
688,2,False,Staff,The staff was very nice and helpful!,
688,2,False,Staff,very nice owner,
688,2,False,Location,"nice location,",
688,2,False,Location,close to the beach!!,
688,2,False,Location,the beach,
688,3,False,Room,not big,
688,3,False,Staff,The staff was very nice and helpful!,
688,3,False,Staff,The staff was very nice and helpful!,
688,3,False,Staff,very nice owner,
688,3,False,Location,"nice location,",
688,3,False,Location,close to the beach!!,
688,3,False,Location,the beach,
689,1,False,(parse failed),,json_parse_error: Unterminated string starting at: line 1 column 305 (char 304)
689,2,False,(parse failed),,json_parse_error: Unterminated string starting at: line 1 column 305 (char 304)
689,3,False,(parse failed),,json_parse_error: Unterminated string starting at: line 1 column 305 (char 304)
690,1,False,Room,not far from the sea.,
690,1,False,Location,Very convenient location.,
690,1,False,Location,Not far from the airport and from the sea.,
690,1,False,Off,At 3 o'clock in the morning we woke up from the fact that the garbage truck loaded the tanks.,
690,2,False,Room,not far from the sea.,
690,2,False,Location,Very convenient location.,
690,2,False,Location,Not far from the airport and from the sea.,
690,2,False,Off,At 3 o'clock in the morning we woke up from the fact that the garbage truck loaded the tanks.,
690,3,False,Room,not far from the sea.,
690,3,False,Location,Very convenient location.,
690,3,False,Location,Not far from the airport and from the sea.,
690,3,False,Off,At 3 o'clock in the morning we woke up from the fact that the garbage truck loaded the tanks.,
691,1,False,(parse failed),,json_parse_error: Expecting property name enclosed in double quotes: line 1 column 84 (char 83)
691,2,False,(parse failed),,json_parse_error: Expecting property name enclosed in double quotes: line 1 column 84 (char 83)
691,3,False,(parse failed),,json_parse_error: Expecting property name enclosed in double quotes: line 1 column 84 (char 83)
692,1,False,Staff,Very helpful staff.,
692,1,False,Staff,staff,
692,2,False,Staff,Very helpful staff.,
692,2,False,Staff,staff,
692,3,False,Staff,Very helpful staff.,
692,3,False,Staff,staff,
693,1,False,Room,the room was spotless.,
693,1,False,Room,it's nice to have some available,
693,1,False,Location,access to the beach by crossing a vacant lot.,
693,1,False,Location,Airport nearby (but the taxi price is the same as from the center of Larnaca).,
693,1,False,Location,"Pleasant surprise, it is not in the photo but the accommodation has a swimming pool! ",
693,1,False,Off,Not applicable,
693,2,False,Room,the room was spotless.,
693,2,False,Room,it's nice to have some available,
693,2,False,Location,access to the beach by crossing a vacant lot.,
693,2,False,Location,Airport nearby (but the taxi price is the same as from the center of Larnaca).,
693,2,False,Location,"Pleasant surprise, it is not in the photo but the accommodation has a swimming pool! ",
693,2,False,Off,Not applicable,
693,3,False,Room,the room was spotless.,
693,3,False,Room,it's nice to have some available,
693,3,False,Location,access to the beach by crossing a vacant lot.,
693,3,False,Location,Airport nearby (but the taxi price is the same as from the center of Larnaca).,
693,3,False,Location,"Pleasant surprise, it is not in the photo but the accommodation has a swimming pool! ",
693,3,False,Off,Not applicable,
694,1,False,(parse failed),,"json_parse_error: Expecting ',' delimiter: line 1 column 5252 (char 5251)"
694,2,False,(parse failed),,"json_parse_error: Expecting ',' delimiter: line 1 column 5252 (char 5251)"
694,3,False,(parse failed),,"json_parse_error: Expecting ',' delimiter: line 1 column 5252 (char 5251)"
695,1,True,Room,super clean rooms,
695,1,True,Staff,the owners are very friendly!,
695,2,True,Room,super clean rooms,
695,2,True,Staff,the owners are very friendly!,
695,3,True,Room,super clean rooms,
695,3,True,Staff,the owners are very friendly!,
696,1,False,(parse failed),,"json_parse_error: Expecting ',' delimiter: line 1 column 5256 (char 5255)"
696,2,False,(parse failed),,"json_parse_error: Expecting ',' delimiter: line 1 column 5256 (char 5255)"
696,3,False,(parse failed),,"json_parse_error: Expecting ',' delimiter: line 1 column 5256 (char 5255)"
697,1,False,(parse failed),,json_parse_error: Expecting property name enclosed in double quotes: line 1 column 124 (char 123)
697,2,False,(parse failed),,json_parse_error: Expecting property name enclosed in double quotes: line 1 column 124 (char 123)
697,3,False,(parse failed),,json_parse_error: Expecting property name enclosed in double quotes: line 1 column 124 (char 123)
698,1,False,Room,The room was spotless.,
698,1,False,Staff,The welcome was very warm and efficient.,
698,1,False,Location,which is very convenient for not missing your flight.,
698,1,False,Location,well located for the restaurants in the area.,
698,2,False,Room,The room was spotless.,
698,2,False,Staff,The welcome was very warm and efficient.,
698,2,False,Location,which is very convenient for not missing your flight.,
698,2,False,Location,well located for the restaurants in the area.,
698,3,False,Room,The room was spotless.,
698,3,False,Staff,The welcome was very warm and efficient.,
698,3,False,Location,which is very convenient for not missing your flight.,
698,3,False,Location,well located for the restaurants in the area.,
699,1,False,Room,not big,
699,1,False,Staff,The hotel staff was fantastic.,
699,1,False,Staff,was very nice and helpful!,
699,2,False,Room,not big,
699,2,False,Staff,The hotel staff was fantastic.,
699,2,False,Staff,was very nice and helpful!,
699,3,False,Room,not big,
699,3,False,Staff,The hotel staff was fantastic.,
699,3,False,Staff,was very nice and helpful!,
700,1,False,(parse failed),,"json_parse_error: Expecting ',' delimiter: line 1 column 108 (char 107)"
700,2,False,(parse failed),,"json_parse_error: Expecting ',' delimiter: line 1 column 108 (char 107)"
700,3,False,(parse failed),,"json_parse_error: Expecting ',' delimiter: line 1 column 108 (char 107)"
701,1,False,Room,not big,
701,1,False,Staff,"Very friendly and helpful staff,",
701,1,False,Staff,walking distance to the beach with several restaurants.,
701,2,False,Room,not big,
701,2,False,Staff,"Very friendly and helpful staff,",
701,2,False,Staff,walking distance to the beach with several restaurants.,
701,3,False,Room,not big,
701,3,False,Staff,"Very friendly and helpful staff,",
701,3,False,Staff,walking distance to the beach with several restaurants.,
702,1,True,Room,room a bit small.,
702,1,True,Room,son of 16 had to sleep on the starter,
702,1,True,Staff,"Nice staff,",
702,1,True,Staff,good cook,
702,2,True,Room,room a bit small.,
702,2,True,Room,son of 16 had to sleep on the starter,
702,2,True,Staff,"Nice staff,",
702,2,True,Staff,good cook,
702,3,True,Room,room a bit small.,
702,3,True,Room,son of 16 had to sleep on the starter,
702,3,True,Staff,"Nice staff,",
702,3,True,Staff,good cook,
703,1,False,Room,the rooms are clean and comfortable.,
703,1,False,Room,The room was spotless.,
703,1,False,Staff,"Like the 2 managers of the hotel and the chef, the staff is extremely kind and helpful.",
703,1,False,Staff,the staff is extremely kind and helpful,
703,2,False,Room,the rooms are clean and comfortable.,
703,2,False,Room,The room was spotless.,
703,2,False,Staff,"Like the 2 managers of the hotel and the chef, the staff is extremely kind and helpful.",
703,2,False,Staff,the staff is extremely kind and helpful,
703,3,False,Room,the rooms are clean and comfortable.,
703,3,False,Room,The room was spotless.,
703,3,False,Staff,"Like the 2 managers of the hotel and the chef, the staff is extremely kind and helpful.",
703,3,False,Staff,the staff is extremely kind and helpful,
704,1,False,Room,The room was spotless.,
704,1,False,Room,although not big,
704,1,False,Staff,The staff were lovely.,
704,1,False,Staff,Service was great.,
704,1,False,Staff,They are very helpful and friendly.,
704,1,False,Location,the hotel is close to Larnaca Airport and the beach.,
704,1,False,Location,For the best.,
704,1,False,Location,it's a 5-minute walk to the beach.,
704,1,False,Location,which is only one street away.,
704,1,False,Location,a minutes walk away,
704,1,False,Food,"breakfast was amazing, fresh and handmade!",
704,2,False,Room,The room was spotless.,
704,2,False,Room,although not big,
704,2,False,Staff,The staff were lovely.,
704,2,False,Staff,Service was great.,
704,2,False,Staff,They are very helpful and friendly.,
704,2,False,Location,the hotel is close to Larnaca Airport and the beach.,
704,2,False,Location,For the best.,
704,2,False,Location,it's a 5-minute walk to the beach.,
704,2,False,Location,which is only one street away.,
704,2,False,Location,a minutes walk away,
704,2,False,Food,"breakfast was amazing, fresh and handmade!",
704,3,False,Room,The room was spotless.,
704,3,False,Room,although not big,
704,3,False,Staff,The staff were lovely.,
704,3,False,Staff,Service was great.,
704,3,False,Staff,They are very helpful and friendly.,
704,3,False,Location,the hotel is close to Larnaca Airport and the beach.,
704,3,False,Location,For the best.,
704,3,False,Location,it's a 5-minute walk to the beach.,
704,3,False,Location,which is only one street away.,
704,3,False,Location,a minutes walk away,
704,3,False,Food,"breakfast was amazing, fresh and handmade!",
705,1,False,(parse failed),,json_parse_error: Expecting property name enclosed in double quotes: line 1 column 48 (char 47)
705,2,False,(parse failed),,json_parse_error: Expecting property name enclosed in double quotes: line 1 column 48 (char 47)
705,3,False,(parse failed),,json_parse_error: Expecting property name enclosed in double quotes: line 1 column 48 (char 47)
706,1,False,Room,"The room was very clean, well decorated and modern, although not big.",
706,1,False,Staff,The staff was very nice and helpful!,
706,1,False,Location,"nice location,",
706,1,False,Food,"Also, the breakfast was amazing, fresh and handmade!",
706,2,False,Room,"The room was very clean, well decorated and modern, although not big.",
706,2,False,Staff,The staff was very nice and helpful!,
706,2,False,Location,"nice location,",
706,2,False,Food,"Also, the breakfast was amazing, fresh and handmade!",
706,3,False,Room,"The room was very clean, well decorated and modern, although not big.",
706,3,False,Staff,The staff was very nice and helpful!,
706,3,False,Location,"nice location,",
706,3,False,Food,"Also, the breakfast was amazing, fresh and handmade!",
707,1,True,Room,Small room for a family,
707,2,True,Room,Small room for a family,
707,3,True,Room,Small room for a family,
708,1,False,(parse failed),,json_parse_error: Expecting ':' delimiter: line 1 column 97 (char 96)
708,2,False,(parse failed),,json_parse_error: Expecting ':' delimiter: line 1 column 97 (char 96)
708,3,False,(parse failed),,json_parse_error: Expecting ':' delimiter: line 1 column 97 (char 96)
709,1,False,(parse failed),,json_parse_error: Expecting ':' delimiter: line 1 column 84 (char 83)
709,2,False,(parse failed),,json_parse_error: Expecting ':' delimiter: line 1 column 84 (char 83)
709,3,False,(parse failed),,json_parse_error: Expecting ':' delimiter: line 1 column 84 (char 83)
710,1,False,Room,"The room was very clean, well decorated and modern, although not big.",
710,1,False,Staff,The staff was very nice and helpful!,
710,1,False,Location,"nice location,",
710,1,False,Food,"Also, the breakfast was amazing, fresh and handmade!",
710,2,False,Room,"The room was very clean, well decorated and modern, although not big.",
710,2,False,Staff,The staff was very nice and helpful!,
710,2,False,Location,"nice location,",
710,2,False,Food,"Also, the breakfast was amazing, fresh and handmade!",
710,3,False,Room,"The room was very clean, well decorated and modern, although not big.",
710,3,False,Staff,The staff was very nice and helpful!,
710,3,False,Location,"nice location,",
710,3,False,Food,"Also, the breakfast was amazing, fresh and handmade!",
711,1,True,Room,Room and possibility for late check out and very nice staff,
711,1,True,Staff,very nice staff,
711,2,True,Room,Room and possibility for late check out and very nice staff,
711,2,True,Staff,very nice staff,
711,3,True,Room,Room and possibility for late check out and very nice staff,
711,3,True,Staff,very nice staff,
712,1,True,Room,Comfortable room,
712,2,True,Room,Comfortable room,
712,3,True,Room,Comfortable room,
713,1,True,Off,Very nice and close to the airport,
713,2,True,Off,Very nice and close to the airport,
713,3,True,Off,Very nice and close to the airport,
714,1,True,Room,a comfortable place.,
714,1,True,Room,Quiet and spacious.,
714,1,True,Staff,Quiet friendly staff.,
714,2,True,Room,a comfortable place.,
714,2,True,Room,Quiet and spacious.,
714,2,True,Staff,Quiet friendly staff.,
714,3,True,Room,a comfortable place.,
714,3,True,Room,Quiet and spacious.,
714,3,True,Staff,Quiet friendly staff.,
715,1,False,Room,The room was clean and comfortable.,
715,1,False,Staff,good staff,
715,1,False,Price,worth the price,
715,2,False,Room,The room was clean and comfortable.,
715,2,False,Staff,good staff,
715,2,False,Price,worth the price,
715,3,False,Room,The room was clean and comfortable.,
715,3,False,Staff,good staff,
715,3,False,Price,worth the price,
716,1,True,Room,New and clean rooms.,
716,1,True,Staff,Very pleasant staff.,
716,2,True,Room,New and clean rooms.,
716,2,True,Staff,Very pleasant staff.,
716,3,True,Room,New and clean rooms.,
716,3,True,Staff,Very pleasant staff.,
717,1,False,(parse failed),,json_parse_error: Expecting ':' delimiter: line 1 column 256 (char 255)
717,2,False,(parse failed),,json_parse_error: Expecting ':' delimiter: line 1 column 256 (char 255)
717,3,False,(parse failed),,json_parse_error: Expecting ':' delimiter: line 1 column 256 (char 255)
718,1,False,(parse failed),,"json_parse_error: Expecting ',' delimiter: line 1 column 53 (char 52)"
718,2,False,(parse failed),,"json_parse_error: Expecting ',' delimiter: line 1 column 53 (char 52)"
718,3,False,(parse failed),,"json_parse_error: Expecting ',' delimiter: line 1 column 53 (char 52)"
719,1,False,(parse failed),,json_parse_error: Unterminated string starting at: line 1 column 5299 (char 5298)
719,2,False,(parse failed),,json_parse_error: Unterminated string starting at: line 1 column 5299 (char 5298)
719,3,False,(parse failed),,json_parse_error: Unterminated string starting at: line 1 column 5299 (char 5298)
720,1,False,(parse failed),,json_parse_error: Expecting property name enclosed in double quotes: line 1 column 51 (char 50)
720,2,False,(parse failed),,json_parse_error: Expecting property name enclosed in double quotes: line 1 column 51 (char 50)
720,3,False,(parse failed),,json_parse_error: Expecting property name enclosed in double quotes: line 1 column 51 (char 50)
721,1,False,Staff,Nice staff,
721,2,False,Staff,Nice staff,
721,3,False,Staff,Nice staff,
722,1,True,Room,clean comfortable room with good new furniture,
722,1,True,Staff,Super polite and helpful staff,
722,1,True,Location,Walking distance to Makenzie beach,
722,1,True,Location,"In the absence of a car, it is very easy to get here by bus from the airport",
722,1,True,Location,"If you are worried about the proximity of the airport, then during the entire stay we did not notice the noise and did not experience any discomfort because of this.",
722,1,True,Food,delicious breakfast on the veranda,
722,2,True,Room,clean comfortable room with good new furniture,
722,2,True,Staff,Super polite and helpful staff,
722,2,True,Location,Walking distance to Makenzie beach,
722,2,True,Location,"In the absence of a car, it is very easy to get here by bus from the airport",
722,2,True,Location,"If you are worried about the proximity of the airport, then during the entire stay we did not notice the noise and did not experience any discomfort because of this.",
722,2,True,Food,delicious breakfast on the veranda,
722,3,True,Room,clean comfortable room with good new furniture,
722,3,True,Staff,Super polite and helpful staff,
722,3,True,Location,Walking distance to Makenzie beach,
722,3,True,Location,"In the absence of a car, it is very easy to get here by bus from the airport",
722,3,True,Location,"If you are worried about the proximity of the airport, then during the entire stay we did not notice the noise and did not experience any discomfort because of this.",
722,3,True,Food,delicious breakfast on the veranda,
723,1,False,Room,The room was clean and comfortable.,
723,2,False,Room,The room was clean and comfortable.,
723,3,False,Room,The room was clean and comfortable.,
724,1,False,(parse failed),,json_parse_error: Expecting ':' delimiter: line 1 column 1227 (char 1226)
724,2,False,(parse failed),,json_parse_error: Expecting ':' delimiter: line 1 column 1227 (char 1226)
724,3,False,(parse failed),,json_parse_error: Expecting ':' delimiter: line 1 column 1227 (char 1226)
725,1,False,(parse failed),,json_parse_error: Expecting property name enclosed in double quotes: line 1 column 112 (char 111)
725,2,False,(parse failed),,json_parse_error: Expecting property name enclosed in double quotes: line 1 column 112 (char 111)
725,3,False,(parse failed),,json_parse_error: Expecting property name enclosed in double quotes: line 1 column 112 (char 111)
726,1,False,(parse failed),,"json_parse_error: Expecting ',' delimiter: line 1 column 978 (char 977)"
726,2,False,(parse failed),,"json_parse_error: Expecting ',' delimiter: line 1 column 978 (char 977)"
726,3,False,(parse failed),,"json_parse_error: Expecting ',' delimiter: line 1 column 978 (char 977)"
727,1,False,Room,"Great option for if you arrive at Larnaca airport, close,",
727,1,False,Room,very clean. It is possible with animals.,
727,1,False,Staff,"Everyone at the hotel was very friendly, tried to help and explain.",
727,1,False,Location,"close,",
727,1,False,Location,To restaurants and the beach go through an intensive road.,
727,1,False,Off,Not applicable,
727,2,False,Room,"Great option for if you arrive at Larnaca airport, close,",
727,2,False,Room,very clean. It is possible with animals.,
727,2,False,Staff,"Everyone at the hotel was very friendly, tried to help and explain.",
727,2,False,Location,"close,",
727,2,False,Location,To restaurants and the beach go through an intensive road.,
727,2,False,Off,Not applicable,
727,3,False,Room,"Great option for if you arrive at Larnaca airport, close,",
727,3,False,Room,very clean. It is possible with animals.,
727,3,False,Staff,"Everyone at the hotel was very friendly, tried to help and explain.",
727,3,False,Location,"close,",
727,3,False,Location,To restaurants and the beach go through an intensive road.,
727,3,False,Off,Not applicable,
728,1,False,(parse failed),,json_parse_error: Expecting ':' delimiter: line 1 column 339 (char 338)
728,2,False,(parse failed),,json_parse_error: Expecting ':' delimiter: line 1 column 339 (char 338)
728,3,False,(parse failed),,json_parse_error: Expecting ':' delimiter: line 1 column 339 (char 338)
729,1,False,(parse failed),,"json_parse_error: Expecting ',' delimiter: line 1 column 5303 (char 5302)"
729,2,False,(parse failed),,"json_parse_error: Expecting ',' delimiter: line 1 column 5303 (char 5302)"
729,3,False,(parse failed),,"json_parse_error: Expecting ',' delimiter: line 1 column 5303 (char 5302)"
730,1,False,(parse failed),,json_parse_error: Unterminated string starting at: line 1 column 5257 (char 5256)
730,2,False,(parse failed),,json_parse_error: Unterminated string starting at: line 1 column 5257 (char 5256)
730,3,False,(parse failed),,json_parse_error: Unterminated string starting at: line 1 column 5257 (char 5256)
731,1,False,(parse failed),,json_parse_error: Expecting property name enclosed in double quotes: line 1 column 73 (char 72)
731,2,False,(parse failed),,json_parse_error: Expecting property name enclosed in double quotes: line 1 column 73 (char 72)
731,3,False,(parse failed),,json_parse_error: Expecting property name enclosed in double quotes: line 1 column 73 (char 72)
732,1,False,Room,"Everything is clean, white, freshly renovated.",
732,1,False,Staff,Very welcoming and friendly staff.,
732,1,False,Location,"Near Mackenzie beach,",
732,1,False,Location,"airport,",
732,1,False,Location,salt lake.,
732,2,False,Room,"Everything is clean, white, freshly renovated.",
732,2,False,Staff,Very welcoming and friendly staff.,
732,2,False,Location,"Near Mackenzie beach,",
732,2,False,Location,"airport,",
732,2,False,Location,salt lake.,
732,3,False,Room,"Everything is clean, white, freshly renovated.",
732,3,False,Staff,Very welcoming and friendly staff.,
732,3,False,Location,"Near Mackenzie beach,",
732,3,False,Location,"airport,",
732,3,False,Location,salt lake.,
733,1,False,(parse failed),,json_parse_error: Expecting ':' delimiter: line 1 column 104 (char 103)
733,2,False,(parse failed),,json_parse_error: Expecting ':' delimiter: line 1 column 104 (char 103)
733,3,False,(parse failed),,json_parse_error: Expecting ':' delimiter: line 1 column 104 (char 103)
734,1,False,(parse failed),,"json_parse_error: Expecting ',' delimiter: line 1 column 1216 (char 1215)"
734,2,False,(parse failed),,"json_parse_error: Expecting ',' delimiter: line 1 column 1216 (char 1215)"
734,3,False,(parse failed),,"json_parse_error: Expecting ',' delimiter: line 1 column 1216 (char 1215)"
735,1,False,Location,LOCATION CLOSE TO EVERYTHING.,
735,1,False,Location,"ALYKI BEACH CLUB, RESTAURANTS, CAFÉS.",
735,1,False,Location,BREAKFAST WONDERFUL.,
735,2,False,Location,LOCATION CLOSE TO EVERYTHING.,
735,2,False,Location,"ALYKI BEACH CLUB, RESTAURANTS, CAFÉS.",
735,2,False,Location,BREAKFAST WONDERFUL.,
735,3,False,Location,LOCATION CLOSE TO EVERYTHING.,
735,3,False,Location,"ALYKI BEACH CLUB, RESTAURANTS, CAFÉS.",
735,3,False,Location,BREAKFAST WONDERFUL.,
736,1,False,Room,not big,
736,1,False,Staff,The staff is very friendly,
736,2,False,Room,not big,
736,2,False,Staff,The staff is very friendly,
736,3,False,Room,not big,
736,3,False,Staff,The staff is very friendly,
737,1,True,Room,Own.,
737,1,True,Location,Close to the beach.,
737,1,True,Food,Pleasant breakfast.,
737,1,True,Price,Excellent value for money!,
737,2,True,Room,Own.,
737,2,True,Location,Close to the beach.,
737,2,True,Food,Pleasant breakfast.,
737,2,True,Price,Excellent value for money!,
737,3,True,Room,Own.,
737,3,True,Location,Close to the beach.,
737,3,True,Food,Pleasant breakfast.,
737,3,True,Price,Excellent value for money!,
738,1,True,Room,all the furniture in the hotel is new,
738,1,True,Room,the bed is comfortable,
738,1,True,Staff,"I can honestly say that I was satisfied, all the furniture in the hotel is new",
738,1,True,Staff,the owners are very good people,
738,1,True,Staff,the bed is comfortable,
738,1,True,Food,breakfast is excellent,
738,2,True,Room,all the furniture in the hotel is new,
738,2,True,Room,the bed is comfortable,
738,2,True,Staff,"I can honestly say that I was satisfied, all the furniture in the hotel is new",
738,2,True,Staff,the owners are very good people,
738,2,True,Staff,the bed is comfortable,
738,2,True,Food,breakfast is excellent,
738,3,True,Room,all the furniture in the hotel is new,
738,3,True,Room,the bed is comfortable,
738,3,True,Staff,"I can honestly say that I was satisfied, all the furniture in the hotel is new",
738,3,True,Staff,the owners are very good people,
738,3,True,Staff,the bed is comfortable,
738,3,True,Food,breakfast is excellent,
739,1,False,(parse failed),,"json_parse_error: Expecting ',' delimiter: line 1 column 303 (char 302)"
739,2,False,(parse failed),,"json_parse_error: Expecting ',' delimiter: line 1 column 303 (char 302)"
739,3,False,(parse failed),,"json_parse_error: Expecting ',' delimiter: line 1 column 303 (char 302)"
740,1,False,(no spans found),,Room: text span not found verbatim in review_text
740,2,False,(no spans found),,Room: text span not found verbatim in review_text
740,3,False,(no spans found),,Room: text span not found verbatim in review_text
741,1,True,Room,Uncomfortable beds,
741,2,True,Room,Uncomfortable beds,
741,3,True,Room,Uncomfortable beds,
742,1,True,Room,comfortable bed,
742,2,True,Room,comfortable bed,
742,3,True,Room,comfortable bed,
743,1,True,Room,Clean and nice room,
743,2,True,Room,Clean and nice room,
743,3,True,Room,Clean and nice room,
744,1,False,Room,"The room was very clean, well decorated and modern, although not big.",
744,1,False,Room,The room was spotless.,
744,1,False,Staff,The staff was very nice and helpful!,
744,1,False,Staff,The staff were lovely.,
744,1,False,Staff,Maria at reception is just great she really took time to explain where to go how to get there and so helpful ...,
744,1,False,Staff,"Richard the chef this guy is like the friendliest guy ever, such a nice guy with a permanent. Smile",
744,1,False,Location,"nice location,",
744,1,False,Location,just a 5-minute walk to the beach.,
744,1,False,Location,"very convenient for the night market, which is only one street away.",
744,1,False,Location,Great location for restaurants.,
744,1,False,Location,Great location for a short drive to the airport.,
744,1,False,Food,"Breakfast was amazing, fresh and handmade!",
744,1,False,Food,Oh yeah the food is great to and very reasonable prices ..,
744,1,False,Food,Even the cleaning lady is so friendly and so nice to talk to .,
744,1,False,Price,"Also, the breakfast was amazing, fresh and handmade! Oh yeah the food is great to and very reasonable prices ..",
744,1,False,Off,nothing,
744,1,False,Off,Brilliant guys ...,
744,2,False,Room,"The room was very clean, well decorated and modern, although not big.",
744,2,False,Room,The room was spotless.,
744,2,False,Staff,The staff was very nice and helpful!,
744,2,False,Staff,The staff were lovely.,
744,2,False,Staff,Maria at reception is just great she really took time to explain where to go how to get there and so helpful ...,
744,2,False,Staff,"Richard the chef this guy is like the friendliest guy ever, such a nice guy with a permanent. Smile",
744,2,False,Location,"nice location,",
744,2,False,Location,just a 5-minute walk to the beach.,
744,2,False,Location,"very convenient for the night market, which is only one street away.",
744,2,False,Location,Great location for restaurants.,
744,2,False,Location,Great location for a short drive to the airport.,
744,2,False,Food,"Breakfast was amazing, fresh and handmade!",
744,2,False,Food,Oh yeah the food is great to and very reasonable prices ..,
744,2,False,Food,Even the cleaning lady is so friendly and so nice to talk to .,
744,2,False,Price,"Also, the breakfast was amazing, fresh and handmade! Oh yeah the food is great to and very reasonable prices ..",
744,2,False,Off,nothing,
744,2,False,Off,Brilliant guys ...,
744,3,False,Room,"The room was very clean, well decorated and modern, although not big.",
744,3,False,Room,The room was spotless.,
744,3,False,Staff,The staff was very nice and helpful!,
744,3,False,Staff,The staff were lovely.,
744,3,False,Staff,Maria at reception is just great she really took time to explain where to go how to get there and so helpful ...,
744,3,False,Staff,"Richard the chef this guy is like the friendliest guy ever, such a nice guy with a permanent. Smile",
744,3,False,Location,"nice location,",
744,3,False,Location,just a 5-minute walk to the beach.,
744,3,False,Location,"very convenient for the night market, which is only one street away.",
744,3,False,Location,Great location for restaurants.,
744,3,False,Location,Great location for a short drive to the airport.,
744,3,False,Food,"Breakfast was amazing, fresh and handmade!",
744,3,False,Food,Oh yeah the food is great to and very reasonable prices ..,
744,3,False,Food,Even the cleaning lady is so friendly and so nice to talk to .,
744,3,False,Price,"Also, the breakfast was amazing, fresh and handmade! Oh yeah the food is great to and very reasonable prices ..",
744,3,False,Off,nothing,
744,3,False,Off,Brilliant guys ...,
745,1,True,Room,clean and functional,
745,2,True,Room,clean and functional,
745,3,True,Room,clean and functional,
746,1,False,(parse failed),,"json_parse_error: Expecting ',' delimiter: line 1 column 647 (char 646)"
746,2,False,(parse failed),,"json_parse_error: Expecting ',' delimiter: line 1 column 647 (char 646)"
746,3,False,(parse failed),,"json_parse_error: Expecting ',' delimiter: line 1 column 647 (char 646)"
747,1,True,Room,A clean room that really serves the purpose for which we came,
747,2,True,Room,A clean room that really serves the purpose for which we came,
747,3,True,Room,A clean room that really serves the purpose for which we came,
748,1,True,Room,clean,
748,1,True,Room,bus station nearby,
748,1,True,Room,salt lake nearby,
748,1,True,Location,close to the airport but no aircraft noise,
748,2,True,Room,clean,
748,2,True,Room,bus station nearby,
748,2,True,Room,salt lake nearby,
748,2,True,Location,close to the airport but no aircraft noise,
748,3,True,Room,clean,
748,3,True,Room,bus station nearby,
748,3,True,Room,salt lake nearby,
748,3,True,Location,close to the airport but no aircraft noise,
749,1,False,Room,The room is clean.,
749,1,False,Room,Small rooms.,
749,1,False,Location,The location is close to the field.,
749,1,False,Location,A hotel that is suitable for an overnight stay.,
749,1,False,Off,Not applicable,
749,1,False,Off,Not applicable,
749,2,False,Room,The room is clean.,
749,2,False,Room,Small rooms.,
749,2,False,Location,The location is close to the field.,
749,2,False,Location,A hotel that is suitable for an overnight stay.,
749,2,False,Off,Not applicable,
749,2,False,Off,Not applicable,
749,3,False,Room,The room is clean.,
749,3,False,Room,Small rooms.,
749,3,False,Location,The location is close to the field.,
749,3,False,Location,A hotel that is suitable for an overnight stay.,
749,3,False,Off,Not applicable,
749,3,False,Off,Not applicable,
750,1,False,Room,The room was clean and comfortable.,
750,1,False,Staff,No staff at night..,
750,1,False,Location,Location close to the field.,
750,2,False,Room,The room was clean and comfortable.,
750,2,False,Staff,No staff at night..,
750,2,False,Location,Location close to the field.,
750,3,False,Room,The room was clean and comfortable.,
750,3,False,Staff,No staff at night..,
750,3,False,Location,Location close to the field.,
751,1,True,Room,The room was next to another property's pool.,
751,1,True,Room,"Despite too much noise, shouting. Unable to rest",
751,2,True,Room,The room was next to another property's pool.,
751,2,True,Room,"Despite too much noise, shouting. Unable to rest",
751,3,True,Room,The room was next to another property's pool.,
751,3,True,Room,"Despite too much noise, shouting. Unable to rest",
752,1,True,Room,comfortable room,
752,2,True,Room,comfortable room,
752,3,True,Room,comfortable room,
753,1,False,Room,Spacious,
753,1,False,Staff,not applicable,
753,1,False,Location,cleanliness,
753,1,False,Location,not applicable,
753,2,False,Room,Spacious,
753,2,False,Staff,not applicable,
753,2,False,Location,cleanliness,
753,2,False,Location,not applicable,
753,3,False,Room,Spacious,
753,3,False,Staff,not applicable,
753,3,False,Location,cleanliness,
753,3,False,Location,not applicable,
754,1,True,(no spans found),,
754,2,True,(no spans found),,
754,3,True,(no spans found),,
755,1,False,Room,"The room was very clean, well decorated and modern, although not big.",
755,1,False,Staff,"The staff was very nice and helpful! The breakfast was amazing, fresh and handmade!",
755,1,False,Location,"nice location,",
755,1,False,Food,"Breakfast was really good. Fresh juice, eggs made to order, and a wide selection of pastries.",
755,2,False,Room,"The room was very clean, well decorated and modern, although not big.",
755,2,False,Staff,"The staff was very nice and helpful! The breakfast was amazing, fresh and handmade!",
755,2,False,Location,"nice location,",
755,2,False,Food,"Breakfast was really good. Fresh juice, eggs made to order, and a wide selection of pastries.",
755,3,False,Room,"The room was very clean, well decorated and modern, although not big.",
755,3,False,Staff,"The staff was very nice and helpful! The breakfast was amazing, fresh and handmade!",
755,3,False,Location,"nice location,",
755,3,False,Food,"Breakfast was really good. Fresh juice, eggs made to order, and a wide selection of pastries.",
756,1,True,Location,"central location between the beach, the party mile, the airport and the old town",
756,1,True,Food,it would be nice if there was a breakfast buffet,
756,2,True,Location,"central location between the beach, the party mile, the airport and the old town",
756,2,True,Food,it would be nice if there was a breakfast buffet,
756,3,True,Location,"central location between the beach, the party mile, the airport and the old town",
756,3,True,Food,it would be nice if there was a breakfast buffet,
757,1,False,(parse failed),,json_parse_error: Expecting ':' delimiter: line 1 column 155 (char 154)
757,2,False,(parse failed),,json_parse_error: Expecting ':' delimiter: line 1 column 155 (char 154)
757,3,False,(parse failed),,json_parse_error: Expecting ':' delimiter: line 1 column 155 (char 154)
758,1,False,Room,Big room,
758,1,False,Staff,the staff could not give me any information about the bus to the airport,
758,1,False,Staff,Receptionist didn't understand English very well,
758,2,False,Room,Big room,
758,2,False,Staff,the staff could not give me any information about the bus to the airport,
758,2,False,Staff,Receptionist didn't understand English very well,
758,3,False,Room,Big room,
758,3,False,Staff,the staff could not give me any information about the bus to the airport,
758,3,False,Staff,Receptionist didn't understand English very well,
759,1,False,(parse failed),,json_parse_error: Unterminated string starting at: line 1 column 5254 (char 5253)
759,2,False,(parse failed),,json_parse_error: Unterminated string starting at: line 1 column 5254 (char 5253)
759,3,False,(parse failed),,json_parse_error: Unterminated string starting at: line 1 column 5254 (char 5253)
760,1,False,Location,Very good location,
760,2,False,Location,Very good location,
760,3,False,Location,Very good location,
761,1,True,Room,Large spacious suite.,
761,1,True,Room,Comfortable beds.,
761,1,True,Room,Good for large family 5 people.,
761,1,True,Room,Light interior.,
761,2,True,Room,Large spacious suite.,
761,2,True,Room,Comfortable beds.,
761,2,True,Room,Good for large family 5 people.,
761,2,True,Room,Light interior.,
761,3,True,Room,Large spacious suite.,
761,3,True,Room,Comfortable beds.,
761,3,True,Room,Good for large family 5 people.,
761,3,True,Room,Light interior.,
762,1,True,Room,"The room smelled of sewage, it should never be like this.",
762,1,True,Location,Location good,
762,1,True,Off,This is a definite minus and prevents coming again.,
762,2,True,Room,"The room smelled of sewage, it should never be like this.",
762,2,True,Location,Location good,
762,2,True,Off,This is a definite minus and prevents coming again.,
762,3,True,Room,"The room smelled of sewage, it should never be like this.",
762,3,True,Location,Location good,
762,3,True,Off,This is a definite minus and prevents coming again.,
763,1,True,Room,"the comfort of the beds,",
763,1,True,Room,the cleanliness.,
763,2,True,Room,"the comfort of the beds,",
763,2,True,Room,the cleanliness.,
763,3,True,Room,"the comfort of the beds,",
763,3,True,Room,the cleanliness.,
764,1,False,(parse failed),,"json_parse_error: Expecting ',' delimiter: line 1 column 725 (char 724)"
764,2,False,(parse failed),,"json_parse_error: Expecting ',' delimiter: line 1 column 725 (char 724)"
764,3,False,(parse failed),,"json_parse_error: Expecting ',' delimiter: line 1 column 725 (char 724)"
765,1,False,(parse failed),,json_parse_error: Unterminated string starting at: line 1 column 5271 (char 5270)
765,2,False,(parse failed),,json_parse_error: Unterminated string starting at: line 1 column 5271 (char 5270)
765,3,False,(parse failed),,json_parse_error: Unterminated string starting at: line 1 column 5271 (char 5270)
766,1,False,Room,the room given was not the one booked.,
766,1,False,Room,small corner,
766,2,False,Room,the room given was not the one booked.,
766,2,False,Room,small corner,
766,3,False,Room,the room given was not the one booked.,
766,3,False,Room,small corner,
767,1,False,(parse failed),,json_parse_error: Expecting value: line 1 column 5260 (char 5259)
767,2,False,(parse failed),,json_parse_error: Expecting value: line 1 column 5260 (char 5259)
767,3,False,(parse failed),,json_parse_error: Expecting value: line 1 column 5260 (char 5259)
768,1,False,Room,"terrace in the room,",
768,1,False,Room,"well-furnished room and bathroom,",
768,1,False,Room,location of the object.,
768,1,False,Food,"monotonous breakfasts (everyday the same set: 2 eggs, 2 slices of toast, 1/4 grilled mushroom, 1/2 grilled tomato, pepper, 2 small sausages, coffee),",
768,1,False,Facility,"the relaxation zone (swimming pool, deckchairs, billiards) definitely did not encourage you to use it.",
768,2,False,Room,"terrace in the room,",
768,2,False,Room,"well-furnished room and bathroom,",
768,2,False,Room,location of the object.,
768,2,False,Food,"monotonous breakfasts (everyday the same set: 2 eggs, 2 slices of toast, 1/4 grilled mushroom, 1/2 grilled tomato, pepper, 2 small sausages, coffee),",
768,2,False,Facility,"the relaxation zone (swimming pool, deckchairs, billiards) definitely did not encourage you to use it.",
768,3,False,Room,"terrace in the room,",
768,3,False,Room,"well-furnished room and bathroom,",
768,3,False,Room,location of the object.,
768,3,False,Food,"monotonous breakfasts (everyday the same set: 2 eggs, 2 slices of toast, 1/4 grilled mushroom, 1/2 grilled tomato, pepper, 2 small sausages, coffee),",
768,3,False,Facility,"the relaxation zone (swimming pool, deckchairs, billiards) definitely did not encourage you to use it.",
769,1,False,(parse failed),,"json_parse_error: Expecting ',' delimiter: line 1 column 37 (char 36)"
769,2,False,(parse failed),,"json_parse_error: Expecting ',' delimiter: line 1 column 37 (char 36)"
769,3,False,(parse failed),,"json_parse_error: Expecting ',' delimiter: line 1 column 37 (char 36)"
770,1,False,Room,clean,
770,1,False,Staff,pleasant and helpful staff,
770,1,False,Price,value for money,
770,2,False,Room,clean,
770,2,False,Staff,pleasant and helpful staff,
770,2,False,Price,value for money,
770,3,False,Room,clean,
770,3,False,Staff,pleasant and helpful staff,
770,3,False,Price,value for money,
771,1,False,(parse failed),,json_parse_error: Expecting value: line 1 column 5256 (char 5255)
771,2,False,(parse failed),,json_parse_error: Expecting value: line 1 column 5256 (char 5255)
771,3,False,(parse failed),,json_parse_error: Expecting value: line 1 column 5256 (char 5255)
772,1,False,Location,"new equipment,",
772,2,False,Location,"new equipment,",
772,3,False,Location,"new equipment,",
773,1,False,(parse failed),,"json_parse_error: Expecting ',' delimiter: line 1 column 1890 (char 1889)"
773,2,False,(parse failed),,"json_parse_error: Expecting ',' delimiter: line 1 column 1890 (char 1889)"
773,3,False,(parse failed),,"json_parse_error: Expecting ',' delimiter: line 1 column 1890 (char 1889)"
774,1,True,Room,"comfortable and clean room,",
774,1,True,Room,clean,
774,1,True,Staff,kind,
774,1,True,Location,good location,
774,2,True,Room,"comfortable and clean room,",
774,2,True,Room,clean,
774,2,True,Staff,kind,
774,2,True,Location,good location,
774,3,True,Room,"comfortable and clean room,",
774,3,True,Room,clean,
774,3,True,Staff,kind,
774,3,True,Location,good location,
775,1,True,Room,perfect welcome even arriving at 4am what we expect for this perfect price!,
775,1,True,Price,perfect price!,
775,2,True,Room,perfect welcome even arriving at 4am what we expect for this perfect price!,
775,2,True,Price,perfect price!,
775,3,True,Room,perfect welcome even arriving at 4am what we expect for this perfect price!,
775,3,True,Price,perfect price!,
776,1,False,Room,cleanliness,
776,1,False,Location,"proximity to the airport,",
776,1,False,Location,walk to the sea,
776,2,False,Room,cleanliness,
776,2,False,Location,"proximity to the airport,",
776,2,False,Location,walk to the sea,
776,3,False,Room,cleanliness,
776,3,False,Location,"proximity to the airport,",
776,3,False,Location,walk to the sea,
777,1,True,Room,"A couple of days after arrival, we changed the room from a one-room to a two-room with a balcony.",
777,1,True,Staff,Responsive staff. Always with a smile.,
777,1,True,Food,Delicious inexpensive breakfast options.,
777,2,True,Room,"A couple of days after arrival, we changed the room from a one-room to a two-room with a balcony.",
777,2,True,Staff,Responsive staff. Always with a smile.,
777,2,True,Food,Delicious inexpensive breakfast options.,
777,3,True,Room,"A couple of days after arrival, we changed the room from a one-room to a two-room with a balcony.",
777,3,True,Staff,Responsive staff. Always with a smile.,
777,3,True,Food,Delicious inexpensive breakfast options.,
778,1,False,(parse failed),,json_parse_error: Expecting property name enclosed in double quotes: line 1 column 54 (char 53)
778,2,False,(parse failed),,json_parse_error: Expecting property name enclosed in double quotes: line 1 column 54 (char 53)
778,3,False,(parse failed),,json_parse_error: Expecting property name enclosed in double quotes: line 1 column 54 (char 53)
779,1,False,Room,"The room is clean, large enough and recent",
779,1,False,Staff,An exceptional welcome in French,
779,1,False,Location,"the location close to the airport, while being quiet",
779,1,False,Location,There is a bus stop near the hotel which allows you to go to the city center and to the airport.,
779,1,False,Location,the proximity to the beach and the city is a significant asset,
779,1,False,Location,I recommend 100%,
779,1,False,Check-in,Check-in at 4am,
779,2,False,Room,"The room is clean, large enough and recent",
779,2,False,Staff,An exceptional welcome in French,
779,2,False,Location,"the location close to the airport, while being quiet",
779,2,False,Location,There is a bus stop near the hotel which allows you to go to the city center and to the airport.,
779,2,False,Location,the proximity to the beach and the city is a significant asset,
779,2,False,Location,I recommend 100%,
779,2,False,Check-in,Check-in at 4am,
779,3,False,Room,"The room is clean, large enough and recent",
779,3,False,Staff,An exceptional welcome in French,
779,3,False,Location,"the location close to the airport, while being quiet",
779,3,False,Location,There is a bus stop near the hotel which allows you to go to the city center and to the airport.,
779,3,False,Location,the proximity to the beach and the city is a significant asset,
779,3,False,Location,I recommend 100%,
779,3,False,Check-in,Check-in at 4am,
780,1,True,Room,"nice room,",
780,1,True,Room,"large room size,",
780,1,True,Room,location near mackenzie beach.,
780,1,True,Location,location near mackenzie beach.,
780,2,True,Room,"nice room,",
780,2,True,Room,"large room size,",
780,2,True,Room,location near mackenzie beach.,
780,2,True,Location,location near mackenzie beach.,
780,3,True,Room,"nice room,",
780,3,True,Room,"large room size,",
780,3,True,Room,location near mackenzie beach.,
780,3,True,Location,location near mackenzie beach.,
781,1,True,Staff,"A friendly, nice and sympathetic man serving breakfast.",
781,2,True,Staff,"A friendly, nice and sympathetic man serving breakfast.",
781,3,True,Staff,"A friendly, nice and sympathetic man serving breakfast.",
782,1,False,Room,"clean room,",
782,1,False,Room,The room was spotless.,
782,1,False,Food,"Delicious breakfast,",
782,2,False,Room,"clean room,",
782,2,False,Room,The room was spotless.,
782,2,False,Food,"Delicious breakfast,",
782,3,False,Room,"clean room,",
782,3,False,Room,The room was spotless.,
782,3,False,Food,"Delicious breakfast,",
783,1,False,Room,"The room was tidy and modern,",
783,1,False,Staff,Great staff ... great willingness!,
783,2,False,Room,"The room was tidy and modern,",
783,2,False,Staff,Great staff ... great willingness!,
783,3,False,Room,"The room was tidy and modern,",
783,3,False,Staff,Great staff ... great willingness!,
784,1,False,Room,very clean and new rooms.,
784,1,False,Room,The room was spotless.,
784,1,False,Staff,Very friendly and warm service.,
784,1,False,Staff,Staff were lovely.,
784,1,False,Location,Proximity to the beach and airport.,
784,1,False,Location,Great location for restaurants.,
784,1,False,Location,Great location for a short drive to the airport.,
784,2,False,Room,very clean and new rooms.,
784,2,False,Room,The room was spotless.,
784,2,False,Staff,Very friendly and warm service.,
784,2,False,Staff,Staff were lovely.,
784,2,False,Location,Proximity to the beach and airport.,
784,2,False,Location,Great location for restaurants.,
784,2,False,Location,Great location for a short drive to the airport.,
784,3,False,Room,very clean and new rooms.,
784,3,False,Room,The room was spotless.,
784,3,False,Staff,Very friendly and warm service.,
784,3,False,Staff,Staff were lovely.,
784,3,False,Location,Proximity to the beach and airport.,
784,3,False,Location,Great location for restaurants.,
784,3,False,Location,Great location for a short drive to the airport.,
785,1,False,Room,The room was spotless.,
785,1,False,Staff,Very kind and helpful staff.,
785,2,False,Room,The room was spotless.,
785,2,False,Staff,Very kind and helpful staff.,
785,3,False,Room,The room was spotless.,
785,3,False,Staff,Very kind and helpful staff.,
2484,1,False,Room,The room was spotless.,
2484,1,False,Staff,Staff were lovely.,
2484,1,False,Location,Great location for restaurants.,
2484,1,False,Location,Great location for a short drive to the airport.,
2484,2,False,Room,The room was spotless.,
2484,2,False,Staff,Staff were lovely.,
2484,2,False,Location,Great location for restaurants.,
2484,2,False,Location,Great location for a short drive to the airport.,
2484,3,False,Room,The room was spotless.,
2484,3,False,Staff,Staff were lovely.,
2484,3,False,Location,Great location for restaurants.,
2484,3,False,Location,Great location for a short drive to the airport.,
