Review ID,Run,Valid,Topic,Text Span,Sentiment,Errors
1,1,False,Room,"New, comfortable apartments",Positive,
1,1,False,Staff,extremely helpful and easy to communicate with,Positive,
1,1,False,Food,Tasty food,Positive,
1,1,False,Location,close to the airport,Positive,
1,1,False,Location,close to the beach,Positive,
1,1,False,Off,Nothing at all.,Negative,
1,2,False,Room,"New, comfortable apartments",Positive,
1,2,False,Staff,extremely helpful and easy to communicate with,Positive,
1,2,False,Food,Tasty food,Positive,
1,2,False,Location,close to the airport,Positive,
1,2,False,Location,close to the beach,Positive,
1,2,False,Off,Nothing at all.,Negative,
1,3,False,Room,"New, comfortable apartments",Positive,
1,3,False,Staff,extremely helpful and easy to communicate with,Positive,
1,3,False,Food,Tasty food,Positive,
1,3,False,Location,close to the airport,Positive,
1,3,False,Location,close to the beach,Positive,
1,3,False,Off,Nothing at all.,Negative,
2,1,False,Room,"The room was very clean, well decorated and modern, although not big.",Positive,
2,1,False,Staff,The staff was very nice and helpful!,Positive,
2,1,False,Food,"The breakfast was amazing, fresh and handmade! Especially vegetarian version with humus.",Positive,
2,2,False,Room,"The room was very clean, well decorated and modern, although not big.",Positive,
2,2,False,Staff,The staff was very nice and helpful!,Positive,
2,2,False,Food,"The breakfast was amazing, fresh and handmade! Especially vegetarian version with humus.",Positive,
2,3,False,Room,"The room was very clean, well decorated and modern, although not big.",Positive,
2,3,False,Staff,The staff was very nice and helpful!,Positive,
2,3,False,Food,"The breakfast was amazing, fresh and handmade! Especially vegetarian version with humus.",Positive,
3,1,True,Location,the location is great and near the airport.,Positive,
3,1,True,Location,bus stop is very close.,Positive,
3,2,True,Location,the location is great and near the airport.,Positive,
3,2,True,Location,bus stop is very close.,Positive,
3,3,True,Location,the location is great and near the airport.,Positive,
3,3,True,Location,bus stop is very close.,Positive,
4,1,True,(no topics found),,,
4,2,True,(no topics found),,,
4,3,True,(no topics found),,,
5,1,True,Room,Clean and modern with very comfortable beds,Positive,
5,1,True,Location,in a very convenient location,Positive,
5,1,True,Location,An easy stroll to numerous nice restaurants and a great beach,Positive,
5,2,True,Room,Clean and modern with very comfortable beds,Positive,
5,2,True,Location,in a very convenient location,Positive,
5,2,True,Location,An easy stroll to numerous nice restaurants and a great beach,Positive,
5,3,True,Room,Clean and modern with very comfortable beds,Positive,
5,3,True,Location,in a very convenient location,Positive,
5,3,True,Location,An easy stroll to numerous nice restaurants and a great beach,Positive,
6,1,True,Room,The room was exceptionally clean with a really comfortable bed,Positive,
6,2,True,Room,The room was exceptionally clean with a really comfortable bed,Positive,
6,3,True,Room,The room was exceptionally clean with a really comfortable bed,Positive,
7,1,True,(no topics found),,,
7,2,True,(no topics found),,,
7,3,True,(no topics found),,,
8,1,True,Staff,lovely personal,Positive,
8,1,True,Location,nice location,Positive,
8,2,True,Staff,lovely personal,Positive,
8,2,True,Location,nice location,Positive,
8,3,True,Staff,lovely personal,Positive,
8,3,True,Location,nice location,Positive,
9,1,True,Staff,helpful host,Positive,
9,1,True,Taxi-issue,21 euro taxi,Negative,
9,2,True,Staff,helpful host,Positive,
9,2,True,Taxi-issue,21 euro taxi,Negative,
9,3,True,Staff,helpful host,Positive,
9,3,True,Taxi-issue,21 euro taxi,Negative,
10,1,True,Room,Great modern room comfortable bed and quiet location.,Positive,
10,2,True,Room,Great modern room comfortable bed and quiet location.,Positive,
10,3,True,Room,Great modern room comfortable bed and quiet location.,Positive,
11,1,False,Room,The rooms are spacious and clean great to stay,Positive,
11,1,False,Staff,The staff here are amazing beyond expectations,Positive,
11,1,False,Staff,Maria at reception is just great she really took time to explain where to go how to get there and so helpful,Positive,
11,1,False,Staff,Richard the guy is like the friendliest guy ever,Positive,
11,1,False,Food,oh great to and very reasonable prices,Positive,
11,1,False,Location,The bus stop is a minutes walk away,Positive,
11,1,False,Price,reasonable prices,Positive,
11,2,False,Room,The rooms are spacious and clean great to stay,Positive,
11,2,False,Staff,The staff here are amazing beyond expectations,Positive,
11,2,False,Staff,Maria at reception is just great she really took time to explain where to go how to get there and so helpful,Positive,
11,2,False,Staff,Richard the guy is like the friendliest guy ever,Positive,
11,2,False,Food,oh great to and very reasonable prices,Positive,
11,2,False,Location,The bus stop is a minutes walk away,Positive,
11,2,False,Price,reasonable prices,Positive,
11,3,False,Room,The rooms are spacious and clean great to stay,Positive,
11,3,False,Staff,The staff here are amazing beyond expectations,Positive,
11,3,False,Staff,Maria at reception is just great she really took time to explain where to go how to get there and so helpful,Positive,
11,3,False,Staff,Richard the guy is like the friendliest guy ever,Positive,
11,3,False,Food,oh great to and very reasonable prices,Positive,
11,3,False,Location,The bus stop is a minutes walk away,Positive,
11,3,False,Price,reasonable prices,Positive,
12,1,True,Staff,The staff were exceptional. So helpful and friendly. Went out of their way for us.,Positive,
12,1,True,Food,The breakfast was lovely with room service too.,Positive,
12,1,True,Facility,Very clean and comfortable.,Positive,
12,1,True,Off,Couldn’t stay longer,Negative,
12,2,True,Staff,The staff were exceptional. So helpful and friendly. Went out of their way for us.,Positive,
12,2,True,Food,The breakfast was lovely with room service too.,Positive,
12,2,True,Facility,Very clean and comfortable.,Positive,
12,2,True,Off,Couldn’t stay longer,Negative,
12,3,True,Staff,The staff were exceptional. So helpful and friendly. Went out of their way for us.,Positive,
12,3,True,Food,The breakfast was lovely with room service too.,Positive,
12,3,True,Facility,Very clean and comfortable.,Positive,
12,3,True,Off,Couldn’t stay longer,Negative,
13,1,True,Room,"The rooms are lovely and new, very clean and comfortable.",Positive,
13,1,True,Staff,"The staff are so welcoming, we felt like staying with family.",Positive,
13,1,True,Location,"Short drive to the airport and very well located, just a short walk from the promenade, coffee shops restaurants.",Positive,
13,2,True,Room,"The rooms are lovely and new, very clean and comfortable.",Positive,
13,2,True,Staff,"The staff are so welcoming, we felt like staying with family.",Positive,
13,2,True,Location,"Short drive to the airport and very well located, just a short walk from the promenade, coffee shops restaurants.",Positive,
13,3,True,Room,"The rooms are lovely and new, very clean and comfortable.",Positive,
13,3,True,Staff,"The staff are so welcoming, we felt like staying with family.",Positive,
13,3,True,Location,"Short drive to the airport and very well located, just a short walk from the promenade, coffee shops restaurants.",Positive,
14,1,True,Staff,The receptionist didn't speak English properly,Negative,
14,1,True,Location,close to the airport,Positive,
14,1,True,Location,next to the beach,Positive,
14,2,True,Staff,The receptionist didn't speak English properly,Negative,
14,2,True,Location,close to the airport,Positive,
14,2,True,Location,next to the beach,Positive,
14,3,True,Staff,The receptionist didn't speak English properly,Negative,
14,3,True,Location,close to the airport,Positive,
14,3,True,Location,next to the beach,Positive,
15,1,True,Staff,The staff make it,Positive,
15,1,True,Location,reasonably close to the Airport,Positive,
15,1,True,Location,on the edge of Larnaca,Negative,
15,2,True,Staff,The staff make it,Positive,
15,2,True,Location,reasonably close to the Airport,Positive,
15,2,True,Location,on the edge of Larnaca,Negative,
15,3,True,Staff,The staff make it,Positive,
15,3,True,Location,reasonably close to the Airport,Positive,
15,3,True,Location,on the edge of Larnaca,Negative,
16,1,True,Room,"I liked the rooms- they are spacious, clean, the window view is nice too.",Positive,
16,1,True,Food,"The restaurant downstairs is amazing- the food there is very very tasty and made with a lot of care- they care a lot about the details: olive oil galore, herbs- absolutely delicious!",Positive,
16,2,True,Room,"I liked the rooms- they are spacious, clean, the window view is nice too.",Positive,
16,2,True,Food,"The restaurant downstairs is amazing- the food there is very very tasty and made with a lot of care- they care a lot about the details: olive oil galore, herbs- absolutely delicious!",Positive,
16,3,True,Room,"I liked the rooms- they are spacious, clean, the window view is nice too.",Positive,
16,3,True,Food,"The restaurant downstairs is amazing- the food there is very very tasty and made with a lot of care- they care a lot about the details: olive oil galore, herbs- absolutely delicious!",Positive,
17,1,True,Room,Our room had a balcony with great view of the sea and surrounding area.,Positive,
17,1,True,Staff,The owner and staff were exceptionally friendly and supportive and helped with all our wishes.,Positive,
17,2,True,Room,Our room had a balcony with great view of the sea and surrounding area.,Positive,
17,2,True,Staff,The owner and staff were exceptionally friendly and supportive and helped with all our wishes.,Positive,
17,3,True,Room,Our room had a balcony with great view of the sea and surrounding area.,Positive,
17,3,True,Staff,The owner and staff were exceptionally friendly and supportive and helped with all our wishes.,Positive,
18,1,False,Staff,extremely friendly reception and dining staff,Positive,
18,1,False,Food,Meals well prepared and good value,Positive,
18,1,False,Price,"Nothing, considering the price",Negative,
18,1,False,Facility,"very bright, nice seating areas inside and out",Positive,
18,1,False,Bus,Bus every 20 minutes to the centre of Larnaka,Positive,
18,2,False,Staff,extremely friendly reception and dining staff,Positive,
18,2,False,Food,Meals well prepared and good value,Positive,
18,2,False,Price,"Nothing, considering the price",Negative,
18,2,False,Facility,"very bright, nice seating areas inside and out",Positive,
18,2,False,Bus,Bus every 20 minutes to the centre of Larnaka,Positive,
18,3,False,Staff,extremely friendly reception and dining staff,Positive,
18,3,False,Food,Meals well prepared and good value,Positive,
18,3,False,Price,"Nothing, considering the price",Negative,
18,3,False,Facility,"very bright, nice seating areas inside and out",Positive,
18,3,False,Bus,Bus every 20 minutes to the centre of Larnaka,Positive,
19,1,True,Location,Close to airport,Positive,
19,2,True,Location,Close to airport,Positive,
19,3,True,Location,Close to airport,Positive,
20,1,True,Location,"location, clean, friendly stuff",Positive,
20,2,True,Location,"location, clean, friendly stuff",Positive,
20,3,True,Location,"location, clean, friendly stuff",Positive,
21,1,True,Room,The hotel is impressive how clean nice and comfortable it is,Positive,
21,1,True,Staff,what will bring me back is the staff and the owners.,Positive,
21,1,True,Staff,Richard (the chef) is personally buying super fresh food for the restaurant.,Positive,
21,1,True,Food,Everything from breakfast to dinner is absolutely delicious.,Positive,
21,2,True,Room,The hotel is impressive how clean nice and comfortable it is,Positive,
21,2,True,Staff,what will bring me back is the staff and the owners.,Positive,
21,2,True,Staff,Richard (the chef) is personally buying super fresh food for the restaurant.,Positive,
21,2,True,Food,Everything from breakfast to dinner is absolutely delicious.,Positive,
21,3,True,Room,The hotel is impressive how clean nice and comfortable it is,Positive,
21,3,True,Staff,what will bring me back is the staff and the owners.,Positive,
21,3,True,Staff,Richard (the chef) is personally buying super fresh food for the restaurant.,Positive,
21,3,True,Food,Everything from breakfast to dinner is absolutely delicious.,Positive,
22,1,False,Room,"Room was perfect, looked new, clean shiny tiled floors and bathroom tiles, just every inch perfect and clean.",Positive,
22,1,False,Room,"Bed was really comfortable, lots of room for me to put my things... although might have needed another set of drawers if there were two of us.",Positive,
22,1,False,Food,"Fridge could have been put on beforehand so it was cold, the shower took a while to get hot, had to have a cold shower one morning as i needed to get out early.",Negative,
22,1,False,Staff,The staff very accomodating.,Positive,
22,1,False,Facility,The restaurant area is nice.,Positive,
22,2,False,Room,"Room was perfect, looked new, clean shiny tiled floors and bathroom tiles, just every inch perfect and clean.",Positive,
22,2,False,Room,"Bed was really comfortable, lots of room for me to put my things... although might have needed another set of drawers if there were two of us.",Positive,
22,2,False,Food,"Fridge could have been put on beforehand so it was cold, the shower took a while to get hot, had to have a cold shower one morning as i needed to get out early.",Negative,
22,2,False,Staff,The staff very accomodating.,Positive,
22,2,False,Facility,The restaurant area is nice.,Positive,
22,3,False,Room,"Room was perfect, looked new, clean shiny tiled floors and bathroom tiles, just every inch perfect and clean.",Positive,
22,3,False,Room,"Bed was really comfortable, lots of room for me to put my things... although might have needed another set of drawers if there were two of us.",Positive,
22,3,False,Food,"Fridge could have been put on beforehand so it was cold, the shower took a while to get hot, had to have a cold shower one morning as i needed to get out early.",Negative,
22,3,False,Staff,The staff very accomodating.,Positive,
22,3,False,Facility,The restaurant area is nice.,Positive,
23,1,True,Room,the beds were very comfortable,Positive,
23,2,True,Room,the beds were very comfortable,Positive,
23,3,True,Room,the beds were very comfortable,Positive,
24,1,True,(no topics found),,,
24,2,True,(no topics found),,,
24,3,True,(no topics found),,,
25,1,True,(no topics found),,,
25,2,True,(no topics found),,,
25,3,True,(no topics found),,,
26,1,False,Room,The rooms are a good size and are laid out very well with a good size bathroom,Positive,
26,1,False,Room,The room also has a great sized balcony to take a tea/coffee and chill,Positive,
26,1,False,Staff,The staff are super wonderful really friendly all of them the receptionist Maria is so nice she's amazing,Positive,
26,1,False,Location,The hotel is 5 minutes from the beach and the location is also near the lake,Positive,
26,1,False,Food,The restaurant is great and the food is good and not to pricey,Positive,
26,1,False,Off,Leaving..in fact just re booked the hotel for 2 weeks time,Negative,
26,2,False,Room,The rooms are a good size and are laid out very well with a good size bathroom,Positive,
26,2,False,Room,The room also has a great sized balcony to take a tea/coffee and chill,Positive,
26,2,False,Staff,The staff are super wonderful really friendly all of them the receptionist Maria is so nice she's amazing,Positive,
26,2,False,Location,The hotel is 5 minutes from the beach and the location is also near the lake,Positive,
26,2,False,Food,The restaurant is great and the food is good and not to pricey,Positive,
26,2,False,Off,Leaving..in fact just re booked the hotel for 2 weeks time,Negative,
26,3,False,Room,The rooms are a good size and are laid out very well with a good size bathroom,Positive,
26,3,False,Room,The room also has a great sized balcony to take a tea/coffee and chill,Positive,
26,3,False,Staff,The staff are super wonderful really friendly all of them the receptionist Maria is so nice she's amazing,Positive,
26,3,False,Location,The hotel is 5 minutes from the beach and the location is also near the lake,Positive,
26,3,False,Food,The restaurant is great and the food is good and not to pricey,Positive,
26,3,False,Off,Leaving..in fact just re booked the hotel for 2 weeks time,Negative,
27,1,True,Room,"so comfortable, clean",Positive,
27,1,True,Staff,friendly staff,Positive,
27,1,True,Location,Larnaca Airport,Positive,
27,2,True,Room,"so comfortable, clean",Positive,
27,2,True,Staff,friendly staff,Positive,
27,2,True,Location,Larnaca Airport,Positive,
27,3,True,Room,"so comfortable, clean",Positive,
27,3,True,Staff,friendly staff,Positive,
27,3,True,Location,Larnaca Airport,Positive,
28,1,False,Staff,Staff is very polite and caring. Thank you,Positive,
28,1,False,Surrounding,Surrounding buildings are under construction and poorly lit.,Negative,
28,2,False,Staff,Staff is very polite and caring. Thank you,Positive,
28,2,False,Surrounding,Surrounding buildings are under construction and poorly lit.,Negative,
28,3,False,Staff,Staff is very polite and caring. Thank you,Positive,
28,3,False,Surrounding,Surrounding buildings are under construction and poorly lit.,Negative,
29,1,False,Room,very clean functional rooms.,Positive,
29,1,False,Staff,lovely and very helpful staff.,Positive,
29,1,False,Facility,I would have liked an ironing board in the room.,Negative,
29,2,False,Room,very clean functional rooms.,Positive,
29,2,False,Staff,lovely and very helpful staff.,Positive,
29,2,False,Facility,I would have liked an ironing board in the room.,Negative,
29,3,False,Room,very clean functional rooms.,Positive,
29,3,False,Staff,lovely and very helpful staff.,Positive,
29,3,False,Facility,I would have liked an ironing board in the room.,Negative,
30,1,False,Room,The room was spotless.,Positive,
30,1,False,Staff,Staff were lovely.,Positive,
30,1,False,Service,Service was great.,Positive,
30,1,False,Location,Great location for restaurants.,Positive,
30,1,False,Location,Great location for a short drive to the airport.,Positive,
30,1,False,Off,Not applicable,,
30,2,False,Room,The room was spotless.,Positive,
30,2,False,Staff,Staff were lovely.,Positive,
30,2,False,Service,Service was great.,Positive,
30,2,False,Location,Great location for restaurants.,Positive,
30,2,False,Location,Great location for a short drive to the airport.,Positive,
30,2,False,Off,Not applicable,,
30,3,False,Room,The room was spotless.,Positive,
30,3,False,Staff,Staff were lovely.,Positive,
30,3,False,Service,Service was great.,Positive,
30,3,False,Location,Great location for restaurants.,Positive,
30,3,False,Location,Great location for a short drive to the airport.,Positive,
30,3,False,Off,Not applicable,,
31,1,True,Staff,friendly staff,Positive,
31,1,True,Food,excellent,Positive,
31,1,True,Location,Very close to Mackenzy beach & Larnaca airport,Positive,
31,1,True,Price,reasonably priced,Positive,
31,2,True,Staff,friendly staff,Positive,
31,2,True,Food,excellent,Positive,
31,2,True,Location,Very close to Mackenzy beach & Larnaca airport,Positive,
31,2,True,Price,reasonably priced,Positive,
31,3,True,Staff,friendly staff,Positive,
31,3,True,Food,excellent,Positive,
31,3,True,Location,Very close to Mackenzy beach & Larnaca airport,Positive,
31,3,True,Price,reasonably priced,Positive,
32,1,True,Room,The bed was great.,Positive,
32,1,True,Room,Rooms clean.,Positive,
32,1,True,Staff,Staff were so kind.,Positive,
32,2,True,Room,The bed was great.,Positive,
32,2,True,Room,Rooms clean.,Positive,
32,2,True,Staff,Staff were so kind.,Positive,
32,3,True,Room,The bed was great.,Positive,
32,3,True,Room,Rooms clean.,Positive,
32,3,True,Staff,Staff were so kind.,Positive,
33,1,False,Room,super clean room with modern furniture,Positive,
33,1,False,Staff,Very helpful staff,Positive,
33,1,False,Facility,option to have a good breakfast within the hotel,Positive,
33,2,False,Room,super clean room with modern furniture,Positive,
33,2,False,Staff,Very helpful staff,Positive,
33,2,False,Facility,option to have a good breakfast within the hotel,Positive,
33,3,False,Room,super clean room with modern furniture,Positive,
33,3,False,Staff,Very helpful staff,Positive,
33,3,False,Facility,option to have a good breakfast within the hotel,Positive,
34,1,True,Location,location,Positive,
34,1,True,Location,welcoming,Positive,
34,1,True,Location,value for money,Positive,
34,2,True,Location,location,Positive,
34,2,True,Location,welcoming,Positive,
34,2,True,Location,value for money,Positive,
34,3,True,Location,location,Positive,
34,3,True,Location,welcoming,Positive,
34,3,True,Location,value for money,Positive,
35,1,True,(no topics found),,,
35,2,True,(no topics found),,,
35,3,True,(no topics found),,,
36,1,False,Room,The room was smaller than I expected but as we were only there a few days it was acceptable.,Positive,
36,1,False,Staff,The receptionist on check in was very good and explained the information very clearly to us.,Positive,
36,1,False,Staff,"The chef was very polite, and his food was excellent, he had passion and it showed in his presentation.",Positive,
36,1,False,Food,"The chef was very polite, and his food was excellent, he had passion and it showed in his presentation.",Positive,
36,1,False,Location,"When we arrived, we were surprised at the location in a small side street, but it was only a 10-minute walk to the sea front.",Positive,
36,1,False,Off,Nothing except not showing opening times.,,
36,2,False,Room,The room was smaller than I expected but as we were only there a few days it was acceptable.,Positive,
36,2,False,Staff,The receptionist on check in was very good and explained the information very clearly to us.,Positive,
36,2,False,Staff,"The chef was very polite, and his food was excellent, he had passion and it showed in his presentation.",Positive,
36,2,False,Food,"The chef was very polite, and his food was excellent, he had passion and it showed in his presentation.",Positive,
36,2,False,Location,"When we arrived, we were surprised at the location in a small side street, but it was only a 10-minute walk to the sea front.",Positive,
36,2,False,Off,Nothing except not showing opening times.,,
36,3,False,Room,The room was smaller than I expected but as we were only there a few days it was acceptable.,Positive,
36,3,False,Staff,The receptionist on check in was very good and explained the information very clearly to us.,Positive,
36,3,False,Staff,"The chef was very polite, and his food was excellent, he had passion and it showed in his presentation.",Positive,
36,3,False,Food,"The chef was very polite, and his food was excellent, he had passion and it showed in his presentation.",Positive,
36,3,False,Location,"When we arrived, we were surprised at the location in a small side street, but it was only a 10-minute walk to the sea front.",Positive,
36,3,False,Off,Nothing except not showing opening times.,,
37,1,True,Staff,lovely caring staff.,Positive,
37,1,True,Food,food was good too!,Positive,
37,2,True,Staff,lovely caring staff.,Positive,
37,2,True,Food,food was good too!,Positive,
37,3,True,Staff,lovely caring staff.,Positive,
37,3,True,Food,food was good too!,Positive,
38,1,True,Room,great rooms - nice and cool,Positive,
38,2,True,Room,great rooms - nice and cool,Positive,
38,3,True,Room,great rooms - nice and cool,Positive,
39,1,True,(no topics found),,,
39,2,True,(no topics found),,,
39,3,True,(no topics found),,,
40,1,True,Room,no net curtain or blind,Negative,
40,1,True,Location,"Nice location, not far from Airport and Mackenzie beach.",Positive,
40,2,True,Room,no net curtain or blind,Negative,
40,2,True,Location,"Nice location, not far from Airport and Mackenzie beach.",Positive,
40,3,True,Room,no net curtain or blind,Negative,
40,3,True,Location,"Nice location, not far from Airport and Mackenzie beach.",Positive,
41,1,False,Staff,Super friendly and helpful staff.,Positive,
41,1,False,Location,"A good location 5 mins away from the airport by car, 5 mins walk to the beach.",Positive,
41,1,False,Food,"It is typical of all restaurants in the area - the kitchen shuts at 22:30 or so, and there is no food to be had afterwards.",Negative,
41,2,False,Staff,Super friendly and helpful staff.,Positive,
41,2,False,Location,"A good location 5 mins away from the airport by car, 5 mins walk to the beach.",Positive,
41,2,False,Food,"It is typical of all restaurants in the area - the kitchen shuts at 22:30 or so, and there is no food to be had afterwards.",Negative,
41,3,False,Staff,Super friendly and helpful staff.,Positive,
41,3,False,Location,"A good location 5 mins away from the airport by car, 5 mins walk to the beach.",Positive,
41,3,False,Food,"It is typical of all restaurants in the area - the kitchen shuts at 22:30 or so, and there is no food to be had afterwards.",Negative,
42,1,True,(no topics found),,,
42,2,True,(no topics found),,,
42,3,True,(no topics found),,,
43,1,True,(no topics found),,,
43,2,True,(no topics found),,,
43,3,True,(no topics found),,,
44,1,False,Staff,Was met with a warm welcome at reception,Positive,
44,1,False,Staff,and then again by the dining staff,Positive,
44,1,False,Price,"The facilities were really good, particularly for the tariff charged",Positive,
44,1,False,Facility,The facilities were really good,Positive,
44,1,False,Noisy,Outside was a but noisy later in the evening,Negative,
44,2,False,Staff,Was met with a warm welcome at reception,Positive,
44,2,False,Staff,and then again by the dining staff,Positive,
44,2,False,Price,"The facilities were really good, particularly for the tariff charged",Positive,
44,2,False,Facility,The facilities were really good,Positive,
44,2,False,Noisy,Outside was a but noisy later in the evening,Negative,
44,3,False,Staff,Was met with a warm welcome at reception,Positive,
44,3,False,Staff,and then again by the dining staff,Positive,
44,3,False,Price,"The facilities were really good, particularly for the tariff charged",Positive,
44,3,False,Facility,The facilities were really good,Positive,
44,3,False,Noisy,Outside was a but noisy later in the evening,Negative,
45,1,False,Room,"Recently updated, everything was me and clean.",Positive,
45,1,False,Location,The beach is about 5 minutes walk away.,Positive,
45,1,False,Food,"good food, very reasonably priced",Positive,
45,1,False,Facility,Restaurant,Positive,
45,1,False,Noise,plane noise,Negative,
45,2,False,Room,"Recently updated, everything was me and clean.",Positive,
45,2,False,Location,The beach is about 5 minutes walk away.,Positive,
45,2,False,Food,"good food, very reasonably priced",Positive,
45,2,False,Facility,Restaurant,Positive,
45,2,False,Noise,plane noise,Negative,
45,3,False,Room,"Recently updated, everything was me and clean.",Positive,
45,3,False,Location,The beach is about 5 minutes walk away.,Positive,
45,3,False,Food,"good food, very reasonably priced",Positive,
45,3,False,Facility,Restaurant,Positive,
45,3,False,Noise,plane noise,Negative,
46,1,True,Price,Great value for money,Positive,
46,2,True,Price,Great value for money,Positive,
46,3,True,Price,Great value for money,Positive,
47,1,True,Staff,very helpful staff who organised a taxi to collect us in the morning,Positive,
47,1,True,Price,Good value for money,Positive,
47,2,True,Staff,very helpful staff who organised a taxi to collect us in the morning,Positive,
47,2,True,Price,Good value for money,Positive,
47,3,True,Staff,very helpful staff who organised a taxi to collect us in the morning,Positive,
47,3,True,Price,Good value for money,Positive,
48,1,True,Room,Clean and comfortable rooms,Positive,
48,1,True,Staff,lovely owner,Positive,
48,2,True,Room,Clean and comfortable rooms,Positive,
48,2,True,Staff,lovely owner,Positive,
48,3,True,Room,Clean and comfortable rooms,Positive,
48,3,True,Staff,lovely owner,Positive,
49,1,True,Room,The 2 rooms were big enough for a family of 5.,Positive,
49,1,True,Location,Great location close to the airport and a short walk to the sea.,Positive,
49,1,True,Price,Great value for money.,Positive,
49,2,True,Room,The 2 rooms were big enough for a family of 5.,Positive,
49,2,True,Location,Great location close to the airport and a short walk to the sea.,Positive,
49,2,True,Price,Great value for money.,Positive,
49,3,True,Room,The 2 rooms were big enough for a family of 5.,Positive,
49,3,True,Location,Great location close to the airport and a short walk to the sea.,Positive,
49,3,True,Price,Great value for money.,Positive,
50,1,False,Location,Great little hotel close to airport,Positive,
50,1,False,Sound,Not very Soundproof,Negative,
50,2,False,Location,Great little hotel close to airport,Positive,
50,2,False,Sound,Not very Soundproof,Negative,
50,3,False,Location,Great little hotel close to airport,Positive,
50,3,False,Sound,Not very Soundproof,Negative,
51,1,True,Room,"nice clean room, very well kept.",Positive,
51,1,True,Staff,staff very helpful and friendly.,Positive,
51,1,True,Food,good food,Positive,
51,1,True,Location,Near airport,Positive,
51,2,True,Room,"nice clean room, very well kept.",Positive,
51,2,True,Staff,staff very helpful and friendly.,Positive,
51,2,True,Food,good food,Positive,
51,2,True,Location,Near airport,Positive,
51,3,True,Room,"nice clean room, very well kept.",Positive,
51,3,True,Staff,staff very helpful and friendly.,Positive,
51,3,True,Food,good food,Positive,
51,3,True,Location,Near airport,Positive,
52,1,True,(no topics found),,,
52,2,True,(no topics found),,,
52,3,True,(no topics found),,,
53,1,True,Room,"nice, renovated hotel",Positive,
53,1,True,Room,comfortable bed,Positive,
53,1,True,Location,close to the airport and Mackenzie Beach,Positive,
53,1,True,Food,delicious breakfasts in the hotel restaurant,Positive,
53,2,True,Room,"nice, renovated hotel",Positive,
53,2,True,Room,comfortable bed,Positive,
53,2,True,Location,close to the airport and Mackenzie Beach,Positive,
53,2,True,Food,delicious breakfasts in the hotel restaurant,Positive,
53,3,True,Room,"nice, renovated hotel",Positive,
53,3,True,Room,comfortable bed,Positive,
53,3,True,Location,close to the airport and Mackenzie Beach,Positive,
53,3,True,Food,delicious breakfasts in the hotel restaurant,Positive,
54,1,True,Room,Very nice and clean room.,Positive,
54,2,True,Room,Very nice and clean room.,Positive,
54,3,True,Room,Very nice and clean room.,Positive,
55,1,True,(no topics found),,,
55,2,True,(no topics found),,,
55,3,True,(no topics found),,,
56,1,True,Staff,amazing hospitality from the staff,Positive,
56,1,True,Location,situated within 5 minutes from the airport,Positive,
56,2,True,Staff,amazing hospitality from the staff,Positive,
56,2,True,Location,situated within 5 minutes from the airport,Positive,
56,3,True,Staff,amazing hospitality from the staff,Positive,
56,3,True,Location,situated within 5 minutes from the airport,Positive,
57,1,False,Room,"Very clean, very comfortable room.",Positive,
57,1,False,Staff,Staff was extremely helpful.,Positive,
57,1,False,Location,"We were able to enjoy a very nice, short walk to the beach where there were many restaurants available to choose from.",Positive,
57,1,False,Taxi,They ordered a taxi for us to get to the airport very early in the morning.,Positive,
57,2,False,Room,"Very clean, very comfortable room.",Positive,
57,2,False,Staff,Staff was extremely helpful.,Positive,
57,2,False,Location,"We were able to enjoy a very nice, short walk to the beach where there were many restaurants available to choose from.",Positive,
57,2,False,Taxi,They ordered a taxi for us to get to the airport very early in the morning.,Positive,
57,3,False,Room,"Very clean, very comfortable room.",Positive,
57,3,False,Staff,Staff was extremely helpful.,Positive,
57,3,False,Location,"We were able to enjoy a very nice, short walk to the beach where there were many restaurants available to choose from.",Positive,
57,3,False,Taxi,They ordered a taxi for us to get to the airport very early in the morning.,Positive,
58,1,True,Room,The room wasn't soundproof,Negative,
58,1,True,Staff,the staff were nice and helpful,Positive,
58,1,True,Location,Close to the airport,Positive,
58,2,True,Room,The room wasn't soundproof,Negative,
58,2,True,Staff,the staff were nice and helpful,Positive,
58,2,True,Location,Close to the airport,Positive,
58,3,True,Room,The room wasn't soundproof,Negative,
58,3,True,Staff,the staff were nice and helpful,Positive,
58,3,True,Location,Close to the airport,Positive,
59,1,False,Location,Close to airport so very convenient for overnight stay.,Positive,
59,1,False,Check-in,also very easy to check-in if you arrive late at night,Positive,
59,1,False,Off,N/a,,
59,2,False,Location,Close to airport so very convenient for overnight stay.,Positive,
59,2,False,Check-in,also very easy to check-in if you arrive late at night,Positive,
59,2,False,Off,N/a,,
59,3,False,Location,Close to airport so very convenient for overnight stay.,Positive,
59,3,False,Check-in,also very easy to check-in if you arrive late at night,Positive,
59,3,False,Off,N/a,,
60,1,True,Room,Arrived in the early hours clear instructions left access to our room made easy 😊,Positive,
60,2,True,Room,Arrived in the early hours clear instructions left access to our room made easy 😊,Positive,
60,3,True,Room,Arrived in the early hours clear instructions left access to our room made easy 😊,Positive,
61,1,True,Food,Excellent range of food offered and good service.,Positive,
61,2,True,Food,Excellent range of food offered and good service.,Positive,
61,3,True,Food,Excellent range of food offered and good service.,Positive,
62,1,True,Room,"Comfortable location near the airport, and near the beach.",Positive,
62,1,True,Room,Clean modern bathroom.,Positive,
62,1,True,Room,"Comfortable beds, the best linen and duvets I had",Positive,
62,1,True,Staff,Caring and helpful host.,Positive,
62,1,True,Facility,In room mini bar+ tea/ coffee,Positive,
62,1,True,Facility,Good AC.,Positive,
62,1,True,Food,Restaurant on site,Positive,
62,1,True,Location,"Comfortable location near the airport, and near the beach.",Positive,
62,2,True,Room,"Comfortable location near the airport, and near the beach.",Positive,
62,2,True,Room,Clean modern bathroom.,Positive,
62,2,True,Room,"Comfortable beds, the best linen and duvets I had",Positive,
62,2,True,Staff,Caring and helpful host.,Positive,
62,2,True,Facility,In room mini bar+ tea/ coffee,Positive,
62,2,True,Facility,Good AC.,Positive,
62,2,True,Food,Restaurant on site,Positive,
62,2,True,Location,"Comfortable location near the airport, and near the beach.",Positive,
62,3,True,Room,"Comfortable location near the airport, and near the beach.",Positive,
62,3,True,Room,Clean modern bathroom.,Positive,
62,3,True,Room,"Comfortable beds, the best linen and duvets I had",Positive,
62,3,True,Staff,Caring and helpful host.,Positive,
62,3,True,Facility,In room mini bar+ tea/ coffee,Positive,
62,3,True,Facility,Good AC.,Positive,
62,3,True,Food,Restaurant on site,Positive,
62,3,True,Location,"Comfortable location near the airport, and near the beach.",Positive,
63,1,False,Facility,It’s been renovated to a exceptionally high standard,Positive,
63,1,False,Facility,really is well up to 4* standard,Positive,
63,1,False,Value,Exceptional value,Positive,
63,2,False,Facility,It’s been renovated to a exceptionally high standard,Positive,
63,2,False,Facility,really is well up to 4* standard,Positive,
63,2,False,Value,Exceptional value,Positive,
63,3,False,Facility,It’s been renovated to a exceptionally high standard,Positive,
63,3,False,Facility,really is well up to 4* standard,Positive,
63,3,False,Value,Exceptional value,Positive,
64,1,False,Room,The room was new and clean,Positive,
64,1,False,Staff,The staff reached out in advance and provided us with the detailed instructions of how to get to the room when reception closes,Positive,
64,1,False,Food,They made us a pizza which was really nice,Positive,
64,1,False,Location,The hotel is located close to the airport,Positive,
64,1,False,Location,"The hotel is close to the airport, so you can hear all the noise from the planes",Negative,
64,2,False,Room,The room was new and clean,Positive,
64,2,False,Staff,The staff reached out in advance and provided us with the detailed instructions of how to get to the room when reception closes,Positive,
64,2,False,Food,They made us a pizza which was really nice,Positive,
64,2,False,Location,The hotel is located close to the airport,Positive,
64,2,False,Location,"The hotel is close to the airport, so you can hear all the noise from the planes",Negative,
64,3,False,Room,The room was new and clean,Positive,
64,3,False,Staff,The staff reached out in advance and provided us with the detailed instructions of how to get to the room when reception closes,Positive,
64,3,False,Food,They made us a pizza which was really nice,Positive,
64,3,False,Location,The hotel is located close to the airport,Positive,
64,3,False,Location,"The hotel is close to the airport, so you can hear all the noise from the planes",Negative,
65,1,False,Room,"The property was clean, bed was comfortable",Positive,
65,1,False,Staff,staff were really good,Positive,
65,1,False,Location,Location was great and easy to get to and from,Positive,
65,1,False,Food,food was really good,Positive,
65,2,False,Room,"The property was clean, bed was comfortable",Positive,
65,2,False,Staff,staff were really good,Positive,
65,2,False,Location,Location was great and easy to get to and from,Positive,
65,2,False,Food,food was really good,Positive,
65,3,False,Room,"The property was clean, bed was comfortable",Positive,
65,3,False,Staff,staff were really good,Positive,
65,3,False,Location,Location was great and easy to get to and from,Positive,
65,3,False,Food,food was really good,Positive,
66,1,True,Staff,The gentleman in reception was very friendly and had a lovely smile.,Positive,
66,1,True,Location,The location was perfect for the airport as we were flying out to uk.,Positive,
66,1,True,Food,The fish and steak restaurant around the corner was also great value and friendly.,Positive,
66,1,True,Facility,The entrance to the hotel is welcoming and the bar and coffee shop chic.,Positive,
66,2,True,Staff,The gentleman in reception was very friendly and had a lovely smile.,Positive,
66,2,True,Location,The location was perfect for the airport as we were flying out to uk.,Positive,
66,2,True,Food,The fish and steak restaurant around the corner was also great value and friendly.,Positive,
66,2,True,Facility,The entrance to the hotel is welcoming and the bar and coffee shop chic.,Positive,
66,3,True,Staff,The gentleman in reception was very friendly and had a lovely smile.,Positive,
66,3,True,Location,The location was perfect for the airport as we were flying out to uk.,Positive,
66,3,True,Food,The fish and steak restaurant around the corner was also great value and friendly.,Positive,
66,3,True,Facility,The entrance to the hotel is welcoming and the bar and coffee shop chic.,Positive,
67,1,True,Staff,friendly staff,Positive,
67,2,True,Staff,friendly staff,Positive,
67,3,True,Staff,friendly staff,Positive,
68,1,True,(no topics found),,,
68,2,True,(no topics found),,,
68,3,True,(no topics found),,,
69,1,True,Price,I couldn't ask for more during my stay especially with such a price.,Positive,
69,2,True,Price,I couldn't ask for more during my stay especially with such a price.,Positive,
69,3,True,Price,I couldn't ask for more during my stay especially with such a price.,Positive,
70,1,True,Staff,friendly helpful staff,Positive,
70,2,True,Staff,friendly helpful staff,Positive,
70,3,True,Staff,friendly helpful staff,Positive,
71,1,False,Staff,The staff of the hotel is extremely friendly and nice.,Positive,
71,1,False,Location,The bus stop with direct access to the airport is a few steps from the accommodation.,Positive,
71,1,False,Location,Mackenzie beach is also easily accessible on foot.,Positive,
71,2,False,Staff,The staff of the hotel is extremely friendly and nice.,Positive,
71,2,False,Location,The bus stop with direct access to the airport is a few steps from the accommodation.,Positive,
71,2,False,Location,Mackenzie beach is also easily accessible on foot.,Positive,
71,3,False,Staff,The staff of the hotel is extremely friendly and nice.,Positive,
71,3,False,Location,The bus stop with direct access to the airport is a few steps from the accommodation.,Positive,
71,3,False,Location,Mackenzie beach is also easily accessible on foot.,Positive,
72,1,True,Check-in,I received very clear instructions how to enter the hotel and access my room.,Positive,
72,2,True,Check-in,I received very clear instructions how to enter the hotel and access my room.,Positive,
72,3,True,Check-in,I received very clear instructions how to enter the hotel and access my room.,Positive,
73,1,True,Room,wonderful room.,Positive,
73,1,True,Staff,Lovely staff doing best to assist always.,Positive,
73,2,True,Room,wonderful room.,Positive,
73,2,True,Staff,Lovely staff doing best to assist always.,Positive,
73,3,True,Room,wonderful room.,Positive,
73,3,True,Staff,Lovely staff doing best to assist always.,Positive,
74,1,False,Room,"The room is very clean and cozy, with comfortable beds.",Positive,
74,1,False,Staff,The staff of the hotel is extremely friendly and nice.,Positive,
74,1,False,Location,"The hotel is based on a quiet place near to the airport, beach and the Salt Lake in the city. The location is excellent, as there are lots of parking places around, as well.",Positive,
74,1,False,Food,The restaurant in the hotel with delicious food.,Positive,
74,2,False,Room,"The room is very clean and cozy, with comfortable beds.",Positive,
74,2,False,Staff,The staff of the hotel is extremely friendly and nice.,Positive,
74,2,False,Location,"The hotel is based on a quiet place near to the airport, beach and the Salt Lake in the city. The location is excellent, as there are lots of parking places around, as well.",Positive,
74,2,False,Food,The restaurant in the hotel with delicious food.,Positive,
74,3,False,Room,"The room is very clean and cozy, with comfortable beds.",Positive,
74,3,False,Staff,The staff of the hotel is extremely friendly and nice.,Positive,
74,3,False,Location,"The hotel is based on a quiet place near to the airport, beach and the Salt Lake in the city. The location is excellent, as there are lots of parking places around, as well.",Positive,
74,3,False,Food,The restaurant in the hotel with delicious food.,Positive,
75,1,True,(no topics found),,,
75,2,True,(no topics found),,,
75,3,True,(no topics found),,,
76,1,True,Location,perfect location nearby the beach,Positive,
76,2,True,Location,perfect location nearby the beach,Positive,
76,3,True,Location,perfect location nearby the beach,Positive,
77,1,True,Staff,The staff is very VERY helpful and eager to assist.,Positive,
77,2,True,Staff,The staff is very VERY helpful and eager to assist.,Positive,
77,3,True,Staff,The staff is very VERY helpful and eager to assist.,Positive,
78,1,True,Room,"clean, nice room, big bathroom",Positive,
78,1,True,Staff,Nice friendly staff,Positive,
78,2,True,Room,"clean, nice room, big bathroom",Positive,
78,2,True,Staff,Nice friendly staff,Positive,
78,3,True,Room,"clean, nice room, big bathroom",Positive,
78,3,True,Staff,Nice friendly staff,Positive,
79,1,True,Staff,friendly helpful staff,Positive,
79,2,True,Staff,friendly helpful staff,Positive,
79,3,True,Staff,friendly helpful staff,Positive,
80,1,False,Location,Mc Kenzie Beach within walking distance,Positive,
80,1,False,Food,Dinner was delicious and inexpensive,Positive,
80,2,False,Location,Mc Kenzie Beach within walking distance,Positive,
80,2,False,Food,Dinner was delicious and inexpensive,Positive,
80,3,False,Location,Mc Kenzie Beach within walking distance,Positive,
80,3,False,Food,Dinner was delicious and inexpensive,Positive,
81,1,False,Room,clean spacious rooms.,Positive,
81,1,False,Location,Close to the airport,Positive,
81,1,False,Off,No 24 hour reception,Negative,
81,2,False,Room,clean spacious rooms.,Positive,
81,2,False,Location,Close to the airport,Positive,
81,2,False,Off,No 24 hour reception,Negative,
81,3,False,Room,clean spacious rooms.,Positive,
81,3,False,Location,Close to the airport,Positive,
81,3,False,Off,No 24 hour reception,Negative,
82,1,True,Staff,Amazing staff,Positive,
82,1,True,Location,great location,Positive,
82,2,True,Staff,Amazing staff,Positive,
82,2,True,Location,great location,Positive,
82,3,True,Staff,Amazing staff,Positive,
82,3,True,Location,great location,Positive,
83,1,True,Room,Room was clean and comfortable.,Positive,
83,1,True,Staff,Stuff was very nice and friendly.,Positive,
83,1,True,Location,The location was a little bit far from the centre.,Negative,
83,2,True,Room,Room was clean and comfortable.,Positive,
83,2,True,Staff,Stuff was very nice and friendly.,Positive,
83,2,True,Location,The location was a little bit far from the centre.,Negative,
83,3,True,Room,Room was clean and comfortable.,Positive,
83,3,True,Staff,Stuff was very nice and friendly.,Positive,
83,3,True,Location,The location was a little bit far from the centre.,Negative,
84,1,True,Staff,very polite and caring at all times,Positive,
84,1,True,Staff,Could not seem to do enough for their guests,Positive,
84,1,True,Food,plenty of selection,Positive,
84,1,True,Food,breakfast was very good,Positive,
84,1,True,Facility,spotless clean in the breakfast room,Positive,
84,1,True,Facility,plenty of chairs to sot on outside in the garden,Positive,
84,1,True,Facility,spotlessly clean everywhere,Positive,
84,2,True,Staff,very polite and caring at all times,Positive,
84,2,True,Staff,Could not seem to do enough for their guests,Positive,
84,2,True,Food,plenty of selection,Positive,
84,2,True,Food,breakfast was very good,Positive,
84,2,True,Facility,spotless clean in the breakfast room,Positive,
84,2,True,Facility,plenty of chairs to sot on outside in the garden,Positive,
84,2,True,Facility,spotlessly clean everywhere,Positive,
84,3,True,Staff,very polite and caring at all times,Positive,
84,3,True,Staff,Could not seem to do enough for their guests,Positive,
84,3,True,Food,plenty of selection,Positive,
84,3,True,Food,breakfast was very good,Positive,
84,3,True,Facility,spotless clean in the breakfast room,Positive,
84,3,True,Facility,plenty of chairs to sot on outside in the garden,Positive,
84,3,True,Facility,spotlessly clean everywhere,Positive,
85,1,True,Room,The room wasn't clean when we checked in.,Negative,
85,1,True,Staff,friendly personnel,Positive,
85,1,True,Food,Good food in the restaurant downstairs,Positive,
85,1,True,Check-in,So they finished the cleaning after our complaint,Positive,
85,2,True,Room,The room wasn't clean when we checked in.,Negative,
85,2,True,Staff,friendly personnel,Positive,
85,2,True,Food,Good food in the restaurant downstairs,Positive,
85,2,True,Check-in,So they finished the cleaning after our complaint,Positive,
85,3,True,Room,The room wasn't clean when we checked in.,Negative,
85,3,True,Staff,friendly personnel,Positive,
85,3,True,Food,Good food in the restaurant downstairs,Positive,
85,3,True,Check-in,So they finished the cleaning after our complaint,Positive,
86,1,True,Staff,Lovely little hotel with very friendly staff.,Positive,
86,1,True,Food,Breakfast was excellent.,Positive,
86,2,True,Staff,Lovely little hotel with very friendly staff.,Positive,
86,2,True,Food,Breakfast was excellent.,Positive,
86,3,True,Staff,Lovely little hotel with very friendly staff.,Positive,
86,3,True,Food,Breakfast was excellent.,Positive,
87,1,False,Staff,Super friendly staff,Positive,
87,1,False,Restaurant,nice restaurant,Positive,
87,2,False,Staff,Super friendly staff,Positive,
87,2,False,Restaurant,nice restaurant,Positive,
87,3,False,Staff,Super friendly staff,Positive,
87,3,False,Restaurant,nice restaurant,Positive,
88,1,True,Staff,Lovely friendly staff.,Positive,
88,1,True,Location,Good location and easily reached from the airport.,Positive,
88,2,True,Staff,Lovely friendly staff.,Positive,
88,2,True,Location,Good location and easily reached from the airport.,Positive,
88,3,True,Staff,Lovely friendly staff.,Positive,
88,3,True,Location,Good location and easily reached from the airport.,Positive,
89,1,True,Room,"We had a horrible 4am arrival, instructions for access were sent in advance and absolutely perfect. In a clean, comfortable bed within minutes of arrival.",Positive,
89,2,True,Room,"We had a horrible 4am arrival, instructions for access were sent in advance and absolutely perfect. In a clean, comfortable bed within minutes of arrival.",Positive,
89,3,True,Room,"We had a horrible 4am arrival, instructions for access were sent in advance and absolutely perfect. In a clean, comfortable bed within minutes of arrival.",Positive,
90,1,False,Room,position,Positive,
90,1,False,Staff,staff,Positive,
90,1,False,Facility,very clean,Positive,
90,1,False,Parking,parking not always easy,Negative,
90,2,False,Room,position,Positive,
90,2,False,Staff,staff,Positive,
90,2,False,Facility,very clean,Positive,
90,2,False,Parking,parking not always easy,Negative,
90,3,False,Room,position,Positive,
90,3,False,Staff,staff,Positive,
90,3,False,Facility,very clean,Positive,
90,3,False,Parking,parking not always easy,Negative,
91,1,True,Room,Very nice rooms that were very clean.,Positive,
91,1,True,Staff,"helpful, friendly staff.",Positive,
91,1,True,Location,Close to Larnaca airport.,Positive,
91,2,True,Room,Very nice rooms that were very clean.,Positive,
91,2,True,Staff,"helpful, friendly staff.",Positive,
91,2,True,Location,Close to Larnaca airport.,Positive,
91,3,True,Room,Very nice rooms that were very clean.,Positive,
91,3,True,Staff,"helpful, friendly staff.",Positive,
91,3,True,Location,Close to Larnaca airport.,Positive,
92,1,False,(parse failed),,,json_parse_error: Extra data: line 2 column 1 (char 359)
92,2,False,(parse failed),,,json_parse_error: Extra data: line 2 column 1 (char 359)
92,3,False,(parse failed),,,json_parse_error: Extra data: line 2 column 1 (char 359)
93,1,False,(parse failed),,,json_parse_error: Expecting value: line 1 column 1 (char 0)
93,2,False,(parse failed),,,json_parse_error: Expecting value: line 1 column 1 (char 0)
93,3,False,(parse failed),,,json_parse_error: Expecting value: line 1 column 1 (char 0)
94,1,False,Staff,Amazing staff,Positive,
94,1,False,Facility,modern facility,Positive,
94,1,False,Food,very tasty food,Positive,
94,1,False,Service,super service at the restaurant,Positive,
94,2,False,Staff,Amazing staff,Positive,
94,2,False,Facility,modern facility,Positive,
94,2,False,Food,very tasty food,Positive,
94,2,False,Service,super service at the restaurant,Positive,
94,3,False,Staff,Amazing staff,Positive,
94,3,False,Facility,modern facility,Positive,
94,3,False,Food,very tasty food,Positive,
94,3,False,Service,super service at the restaurant,Positive,
95,1,True,Location,clean and quiet - perfect location for the airport,Positive,
95,2,True,Location,clean and quiet - perfect location for the airport,Positive,
95,3,True,Location,clean and quiet - perfect location for the airport,Positive,
96,1,False,Room,the room is very comfortable.,Positive,
96,1,False,Staff,the staff is very nice.,Positive,
96,1,False,Dirty-towel,some of the towels were dirty.,Negative,
96,2,False,Room,the room is very comfortable.,Positive,
96,2,False,Staff,the staff is very nice.,Positive,
96,2,False,Dirty-towel,some of the towels were dirty.,Negative,
96,3,False,Room,the room is very comfortable.,Positive,
96,3,False,Staff,the staff is very nice.,Positive,
96,3,False,Dirty-towel,some of the towels were dirty.,Negative,
97,1,False,Food,The food we had was excellent,Positive,
97,1,False,Service,service was excellent,Positive,
97,2,False,Food,The food we had was excellent,Positive,
97,2,False,Service,service was excellent,Positive,
97,3,False,Food,The food we had was excellent,Positive,
97,3,False,Service,service was excellent,Positive,
98,1,False,Location,The hotel is close to the airport.,Positive,
98,1,False,Location,"The nearby beach (mackenzie) is nice, long, with some cool and fancy bars.",Positive,
98,1,False,Facility,"The Hotel itself was very nice, spacious, clean and modern.",Positive,
98,2,False,Location,The hotel is close to the airport.,Positive,
98,2,False,Location,"The nearby beach (mackenzie) is nice, long, with some cool and fancy bars.",Positive,
98,2,False,Facility,"The Hotel itself was very nice, spacious, clean and modern.",Positive,
98,3,False,Location,The hotel is close to the airport.,Positive,
98,3,False,Location,"The nearby beach (mackenzie) is nice, long, with some cool and fancy bars.",Positive,
98,3,False,Facility,"The Hotel itself was very nice, spacious, clean and modern.",Positive,
99,1,True,Staff,very clean and the staff was wonderful,Positive,
99,2,True,Staff,very clean and the staff was wonderful,Positive,
99,3,True,Staff,very clean and the staff was wonderful,Positive,
100,1,True,Staff,"exceptional staff, incredibly polite",Positive,
100,2,True,Staff,"exceptional staff, incredibly polite",Positive,
100,3,True,Staff,"exceptional staff, incredibly polite",Positive,
101,1,False,Room,The cupboard/wardrobe need doors and they should be drawers in the room to keep the rooms tidy.,Negative,
101,1,False,Staff,The staff were very hospitable and very helpful.,Positive,
101,2,False,Room,The cupboard/wardrobe need doors and they should be drawers in the room to keep the rooms tidy.,Negative,
101,2,False,Staff,The staff were very hospitable and very helpful.,Positive,
101,3,False,Room,The cupboard/wardrobe need doors and they should be drawers in the room to keep the rooms tidy.,Negative,
101,3,False,Staff,The staff were very hospitable and very helpful.,Positive,
102,1,True,Room,Nice modern and clean rooms.,Positive,
102,1,True,Location,"The location is excellent close to Airport, Makenzie beach and touristic area",Positive,
102,1,True,Staff,Very friendly staff.,Positive,
102,1,True,Off,Nothing,Negative,
102,2,True,Room,Nice modern and clean rooms.,Positive,
102,2,True,Location,"The location is excellent close to Airport, Makenzie beach and touristic area",Positive,
102,2,True,Staff,Very friendly staff.,Positive,
102,2,True,Off,Nothing,Negative,
102,3,True,Room,Nice modern and clean rooms.,Positive,
102,3,True,Location,"The location is excellent close to Airport, Makenzie beach and touristic area",Positive,
102,3,True,Staff,Very friendly staff.,Positive,
102,3,True,Off,Nothing,Negative,
103,1,False,Room,The room was recently refurbished and very spacious.,Positive,
103,1,False,Facility,Nice view of the salt lake by the terrace.,Positive,
103,1,False,Off,No soap or shampoo in the shower. There was hand soap instead.,Negative,
103,2,False,Room,The room was recently refurbished and very spacious.,Positive,
103,2,False,Facility,Nice view of the salt lake by the terrace.,Positive,
103,2,False,Off,No soap or shampoo in the shower. There was hand soap instead.,Negative,
103,3,False,Room,The room was recently refurbished and very spacious.,Positive,
103,3,False,Facility,Nice view of the salt lake by the terrace.,Positive,
103,3,False,Off,No soap or shampoo in the shower. There was hand soap instead.,Negative,
104,1,False,Room,Good rooms.,Positive,
104,2,False,Room,Good rooms.,Positive,
104,3,False,Room,Good rooms.,Positive,
105,1,False,Room,The rooms were very clean,Positive,
105,1,False,Room,The bathroom was spacious,Positive,
105,1,False,Staff,The staff was super nice,Positive,
105,2,False,Room,The rooms were very clean,Positive,
105,2,False,Room,The bathroom was spacious,Positive,
105,2,False,Staff,The staff was super nice,Positive,
105,3,False,Room,The rooms were very clean,Positive,
105,3,False,Room,The bathroom was spacious,Positive,
105,3,False,Staff,The staff was super nice,Positive,
106,1,True,Room,very comfortable beds,Positive,
106,1,True,Staff,The hotel staff should learn better English,Negative,
106,1,True,Location,proximity to the airport,Positive,
106,2,True,Room,very comfortable beds,Positive,
106,2,True,Staff,The hotel staff should learn better English,Negative,
106,2,True,Location,proximity to the airport,Positive,
106,3,True,Room,very comfortable beds,Positive,
106,3,True,Staff,The hotel staff should learn better English,Negative,
106,3,True,Location,proximity to the airport,Positive,
107,1,True,Room,Rooms large and newly redecorated in a contemporary style.,Positive,
107,1,True,Room,Bed very comfortable.,Positive,
107,1,True,Location,Very convenient for the airport.,Positive,
107,1,True,Food,Breakfast was excellent.,Positive,
107,2,True,Room,Rooms large and newly redecorated in a contemporary style.,Positive,
107,2,True,Room,Bed very comfortable.,Positive,
107,2,True,Location,Very convenient for the airport.,Positive,
107,2,True,Food,Breakfast was excellent.,Positive,
107,3,True,Room,Rooms large and newly redecorated in a contemporary style.,Positive,
107,3,True,Room,Bed very comfortable.,Positive,
107,3,True,Location,Very convenient for the airport.,Positive,
107,3,True,Food,Breakfast was excellent.,Positive,
108,1,True,(no topics found),,,
108,2,True,(no topics found),,,
108,3,True,(no topics found),,,
109,1,True,Room,lovely rooms with comfortable beds,Positive,
109,1,True,Staff,Very helpful staff,Positive,
109,1,True,Location,Great location for overnight stay for late flights,Positive,
109,2,True,Room,lovely rooms with comfortable beds,Positive,
109,2,True,Staff,Very helpful staff,Positive,
109,2,True,Location,Great location for overnight stay for late flights,Positive,
109,3,True,Room,lovely rooms with comfortable beds,Positive,
109,3,True,Staff,Very helpful staff,Positive,
109,3,True,Location,Great location for overnight stay for late flights,Positive,
110,1,True,Facility,the building is completely refurbished,Positive,
110,1,True,Check-in,self check in was very easy,Positive,
110,2,True,Facility,the building is completely refurbished,Positive,
110,2,True,Check-in,self check in was very easy,Positive,
110,3,True,Facility,the building is completely refurbished,Positive,
110,3,True,Check-in,self check in was very easy,Positive,
111,1,True,Location,Excellent for airport and Mackenzie beach,Positive,
111,2,True,Location,Excellent for airport and Mackenzie beach,Positive,
111,3,True,Location,Excellent for airport and Mackenzie beach,Positive,
112,1,True,(no topics found),,,
112,2,True,(no topics found),,,
112,3,True,(no topics found),,,
113,1,True,Room,Very nice clean rooms,Positive,
113,1,True,Staff,Staff excellent and accommodating,Positive,
113,2,True,Room,Very nice clean rooms,Positive,
113,2,True,Staff,Staff excellent and accommodating,Positive,
113,3,True,Room,Very nice clean rooms,Positive,
113,3,True,Staff,Staff excellent and accommodating,Positive,
114,1,False,Room,It was 10 minutes from the airport by taxi,Positive,
114,1,False,Staff,"I was particularly impressed when the staff emailed me via booking.com and after asking me what time I was arriving (the hotel is not manned 24/7 but arrangements are made to collect your room key in the hotel if you are arriving outside of normal hours), told me which bus routes I needed to take.",Positive,
114,1,False,Location,"It didn't have a pool but it was 10 minutes from the airport by taxi, 15 by shuttle bus. There are also connecting buses from ayia napa to this hotel via Larnaca which we used for our early morning start from Larnaca Airport. McKenzie beach is close by, and the food restaurants off the opposite beach were only a ten minute walk.",Positive,
114,1,False,Facility,Air con and fridge in rooms with a bottle of water provided.,Positive,
114,2,False,Room,It was 10 minutes from the airport by taxi,Positive,
114,2,False,Staff,"I was particularly impressed when the staff emailed me via booking.com and after asking me what time I was arriving (the hotel is not manned 24/7 but arrangements are made to collect your room key in the hotel if you are arriving outside of normal hours), told me which bus routes I needed to take.",Positive,
114,2,False,Location,"It didn't have a pool but it was 10 minutes from the airport by taxi, 15 by shuttle bus. There are also connecting buses from ayia napa to this hotel via Larnaca which we used for our early morning start from Larnaca Airport. McKenzie beach is close by, and the food restaurants off the opposite beach were only a ten minute walk.",Positive,
114,2,False,Facility,Air con and fridge in rooms with a bottle of water provided.,Positive,
114,3,False,Room,It was 10 minutes from the airport by taxi,Positive,
114,3,False,Staff,"I was particularly impressed when the staff emailed me via booking.com and after asking me what time I was arriving (the hotel is not manned 24/7 but arrangements are made to collect your room key in the hotel if you are arriving outside of normal hours), told me which bus routes I needed to take.",Positive,
114,3,False,Location,"It didn't have a pool but it was 10 minutes from the airport by taxi, 15 by shuttle bus. There are also connecting buses from ayia napa to this hotel via Larnaca which we used for our early morning start from Larnaca Airport. McKenzie beach is close by, and the food restaurants off the opposite beach were only a ten minute walk.",Positive,
114,3,False,Facility,Air con and fridge in rooms with a bottle of water provided.,Positive,
115,1,True,Staff,helpful and nice,Positive,
115,1,True,Location,best location in larnaca,Positive,
115,1,True,Location,mackenzie beach is few minutes,Positive,
115,1,True,Location,airport near,Positive,
115,2,True,Staff,helpful and nice,Positive,
115,2,True,Location,best location in larnaca,Positive,
115,2,True,Location,mackenzie beach is few minutes,Positive,
115,2,True,Location,airport near,Positive,
115,3,True,Staff,helpful and nice,Positive,
115,3,True,Location,best location in larnaca,Positive,
115,3,True,Location,mackenzie beach is few minutes,Positive,
115,3,True,Location,airport near,Positive,
116,1,True,Location,close to the airport,Positive,
116,1,True,Location,"clean, air conditioned",Positive,
116,2,True,Location,close to the airport,Positive,
116,2,True,Location,"clean, air conditioned",Positive,
116,3,True,Location,close to the airport,Positive,
116,3,True,Location,"clean, air conditioned",Positive,
117,1,True,Location,"The location next to the airport is great for flights very early in the morning, because it only takes you 5 minutes to get to the airport.",Positive,
117,1,True,Location,The beach is a 10 minutes walk away,Positive,
117,2,True,Location,"The location next to the airport is great for flights very early in the morning, because it only takes you 5 minutes to get to the airport.",Positive,
117,2,True,Location,The beach is a 10 minutes walk away,Positive,
117,3,True,Location,"The location next to the airport is great for flights very early in the morning, because it only takes you 5 minutes to get to the airport.",Positive,
117,3,True,Location,The beach is a 10 minutes walk away,Positive,
118,1,True,Room,the room perfect!,Positive,
118,1,True,Staff,front desk are absolutely perfect 10/10,Positive,
118,1,True,Location,location near the airport and beach 10/10,Positive,
118,1,True,Food,hotel restaurant delicious! 10/10,Positive,
118,2,True,Room,the room perfect!,Positive,
118,2,True,Staff,front desk are absolutely perfect 10/10,Positive,
118,2,True,Location,location near the airport and beach 10/10,Positive,
118,2,True,Food,hotel restaurant delicious! 10/10,Positive,
118,3,True,Room,the room perfect!,Positive,
118,3,True,Staff,front desk are absolutely perfect 10/10,Positive,
118,3,True,Location,location near the airport and beach 10/10,Positive,
118,3,True,Food,hotel restaurant delicious! 10/10,Positive,
119,1,False,Room,The room was clean and comfortable with everything I needed including a fridge and kettle.,Positive,
119,1,False,Location,It's in a great location for the airport and the beach.,Positive,
119,1,False,Service,"But what made La Veranda stand out was the fantastic service, they couldn't have been friendlier, kinder or more helpful and it made a massive difference for me as they were able to accommodate my specific needs, for which I was extremely grateful!",Positive,
119,2,False,Room,The room was clean and comfortable with everything I needed including a fridge and kettle.,Positive,
119,2,False,Location,It's in a great location for the airport and the beach.,Positive,
119,2,False,Service,"But what made La Veranda stand out was the fantastic service, they couldn't have been friendlier, kinder or more helpful and it made a massive difference for me as they were able to accommodate my specific needs, for which I was extremely grateful!",Positive,
119,3,False,Room,The room was clean and comfortable with everything I needed including a fridge and kettle.,Positive,
119,3,False,Location,It's in a great location for the airport and the beach.,Positive,
119,3,False,Service,"But what made La Veranda stand out was the fantastic service, they couldn't have been friendlier, kinder or more helpful and it made a massive difference for me as they were able to accommodate my specific needs, for which I was extremely grateful!",Positive,
120,1,True,Room,The room was small but adequate,Positive,
120,1,True,Staff,Helpful staff,Positive,
120,1,True,Location,close to airport,Positive,
120,2,True,Room,The room was small but adequate,Positive,
120,2,True,Staff,Helpful staff,Positive,
120,2,True,Location,close to airport,Positive,
120,3,True,Room,The room was small but adequate,Positive,
120,3,True,Staff,Helpful staff,Positive,
120,3,True,Location,close to airport,Positive,
121,1,True,(no topics found),,,
121,2,True,(no topics found),,,
121,3,True,(no topics found),,,
122,1,True,Staff,Very clean and super friendly staff.,Positive,
122,1,True,Staff,Would recommend,Positive,
122,1,True,Off,Nothing,Negative,
122,2,True,Staff,Very clean and super friendly staff.,Positive,
122,2,True,Staff,Would recommend,Positive,
122,2,True,Off,Nothing,Negative,
122,3,True,Staff,Very clean and super friendly staff.,Positive,
122,3,True,Staff,Would recommend,Positive,
122,3,True,Off,Nothing,Negative,
123,1,True,Location,Very convenient location close to the airport.,Positive,
123,1,True,Location,The area was a little noisy when we stayed there.,Negative,
123,2,True,Location,Very convenient location close to the airport.,Positive,
123,2,True,Location,The area was a little noisy when we stayed there.,Negative,
123,3,True,Location,Very convenient location close to the airport.,Positive,
123,3,True,Location,The area was a little noisy when we stayed there.,Negative,
124,1,True,Staff,Very friendly staff,Positive,
124,2,True,Staff,Very friendly staff,Positive,
124,3,True,Staff,Very friendly staff,Positive,
125,1,False,Location,close to one of the best beaches of Larnaca region,Positive,
125,1,False,Price,quite reasonable price,Positive,
125,1,False,Taxi-issue,Taxi drivers who ... 2-3 EUR above the price agreed with the hotel,Negative,
125,2,False,Location,close to one of the best beaches of Larnaca region,Positive,
125,2,False,Price,quite reasonable price,Positive,
125,2,False,Taxi-issue,Taxi drivers who ... 2-3 EUR above the price agreed with the hotel,Negative,
125,3,False,Location,close to one of the best beaches of Larnaca region,Positive,
125,3,False,Price,quite reasonable price,Positive,
125,3,False,Taxi-issue,Taxi drivers who ... 2-3 EUR above the price agreed with the hotel,Negative,
126,1,True,Room,the room was well equipped,Positive,
126,1,True,Staff,staff very helpful and friendly,Positive,
126,1,True,Food,The food was very tasty,Positive,
126,1,True,Facility,and also smelled very nice,Positive,
126,1,True,Off,It was a bit loud outside but that was just normal for summertime I guess.,Negative,
126,2,True,Room,the room was well equipped,Positive,
126,2,True,Staff,staff very helpful and friendly,Positive,
126,2,True,Food,The food was very tasty,Positive,
126,2,True,Facility,and also smelled very nice,Positive,
126,2,True,Off,It was a bit loud outside but that was just normal for summertime I guess.,Negative,
126,3,True,Room,the room was well equipped,Positive,
126,3,True,Staff,staff very helpful and friendly,Positive,
126,3,True,Food,The food was very tasty,Positive,
126,3,True,Facility,and also smelled very nice,Positive,
126,3,True,Off,It was a bit loud outside but that was just normal for summertime I guess.,Negative,
127,1,True,Facility,very clean and modern,Positive,
127,2,True,Facility,very clean and modern,Positive,
127,3,True,Facility,very clean and modern,Positive,
128,1,True,Location,"very clean and comfortable, close to the airport",Positive,
128,2,True,Location,"very clean and comfortable, close to the airport",Positive,
128,3,True,Location,"very clean and comfortable, close to the airport",Positive,
129,1,True,Room,The room and bathroom were of very good size and clean!,Positive,
129,1,True,Staff,The guy at the reception was very kind and helpful!,Positive,
129,1,True,Location,We wanted something close to Makenzie as we had plans for the night and this place was just perfect!,Positive,
129,2,True,Room,The room and bathroom were of very good size and clean!,Positive,
129,2,True,Staff,The guy at the reception was very kind and helpful!,Positive,
129,2,True,Location,We wanted something close to Makenzie as we had plans for the night and this place was just perfect!,Positive,
129,3,True,Room,The room and bathroom were of very good size and clean!,Positive,
129,3,True,Staff,The guy at the reception was very kind and helpful!,Positive,
129,3,True,Location,We wanted something close to Makenzie as we had plans for the night and this place was just perfect!,Positive,
130,1,True,(no topics found),,,
130,2,True,(no topics found),,,
130,3,True,(no topics found),,,
131,1,True,Room,The room was very clean.,Positive,
131,1,True,Staff,The staff was very nice.,Positive,
131,1,True,Location,The location of the hotel was a bit far from the city centre,Negative,
131,2,True,Room,The room was very clean.,Positive,
131,2,True,Staff,The staff was very nice.,Positive,
131,2,True,Location,The location of the hotel was a bit far from the city centre,Negative,
131,3,True,Room,The room was very clean.,Positive,
131,3,True,Staff,The staff was very nice.,Positive,
131,3,True,Location,The location of the hotel was a bit far from the city centre,Negative,
132,1,False,Staff,Very friendly and the most helpful host.,Positive,
132,1,False,Food,The breakfast prepared by Richard was delicious and freshly prepared. As well there are many choices from Cyprus to English breakfast.,Positive,
132,1,False,Service,Impeccable service,Positive,
132,2,False,Staff,Very friendly and the most helpful host.,Positive,
132,2,False,Food,The breakfast prepared by Richard was delicious and freshly prepared. As well there are many choices from Cyprus to English breakfast.,Positive,
132,2,False,Service,Impeccable service,Positive,
132,3,False,Staff,Very friendly and the most helpful host.,Positive,
132,3,False,Food,The breakfast prepared by Richard was delicious and freshly prepared. As well there are many choices from Cyprus to English breakfast.,Positive,
132,3,False,Service,Impeccable service,Positive,
133,1,True,Room,the room was clean & the bed were comfortable,Positive,
133,1,True,Staff,the lady in reception (Maria) was VERY helpful,Positive,
133,1,True,Facility,if the hotel had swimming pool it would be perfect,Positive,
133,1,True,Price,good value for money,Positive,
133,2,True,Room,the room was clean & the bed were comfortable,Positive,
133,2,True,Staff,the lady in reception (Maria) was VERY helpful,Positive,
133,2,True,Facility,if the hotel had swimming pool it would be perfect,Positive,
133,2,True,Price,good value for money,Positive,
133,3,True,Room,the room was clean & the bed were comfortable,Positive,
133,3,True,Staff,the lady in reception (Maria) was VERY helpful,Positive,
133,3,True,Facility,if the hotel had swimming pool it would be perfect,Positive,
133,3,True,Price,good value for money,Positive,
134,1,True,Staff,great friendly staff,Positive,
134,1,True,Location,Brilliant location for beach and bars,Positive,
134,2,True,Staff,great friendly staff,Positive,
134,2,True,Location,Brilliant location for beach and bars,Positive,
134,3,True,Staff,great friendly staff,Positive,
134,3,True,Location,Brilliant location for beach and bars,Positive,
135,1,False,Room,"Modern, clean accommodation.",Positive,
135,1,False,Food,Good food,Positive,
135,1,False,Staff,great staff,Positive,
135,1,False,Staff,Richard is a star!,Positive,
135,2,False,Room,"Modern, clean accommodation.",Positive,
135,2,False,Food,Good food,Positive,
135,2,False,Staff,great staff,Positive,
135,2,False,Staff,Richard is a star!,Positive,
135,3,False,Room,"Modern, clean accommodation.",Positive,
135,3,False,Food,Good food,Positive,
135,3,False,Staff,great staff,Positive,
135,3,False,Staff,Richard is a star!,Positive,
136,1,True,Price,I did not expect such a beautiful hotel for such a cheap price,Positive,
136,1,True,Facility,Disgusting on the outside but clean and beautiful on the inside,Positive,
136,2,True,Price,I did not expect such a beautiful hotel for such a cheap price,Positive,
136,2,True,Facility,Disgusting on the outside but clean and beautiful on the inside,Positive,
136,3,True,Price,I did not expect such a beautiful hotel for such a cheap price,Positive,
136,3,True,Facility,Disgusting on the outside but clean and beautiful on the inside,Positive,
137,1,True,Room,Room was clean and the bed was comfortable,Positive,
137,1,True,Staff,Friendly staff,Positive,
137,1,True,Location,great location,Positive,
137,2,True,Room,Room was clean and the bed was comfortable,Positive,
137,2,True,Staff,Friendly staff,Positive,
137,2,True,Location,great location,Positive,
137,3,True,Room,Room was clean and the bed was comfortable,Positive,
137,3,True,Staff,Friendly staff,Positive,
137,3,True,Location,great location,Positive,
138,1,True,Room,very clean room,Positive,
138,1,True,Staff,very helpful and kind personel,Positive,
138,1,True,Location,Great localization,Positive,
138,2,True,Room,very clean room,Positive,
138,2,True,Staff,very helpful and kind personel,Positive,
138,2,True,Location,Great localization,Positive,
138,3,True,Room,very clean room,Positive,
138,3,True,Staff,very helpful and kind personel,Positive,
138,3,True,Location,Great localization,Positive,
139,1,False,Location,the proximity to the airport,Positive,
139,1,False,Facility,nice restaurant at the hotel with a external balcony,Positive,
139,1,False,Slow-elevator,slow elevators,Negative,
139,2,False,Location,the proximity to the airport,Positive,
139,2,False,Facility,nice restaurant at the hotel with a external balcony,Positive,
139,2,False,Slow-elevator,slow elevators,Negative,
139,3,False,Location,the proximity to the airport,Positive,
139,3,False,Facility,nice restaurant at the hotel with a external balcony,Positive,
139,3,False,Slow-elevator,slow elevators,Negative,
140,1,True,Room,"Very clean, comfy bed",Positive,
140,1,True,Location,close to the airport,Positive,
140,1,True,Check-in,easy self check-in,Positive,
140,1,True,Food,great breakfast,Positive,
140,2,True,Room,"Very clean, comfy bed",Positive,
140,2,True,Location,close to the airport,Positive,
140,2,True,Check-in,easy self check-in,Positive,
140,2,True,Food,great breakfast,Positive,
140,3,True,Room,"Very clean, comfy bed",Positive,
140,3,True,Location,close to the airport,Positive,
140,3,True,Check-in,easy self check-in,Positive,
140,3,True,Food,great breakfast,Positive,
141,1,True,Staff,Fantastic hotel with wonderful staff.,Positive,
141,1,True,Staff,It felt like a home from home.,Positive,
141,2,True,Staff,Fantastic hotel with wonderful staff.,Positive,
141,2,True,Staff,It felt like a home from home.,Positive,
141,3,True,Staff,Fantastic hotel with wonderful staff.,Positive,
141,3,True,Staff,It felt like a home from home.,Positive,
142,1,True,Staff,friendly staff,Positive,
142,1,True,Location,near mackenzie beach,Positive,
142,2,True,Staff,friendly staff,Positive,
142,2,True,Location,near mackenzie beach,Positive,
142,3,True,Staff,friendly staff,Positive,
142,3,True,Location,near mackenzie beach,Positive,
143,1,True,Location,perfect overnight stay close to the airport,Positive,
143,2,True,Location,perfect overnight stay close to the airport,Positive,
143,3,True,Location,perfect overnight stay close to the airport,Positive,
144,1,True,(no topics found),,,
144,2,True,(no topics found),,,
144,3,True,(no topics found),,,
145,1,True,Room,"The room was super clean, everything new and cosy, the bathroom with a spacious cabin shower.",Positive,
145,1,True,Staff,The staff was super super friendly and made everything possible for our stay to be perfect.,Positive,
145,1,True,Location,Close to the airport and also a 5 min walk from Makenzie blue flag beach.,Positive,
145,1,True,Food,Rich breakfast with various local food. Also we ate dinner a couple of times at the terrace and everything was very tasty.,Positive,
145,2,True,Room,"The room was super clean, everything new and cosy, the bathroom with a spacious cabin shower.",Positive,
145,2,True,Staff,The staff was super super friendly and made everything possible for our stay to be perfect.,Positive,
145,2,True,Location,Close to the airport and also a 5 min walk from Makenzie blue flag beach.,Positive,
145,2,True,Food,Rich breakfast with various local food. Also we ate dinner a couple of times at the terrace and everything was very tasty.,Positive,
145,3,True,Room,"The room was super clean, everything new and cosy, the bathroom with a spacious cabin shower.",Positive,
145,3,True,Staff,The staff was super super friendly and made everything possible for our stay to be perfect.,Positive,
145,3,True,Location,Close to the airport and also a 5 min walk from Makenzie blue flag beach.,Positive,
145,3,True,Food,Rich breakfast with various local food. Also we ate dinner a couple of times at the terrace and everything was very tasty.,Positive,
146,1,True,Room,good rooms,Positive,
146,1,True,Staff,the staff were so incredibly friendly,Positive,
146,1,True,Off,Nothing,Negative,
146,2,True,Room,good rooms,Positive,
146,2,True,Staff,the staff were so incredibly friendly,Positive,
146,2,True,Off,Nothing,Negative,
146,3,True,Room,good rooms,Positive,
146,3,True,Staff,the staff were so incredibly friendly,Positive,
146,3,True,Off,Nothing,Negative,
147,1,True,Staff,Amazing staff!,Positive,
147,2,True,Staff,Amazing staff!,Positive,
147,3,True,Staff,Amazing staff!,Positive,
148,1,False,Location,Very close of the airport.,Positive,
148,1,False,Bed,Very comfortable bed.,Positive,
148,2,False,Location,Very close of the airport.,Positive,
148,2,False,Bed,Very comfortable bed.,Positive,
148,3,False,Location,Very close of the airport.,Positive,
148,3,False,Bed,Very comfortable bed.,Positive,
149,1,False,Staff,"Very friendly staff, let us into room as soon as it was ready.",Positive,
149,1,False,Location,Great place for a night before a flight.,Positive,
149,1,False,Location,The quick path down to the beachside cafes is a bit treacherous.,Negative,
149,1,False,Price,Great for the price.,Positive,
149,1,False,Taxi,Arranged airport taxi for 6am too.,Positive,
149,2,False,Staff,"Very friendly staff, let us into room as soon as it was ready.",Positive,
149,2,False,Location,Great place for a night before a flight.,Positive,
149,2,False,Location,The quick path down to the beachside cafes is a bit treacherous.,Negative,
149,2,False,Price,Great for the price.,Positive,
149,2,False,Taxi,Arranged airport taxi for 6am too.,Positive,
149,3,False,Staff,"Very friendly staff, let us into room as soon as it was ready.",Positive,
149,3,False,Location,Great place for a night before a flight.,Positive,
149,3,False,Location,The quick path down to the beachside cafes is a bit treacherous.,Negative,
149,3,False,Price,Great for the price.,Positive,
149,3,False,Taxi,Arranged airport taxi for 6am too.,Positive,
150,1,False,Room,"Everything was new, beautiful and clean.",Positive,
150,1,False,Hotel-issue,That there is no kiosk open 24 hours close to the hotel.,Negative,
150,2,False,Room,"Everything was new, beautiful and clean.",Positive,
150,2,False,Hotel-issue,That there is no kiosk open 24 hours close to the hotel.,Negative,
150,3,False,Room,"Everything was new, beautiful and clean.",Positive,
150,3,False,Hotel-issue,That there is no kiosk open 24 hours close to the hotel.,Negative,
151,1,True,(no topics found),,,
151,2,True,(no topics found),,,
151,3,True,(no topics found),,,
152,1,False,Room,clean rooms.,Positive,
152,1,False,Location,Close to the bars near the sea,Positive,
152,1,False,Location,Close to the airport,Positive,
152,1,False,Check-in,We had a late check in,Negative,
152,1,False,Taxi-issue,We had to ask the taxi driver to make the call,Negative,
152,2,False,Room,clean rooms.,Positive,
152,2,False,Location,Close to the bars near the sea,Positive,
152,2,False,Location,Close to the airport,Positive,
152,2,False,Check-in,We had a late check in,Negative,
152,2,False,Taxi-issue,We had to ask the taxi driver to make the call,Negative,
152,3,False,Room,clean rooms.,Positive,
152,3,False,Location,Close to the bars near the sea,Positive,
152,3,False,Location,Close to the airport,Positive,
152,3,False,Check-in,We had a late check in,Negative,
152,3,False,Taxi-issue,We had to ask the taxi driver to make the call,Negative,
153,1,True,Room,"beautiful, spotless room",Positive,
153,1,True,Staff,lovely friendly staff who checked us in quickly,Positive,
153,1,True,Location,very close to the airport,Positive,
153,1,True,Food,beautiful fresh breakfast,Positive,
153,1,True,Price,reasonably priced,Positive,
153,1,True,Facility,air conditioned,Positive,
153,1,True,Check-in,checked us in quickly,Positive,
153,1,True,Taxi-issue,called a taxi,Positive,
153,2,True,Room,"beautiful, spotless room",Positive,
153,2,True,Staff,lovely friendly staff who checked us in quickly,Positive,
153,2,True,Location,very close to the airport,Positive,
153,2,True,Food,beautiful fresh breakfast,Positive,
153,2,True,Price,reasonably priced,Positive,
153,2,True,Facility,air conditioned,Positive,
153,2,True,Check-in,checked us in quickly,Positive,
153,2,True,Taxi-issue,called a taxi,Positive,
153,3,True,Room,"beautiful, spotless room",Positive,
153,3,True,Staff,lovely friendly staff who checked us in quickly,Positive,
153,3,True,Location,very close to the airport,Positive,
153,3,True,Food,beautiful fresh breakfast,Positive,
153,3,True,Price,reasonably priced,Positive,
153,3,True,Facility,air conditioned,Positive,
153,3,True,Check-in,checked us in quickly,Positive,
153,3,True,Taxi-issue,called a taxi,Positive,
154,1,True,Staff,Lovely staff.,Positive,
154,1,True,Food,Good food.,Positive,
154,1,True,Off,Would have liked more TV channels like RT Russia Today,Negative,
154,2,True,Staff,Lovely staff.,Positive,
154,2,True,Food,Good food.,Positive,
154,2,True,Off,Would have liked more TV channels like RT Russia Today,Negative,
154,3,True,Staff,Lovely staff.,Positive,
154,3,True,Food,Good food.,Positive,
154,3,True,Off,Would have liked more TV channels like RT Russia Today,Negative,
155,1,False,Room,"It was exactly what we were looking for. A comfortable, nice and clean hotel",Positive,
155,1,False,Facility,"The facilities are wonderful, brand new and full equiped",Positive,
155,1,False,Food,We really enjoyed the dinner in the restaurant. Everything was freshmade and prepare by the cheff,Positive,
155,1,False,Location,near the airport,Positive,
155,1,False,Price,Excellent value for money,Positive,
155,2,False,Room,"It was exactly what we were looking for. A comfortable, nice and clean hotel",Positive,
155,2,False,Facility,"The facilities are wonderful, brand new and full equiped",Positive,
155,2,False,Food,We really enjoyed the dinner in the restaurant. Everything was freshmade and prepare by the cheff,Positive,
155,2,False,Location,near the airport,Positive,
155,2,False,Price,Excellent value for money,Positive,
155,3,False,Room,"It was exactly what we were looking for. A comfortable, nice and clean hotel",Positive,
155,3,False,Facility,"The facilities are wonderful, brand new and full equiped",Positive,
155,3,False,Food,We really enjoyed the dinner in the restaurant. Everything was freshmade and prepare by the cheff,Positive,
155,3,False,Location,near the airport,Positive,
155,3,False,Price,Excellent value for money,Positive,
156,1,True,Room,"it was great, comfy, air conditioned and clean.",Positive,
156,1,True,Location,near the airport,Positive,
156,1,True,Price,very good value for money,Positive,
156,2,True,Room,"it was great, comfy, air conditioned and clean.",Positive,
156,2,True,Location,near the airport,Positive,
156,2,True,Price,very good value for money,Positive,
156,3,True,Room,"it was great, comfy, air conditioned and clean.",Positive,
156,3,True,Location,near the airport,Positive,
156,3,True,Price,very good value for money,Positive,
157,1,True,Room,modern new rooms,Positive,
157,1,True,Room,very clean,Positive,
157,1,True,Location,7 minutes walking to the beach,Positive,
157,2,True,Room,modern new rooms,Positive,
157,2,True,Room,very clean,Positive,
157,2,True,Location,7 minutes walking to the beach,Positive,
157,3,True,Room,modern new rooms,Positive,
157,3,True,Room,very clean,Positive,
157,3,True,Location,7 minutes walking to the beach,Positive,
158,1,False,Staff,Staff are great,Positive,
158,1,False,Location,Fantastic location for the airport on the beach,Positive,
158,1,False,Food,The breakfasts were amazing,Positive,
158,1,False,Check-in,Easy check in at 3am,Positive,
158,2,False,Staff,Staff are great,Positive,
158,2,False,Location,Fantastic location for the airport on the beach,Positive,
158,2,False,Food,The breakfasts were amazing,Positive,
158,2,False,Check-in,Easy check in at 3am,Positive,
158,3,False,Staff,Staff are great,Positive,
158,3,False,Location,Fantastic location for the airport on the beach,Positive,
158,3,False,Food,The breakfasts were amazing,Positive,
158,3,False,Check-in,Easy check in at 3am,Positive,
159,1,True,Room,Clean rooms,Positive,
159,1,True,Staff,very friendly staff,Positive,
159,1,True,Location,great location as it is close to the airport,Positive,
159,2,True,Room,Clean rooms,Positive,
159,2,True,Staff,very friendly staff,Positive,
159,2,True,Location,great location as it is close to the airport,Positive,
159,3,True,Room,Clean rooms,Positive,
159,3,True,Staff,very friendly staff,Positive,
159,3,True,Location,great location as it is close to the airport,Positive,
160,1,True,(no topics found),,,
160,2,True,(no topics found),,,
160,3,True,(no topics found),,,
161,1,True,Staff,the staff,Positive,
161,1,True,Price,the price,Positive,
161,1,True,Check-out,check out time,Positive,
161,2,True,Staff,the staff,Positive,
161,2,True,Price,the price,Positive,
161,2,True,Check-out,check out time,Positive,
161,3,True,Staff,the staff,Positive,
161,3,True,Price,the price,Positive,
161,3,True,Check-out,check out time,Positive,
162,1,True,Staff,Exceptional friendly stuff,Positive,
162,1,True,Food,the breakfast was really delicious,Positive,
162,2,True,Staff,Exceptional friendly stuff,Positive,
162,2,True,Food,the breakfast was really delicious,Positive,
162,3,True,Staff,Exceptional friendly stuff,Positive,
162,3,True,Food,the breakfast was really delicious,Positive,
163,1,True,Check-in,Easy late night check in,Positive,
163,2,True,Check-in,Easy late night check in,Positive,
163,3,True,Check-in,Easy late night check in,Positive,
164,1,True,Staff,All the staff were so accommodating and friendly.,Positive,
164,2,True,Staff,All the staff were so accommodating and friendly.,Positive,
164,3,True,Staff,All the staff were so accommodating and friendly.,Positive,
165,1,True,Staff,friendly staff,Positive,
165,2,True,Staff,friendly staff,Positive,
165,3,True,Staff,friendly staff,Positive,
166,1,True,(no topics found),,,
166,2,True,(no topics found),,,
166,3,True,(no topics found),,,
167,1,True,Staff,excellent staff,Positive,
167,1,True,Food,SUPER EXCELLENT,Positive,
167,2,True,Staff,excellent staff,Positive,
167,2,True,Food,SUPER EXCELLENT,Positive,
167,3,True,Staff,excellent staff,Positive,
167,3,True,Food,SUPER EXCELLENT,Positive,
168,1,False,Room,The room is clean.,Positive,
168,1,False,Staff,The staff are good.,Positive,
168,1,False,Location,"The location is good, near the airport and at the same time short walking distance to the beach and restaurants.",Positive,
168,1,False,Food,"The food at the restaurant is a must try, pretty delicious.",Positive,
168,2,False,Room,The room is clean.,Positive,
168,2,False,Staff,The staff are good.,Positive,
168,2,False,Location,"The location is good, near the airport and at the same time short walking distance to the beach and restaurants.",Positive,
168,2,False,Food,"The food at the restaurant is a must try, pretty delicious.",Positive,
168,3,False,Room,The room is clean.,Positive,
168,3,False,Staff,The staff are good.,Positive,
168,3,False,Location,"The location is good, near the airport and at the same time short walking distance to the beach and restaurants.",Positive,
168,3,False,Food,"The food at the restaurant is a must try, pretty delicious.",Positive,
169,1,True,Room,"Great accomodation, clean, quiet",Positive,
169,1,True,Location,5 min drive to airport,Positive,
169,1,True,Food,"We ate 2 meals at the onsite small restaurant, both were delish and the service was great.",Positive,
169,2,True,Room,"Great accomodation, clean, quiet",Positive,
169,2,True,Location,5 min drive to airport,Positive,
169,2,True,Food,"We ate 2 meals at the onsite small restaurant, both were delish and the service was great.",Positive,
169,3,True,Room,"Great accomodation, clean, quiet",Positive,
169,3,True,Location,5 min drive to airport,Positive,
169,3,True,Food,"We ate 2 meals at the onsite small restaurant, both were delish and the service was great.",Positive,
170,1,False,Staff,the stau at the hotel was a wonderful experience,Positive,
170,1,False,Food,The food was excellent.,Positive,
170,1,False,Food,"Richard, the chef prepared the fish, which was the best that I ever tasted.",Positive,
170,2,False,Staff,the stau at the hotel was a wonderful experience,Positive,
170,2,False,Food,The food was excellent.,Positive,
170,2,False,Food,"Richard, the chef prepared the fish, which was the best that I ever tasted.",Positive,
170,3,False,Staff,the stau at the hotel was a wonderful experience,Positive,
170,3,False,Food,The food was excellent.,Positive,
170,3,False,Food,"Richard, the chef prepared the fish, which was the best that I ever tasted.",Positive,
171,1,False,Staff,The staff was very welcoming as well.,Positive,
171,1,False,Location,just few steps from the salt lake and the McKenzie Beach,Positive,
171,1,False,Facility,The electronic system for saying if you want to clean-up your room or you don't want to be disturbed.,Positive,
171,1,False,Parking,The hotel doesn't have it's own parking lot,Negative,
171,2,False,Staff,The staff was very welcoming as well.,Positive,
171,2,False,Location,just few steps from the salt lake and the McKenzie Beach,Positive,
171,2,False,Facility,The electronic system for saying if you want to clean-up your room or you don't want to be disturbed.,Positive,
171,2,False,Parking,The hotel doesn't have it's own parking lot,Negative,
171,3,False,Staff,The staff was very welcoming as well.,Positive,
171,3,False,Location,just few steps from the salt lake and the McKenzie Beach,Positive,
171,3,False,Facility,The electronic system for saying if you want to clean-up your room or you don't want to be disturbed.,Positive,
171,3,False,Parking,The hotel doesn't have it's own parking lot,Negative,
172,1,True,Staff,Personal was friendly..,Positive,
172,1,True,Facility,Everything was clean.,Positive,
172,1,True,Facility,Nice place..,Positive,
172,2,True,Staff,Personal was friendly..,Positive,
172,2,True,Facility,Everything was clean.,Positive,
172,2,True,Facility,Nice place..,Positive,
172,3,True,Staff,Personal was friendly..,Positive,
172,3,True,Facility,Everything was clean.,Positive,
172,3,True,Facility,Nice place..,Positive,
173,1,False,Room,IMMACULATELY CLEAN!!!,Positive,
173,1,False,Room,The bedding and linens were soo comfy,Positive,
173,1,False,Staff,The staff so friendly and kind and helpful,Positive,
173,2,False,Room,IMMACULATELY CLEAN!!!,Positive,
173,2,False,Room,The bedding and linens were soo comfy,Positive,
173,2,False,Staff,The staff so friendly and kind and helpful,Positive,
173,3,False,Room,IMMACULATELY CLEAN!!!,Positive,
173,3,False,Room,The bedding and linens were soo comfy,Positive,
173,3,False,Staff,The staff so friendly and kind and helpful,Positive,
174,1,True,(no topics found),,,
174,2,True,(no topics found),,,
174,3,True,(no topics found),,,
175,1,True,Location,Location,Positive,
175,2,True,Location,Location,Positive,
175,3,True,Location,Location,Positive,
176,1,True,Room,The room was spacious enough for two people and it was very clean.,Positive,
176,2,True,Room,The room was spacious enough for two people and it was very clean.,Positive,
176,3,True,Room,The room was spacious enough for two people and it was very clean.,Positive,
177,1,True,Staff,The staff was nice and helpful. Extremely agile to respond.,Positive,
177,1,True,Location,It’s close to the beach and the airport.,Positive,
177,2,True,Staff,The staff was nice and helpful. Extremely agile to respond.,Positive,
177,2,True,Location,It’s close to the beach and the airport.,Positive,
177,3,True,Staff,The staff was nice and helpful. Extremely agile to respond.,Positive,
177,3,True,Location,It’s close to the beach and the airport.,Positive,
178,1,True,(no topics found),,,
178,2,True,(no topics found),,,
178,3,True,(no topics found),,,
179,1,False,Location,Close to local restaurants and beach.,Positive,
179,1,False,Quiet,Quiet,Positive,
179,1,False,Clean,Very clean,Positive,
179,1,False,TV channel selection,Better TV channel selection would have been good for evening.,Negative,
179,2,False,Location,Close to local restaurants and beach.,Positive,
179,2,False,Quiet,Quiet,Positive,
179,2,False,Clean,Very clean,Positive,
179,2,False,TV channel selection,Better TV channel selection would have been good for evening.,Negative,
179,3,False,Location,Close to local restaurants and beach.,Positive,
179,3,False,Quiet,Quiet,Positive,
179,3,False,Clean,Very clean,Positive,
179,3,False,TV channel selection,Better TV channel selection would have been good for evening.,Negative,
180,1,True,Room,"Sparkling clean, comfy bed",Positive,
180,1,True,Room,AC was a bit loud and the people in the next hotel were also loud to be heard from our room,Negative,
180,1,True,Staff,friendly staff,Positive,
180,1,True,Food,delicious breakfast (great freshly made croissants),Positive,
180,2,True,Room,"Sparkling clean, comfy bed",Positive,
180,2,True,Room,AC was a bit loud and the people in the next hotel were also loud to be heard from our room,Negative,
180,2,True,Staff,friendly staff,Positive,
180,2,True,Food,delicious breakfast (great freshly made croissants),Positive,
180,3,True,Room,"Sparkling clean, comfy bed",Positive,
180,3,True,Room,AC was a bit loud and the people in the next hotel were also loud to be heard from our room,Negative,
180,3,True,Staff,friendly staff,Positive,
180,3,True,Food,delicious breakfast (great freshly made croissants),Positive,
181,1,True,Room,big clean rooms,Positive,
181,1,True,Staff,great staff,Positive,
181,2,True,Room,big clean rooms,Positive,
181,2,True,Staff,great staff,Positive,
181,3,True,Room,big clean rooms,Positive,
181,3,True,Staff,great staff,Positive,
182,1,True,(no topics found),,,
182,2,True,(no topics found),,,
182,3,True,(no topics found),,,
183,1,False,Staff,the Team is very friendly,Positive,
183,1,False,Location,Very close to the beach,Positive,
183,1,False,Food,the food is terrific,Positive,
183,1,False,Cleanliness,very clean hotel,Positive,
183,2,False,Staff,the Team is very friendly,Positive,
183,2,False,Location,Very close to the beach,Positive,
183,2,False,Food,the food is terrific,Positive,
183,2,False,Cleanliness,very clean hotel,Positive,
183,3,False,Staff,the Team is very friendly,Positive,
183,3,False,Location,Very close to the beach,Positive,
183,3,False,Food,the food is terrific,Positive,
183,3,False,Cleanliness,very clean hotel,Positive,
184,1,True,Food,"The chef was very kind and friendly, also the food was delicious, especially the jasmine burger.",Positive,
184,2,True,Food,"The chef was very kind and friendly, also the food was delicious, especially the jasmine burger.",Positive,
184,3,True,Food,"The chef was very kind and friendly, also the food was delicious, especially the jasmine burger.",Positive,
185,1,False,Staff,The staff accommodated my arrival at 3 a.m. with very clear instructions.,Positive,
185,1,False,Staff,The building manager/owner is exceptionally congenial.,Positive,
185,1,False,Staff,The manager of the kitchen.,Positive,
185,1,False,Location,"It was located near the airport, which is what I was looking for.",Positive,
185,2,False,Staff,The staff accommodated my arrival at 3 a.m. with very clear instructions.,Positive,
185,2,False,Staff,The building manager/owner is exceptionally congenial.,Positive,
185,2,False,Staff,The manager of the kitchen.,Positive,
185,2,False,Location,"It was located near the airport, which is what I was looking for.",Positive,
185,3,False,Staff,The staff accommodated my arrival at 3 a.m. with very clear instructions.,Positive,
185,3,False,Staff,The building manager/owner is exceptionally congenial.,Positive,
185,3,False,Staff,The manager of the kitchen.,Positive,
185,3,False,Location,"It was located near the airport, which is what I was looking for.",Positive,
186,1,True,Staff,Very friendly staff.,Positive,
186,2,True,Staff,Very friendly staff.,Positive,
186,3,True,Staff,Very friendly staff.,Positive,
187,1,True,(no topics found),,,
187,2,True,(no topics found),,,
187,3,True,(no topics found),,,
188,1,True,(no topics found),,,
188,2,True,(no topics found),,,
188,3,True,(no topics found),,,
189,1,True,(no topics found),,,
189,2,True,(no topics found),,,
189,3,True,(no topics found),,,
190,1,False,Room,"Our room was rather small and lacked a balcony, which can make a lot of difference (we had one on our previous stay).",Negative,
190,1,False,Location,Conveniently located.,Positive,
190,1,False,Check-in,We had a very late (1am) self check-in which worked very well.,Positive,
190,1,False,Food,Excellent breakfast.,Positive,
190,1,False,Facility,A very modern and contemporary hotel.,Positive,
190,2,False,Room,"Our room was rather small and lacked a balcony, which can make a lot of difference (we had one on our previous stay).",Negative,
190,2,False,Location,Conveniently located.,Positive,
190,2,False,Check-in,We had a very late (1am) self check-in which worked very well.,Positive,
190,2,False,Food,Excellent breakfast.,Positive,
190,2,False,Facility,A very modern and contemporary hotel.,Positive,
190,3,False,Room,"Our room was rather small and lacked a balcony, which can make a lot of difference (we had one on our previous stay).",Negative,
190,3,False,Location,Conveniently located.,Positive,
190,3,False,Check-in,We had a very late (1am) self check-in which worked very well.,Positive,
190,3,False,Food,Excellent breakfast.,Positive,
190,3,False,Facility,A very modern and contemporary hotel.,Positive,
191,1,True,Location,beside the airport,Positive,
191,2,True,Location,beside the airport,Positive,
191,3,True,Location,beside the airport,Positive,
192,1,False,Staff,staff was amazing.,Positive,
192,1,False,Location,location,Positive,
192,1,False,Cleanliness,cleanliness,Positive,
192,2,False,Staff,staff was amazing.,Positive,
192,2,False,Location,location,Positive,
192,2,False,Cleanliness,cleanliness,Positive,
192,3,False,Staff,staff was amazing.,Positive,
192,3,False,Location,location,Positive,
192,3,False,Cleanliness,cleanliness,Positive,
193,1,True,Room,Room clean and spacious.,Positive,
193,1,True,Staff,Staff very helpful.,Positive,
193,1,True,Location,Excellent location for beach and airport transfer.,Positive,
193,2,True,Room,Room clean and spacious.,Positive,
193,2,True,Staff,Staff very helpful.,Positive,
193,2,True,Location,Excellent location for beach and airport transfer.,Positive,
193,3,True,Room,Room clean and spacious.,Positive,
193,3,True,Staff,Staff very helpful.,Positive,
193,3,True,Location,Excellent location for beach and airport transfer.,Positive,
194,1,True,Location,Good location,Positive,
194,1,True,Facility,a/c,Positive,
194,2,True,Location,Good location,Positive,
194,2,True,Facility,a/c,Positive,
194,3,True,Location,Good location,Positive,
194,3,True,Facility,a/c,Positive,
195,1,True,Room,"Clean, spacious, friendly, new and modern",Positive,
195,1,True,Location,Not too close to the beach,Negative,
195,1,True,Location,Perfect for pre or post airport stays,Positive,
195,2,True,Room,"Clean, spacious, friendly, new and modern",Positive,
195,2,True,Location,Not too close to the beach,Negative,
195,2,True,Location,Perfect for pre or post airport stays,Positive,
195,3,True,Room,"Clean, spacious, friendly, new and modern",Positive,
195,3,True,Location,Not too close to the beach,Negative,
195,3,True,Location,Perfect for pre or post airport stays,Positive,
196,1,False,Room,The mattresses were hard.,Negative,
196,1,False,Booking-issue,When we were booking the room there was a promotion from booking.com which didn't apply and we payed 80 euro more.,Negative,
196,1,False,Booking-issue,After that I checked a new dates to book and we had similar number and if we do it it will be the same.,Negative,
196,2,False,Room,The mattresses were hard.,Negative,
196,2,False,Booking-issue,When we were booking the room there was a promotion from booking.com which didn't apply and we payed 80 euro more.,Negative,
196,2,False,Booking-issue,After that I checked a new dates to book and we had similar number and if we do it it will be the same.,Negative,
196,3,False,Room,The mattresses were hard.,Negative,
196,3,False,Booking-issue,When we were booking the room there was a promotion from booking.com which didn't apply and we payed 80 euro more.,Negative,
196,3,False,Booking-issue,After that I checked a new dates to book and we had similar number and if we do it it will be the same.,Negative,
197,1,True,Location,Perfect if you want to stay close to the airport.,Positive,
197,1,True,Location,Mackenzy beach with restaurants is not that far away.,Positive,
197,2,True,Location,Perfect if you want to stay close to the airport.,Positive,
197,2,True,Location,Mackenzy beach with restaurants is not that far away.,Positive,
197,3,True,Location,Perfect if you want to stay close to the airport.,Positive,
197,3,True,Location,Mackenzy beach with restaurants is not that far away.,Positive,
198,1,False,Staff,The staff were so friendly that we really felt at home with our relatives.,Positive,
198,1,False,Food,"The food at the restaurant was amazing. Richard as the head of Hotel's restaurant, cooks with passion and almost everything from scratch. So fresh and good looking. He makes a simple breakfast amazing and his lunch table, looks like a feast.",Positive,
198,2,False,Staff,The staff were so friendly that we really felt at home with our relatives.,Positive,
198,2,False,Food,"The food at the restaurant was amazing. Richard as the head of Hotel's restaurant, cooks with passion and almost everything from scratch. So fresh and good looking. He makes a simple breakfast amazing and his lunch table, looks like a feast.",Positive,
198,3,False,Staff,The staff were so friendly that we really felt at home with our relatives.,Positive,
198,3,False,Food,"The food at the restaurant was amazing. Richard as the head of Hotel's restaurant, cooks with passion and almost everything from scratch. So fresh and good looking. He makes a simple breakfast amazing and his lunch table, looks like a feast.",Positive,
199,1,True,Staff,kind service with a smile!,Positive,
199,1,True,Location,"it is clean, beautiful and perfectly located being 5 minute walk from the beach, restaurants and cafés.",Positive,
199,2,True,Staff,kind service with a smile!,Positive,
199,2,True,Location,"it is clean, beautiful and perfectly located being 5 minute walk from the beach, restaurants and cafés.",Positive,
199,3,True,Staff,kind service with a smile!,Positive,
199,3,True,Location,"it is clean, beautiful and perfectly located being 5 minute walk from the beach, restaurants and cafés.",Positive,
200,1,True,Food,"Very clean and new, food was 5 star! The best club sandwich ever!!",Positive,
200,2,True,Food,"Very clean and new, food was 5 star! The best club sandwich ever!!",Positive,
200,3,True,Food,"Very clean and new, food was 5 star! The best club sandwich ever!!",Positive,
201,1,True,(no topics found),,,
201,2,True,(no topics found),,,
201,3,True,(no topics found),,,
202,1,True,Staff,the staff is exceptionally nice,Positive,
202,1,True,Location,close to the beach and great restaurants,Positive,
202,2,True,Staff,the staff is exceptionally nice,Positive,
202,2,True,Location,close to the beach and great restaurants,Positive,
202,3,True,Staff,the staff is exceptionally nice,Positive,
202,3,True,Location,close to the beach and great restaurants,Positive,
203,1,True,Room,The room was very clean and ac worked well.,Positive,
203,1,True,Staff,Staff was very friendly.,Positive,
203,1,True,Price,Definitely worth the price.,Positive,
203,2,True,Room,The room was very clean and ac worked well.,Positive,
203,2,True,Staff,Staff was very friendly.,Positive,
203,2,True,Price,Definitely worth the price.,Positive,
203,3,True,Room,The room was very clean and ac worked well.,Positive,
203,3,True,Staff,Staff was very friendly.,Positive,
203,3,True,Price,Definitely worth the price.,Positive,
204,1,False,Staff,Staff were very friendly.,Positive,
204,1,False,Location,Great to come from the airport.,Positive,
204,2,False,Staff,Staff were very friendly.,Positive,
204,2,False,Location,Great to come from the airport.,Positive,
204,3,False,Staff,Staff were very friendly.,Positive,
204,3,False,Location,Great to come from the airport.,Positive,
205,1,True,Room,Perfect for a great night of sleep before a flight.,Positive,
205,2,True,Room,Perfect for a great night of sleep before a flight.,Positive,
205,3,True,Room,Perfect for a great night of sleep before a flight.,Positive,
206,1,True,Location,The beach is less than 5 minutes away.,Positive,
206,1,True,Location,great location,Positive,
206,2,True,Location,The beach is less than 5 minutes away.,Positive,
206,2,True,Location,great location,Positive,
206,3,True,Location,The beach is less than 5 minutes away.,Positive,
206,3,True,Location,great location,Positive,
207,1,False,Staff,The WONDERFUL staff at this place makes all the difference.,Positive,
207,1,False,Staff,I would absolutely stay again,Positive,
207,2,False,Staff,The WONDERFUL staff at this place makes all the difference.,Positive,
207,2,False,Staff,I would absolutely stay again,Positive,
207,3,False,Staff,The WONDERFUL staff at this place makes all the difference.,Positive,
207,3,False,Staff,I would absolutely stay again,Positive,
208,1,False,Facility,"there was hair on the floor from previous visitors, it should be better cleaner .",Negative,
208,1,False,Cleanliness,"there was hair on the floor from previous visitors, it should be better cleaner .",Negative,
208,1,False,Parking,easy find parking places,Positive,
208,2,False,Facility,"there was hair on the floor from previous visitors, it should be better cleaner .",Negative,
208,2,False,Cleanliness,"there was hair on the floor from previous visitors, it should be better cleaner .",Negative,
208,2,False,Parking,easy find parking places,Positive,
208,3,False,Facility,"there was hair on the floor from previous visitors, it should be better cleaner .",Negative,
208,3,False,Cleanliness,"there was hair on the floor from previous visitors, it should be better cleaner .",Negative,
208,3,False,Parking,easy find parking places,Positive,
209,1,False,(parse failed),,,json_parse_error: Expecting value: line 1 column 1 (char 0)
209,2,False,(parse failed),,,json_parse_error: Expecting value: line 1 column 1 (char 0)
209,3,False,(parse failed),,,json_parse_error: Expecting value: line 1 column 1 (char 0)
210,1,True,(no topics found),,,
210,2,True,(no topics found),,,
210,3,True,(no topics found),,,
211,1,True,Staff,The stuff was very friendly and helpfull. They exceeded my expectations.,Positive,
211,1,True,Location,close to airport and town half an hour walking to town,Positive,
211,1,True,Food,enormous size and very delicious,Positive,
211,2,True,Staff,The stuff was very friendly and helpfull. They exceeded my expectations.,Positive,
211,2,True,Location,close to airport and town half an hour walking to town,Positive,
211,2,True,Food,enormous size and very delicious,Positive,
211,3,True,Staff,The stuff was very friendly and helpfull. They exceeded my expectations.,Positive,
211,3,True,Location,close to airport and town half an hour walking to town,Positive,
211,3,True,Food,enormous size and very delicious,Positive,
212,1,True,Staff,Very friendly and helpful staff !,Positive,
212,1,True,Price,very cheap,Positive,
212,2,True,Staff,Very friendly and helpful staff !,Positive,
212,2,True,Price,very cheap,Positive,
212,3,True,Staff,Very friendly and helpful staff !,Positive,
212,3,True,Price,very cheap,Positive,
213,1,False,Food,"The food was very good,the chef is kind.",Positive,
213,1,False,Off,In the bathroom smelled bad,Negative,
213,2,False,Food,"The food was very good,the chef is kind.",Positive,
213,2,False,Off,In the bathroom smelled bad,Negative,
213,3,False,Food,"The food was very good,the chef is kind.",Positive,
213,3,False,Off,In the bathroom smelled bad,Negative,
214,1,True,Check-in,The hotell organised a taxi for me and made sure I could check in.,Positive,
214,1,True,Taxi-issue,I arrived late at night. The hotell organised a taxi for me,Positive,
214,2,True,Check-in,The hotell organised a taxi for me and made sure I could check in.,Positive,
214,2,True,Taxi-issue,I arrived late at night. The hotell organised a taxi for me,Positive,
214,3,True,Check-in,The hotell organised a taxi for me and made sure I could check in.,Positive,
214,3,True,Taxi-issue,I arrived late at night. The hotell organised a taxi for me,Positive,
215,1,True,(no topics found),,,
215,2,True,(no topics found),,,
215,3,True,(no topics found),,,
216,1,True,Room,the room is very clean,Positive,
216,1,True,Room,the bed is comfortable,Positive,
216,1,True,Facility,the facilities are new,Positive,
216,2,True,Room,the room is very clean,Positive,
216,2,True,Room,the bed is comfortable,Positive,
216,2,True,Facility,the facilities are new,Positive,
216,3,True,Room,the room is very clean,Positive,
216,3,True,Room,the bed is comfortable,Positive,
216,3,True,Facility,the facilities are new,Positive,
217,1,True,(no topics found),,,
217,2,True,(no topics found),,,
217,3,True,(no topics found),,,
218,1,True,Room,"Nice clean room, comfortable bed and good location.",Positive,
218,2,True,Room,"Nice clean room, comfortable bed and good location.",Positive,
218,3,True,Room,"Nice clean room, comfortable bed and good location.",Positive,
219,1,False,Room,"very clean room,",Positive,
219,1,False,Room,all freshly renovated.,Positive,
219,1,False,Facility,very nice showers.,Positive,
219,1,False,Off,"nothing,",,
219,1,False,Noise,sometimes a bit noisy because of the air traffic,Negative,
219,2,False,Room,"very clean room,",Positive,
219,2,False,Room,all freshly renovated.,Positive,
219,2,False,Facility,very nice showers.,Positive,
219,2,False,Off,"nothing,",,
219,2,False,Noise,sometimes a bit noisy because of the air traffic,Negative,
219,3,False,Room,"very clean room,",Positive,
219,3,False,Room,all freshly renovated.,Positive,
219,3,False,Facility,very nice showers.,Positive,
219,3,False,Off,"nothing,",,
219,3,False,Noise,sometimes a bit noisy because of the air traffic,Negative,
220,1,False,Room,airy and comfortable room,Positive,
220,1,False,Location,only 4km from the airport,Positive,
220,1,False,Location,40 minutes walk,Positive,
220,1,False,Facility,super fast wifi,Positive,
220,1,False,Facility,TV very light on choice only news channel in English,Negative,
220,1,False,Check-in,Excellent communication on late check in process,Positive,
220,2,False,Room,airy and comfortable room,Positive,
220,2,False,Location,only 4km from the airport,Positive,
220,2,False,Location,40 minutes walk,Positive,
220,2,False,Facility,super fast wifi,Positive,
220,2,False,Facility,TV very light on choice only news channel in English,Negative,
220,2,False,Check-in,Excellent communication on late check in process,Positive,
220,3,False,Room,airy and comfortable room,Positive,
220,3,False,Location,only 4km from the airport,Positive,
220,3,False,Location,40 minutes walk,Positive,
220,3,False,Facility,super fast wifi,Positive,
220,3,False,Facility,TV very light on choice only news channel in English,Negative,
220,3,False,Check-in,Excellent communication on late check in process,Positive,
221,1,False,Room,The room was clean and an adequate size with a nice balcony.,Positive,
221,1,False,Food,we were offered food and drink in the bar which was most welcome.,Positive,
221,1,False,Food,Breakfast was outstanding.,Positive,
221,1,False,Staff,The staff were all friendly and welcoming - especially the restaurant owner.,Positive,
221,1,False,Facility,The mini fridge,Negative,
221,2,False,Room,The room was clean and an adequate size with a nice balcony.,Positive,
221,2,False,Food,we were offered food and drink in the bar which was most welcome.,Positive,
221,2,False,Food,Breakfast was outstanding.,Positive,
221,2,False,Staff,The staff were all friendly and welcoming - especially the restaurant owner.,Positive,
221,2,False,Facility,The mini fridge,Negative,
221,3,False,Room,The room was clean and an adequate size with a nice balcony.,Positive,
221,3,False,Food,we were offered food and drink in the bar which was most welcome.,Positive,
221,3,False,Food,Breakfast was outstanding.,Positive,
221,3,False,Staff,The staff were all friendly and welcoming - especially the restaurant owner.,Positive,
221,3,False,Facility,The mini fridge,Negative,
222,1,True,Room,the room was nice,Positive,
222,1,True,Facility,a nice place,Positive,
222,2,True,Room,the room was nice,Positive,
222,2,True,Facility,a nice place,Positive,
222,3,True,Room,the room was nice,Positive,
222,3,True,Facility,a nice place,Positive,
223,1,True,Staff,The indications at the desk were very helpful,Positive,
223,2,True,Staff,The indications at the desk were very helpful,Positive,
223,3,True,Staff,The indications at the desk were very helpful,Positive,
224,1,True,Staff,Staff very friendly and very helpful.,Positive,
224,2,True,Staff,Staff very friendly and very helpful.,Positive,
224,3,True,Staff,Staff very friendly and very helpful.,Positive,
225,1,True,(no topics found),,,
225,2,True,(no topics found),,,
225,3,True,(no topics found),,,
226,1,False,Room,"The double bed, although nothing fancy, was probably the best hotel bed we've slept in ... ever!",Positive,
226,1,False,Staff,Excellent staff in this family driven hotel. Very helpful and pleasant people who speak perfect English and couldn't have been better -- all the way from the booking process and online dialog to putting us on a taxi to the airport! This alone is reason enough to come back,Positive,
226,1,False,Facility,"The room and hotel in general are very clean, aircon modern and quiet, and room service is also excellent.",Positive,
226,1,False,Facility,"Plenty of electricity outlets in the room, also by the bed",Positive,
226,1,False,Food,The small fridge in the room was warm (turned off) upon arrival and completely empty,Negative,
226,1,False,Service,The out-of-order pool table hidden away in the backyard should be brought back to life.,Negative,
226,1,False,Service,The backyard itself could actually have been used so much better.,Negative,
226,1,False,Service,"The small fridge in the room was empty, and no local shop/kiosk nearby to fill it",Negative,
226,2,False,Room,"The double bed, although nothing fancy, was probably the best hotel bed we've slept in ... ever!",Positive,
226,2,False,Staff,Excellent staff in this family driven hotel. Very helpful and pleasant people who speak perfect English and couldn't have been better -- all the way from the booking process and online dialog to putting us on a taxi to the airport! This alone is reason enough to come back,Positive,
226,2,False,Facility,"The room and hotel in general are very clean, aircon modern and quiet, and room service is also excellent.",Positive,
226,2,False,Facility,"Plenty of electricity outlets in the room, also by the bed",Positive,
226,2,False,Food,The small fridge in the room was warm (turned off) upon arrival and completely empty,Negative,
226,2,False,Service,The out-of-order pool table hidden away in the backyard should be brought back to life.,Negative,
226,2,False,Service,The backyard itself could actually have been used so much better.,Negative,
226,2,False,Service,"The small fridge in the room was empty, and no local shop/kiosk nearby to fill it",Negative,
226,3,False,Room,"The double bed, although nothing fancy, was probably the best hotel bed we've slept in ... ever!",Positive,
226,3,False,Staff,Excellent staff in this family driven hotel. Very helpful and pleasant people who speak perfect English and couldn't have been better -- all the way from the booking process and online dialog to putting us on a taxi to the airport! This alone is reason enough to come back,Positive,
226,3,False,Facility,"The room and hotel in general are very clean, aircon modern and quiet, and room service is also excellent.",Positive,
226,3,False,Facility,"Plenty of electricity outlets in the room, also by the bed",Positive,
226,3,False,Food,The small fridge in the room was warm (turned off) upon arrival and completely empty,Negative,
226,3,False,Service,The out-of-order pool table hidden away in the backyard should be brought back to life.,Negative,
226,3,False,Service,The backyard itself could actually have been used so much better.,Negative,
226,3,False,Service,"The small fridge in the room was empty, and no local shop/kiosk nearby to fill it",Negative,
227,1,True,Room,Perfect room for family.,Positive,
227,1,True,Staff,Very kind hosts,Positive,
227,1,True,Location,Close to airport.,Positive,
227,1,True,Check-in,made late check in simple.,Positive,
227,2,True,Room,Perfect room for family.,Positive,
227,2,True,Staff,Very kind hosts,Positive,
227,2,True,Location,Close to airport.,Positive,
227,2,True,Check-in,made late check in simple.,Positive,
227,3,True,Room,Perfect room for family.,Positive,
227,3,True,Staff,Very kind hosts,Positive,
227,3,True,Location,Close to airport.,Positive,
227,3,True,Check-in,made late check in simple.,Positive,
228,1,True,Room,the room had a big balcony,Positive,
228,1,True,Location,the location is convenient,Positive,
228,1,True,Location,"hospitality, location, quiet",Positive,
228,2,True,Room,the room had a big balcony,Positive,
228,2,True,Location,the location is convenient,Positive,
228,2,True,Location,"hospitality, location, quiet",Positive,
228,3,True,Room,the room had a big balcony,Positive,
228,3,True,Location,the location is convenient,Positive,
228,3,True,Location,"hospitality, location, quiet",Positive,
229,1,True,Staff,Exceptionally friendly service of hotel,Positive,
229,1,True,Staff,and restarant in same building,Positive,
229,2,True,Staff,Exceptionally friendly service of hotel,Positive,
229,2,True,Staff,and restarant in same building,Positive,
229,3,True,Staff,Exceptionally friendly service of hotel,Positive,
229,3,True,Staff,and restarant in same building,Positive,
230,1,False,Location,location,Positive,
230,1,False,Price,good value,Positive,
230,1,False,Cleanliness,clean,Positive,
230,2,False,Location,location,Positive,
230,2,False,Price,good value,Positive,
230,2,False,Cleanliness,clean,Positive,
230,3,False,Location,location,Positive,
230,3,False,Price,good value,Positive,
230,3,False,Cleanliness,clean,Positive,
231,1,True,Room,rooms were clean and ideally situated for the airport,Positive,
231,1,True,Staff,very friendly staff,Positive,
231,1,True,Location,ideally situated for the airport,Positive,
231,2,True,Room,rooms were clean and ideally situated for the airport,Positive,
231,2,True,Staff,very friendly staff,Positive,
231,2,True,Location,ideally situated for the airport,Positive,
231,3,True,Room,rooms were clean and ideally situated for the airport,Positive,
231,3,True,Staff,very friendly staff,Positive,
231,3,True,Location,ideally situated for the airport,Positive,
232,1,False,Room,everything was clean and nice in the room,Positive,
232,1,False,Location,Great location for a late flight,Positive,
232,1,False,Staff,great instructions,Positive,
232,1,False,Food,Terrific late breakfast at the café downstairs,Positive,
232,1,False,Price,great for the price,Positive,
232,2,False,Room,everything was clean and nice in the room,Positive,
232,2,False,Location,Great location for a late flight,Positive,
232,2,False,Staff,great instructions,Positive,
232,2,False,Food,Terrific late breakfast at the café downstairs,Positive,
232,2,False,Price,great for the price,Positive,
232,3,False,Room,everything was clean and nice in the room,Positive,
232,3,False,Location,Great location for a late flight,Positive,
232,3,False,Staff,great instructions,Positive,
232,3,False,Food,Terrific late breakfast at the café downstairs,Positive,
232,3,False,Price,great for the price,Positive,
233,1,True,Room,rooms where really spacious and fresh and clean.,Positive,
233,1,True,Staff,management are wonderful.,Positive,
233,1,True,Food,Breakfast was amazing,Positive,
233,1,True,Location,a little far from local shop,Negative,
233,1,True,Location,have everything we need in the cafe.,Positive,
233,1,True,Facility,Beautiful property,Positive,
233,1,True,Facility,super clean,Positive,
233,2,True,Room,rooms where really spacious and fresh and clean.,Positive,
233,2,True,Staff,management are wonderful.,Positive,
233,2,True,Food,Breakfast was amazing,Positive,
233,2,True,Location,a little far from local shop,Negative,
233,2,True,Location,have everything we need in the cafe.,Positive,
233,2,True,Facility,Beautiful property,Positive,
233,2,True,Facility,super clean,Positive,
233,3,True,Room,rooms where really spacious and fresh and clean.,Positive,
233,3,True,Staff,management are wonderful.,Positive,
233,3,True,Food,Breakfast was amazing,Positive,
233,3,True,Location,a little far from local shop,Negative,
233,3,True,Location,have everything we need in the cafe.,Positive,
233,3,True,Facility,Beautiful property,Positive,
233,3,True,Facility,super clean,Positive,
234,1,True,Location,"great location for bars, restaurants and beach",Positive,
234,1,True,Price,very good rate,Positive,
234,2,True,Location,"great location for bars, restaurants and beach",Positive,
234,2,True,Price,very good rate,Positive,
234,3,True,Location,"great location for bars, restaurants and beach",Positive,
234,3,True,Price,very good rate,Positive,
235,1,True,Staff,very welcoming staff,Positive,
235,1,True,Location,Great location,Positive,
235,2,True,Staff,very welcoming staff,Positive,
235,2,True,Location,Great location,Positive,
235,3,True,Staff,very welcoming staff,Positive,
235,3,True,Location,Great location,Positive,
236,1,False,Room,the room was comfortable.,Positive,
236,1,False,Facility,good facilities.,Positive,
236,1,False,Breakfast,Breakfast as an extra was good.,Positive,
236,1,False,Location,"The hotel is about 100m from the 425 bus route which runs to the airport, about 10 minutes away.",Positive,
236,1,False,Price,"A ticket costs 2 Euros, a far better option than paying 15 Euros for a taxi.",Positive,
236,2,False,Room,the room was comfortable.,Positive,
236,2,False,Facility,good facilities.,Positive,
236,2,False,Breakfast,Breakfast as an extra was good.,Positive,
236,2,False,Location,"The hotel is about 100m from the 425 bus route which runs to the airport, about 10 minutes away.",Positive,
236,2,False,Price,"A ticket costs 2 Euros, a far better option than paying 15 Euros for a taxi.",Positive,
236,3,False,Room,the room was comfortable.,Positive,
236,3,False,Facility,good facilities.,Positive,
236,3,False,Breakfast,Breakfast as an extra was good.,Positive,
236,3,False,Location,"The hotel is about 100m from the 425 bus route which runs to the airport, about 10 minutes away.",Positive,
236,3,False,Price,"A ticket costs 2 Euros, a far better option than paying 15 Euros for a taxi.",Positive,
237,1,True,(no topics found),,,
237,2,True,(no topics found),,,
237,3,True,(no topics found),,,
238,1,False,Room,quite small room,Negative,
238,1,False,Location,close to the airport,Positive,
238,1,False,Off,stingy smell from the bathroom,Negative,
238,2,False,Room,quite small room,Negative,
238,2,False,Location,close to the airport,Positive,
238,2,False,Off,stingy smell from the bathroom,Negative,
238,3,False,Room,quite small room,Negative,
238,3,False,Location,close to the airport,Positive,
238,3,False,Off,stingy smell from the bathroom,Negative,
239,1,False,Room,Light and airy and clean room.,Positive,
239,1,False,Location,Not far from the sea.,Positive,
239,1,False,Safety,There should be a safety strip on the step to each floor coming up the stairs.,Negative,
239,2,False,Room,Light and airy and clean room.,Positive,
239,2,False,Location,Not far from the sea.,Positive,
239,2,False,Safety,There should be a safety strip on the step to each floor coming up the stairs.,Negative,
239,3,False,Room,Light and airy and clean room.,Positive,
239,3,False,Location,Not far from the sea.,Positive,
239,3,False,Safety,There should be a safety strip on the step to each floor coming up the stairs.,Negative,
240,1,True,Location,The location is very nice of this hotel due to such close proximity to the beach and restaurants.,Positive,
240,2,True,Location,The location is very nice of this hotel due to such close proximity to the beach and restaurants.,Positive,
240,3,True,Location,The location is very nice of this hotel due to such close proximity to the beach and restaurants.,Positive,
241,1,True,Room,spacious room and minifridge; large bathroom; very clean and comfy bed and lovely little balcony,Positive,
241,1,True,Staff,staff was very friendly and lend me an adaptor several times,Positive,
241,1,True,Location,i didnt want to be in the center so for me the location was perfect! walking distance to airport and close to the more luxurious beach strip with delicious restaurants,Positive,
241,2,True,Room,spacious room and minifridge; large bathroom; very clean and comfy bed and lovely little balcony,Positive,
241,2,True,Staff,staff was very friendly and lend me an adaptor several times,Positive,
241,2,True,Location,i didnt want to be in the center so for me the location was perfect! walking distance to airport and close to the more luxurious beach strip with delicious restaurants,Positive,
241,3,True,Room,spacious room and minifridge; large bathroom; very clean and comfy bed and lovely little balcony,Positive,
241,3,True,Staff,staff was very friendly and lend me an adaptor several times,Positive,
241,3,True,Location,i didnt want to be in the center so for me the location was perfect! walking distance to airport and close to the more luxurious beach strip with delicious restaurants,Positive,
242,1,True,Staff,The staff were very accommodating and kind.,Positive,
242,2,True,Staff,The staff were very accommodating and kind.,Positive,
242,3,True,Staff,The staff were very accommodating and kind.,Positive,
243,1,True,Location,near beaches and restaurants,Positive,
243,1,True,Facility,Very modern clean beautifully kept hotel,Positive,
243,2,True,Location,near beaches and restaurants,Positive,
243,2,True,Facility,Very modern clean beautifully kept hotel,Positive,
243,3,True,Location,near beaches and restaurants,Positive,
243,3,True,Facility,Very modern clean beautifully kept hotel,Positive,
244,1,True,(no topics found),,,
244,2,True,(no topics found),,,
244,3,True,(no topics found),,,
245,1,False,Room,The room was extremely clean,Positive,
245,1,False,Staff,great staff,Positive,
245,1,False,Staff,Richard is a great chef,Positive,
245,1,False,Food,the restaurant at floor level is awesome,Positive,
245,1,False,Service,room service,Positive,
245,1,False,Off,Nothing we can think of,Negative,
245,2,False,Room,The room was extremely clean,Positive,
245,2,False,Staff,great staff,Positive,
245,2,False,Staff,Richard is a great chef,Positive,
245,2,False,Food,the restaurant at floor level is awesome,Positive,
245,2,False,Service,room service,Positive,
245,2,False,Off,Nothing we can think of,Negative,
245,3,False,Room,The room was extremely clean,Positive,
245,3,False,Staff,great staff,Positive,
245,3,False,Staff,Richard is a great chef,Positive,
245,3,False,Food,the restaurant at floor level is awesome,Positive,
245,3,False,Service,room service,Positive,
245,3,False,Off,Nothing we can think of,Negative,
246,1,False,Room,"The rooms were a nice size, very clean, and modern.",Positive,
246,1,False,Staff,The owners were very friendly and helpful.,Positive,
246,1,False,Location,"The hotel is small, which we liked, and is about 10 minutes from the airport.",Positive,
246,1,False,Location,The location is a bit hard to find.,Negative,
246,1,False,Food,"We had dinner there, and the food was very good and the chef was very friendly.",Positive,
246,1,False,Taxi-issue,"The taxi driver had a hard time finding it to drop us off, as it’s amongst several apartment buildings on a small side street.",Negative,
246,2,False,Room,"The rooms were a nice size, very clean, and modern.",Positive,
246,2,False,Staff,The owners were very friendly and helpful.,Positive,
246,2,False,Location,"The hotel is small, which we liked, and is about 10 minutes from the airport.",Positive,
246,2,False,Location,The location is a bit hard to find.,Negative,
246,2,False,Food,"We had dinner there, and the food was very good and the chef was very friendly.",Positive,
246,2,False,Taxi-issue,"The taxi driver had a hard time finding it to drop us off, as it’s amongst several apartment buildings on a small side street.",Negative,
246,3,False,Room,"The rooms were a nice size, very clean, and modern.",Positive,
246,3,False,Staff,The owners were very friendly and helpful.,Positive,
246,3,False,Location,"The hotel is small, which we liked, and is about 10 minutes from the airport.",Positive,
246,3,False,Location,The location is a bit hard to find.,Negative,
246,3,False,Food,"We had dinner there, and the food was very good and the chef was very friendly.",Positive,
246,3,False,Taxi-issue,"The taxi driver had a hard time finding it to drop us off, as it’s amongst several apartment buildings on a small side street.",Negative,
247,1,True,Location,very good location,Positive,
247,2,True,Location,very good location,Positive,
247,3,True,Location,very good location,Positive,
248,1,False,Staff,"Staff super kind, professional, polite and helpful.",Positive,
248,1,False,Bed,"Bed was soooooooo comfortable, I didn't want to leave my room!!",Positive,
248,1,False,TV,"Lack of decent TV channels, only in the evening (past 9 pm) you can actually find something to watch.",Negative,
248,1,False,Channel,"only ~10 channels, half in Greek and half in Russian, and maybe one or two in English (in the evenings)",Negative,
248,1,False,Taxi,it arrived right in time,Positive,
248,2,False,Staff,"Staff super kind, professional, polite and helpful.",Positive,
248,2,False,Bed,"Bed was soooooooo comfortable, I didn't want to leave my room!!",Positive,
248,2,False,TV,"Lack of decent TV channels, only in the evening (past 9 pm) you can actually find something to watch.",Negative,
248,2,False,Channel,"only ~10 channels, half in Greek and half in Russian, and maybe one or two in English (in the evenings)",Negative,
248,2,False,Taxi,it arrived right in time,Positive,
248,3,False,Staff,"Staff super kind, professional, polite and helpful.",Positive,
248,3,False,Bed,"Bed was soooooooo comfortable, I didn't want to leave my room!!",Positive,
248,3,False,TV,"Lack of decent TV channels, only in the evening (past 9 pm) you can actually find something to watch.",Negative,
248,3,False,Channel,"only ~10 channels, half in Greek and half in Russian, and maybe one or two in English (in the evenings)",Negative,
248,3,False,Taxi,it arrived right in time,Positive,
249,1,True,(no topics found),,,
249,2,True,(no topics found),,,
249,3,True,(no topics found),,,
250,1,False,Room,"The rooms, lobby and restaurant were lovely; exceedingly modern, and comfortable.",Positive,
250,1,False,Staff,"The family that runs the hotel was incredibly friendly and very, very nice.",Positive,
250,1,False,Staff,chef Richard,Positive,
250,1,False,Location,The location allowed us to walk to the beach and restaurants.,Positive,
250,1,False,Food,We ate dinner at the hotel and the food was fabulous.,Positive,
250,1,False,Facility,The patio,Positive,
250,2,False,Room,"The rooms, lobby and restaurant were lovely; exceedingly modern, and comfortable.",Positive,
250,2,False,Staff,"The family that runs the hotel was incredibly friendly and very, very nice.",Positive,
250,2,False,Staff,chef Richard,Positive,
250,2,False,Location,The location allowed us to walk to the beach and restaurants.,Positive,
250,2,False,Food,We ate dinner at the hotel and the food was fabulous.,Positive,
250,2,False,Facility,The patio,Positive,
250,3,False,Room,"The rooms, lobby and restaurant were lovely; exceedingly modern, and comfortable.",Positive,
250,3,False,Staff,"The family that runs the hotel was incredibly friendly and very, very nice.",Positive,
250,3,False,Staff,chef Richard,Positive,
250,3,False,Location,The location allowed us to walk to the beach and restaurants.,Positive,
250,3,False,Food,We ate dinner at the hotel and the food was fabulous.,Positive,
250,3,False,Facility,The patio,Positive,
251,1,True,Staff,friendly staff,Positive,
251,2,True,Staff,friendly staff,Positive,
251,3,True,Staff,friendly staff,Positive,
252,1,True,Room,clean and brand new,Positive,
252,1,True,Food,Breakfast was freshly made and delicious,Positive,
252,2,True,Room,clean and brand new,Positive,
252,2,True,Food,Breakfast was freshly made and delicious,Positive,
252,3,True,Room,clean and brand new,Positive,
252,3,True,Food,Breakfast was freshly made and delicious,Positive,
253,1,True,(no topics found),,,
253,2,True,(no topics found),,,
253,3,True,(no topics found),,,
254,1,False,Room,The rooms are spotless.,Positive,
254,1,False,Staff,The family were so helpful.,Positive,
254,1,False,Location,It’s very close to the airport,Positive,
254,1,False,Facility,The shower fantastic.,Positive,
254,1,False,Off,Nothing.,Negative,
254,2,False,Room,The rooms are spotless.,Positive,
254,2,False,Staff,The family were so helpful.,Positive,
254,2,False,Location,It’s very close to the airport,Positive,
254,2,False,Facility,The shower fantastic.,Positive,
254,2,False,Off,Nothing.,Negative,
254,3,False,Room,The rooms are spotless.,Positive,
254,3,False,Staff,The family were so helpful.,Positive,
254,3,False,Location,It’s very close to the airport,Positive,
254,3,False,Facility,The shower fantastic.,Positive,
254,3,False,Off,Nothing.,Negative,
255,1,False,Room,The room is spacious and new.,Positive,
255,1,False,Staff,The staff is super friendly and attentive.,Positive,
255,1,False,Location,The hotel is close to the airport.,Positive,
255,1,False,Location,"The location is super convenient, only few steps from the beach.",Positive,
255,2,False,Room,The room is spacious and new.,Positive,
255,2,False,Staff,The staff is super friendly and attentive.,Positive,
255,2,False,Location,The hotel is close to the airport.,Positive,
255,2,False,Location,"The location is super convenient, only few steps from the beach.",Positive,
255,3,False,Room,The room is spacious and new.,Positive,
255,3,False,Staff,The staff is super friendly and attentive.,Positive,
255,3,False,Location,The hotel is close to the airport.,Positive,
255,3,False,Location,"The location is super convenient, only few steps from the beach.",Positive,
256,1,True,(no topics found),,,
256,2,True,(no topics found),,,
256,3,True,(no topics found),,,
257,1,True,Room,"Very modern, clean hotel",Positive,
257,1,True,Staff,Lovely staff,Positive,
257,1,True,Location,"Great location, quiet",Positive,
257,2,True,Room,"Very modern, clean hotel",Positive,
257,2,True,Staff,Lovely staff,Positive,
257,2,True,Location,"Great location, quiet",Positive,
257,3,True,Room,"Very modern, clean hotel",Positive,
257,3,True,Staff,Lovely staff,Positive,
257,3,True,Location,"Great location, quiet",Positive,
258,1,True,Staff,wonderful staff,Positive,
258,1,True,Food,delicious food,Positive,
258,2,True,Staff,wonderful staff,Positive,
258,2,True,Food,delicious food,Positive,
258,3,True,Staff,wonderful staff,Positive,
258,3,True,Food,delicious food,Positive,
259,1,False,Staff,very friendly and helpful staff,Positive,
259,1,False,Location,excellent location near airport then easy drive into larnaca,Positive,
259,1,False,Cleanliness,the bathroom floor got wet from the shower and became very slippery,Negative,
259,2,False,Staff,very friendly and helpful staff,Positive,
259,2,False,Location,excellent location near airport then easy drive into larnaca,Positive,
259,2,False,Cleanliness,the bathroom floor got wet from the shower and became very slippery,Negative,
259,3,False,Staff,very friendly and helpful staff,Positive,
259,3,False,Location,excellent location near airport then easy drive into larnaca,Positive,
259,3,False,Cleanliness,the bathroom floor got wet from the shower and became very slippery,Negative,
260,1,False,Staff,Friendly staff,Positive,
260,1,False,Food,delicious breakfast,Positive,
260,1,False,Location,10 mins walk to Mackenzie Beach,Positive,
260,1,False,Location,40 mins (3 km) walk to downtown on a nice promenade,Positive,
260,2,False,Staff,Friendly staff,Positive,
260,2,False,Food,delicious breakfast,Positive,
260,2,False,Location,10 mins walk to Mackenzie Beach,Positive,
260,2,False,Location,40 mins (3 km) walk to downtown on a nice promenade,Positive,
260,3,False,Staff,Friendly staff,Positive,
260,3,False,Food,delicious breakfast,Positive,
260,3,False,Location,10 mins walk to Mackenzie Beach,Positive,
260,3,False,Location,40 mins (3 km) walk to downtown on a nice promenade,Positive,
261,1,True,Room,Everything was clean and cozy.,Positive,
261,1,True,Staff,We were introduced very good in everything,Positive,
261,1,True,Location,and we felt very good there!,Positive,
261,2,True,Room,Everything was clean and cozy.,Positive,
261,2,True,Staff,We were introduced very good in everything,Positive,
261,2,True,Location,and we felt very good there!,Positive,
261,3,True,Room,Everything was clean and cozy.,Positive,
261,3,True,Staff,We were introduced very good in everything,Positive,
261,3,True,Location,and we felt very good there!,Positive,
262,1,False,Room,really nice room with a balcony,Positive,
262,1,False,Staff,attentive staff,Positive,
262,1,False,Staff,helpful staff,Positive,
262,1,False,Staff,showed us to a really nice room,Positive,
262,1,False,Location,close to the airport,Positive,
262,2,False,Room,really nice room with a balcony,Positive,
262,2,False,Staff,attentive staff,Positive,
262,2,False,Staff,helpful staff,Positive,
262,2,False,Staff,showed us to a really nice room,Positive,
262,2,False,Location,close to the airport,Positive,
262,3,False,Room,really nice room with a balcony,Positive,
262,3,False,Staff,attentive staff,Positive,
262,3,False,Staff,helpful staff,Positive,
262,3,False,Staff,showed us to a really nice room,Positive,
262,3,False,Location,close to the airport,Positive,
263,1,True,Room,room was big enough with comfy beds for family of four,Positive,
263,1,True,Facility,small balcony for outdoor space,Positive,
263,2,True,Room,room was big enough with comfy beds for family of four,Positive,
263,2,True,Facility,small balcony for outdoor space,Positive,
263,3,True,Room,room was big enough with comfy beds for family of four,Positive,
263,3,True,Facility,small balcony for outdoor space,Positive,
264,1,True,Room,clean and comfortable beds.,Positive,
264,1,True,Staff,Friendly staff.,Positive,
264,2,True,Room,clean and comfortable beds.,Positive,
264,2,True,Staff,Friendly staff.,Positive,
264,3,True,Room,clean and comfortable beds.,Positive,
264,3,True,Staff,Friendly staff.,Positive,
265,1,True,Staff,warm welcome,Positive,
265,1,True,Location,near the airport,Positive,
265,1,True,Price,£50 a night,Positive,
265,2,True,Staff,warm welcome,Positive,
265,2,True,Location,near the airport,Positive,
265,2,True,Price,£50 a night,Positive,
265,3,True,Staff,warm welcome,Positive,
265,3,True,Location,near the airport,Positive,
265,3,True,Price,£50 a night,Positive,
266,1,True,(no topics found),,,
266,2,True,(no topics found),,,
266,3,True,(no topics found),,,
267,1,True,Staff,Helpful staff arranged a taxi for us from the airport to the hotel.,Positive,
267,1,True,Location,The hotel was basic but clean and comfortable.,Positive,
267,2,True,Staff,Helpful staff arranged a taxi for us from the airport to the hotel.,Positive,
267,2,True,Location,The hotel was basic but clean and comfortable.,Positive,
267,3,True,Staff,Helpful staff arranged a taxi for us from the airport to the hotel.,Positive,
267,3,True,Location,The hotel was basic but clean and comfortable.,Positive,
268,1,True,Room,"La Veranda has been recently refurbished and the rooms and bathroom, were both modern and comfortable",Positive,
268,1,True,Location,Easy walk to Mackenzie Beach and short journey from airport,Positive,
268,1,True,Staff,extremely helpful and friendly,Positive,
268,1,True,Food,Good breakfast available if required,Positive,
268,1,True,Facility,balcony with sea view,Positive,
268,1,True,Off,Nothing really,Negative,
268,2,True,Room,"La Veranda has been recently refurbished and the rooms and bathroom, were both modern and comfortable",Positive,
268,2,True,Location,Easy walk to Mackenzie Beach and short journey from airport,Positive,
268,2,True,Staff,extremely helpful and friendly,Positive,
268,2,True,Food,Good breakfast available if required,Positive,
268,2,True,Facility,balcony with sea view,Positive,
268,2,True,Off,Nothing really,Negative,
268,3,True,Room,"La Veranda has been recently refurbished and the rooms and bathroom, were both modern and comfortable",Positive,
268,3,True,Location,Easy walk to Mackenzie Beach and short journey from airport,Positive,
268,3,True,Staff,extremely helpful and friendly,Positive,
268,3,True,Food,Good breakfast available if required,Positive,
268,3,True,Facility,balcony with sea view,Positive,
268,3,True,Off,Nothing really,Negative,
269,1,True,(no topics found),,,
269,2,True,(no topics found),,,
269,3,True,(no topics found),,,
270,1,False,Room,Clean rooms,Positive,
270,1,False,Staff,helpful staff,Positive,
270,1,False,Location,easy to park car outside,Positive,
270,2,False,Room,Clean rooms,Positive,
270,2,False,Staff,helpful staff,Positive,
270,2,False,Location,easy to park car outside,Positive,
270,3,False,Room,Clean rooms,Positive,
270,3,False,Staff,helpful staff,Positive,
270,3,False,Location,easy to park car outside,Positive,
271,1,True,Location,Location very convenient.,Positive,
271,1,True,Location,Near the beach and the Restaurants.,Positive,
271,1,True,Location,Public Bus station at 30 meters from the hotel.,Positive,
271,1,True,Location,Also very close to the airport.,Positive,
271,2,True,Location,Location very convenient.,Positive,
271,2,True,Location,Near the beach and the Restaurants.,Positive,
271,2,True,Location,Public Bus station at 30 meters from the hotel.,Positive,
271,2,True,Location,Also very close to the airport.,Positive,
271,3,True,Location,Location very convenient.,Positive,
271,3,True,Location,Near the beach and the Restaurants.,Positive,
271,3,True,Location,Public Bus station at 30 meters from the hotel.,Positive,
271,3,True,Location,Also very close to the airport.,Positive,
272,1,True,Staff,The staff is very nice,Positive,
272,1,True,Food,The Breakfast is so delicious,Positive,
272,1,True,Location,Great location,Positive,
272,1,True,Location,Near Mackenzie beach and very close to the center,Positive,
272,2,True,Staff,The staff is very nice,Positive,
272,2,True,Food,The Breakfast is so delicious,Positive,
272,2,True,Location,Great location,Positive,
272,2,True,Location,Near Mackenzie beach and very close to the center,Positive,
272,3,True,Staff,The staff is very nice,Positive,
272,3,True,Food,The Breakfast is so delicious,Positive,
272,3,True,Location,Great location,Positive,
272,3,True,Location,Near Mackenzie beach and very close to the center,Positive,
273,1,True,(no topics found),,,
273,2,True,(no topics found),,,
273,3,True,(no topics found),,,
274,1,True,Staff,"I had a wonderful experience at the La Veranda Hotel. Every staff member I encountered, from the valet to the check- in to the cleaning staff were delightful and eager to help!",Positive,
274,2,True,Staff,"I had a wonderful experience at the La Veranda Hotel. Every staff member I encountered, from the valet to the check- in to the cleaning staff were delightful and eager to help!",Positive,
274,3,True,Staff,"I had a wonderful experience at the La Veranda Hotel. Every staff member I encountered, from the valet to the check- in to the cleaning staff were delightful and eager to help!",Positive,
275,1,False,(parse failed),,,"json_parse_error: Expecting ',' delimiter: line 18 column 1 (char 259)"
275,2,False,(parse failed),,,"json_parse_error: Expecting ',' delimiter: line 18 column 1 (char 259)"
275,3,False,(parse failed),,,"json_parse_error: Expecting ',' delimiter: line 18 column 1 (char 259)"
276,1,False,Staff,friendly staff who allow you to check in the early hours of morning,Positive,
276,1,False,Location,45 min walk to airport,Positive,
276,1,False,Lock,locks on windows didn’t seem secure,Negative,
276,2,False,Staff,friendly staff who allow you to check in the early hours of morning,Positive,
276,2,False,Location,45 min walk to airport,Positive,
276,2,False,Lock,locks on windows didn’t seem secure,Negative,
276,3,False,Staff,friendly staff who allow you to check in the early hours of morning,Positive,
276,3,False,Location,45 min walk to airport,Positive,
276,3,False,Lock,locks on windows didn’t seem secure,Negative,
277,1,False,Staff,"The staff is always very helpful, exceptional!",Positive,
277,1,False,Shower,"Wanted to have in the shower shampoo, body soap and hair conditioner.",Negative,
277,1,False,Dispenser,The staff explained that the dispancer in the shower holds 3 in 1. Really?!,Negative,
277,2,False,Staff,"The staff is always very helpful, exceptional!",Positive,
277,2,False,Shower,"Wanted to have in the shower shampoo, body soap and hair conditioner.",Negative,
277,2,False,Dispenser,The staff explained that the dispancer in the shower holds 3 in 1. Really?!,Negative,
277,3,False,Staff,"The staff is always very helpful, exceptional!",Positive,
277,3,False,Shower,"Wanted to have in the shower shampoo, body soap and hair conditioner.",Negative,
277,3,False,Dispenser,The staff explained that the dispancer in the shower holds 3 in 1. Really?!,Negative,
278,1,False,Staff,"The staff were wonderful, so friendly and welcoming",Positive,
278,1,False,Food,The food was superb,Positive,
278,1,False,Facility,The hotel was clean,Positive,
278,1,False,Location,The hotel was easy for the airport,Positive,
278,2,False,Staff,"The staff were wonderful, so friendly and welcoming",Positive,
278,2,False,Food,The food was superb,Positive,
278,2,False,Facility,The hotel was clean,Positive,
278,2,False,Location,The hotel was easy for the airport,Positive,
278,3,False,Staff,"The staff were wonderful, so friendly and welcoming",Positive,
278,3,False,Food,The food was superb,Positive,
278,3,False,Facility,The hotel was clean,Positive,
278,3,False,Location,The hotel was easy for the airport,Positive,
279,1,False,Location,The hotel is in a residential neighborhood of apartments and is modern.,Positive,
279,1,False,Food,The hotel is approx 10 minute drive from the airport and 20 minute drive from the historical area.,,
279,1,False,Food,The hotel is in a residential neighborhood of apartments and is modern.,,
279,1,False,Facility,The bed linens were wonderful and the mattress was neither too hard or soft.,Positive,
279,1,False,Facility,The hotel is in a residential neighborhood of apartments and is modern.,,
279,2,False,Location,The hotel is in a residential neighborhood of apartments and is modern.,Positive,
279,2,False,Food,The hotel is approx 10 minute drive from the airport and 20 minute drive from the historical area.,,
279,2,False,Food,The hotel is in a residential neighborhood of apartments and is modern.,,
279,2,False,Facility,The bed linens were wonderful and the mattress was neither too hard or soft.,Positive,
279,2,False,Facility,The hotel is in a residential neighborhood of apartments and is modern.,,
279,3,False,Location,The hotel is in a residential neighborhood of apartments and is modern.,Positive,
279,3,False,Food,The hotel is approx 10 minute drive from the airport and 20 minute drive from the historical area.,,
279,3,False,Food,The hotel is in a residential neighborhood of apartments and is modern.,,
279,3,False,Facility,The bed linens were wonderful and the mattress was neither too hard or soft.,Positive,
279,3,False,Facility,The hotel is in a residential neighborhood of apartments and is modern.,,
280,1,True,Room,"Very smart, modern rooms",Positive,
280,1,True,Room,Family feel and very friendly,Positive,
280,1,True,Location,Immediate location wasn’t inspiring,Negative,
280,1,True,Location,lovely restaurants very close in the sea front,Positive,
280,1,True,Facility,Having a family suite was a big bonus and lots of space,Positive,
280,2,True,Room,"Very smart, modern rooms",Positive,
280,2,True,Room,Family feel and very friendly,Positive,
280,2,True,Location,Immediate location wasn’t inspiring,Negative,
280,2,True,Location,lovely restaurants very close in the sea front,Positive,
280,2,True,Facility,Having a family suite was a big bonus and lots of space,Positive,
280,3,True,Room,"Very smart, modern rooms",Positive,
280,3,True,Room,Family feel and very friendly,Positive,
280,3,True,Location,Immediate location wasn’t inspiring,Negative,
280,3,True,Location,lovely restaurants very close in the sea front,Positive,
280,3,True,Facility,Having a family suite was a big bonus and lots of space,Positive,
281,1,True,Staff,The owner and staff are so welcoming and helpful.,Positive,
281,1,True,Staff,"Taking time to print off flight documentation,",Positive,
281,1,True,Staff,"even when my flight was cancelled, I was able to keep my room for longer without a problem.",Positive,
281,1,True,Location,This hotel is in a great location for the airport and restaurants.,Positive,
281,2,True,Staff,The owner and staff are so welcoming and helpful.,Positive,
281,2,True,Staff,"Taking time to print off flight documentation,",Positive,
281,2,True,Staff,"even when my flight was cancelled, I was able to keep my room for longer without a problem.",Positive,
281,2,True,Location,This hotel is in a great location for the airport and restaurants.,Positive,
281,3,True,Staff,The owner and staff are so welcoming and helpful.,Positive,
281,3,True,Staff,"Taking time to print off flight documentation,",Positive,
281,3,True,Staff,"even when my flight was cancelled, I was able to keep my room for longer without a problem.",Positive,
281,3,True,Location,This hotel is in a great location for the airport and restaurants.,Positive,
282,1,False,Staff,"Helpful, friendly staff.",Positive,
282,1,False,Location,"Close to the beach, but situated in a quiet place.",Positive,
282,1,False,Food,Tasty breakfast.,Positive,
282,2,False,Staff,"Helpful, friendly staff.",Positive,
282,2,False,Location,"Close to the beach, but situated in a quiet place.",Positive,
282,2,False,Food,Tasty breakfast.,Positive,
282,3,False,Staff,"Helpful, friendly staff.",Positive,
282,3,False,Location,"Close to the beach, but situated in a quiet place.",Positive,
282,3,False,Food,Tasty breakfast.,Positive,
283,1,True,Staff,staff was very friendly.,Positive,
283,1,True,Staff,They also were very responsive to any pre-arrival questions,Positive,
283,2,True,Staff,staff was very friendly.,Positive,
283,2,True,Staff,They also were very responsive to any pre-arrival questions,Positive,
283,3,True,Staff,staff was very friendly.,Positive,
283,3,True,Staff,They also were very responsive to any pre-arrival questions,Positive,
284,1,True,Room,"La Veranda was very clean, provided everything needed (even a bottle of water in the room!), and was flexible with our schedule.",Positive,
284,1,True,Staff,The staff was excellent.,Positive,
284,1,True,Staff,kindly told us about,Positive,
284,1,True,Location,quite close to the hotel,Positive,
284,2,True,Room,"La Veranda was very clean, provided everything needed (even a bottle of water in the room!), and was flexible with our schedule.",Positive,
284,2,True,Staff,The staff was excellent.,Positive,
284,2,True,Staff,kindly told us about,Positive,
284,2,True,Location,quite close to the hotel,Positive,
284,3,True,Room,"La Veranda was very clean, provided everything needed (even a bottle of water in the room!), and was flexible with our schedule.",Positive,
284,3,True,Staff,The staff was excellent.,Positive,
284,3,True,Staff,kindly told us about,Positive,
284,3,True,Location,quite close to the hotel,Positive,
285,1,True,Room,It takes too long hot water to reach tap/shower in the room,Negative,
285,1,True,Facility,Clean and nice place,Positive,
285,2,True,Room,It takes too long hot water to reach tap/shower in the room,Negative,
285,2,True,Facility,Clean and nice place,Positive,
285,3,True,Room,It takes too long hot water to reach tap/shower in the room,Negative,
285,3,True,Facility,Clean and nice place,Positive,
286,1,True,Location,Very convenient location for arriving at the airport.,Positive,
286,2,True,Location,Very convenient location for arriving at the airport.,Positive,
286,3,True,Location,Very convenient location for arriving at the airport.,Positive,
287,1,False,Room,"Very clean, nice bed and linen.",Positive,
287,1,False,Price,Good value.,Positive,
287,1,False,Smell,Some smell from bathroom/water.,Negative,
287,2,False,Room,"Very clean, nice bed and linen.",Positive,
287,2,False,Price,Good value.,Positive,
287,2,False,Smell,Some smell from bathroom/water.,Negative,
287,3,False,Room,"Very clean, nice bed and linen.",Positive,
287,3,False,Price,Good value.,Positive,
287,3,False,Smell,Some smell from bathroom/water.,Negative,
288,1,False,Staff,Staff was friendly and helpful.,Positive,
288,1,False,Location,Boutique hotel in the quiet area.,Positive,
288,1,False,Location,Only few kilometers from the airport but quite distant from the city center.,Positive,
288,1,False,Location,On the other hand - close to salt lake to have opportunity to watch flamings.,Positive,
288,1,False,Food,"Good, tasty breakfast.",Positive,
288,2,False,Staff,Staff was friendly and helpful.,Positive,
288,2,False,Location,Boutique hotel in the quiet area.,Positive,
288,2,False,Location,Only few kilometers from the airport but quite distant from the city center.,Positive,
288,2,False,Location,On the other hand - close to salt lake to have opportunity to watch flamings.,Positive,
288,2,False,Food,"Good, tasty breakfast.",Positive,
288,3,False,Staff,Staff was friendly and helpful.,Positive,
288,3,False,Location,Boutique hotel in the quiet area.,Positive,
288,3,False,Location,Only few kilometers from the airport but quite distant from the city center.,Positive,
288,3,False,Location,On the other hand - close to salt lake to have opportunity to watch flamings.,Positive,
288,3,False,Food,"Good, tasty breakfast.",Positive,
289,1,True,Room,The room does not maintain well noise insulation.,Negative,
289,1,True,Location,Close to airport and Makenzie beach area.,Positive,
289,1,True,Price,Taxi fare to airport around 15-18 euro.,Positive,
289,2,True,Room,The room does not maintain well noise insulation.,Negative,
289,2,True,Location,Close to airport and Makenzie beach area.,Positive,
289,2,True,Price,Taxi fare to airport around 15-18 euro.,Positive,
289,3,True,Room,The room does not maintain well noise insulation.,Negative,
289,3,True,Location,Close to airport and Makenzie beach area.,Positive,
289,3,True,Price,Taxi fare to airport around 15-18 euro.,Positive,
290,1,False,Room,The room was excellent value for money,Positive,
290,1,False,Staff,Staff were happy to go above and beyond to help me with Covid restrictions for the airport,Positive,
290,1,False,Staff,I had a couple of issues that would have made it hard for me to travel had it not been for the staff,Positive,
290,1,False,Location,The location was excellent value for money,Positive,
290,1,False,Food,The breakfast was good,Positive,
290,1,False,Price,I was upgraded a room free of charge,Positive,
290,1,False,Facility,Lovely balcony view of the ocean,Positive,
290,2,False,Room,The room was excellent value for money,Positive,
290,2,False,Staff,Staff were happy to go above and beyond to help me with Covid restrictions for the airport,Positive,
290,2,False,Staff,I had a couple of issues that would have made it hard for me to travel had it not been for the staff,Positive,
290,2,False,Location,The location was excellent value for money,Positive,
290,2,False,Food,The breakfast was good,Positive,
290,2,False,Price,I was upgraded a room free of charge,Positive,
290,2,False,Facility,Lovely balcony view of the ocean,Positive,
290,3,False,Room,The room was excellent value for money,Positive,
290,3,False,Staff,Staff were happy to go above and beyond to help me with Covid restrictions for the airport,Positive,
290,3,False,Staff,I had a couple of issues that would have made it hard for me to travel had it not been for the staff,Positive,
290,3,False,Location,The location was excellent value for money,Positive,
290,3,False,Food,The breakfast was good,Positive,
290,3,False,Price,I was upgraded a room free of charge,Positive,
290,3,False,Facility,Lovely balcony view of the ocean,Positive,
291,1,True,Staff,Friendly staff,Positive,
291,1,True,Location,Close to the airport,Positive,
291,2,True,Staff,Friendly staff,Positive,
291,2,True,Location,Close to the airport,Positive,
291,3,True,Staff,Friendly staff,Positive,
291,3,True,Location,Close to the airport,Positive,
292,1,False,Location,Good location for airport,Positive,
292,1,False,Smart TV,The Smart television did not work,Negative,
292,2,False,Location,Good location for airport,Positive,
292,2,False,Smart TV,The Smart television did not work,Negative,
292,3,False,Location,Good location for airport,Positive,
292,3,False,Smart TV,The Smart television did not work,Negative,
293,1,True,Staff,"Very pleasant, helpful and friendly staff.",Positive,
293,2,True,Staff,"Very pleasant, helpful and friendly staff.",Positive,
293,3,True,Staff,"Very pleasant, helpful and friendly staff.",Positive,
294,1,True,(no topics found),,,
294,2,True,(no topics found),,,
294,3,True,(no topics found),,,
295,1,False,Room,comfortable rooms,Positive,
295,1,False,Location,20 minutes away from the centre but located in a quiet area,Positive,
295,1,False,Staff,polite and helpful,Positive,
295,1,False,Food,tasty breakfasts,Positive,
295,1,False,Facility,new and well furnished hotel,Positive,
295,1,False,Service,cleaned every day,Positive,
295,1,False,Off,No such thing,Negative,
295,2,False,Room,comfortable rooms,Positive,
295,2,False,Location,20 minutes away from the centre but located in a quiet area,Positive,
295,2,False,Staff,polite and helpful,Positive,
295,2,False,Food,tasty breakfasts,Positive,
295,2,False,Facility,new and well furnished hotel,Positive,
295,2,False,Service,cleaned every day,Positive,
295,2,False,Off,No such thing,Negative,
295,3,False,Room,comfortable rooms,Positive,
295,3,False,Location,20 minutes away from the centre but located in a quiet area,Positive,
295,3,False,Staff,polite and helpful,Positive,
295,3,False,Food,tasty breakfasts,Positive,
295,3,False,Facility,new and well furnished hotel,Positive,
295,3,False,Service,cleaned every day,Positive,
295,3,False,Off,No such thing,Negative,
296,1,True,(no topics found),,,
296,2,True,(no topics found),,,
296,3,True,(no topics found),,,
297,1,True,Room,recently refurbished and very clean!,Positive,
297,2,True,Room,recently refurbished and very clean!,Positive,
297,3,True,Room,recently refurbished and very clean!,Positive,
298,1,True,Room,room is spacious and clean,Positive,
298,1,True,Staff,stuff were super nice!,Positive,
298,1,True,Location,location is good,Positive,
298,1,True,Location,close enough to the hotel,Positive,
298,2,True,Room,room is spacious and clean,Positive,
298,2,True,Staff,stuff were super nice!,Positive,
298,2,True,Location,location is good,Positive,
298,2,True,Location,close enough to the hotel,Positive,
298,3,True,Room,room is spacious and clean,Positive,
298,3,True,Staff,stuff were super nice!,Positive,
298,3,True,Location,location is good,Positive,
298,3,True,Location,close enough to the hotel,Positive,
299,1,False,Room,"The room was just as in the pictures; newly renovated, fully functional and most importantly comfortable and clean.",Positive,
299,1,False,Staff,The staff was very welcoming and friendly,Positive,
299,1,False,Location,"The hotel's location is convenient. Very easy to catch public transportations, many café around and close to the center",Positive,
299,2,False,Room,"The room was just as in the pictures; newly renovated, fully functional and most importantly comfortable and clean.",Positive,
299,2,False,Staff,The staff was very welcoming and friendly,Positive,
299,2,False,Location,"The hotel's location is convenient. Very easy to catch public transportations, many café around and close to the center",Positive,
299,3,False,Room,"The room was just as in the pictures; newly renovated, fully functional and most importantly comfortable and clean.",Positive,
299,3,False,Staff,The staff was very welcoming and friendly,Positive,
299,3,False,Location,"The hotel's location is convenient. Very easy to catch public transportations, many café around and close to the center",Positive,
300,1,True,Room,The room was very clean and spacious.,Positive,
300,1,True,Staff,"The staff was so helpful, friendly and welcoming.",Positive,
300,1,True,Location,"Great location very close to the airport, 1 minute walk to the bus station, beach and restaurants.",Positive,
300,1,True,Food,"The mini bar was rich and very well priced, even breakfast was presentable and tasty!",Positive,
300,2,True,Room,The room was very clean and spacious.,Positive,
300,2,True,Staff,"The staff was so helpful, friendly and welcoming.",Positive,
300,2,True,Location,"Great location very close to the airport, 1 minute walk to the bus station, beach and restaurants.",Positive,
300,2,True,Food,"The mini bar was rich and very well priced, even breakfast was presentable and tasty!",Positive,
300,3,True,Room,The room was very clean and spacious.,Positive,
300,3,True,Staff,"The staff was so helpful, friendly and welcoming.",Positive,
300,3,True,Location,"Great location very close to the airport, 1 minute walk to the bus station, beach and restaurants.",Positive,
300,3,True,Food,"The mini bar was rich and very well priced, even breakfast was presentable and tasty!",Positive,
301,1,True,Staff,Staff make you feel at home.,Positive,
301,1,True,Location,Quiet area.,Positive,
301,2,True,Staff,Staff make you feel at home.,Positive,
301,2,True,Location,Quiet area.,Positive,
301,3,True,Staff,Staff make you feel at home.,Positive,
301,3,True,Location,Quiet area.,Positive,
302,1,True,(no topics found),,,
302,2,True,(no topics found),,,
302,3,True,(no topics found),,,
303,1,True,Room,"I managed to remote work from the room and balcony, that was pleasant.",Positive,
303,1,True,Staff,"Very welcoming couple, helpful, and happy to help for any situation or question.",Positive,
303,1,True,Location,"I managed to remote work from the room and balcony, that was pleasant.",Positive,
303,2,True,Room,"I managed to remote work from the room and balcony, that was pleasant.",Positive,
303,2,True,Staff,"Very welcoming couple, helpful, and happy to help for any situation or question.",Positive,
303,2,True,Location,"I managed to remote work from the room and balcony, that was pleasant.",Positive,
303,3,True,Room,"I managed to remote work from the room and balcony, that was pleasant.",Positive,
303,3,True,Staff,"Very welcoming couple, helpful, and happy to help for any situation or question.",Positive,
303,3,True,Location,"I managed to remote work from the room and balcony, that was pleasant.",Positive,
304,1,False,Room,"What i liked most about the hotel is the room, bed sheets and toilet are super clean. Bed is very comfortable.",Positive,
304,1,False,Location,"The city is nice, a lot of restaurants, bars and shops in the area. And of course lots and lots of beach shores to relax at, one of which you can get on foot for less than 5 minutes.",Positive,
304,1,False,Staff,"The staff was nice, they gave me recommendations on what places to visit and how to roam around.",Positive,
304,1,False,Weather,The weather was a bit cold.,Negative,
304,2,False,Room,"What i liked most about the hotel is the room, bed sheets and toilet are super clean. Bed is very comfortable.",Positive,
304,2,False,Location,"The city is nice, a lot of restaurants, bars and shops in the area. And of course lots and lots of beach shores to relax at, one of which you can get on foot for less than 5 minutes.",Positive,
304,2,False,Staff,"The staff was nice, they gave me recommendations on what places to visit and how to roam around.",Positive,
304,2,False,Weather,The weather was a bit cold.,Negative,
304,3,False,Room,"What i liked most about the hotel is the room, bed sheets and toilet are super clean. Bed is very comfortable.",Positive,
304,3,False,Location,"The city is nice, a lot of restaurants, bars and shops in the area. And of course lots and lots of beach shores to relax at, one of which you can get on foot for less than 5 minutes.",Positive,
304,3,False,Staff,"The staff was nice, they gave me recommendations on what places to visit and how to roam around.",Positive,
304,3,False,Weather,The weather was a bit cold.,Negative,
305,1,False,Staff,They have been so accommodating and easy to deal with and have gone above and beyond to help us out.,Positive,
305,1,False,Staff,Richard was amazing and whipped up an excellent pizza even though they were long since closed.,Positive,
305,1,False,Food,Richard was amazing and whipped up an excellent pizza even though they were long since closed.,Positive,
305,2,False,Staff,They have been so accommodating and easy to deal with and have gone above and beyond to help us out.,Positive,
305,2,False,Staff,Richard was amazing and whipped up an excellent pizza even though they were long since closed.,Positive,
305,2,False,Food,Richard was amazing and whipped up an excellent pizza even though they were long since closed.,Positive,
305,3,False,Staff,They have been so accommodating and easy to deal with and have gone above and beyond to help us out.,Positive,
305,3,False,Staff,Richard was amazing and whipped up an excellent pizza even though they were long since closed.,Positive,
305,3,False,Food,Richard was amazing and whipped up an excellent pizza even though they were long since closed.,Positive,
306,1,True,(no topics found),,,
306,2,True,(no topics found),,,
306,3,True,(no topics found),,,
307,1,False,Facility,"The modern, nice hotel",Positive,
307,1,False,Taxi,The hotel arranged a taxi to the airport for 15 €,Positive,
307,2,False,Facility,"The modern, nice hotel",Positive,
307,2,False,Taxi,The hotel arranged a taxi to the airport for 15 €,Positive,
307,3,False,Facility,"The modern, nice hotel",Positive,
307,3,False,Taxi,The hotel arranged a taxi to the airport for 15 €,Positive,
308,1,True,Staff,Wonderful people on reception and in the restaurant :) always smiling and glad to help,Positive,
308,2,True,Staff,Wonderful people on reception and in the restaurant :) always smiling and glad to help,Positive,
308,3,True,Staff,Wonderful people on reception and in the restaurant :) always smiling and glad to help,Positive,
309,1,False,Staff,The management/husband and wife/ were fantastic as were all the staff!,Positive,
309,2,False,Staff,The management/husband and wife/ were fantastic as were all the staff!,Positive,
309,3,False,Staff,The management/husband and wife/ were fantastic as were all the staff!,Positive,
310,1,True,Location,close proximity to Larnaca airport,Positive,
310,1,True,Location,close to Mckenzie beach with lots of restaurants for dinner,Positive,
310,1,True,Food,breakfasts were nice,Positive,
310,1,True,Check-out,hotel allowed us to check out later prior to our flight,Positive,
310,2,True,Location,close proximity to Larnaca airport,Positive,
310,2,True,Location,close to Mckenzie beach with lots of restaurants for dinner,Positive,
310,2,True,Food,breakfasts were nice,Positive,
310,2,True,Check-out,hotel allowed us to check out later prior to our flight,Positive,
310,3,True,Location,close proximity to Larnaca airport,Positive,
310,3,True,Location,close to Mckenzie beach with lots of restaurants for dinner,Positive,
310,3,True,Food,breakfasts were nice,Positive,
310,3,True,Check-out,hotel allowed us to check out later prior to our flight,Positive,
311,1,True,Room,Very clean,Positive,
311,1,True,Room,Nice freshly decorated rooms,Positive,
311,1,True,Staff,staff very welcoming and helpful,Positive,
311,1,True,Facility,Pet friendly hotel,Positive,
311,2,True,Room,Very clean,Positive,
311,2,True,Room,Nice freshly decorated rooms,Positive,
311,2,True,Staff,staff very welcoming and helpful,Positive,
311,2,True,Facility,Pet friendly hotel,Positive,
311,3,True,Room,Very clean,Positive,
311,3,True,Room,Nice freshly decorated rooms,Positive,
311,3,True,Staff,staff very welcoming and helpful,Positive,
311,3,True,Facility,Pet friendly hotel,Positive,
312,1,False,Staff,the staff. incredibly kind and helpful staff,Positive,
312,1,False,Food,food was delicious,Positive,
312,1,False,Location,the airport is very close,Positive,
312,1,False,Location,the beach is a five minute walk away,Positive,
312,1,False,Facility,the pool is tiny,Negative,
312,1,False,Facility,the bathrooms can smell like bad plumbing,Negative,
312,1,False,Cleanliness,the place was very clean,Positive,
312,1,False,Service,very flexible,Positive,
312,2,False,Staff,the staff. incredibly kind and helpful staff,Positive,
312,2,False,Food,food was delicious,Positive,
312,2,False,Location,the airport is very close,Positive,
312,2,False,Location,the beach is a five minute walk away,Positive,
312,2,False,Facility,the pool is tiny,Negative,
312,2,False,Facility,the bathrooms can smell like bad plumbing,Negative,
312,2,False,Cleanliness,the place was very clean,Positive,
312,2,False,Service,very flexible,Positive,
312,3,False,Staff,the staff. incredibly kind and helpful staff,Positive,
312,3,False,Food,food was delicious,Positive,
312,3,False,Location,the airport is very close,Positive,
312,3,False,Location,the beach is a five minute walk away,Positive,
312,3,False,Facility,the pool is tiny,Negative,
312,3,False,Facility,the bathrooms can smell like bad plumbing,Negative,
312,3,False,Cleanliness,the place was very clean,Positive,
312,3,False,Service,very flexible,Positive,
313,1,True,Staff,Super friendly staff.,Positive,
313,1,True,Facility,Nicely renovated and clean hotel.,Positive,
313,1,True,Location,Quiet street with sufficient parking facilities.,Positive,
313,1,True,Price,Fantastic value for money.,Positive,
313,2,True,Staff,Super friendly staff.,Positive,
313,2,True,Facility,Nicely renovated and clean hotel.,Positive,
313,2,True,Location,Quiet street with sufficient parking facilities.,Positive,
313,2,True,Price,Fantastic value for money.,Positive,
313,3,True,Staff,Super friendly staff.,Positive,
313,3,True,Facility,Nicely renovated and clean hotel.,Positive,
313,3,True,Location,Quiet street with sufficient parking facilities.,Positive,
313,3,True,Price,Fantastic value for money.,Positive,
314,1,True,Room,fresh just renovated,Positive,
314,1,True,Location,in 5 minutes from airport,Positive,
314,1,True,Facility,good wifi,Positive,
314,1,True,Check-in,super fast checkin,Positive,
314,1,True,Check-out,super fast checkin/checkout,Positive,
314,2,False,Room,fresh just renovated,Positive,
314,2,False,Facility,good wifi,Positive,
314,2,False,Location,in 5 minutes from airport,Positive,
314,2,False,Check-in,super fast checkin/checkout,Positive,
314,3,False,Room,fresh just renovated,Positive,
314,3,False,Facility,good wifi,Positive,
314,3,False,Location,in 5 minutes from airport,Positive,
314,3,False,Check-in,super fast checkin/checkout,Positive,
315,1,True,Staff,it’s was exceptionally clean and staff all very friendly,Positive,
315,2,True,Staff,it’s was exceptionally clean and staff all very friendly,Positive,
315,3,True,Staff,it’s was exceptionally clean and staff all very friendly,Positive,
316,1,True,Room,A nice addition to the very clean and tidy room is Netflix.,Positive,
316,1,True,Location,Perfect location to McKenzie Beach and only a 30 minute walk to the central marina.,Positive,
316,1,True,Staff,Everyone was very accommodating and welcoming.,Positive,
316,2,True,Room,A nice addition to the very clean and tidy room is Netflix.,Positive,
316,2,True,Location,Perfect location to McKenzie Beach and only a 30 minute walk to the central marina.,Positive,
316,2,True,Staff,Everyone was very accommodating and welcoming.,Positive,
316,3,True,Room,A nice addition to the very clean and tidy room is Netflix.,Positive,
316,3,True,Location,Perfect location to McKenzie Beach and only a 30 minute walk to the central marina.,Positive,
316,3,True,Staff,Everyone was very accommodating and welcoming.,Positive,
317,1,True,(no topics found),,,
317,2,True,(no topics found),,,
317,3,True,(no topics found),,,
318,1,False,Room,"Our room was a family suite (for 4 people), so could do with one more double hook in bathroom for towels.",Negative,
318,1,False,Staff,Staff were very friendly and extremely helpful.,Positive,
318,1,False,Location,In a quiet area 10 minutes from Larnaca airport. Only 6 minutes walk down to the beach & restaurants.,Positive,
318,1,False,Facility,"Refurbishment not totally complete, safety box wasn’t working.",Negative,
318,2,False,Room,"Our room was a family suite (for 4 people), so could do with one more double hook in bathroom for towels.",Negative,
318,2,False,Staff,Staff were very friendly and extremely helpful.,Positive,
318,2,False,Location,In a quiet area 10 minutes from Larnaca airport. Only 6 minutes walk down to the beach & restaurants.,Positive,
318,2,False,Facility,"Refurbishment not totally complete, safety box wasn’t working.",Negative,
318,3,False,Room,"Our room was a family suite (for 4 people), so could do with one more double hook in bathroom for towels.",Negative,
318,3,False,Staff,Staff were very friendly and extremely helpful.,Positive,
318,3,False,Location,In a quiet area 10 minutes from Larnaca airport. Only 6 minutes walk down to the beach & restaurants.,Positive,
318,3,False,Facility,"Refurbishment not totally complete, safety box wasn’t working.",Negative,
319,1,True,Room,"The room was very clean, a bit small though, but the bathroom was spacious and the bed was comfortable.",Positive,
319,1,True,Staff,"The receptionist was waiting for me to arrive, even though it was after the usual open hours.",Positive,
319,1,True,Facility,"The room was very clean, a bit small though, but the bathroom was spacious and the bed was comfortable.",Positive,
319,2,True,Room,"The room was very clean, a bit small though, but the bathroom was spacious and the bed was comfortable.",Positive,
319,2,True,Staff,"The receptionist was waiting for me to arrive, even though it was after the usual open hours.",Positive,
319,2,True,Facility,"The room was very clean, a bit small though, but the bathroom was spacious and the bed was comfortable.",Positive,
319,3,True,Room,"The room was very clean, a bit small though, but the bathroom was spacious and the bed was comfortable.",Positive,
319,3,True,Staff,"The receptionist was waiting for me to arrive, even though it was after the usual open hours.",Positive,
319,3,True,Facility,"The room was very clean, a bit small though, but the bathroom was spacious and the bed was comfortable.",Positive,
320,1,True,Location,location,Positive,
320,1,True,Room,room,Positive,
320,2,True,Location,location,Positive,
320,2,True,Room,room,Positive,
320,3,True,Location,location,Positive,
320,3,True,Room,room,Positive,
321,1,True,(no topics found),,,
321,2,True,(no topics found),,,
321,3,True,(no topics found),,,
322,1,True,Room,"We got there early, around 10 am and they had our room ready.",Positive,
322,1,True,Location,"The place was clean, spacious and really nice.",Positive,
322,1,True,Location,It was a pleasant walk to the sea but there was not much else to do close by.,Positive,
322,2,True,Room,"We got there early, around 10 am and they had our room ready.",Positive,
322,2,True,Location,"The place was clean, spacious and really nice.",Positive,
322,2,True,Location,It was a pleasant walk to the sea but there was not much else to do close by.,Positive,
322,3,True,Room,"We got there early, around 10 am and they had our room ready.",Positive,
322,3,True,Location,"The place was clean, spacious and really nice.",Positive,
322,3,True,Location,It was a pleasant walk to the sea but there was not much else to do close by.,Positive,
323,1,True,Room,"The rooms are a bit small, but they have nice amenities (fridge, coffee making, AC, nice balcony) and are spotless and comfortable.",Positive,
323,1,True,Staff,The staff is nice and it's very welcoming.,Positive,
323,1,True,Location,I stayed in this hotel (twice) because of the location to the airport.,Positive,
323,1,True,Location,It is a 10 minute walk to Makenzie Beach and those restaurants,Positive,
323,1,True,Facility,"The rooms are a bit small, but they have nice amenities (fridge, coffee making, AC, nice balcony) and are spotless and comfortable.",Positive,
323,2,True,Room,"The rooms are a bit small, but they have nice amenities (fridge, coffee making, AC, nice balcony) and are spotless and comfortable.",Positive,
323,2,True,Staff,The staff is nice and it's very welcoming.,Positive,
323,2,True,Location,I stayed in this hotel (twice) because of the location to the airport.,Positive,
323,2,True,Location,It is a 10 minute walk to Makenzie Beach and those restaurants,Positive,
323,2,True,Facility,"The rooms are a bit small, but they have nice amenities (fridge, coffee making, AC, nice balcony) and are spotless and comfortable.",Positive,
323,3,True,Room,"The rooms are a bit small, but they have nice amenities (fridge, coffee making, AC, nice balcony) and are spotless and comfortable.",Positive,
323,3,True,Staff,The staff is nice and it's very welcoming.,Positive,
323,3,True,Location,I stayed in this hotel (twice) because of the location to the airport.,Positive,
323,3,True,Location,It is a 10 minute walk to Makenzie Beach and those restaurants,Positive,
323,3,True,Facility,"The rooms are a bit small, but they have nice amenities (fridge, coffee making, AC, nice balcony) and are spotless and comfortable.",Positive,
324,1,True,Room,"Room was excellent, very clean and everything seems fairly new.",Positive,
324,1,True,Staff,Staff was very helpful.,Positive,
324,1,True,Location,"Location is also very good if you have a morning flight, airport is a 7 min drive away.",Positive,
324,2,True,Room,"Room was excellent, very clean and everything seems fairly new.",Positive,
324,2,True,Staff,Staff was very helpful.,Positive,
324,2,True,Location,"Location is also very good if you have a morning flight, airport is a 7 min drive away.",Positive,
324,3,True,Room,"Room was excellent, very clean and everything seems fairly new.",Positive,
324,3,True,Staff,Staff was very helpful.,Positive,
324,3,True,Location,"Location is also very good if you have a morning flight, airport is a 7 min drive away.",Positive,
325,1,True,Room,clean and fresh rooms,Positive,
325,1,True,Staff,good hosts,Positive,
325,1,True,Location,not far from the airport,Positive,
325,1,True,Location,5 min walk to the beach,Positive,
325,2,True,Room,clean and fresh rooms,Positive,
325,2,True,Staff,good hosts,Positive,
325,2,True,Location,not far from the airport,Positive,
325,2,True,Location,5 min walk to the beach,Positive,
325,3,True,Room,clean and fresh rooms,Positive,
325,3,True,Staff,good hosts,Positive,
325,3,True,Location,not far from the airport,Positive,
325,3,True,Location,5 min walk to the beach,Positive,
326,1,True,Room,Clean and freshly renovated room,Positive,
326,2,True,Room,Clean and freshly renovated room,Positive,
326,3,True,Room,Clean and freshly renovated room,Positive,
327,1,True,Staff,The host of the Hotel was so kind and helpful. Always a smile on his face with great energy and amazing hospitality,Positive,
327,1,True,Location,It’s location was ideal for the purpose of our stay because it’s close to the Larnaca AirPort,Positive,
327,2,True,Staff,The host of the Hotel was so kind and helpful. Always a smile on his face with great energy and amazing hospitality,Positive,
327,2,True,Location,It’s location was ideal for the purpose of our stay because it’s close to the Larnaca AirPort,Positive,
327,3,True,Staff,The host of the Hotel was so kind and helpful. Always a smile on his face with great energy and amazing hospitality,Positive,
327,3,True,Location,It’s location was ideal for the purpose of our stay because it’s close to the Larnaca AirPort,Positive,
328,1,False,Room,The room was a bit cramped.,Negative,
328,1,False,Room,"The room was a bit cramped, but we could fit.",Negative,
328,1,False,Room,"The room was a bit cramped, but we could fit. It may have been a unique case, but a rather disturbing odor of sewage came out of the drains.",Negative,
328,1,False,Room,"The bed was comfortable, spacious bathroom.",Positive,
328,1,False,Location,The beach is very close.,Positive,
328,1,False,Location,The bus to the airport is only 50 meters away.,Positive,
328,1,False,Cleanliness,Everything was very clean.,Positive,
328,2,False,Room,The room was a bit cramped.,Negative,
328,2,False,Room,"The room was a bit cramped, but we could fit.",Negative,
328,2,False,Room,"The room was a bit cramped, but we could fit. It may have been a unique case, but a rather disturbing odor of sewage came out of the drains.",Negative,
328,2,False,Room,"The bed was comfortable, spacious bathroom.",Positive,
328,2,False,Location,The beach is very close.,Positive,
328,2,False,Location,The bus to the airport is only 50 meters away.,Positive,
328,2,False,Cleanliness,Everything was very clean.,Positive,
328,3,False,Room,The room was a bit cramped.,Negative,
328,3,False,Room,"The room was a bit cramped, but we could fit.",Negative,
328,3,False,Room,"The room was a bit cramped, but we could fit. It may have been a unique case, but a rather disturbing odor of sewage came out of the drains.",Negative,
328,3,False,Room,"The bed was comfortable, spacious bathroom.",Positive,
328,3,False,Location,The beach is very close.,Positive,
328,3,False,Location,The bus to the airport is only 50 meters away.,Positive,
328,3,False,Cleanliness,Everything was very clean.,Positive,
329,1,True,(no topics found),,,
329,2,True,(no topics found),,,
329,3,True,(no topics found),,,
330,1,False,Staff,The staff was exceptional. They were really customer-centric and kind.,Positive,
330,1,False,Food,The breakfast was really delicious too,Positive,
330,2,False,Staff,The staff was exceptional. They were really customer-centric and kind.,Positive,
330,2,False,Food,The breakfast was really delicious too,Positive,
330,3,False,Staff,The staff was exceptional. They were really customer-centric and kind.,Positive,
330,3,False,Food,The breakfast was really delicious too,Positive,
331,1,True,(no topics found),,,
331,2,True,(no topics found),,,
331,3,True,(no topics found),,,
332,1,False,Room,The room was really clean and the bed was comfortable.,Positive,
332,1,False,Staff,The staff was super nice!,Positive,
332,1,False,Facility,The wifi in the room wasn't great.,Negative,
332,1,False,Location,Cafe Nero 10 minutes away,Positive,
332,1,False,Taxi,We needed a taxi for the airport and they've helped us book it for a really good price,Positive,
332,2,False,Room,The room was really clean and the bed was comfortable.,Positive,
332,2,False,Staff,The staff was super nice!,Positive,
332,2,False,Facility,The wifi in the room wasn't great.,Negative,
332,2,False,Location,Cafe Nero 10 minutes away,Positive,
332,2,False,Taxi,We needed a taxi for the airport and they've helped us book it for a really good price,Positive,
332,3,False,Room,The room was really clean and the bed was comfortable.,Positive,
332,3,False,Staff,The staff was super nice!,Positive,
332,3,False,Facility,The wifi in the room wasn't great.,Negative,
332,3,False,Location,Cafe Nero 10 minutes away,Positive,
332,3,False,Taxi,We needed a taxi for the airport and they've helped us book it for a really good price,Positive,
333,1,True,Room,Size of room was a bit small,Negative,
333,1,True,Food,Breakfast was exceptional,Positive,
333,2,True,Room,Size of room was a bit small,Negative,
333,2,True,Food,Breakfast was exceptional,Positive,
333,3,True,Room,Size of room was a bit small,Negative,
333,3,True,Food,Breakfast was exceptional,Positive,
334,1,False,Staff,Absolutely clean and friendly staff.,Positive,
334,1,False,Staff,Staff and owners very friendly and helpful.,Positive,
334,1,False,Location,Location is great.,Positive,
334,2,False,Staff,Absolutely clean and friendly staff.,Positive,
334,2,False,Staff,Staff and owners very friendly and helpful.,Positive,
334,2,False,Location,Location is great.,Positive,
334,3,False,Staff,Absolutely clean and friendly staff.,Positive,
334,3,False,Staff,Staff and owners very friendly and helpful.,Positive,
334,3,False,Location,Location is great.,Positive,
335,1,True,Room,"A modern, clean, friendly and all you need for a great Holiday.",Positive,
335,2,True,Room,"A modern, clean, friendly and all you need for a great Holiday.",Positive,
335,3,True,Room,"A modern, clean, friendly and all you need for a great Holiday.",Positive,
336,1,False,Room,Tastefully decorated room and super comfy bed.,Positive,
336,1,False,Staff,Exceptionally friendly and helpful.,Positive,
336,1,False,Food,Dinner and breakfast were freshly made and very tasty.,Positive,
336,2,False,Room,Tastefully decorated room and super comfy bed.,Positive,
336,2,False,Staff,Exceptionally friendly and helpful.,Positive,
336,2,False,Food,Dinner and breakfast were freshly made and very tasty.,Positive,
336,3,False,Room,Tastefully decorated room and super comfy bed.,Positive,
336,3,False,Staff,Exceptionally friendly and helpful.,Positive,
336,3,False,Food,Dinner and breakfast were freshly made and very tasty.,Positive,
337,1,True,(no topics found),,,
337,2,True,(no topics found),,,
337,3,True,(no topics found),,,
338,1,True,Room,The family running this hotel are very friendly and welcoming!,Positive,
338,1,True,Room,The building and the hotel are brand new.,Positive,
338,1,True,Room,Spotlessly clean.,Positive,
338,1,True,Staff,The family running this hotel are very friendly and welcoming!,Positive,
338,1,True,Location,"Walking distance to the beach, restaurants and shops.",Positive,
338,1,True,Price,Value for money.,Positive,
338,1,True,Facility,Fully stocked minibar with coffee and tea-making facilities.,Positive,
338,2,True,Room,The family running this hotel are very friendly and welcoming!,Positive,
338,2,True,Room,The building and the hotel are brand new.,Positive,
338,2,True,Room,Spotlessly clean.,Positive,
338,2,True,Staff,The family running this hotel are very friendly and welcoming!,Positive,
338,2,True,Location,"Walking distance to the beach, restaurants and shops.",Positive,
338,2,True,Price,Value for money.,Positive,
338,2,True,Facility,Fully stocked minibar with coffee and tea-making facilities.,Positive,
338,3,True,Room,The family running this hotel are very friendly and welcoming!,Positive,
338,3,True,Room,The building and the hotel are brand new.,Positive,
338,3,True,Room,Spotlessly clean.,Positive,
338,3,True,Staff,The family running this hotel are very friendly and welcoming!,Positive,
338,3,True,Location,"Walking distance to the beach, restaurants and shops.",Positive,
338,3,True,Price,Value for money.,Positive,
338,3,True,Facility,Fully stocked minibar with coffee and tea-making facilities.,Positive,
339,1,False,Room,"Clean rooms, cleaning every day",Positive,
339,1,False,Staff,Great staff and very pleasant hosts,Positive,
339,1,False,Facility,Strong wi-fi at any time,Positive,
339,1,False,Food,The owner is a very kind person and creative chef. I’ll miss his breakfasts.,Positive,
339,1,False,Location,No such thing,Negative,
339,2,False,Room,"Clean rooms, cleaning every day",Positive,
339,2,False,Staff,Great staff and very pleasant hosts,Positive,
339,2,False,Facility,Strong wi-fi at any time,Positive,
339,2,False,Food,The owner is a very kind person and creative chef. I’ll miss his breakfasts.,Positive,
339,2,False,Location,No such thing,Negative,
339,3,False,Room,"Clean rooms, cleaning every day",Positive,
339,3,False,Staff,Great staff and very pleasant hosts,Positive,
339,3,False,Facility,Strong wi-fi at any time,Positive,
339,3,False,Food,The owner is a very kind person and creative chef. I’ll miss his breakfasts.,Positive,
339,3,False,Location,No such thing,Negative,
340,1,False,Room,"the room was nice, with a big balcony.",Positive,
340,1,False,Price,Very good value for money,Positive,
340,1,False,Location,A bit farther away than most hotels so it's a bit of a trek to get to the busier beach and bars.,Negative,
340,1,False,Location,the area its in is good for water sports and is where the quieter beaches are.,Positive,
340,2,False,Room,"the room was nice, with a big balcony.",Positive,
340,2,False,Price,Very good value for money,Positive,
340,2,False,Location,A bit farther away than most hotels so it's a bit of a trek to get to the busier beach and bars.,Negative,
340,2,False,Location,the area its in is good for water sports and is where the quieter beaches are.,Positive,
340,3,False,Room,"the room was nice, with a big balcony.",Positive,
340,3,False,Price,Very good value for money,Positive,
340,3,False,Location,A bit farther away than most hotels so it's a bit of a trek to get to the busier beach and bars.,Negative,
340,3,False,Location,the area its in is good for water sports and is where the quieter beaches are.,Positive,
341,1,True,Location,location,Positive,
341,1,True,Facility,clean and modern,Positive,
341,2,True,Location,location,Positive,
341,2,True,Facility,clean and modern,Positive,
341,3,True,Location,location,Positive,
341,3,True,Facility,clean and modern,Positive,
342,1,True,Staff,Extremely friendly people work at La Veranda! they helped us in any possible way. thank you!,Positive,
342,2,True,Staff,Extremely friendly people work at La Veranda! they helped us in any possible way. thank you!,Positive,
342,3,True,Staff,Extremely friendly people work at La Veranda! they helped us in any possible way. thank you!,Positive,
343,1,False,Staff,"great friendly staff, very welcoming, the owner took me personally to our room, and gave me a prime parking spot. he introduced us to his daughter who was learning the trade and she was super nice and helpful. couldn't have been more pleased",Positive,
343,2,False,Staff,"great friendly staff, very welcoming, the owner took me personally to our room, and gave me a prime parking spot. he introduced us to his daughter who was learning the trade and she was super nice and helpful. couldn't have been more pleased",Positive,
343,3,False,Staff,"great friendly staff, very welcoming, the owner took me personally to our room, and gave me a prime parking spot. he introduced us to his daughter who was learning the trade and she was super nice and helpful. couldn't have been more pleased",Positive,
344,1,True,Room,rooms were comfortable snd very clean,Positive,
344,1,True,Staff,staff very good and helpful,Positive,
344,1,True,Location,Great location 5 min walk to beach,Positive,
344,1,True,Facility,amenities,Positive,
344,2,True,Room,rooms were comfortable snd very clean,Positive,
344,2,True,Staff,staff very good and helpful,Positive,
344,2,True,Location,Great location 5 min walk to beach,Positive,
344,2,True,Facility,amenities,Positive,
344,3,True,Room,rooms were comfortable snd very clean,Positive,
344,3,True,Staff,staff very good and helpful,Positive,
344,3,True,Location,Great location 5 min walk to beach,Positive,
344,3,True,Facility,amenities,Positive,
345,1,True,Facility,Very modern and clean,Positive,
345,2,True,Facility,Very modern and clean,Positive,
345,3,True,Facility,Very modern and clean,Positive,
346,1,False,Taxi-issue,Booked a taxi from the airport was a no show.,Negative,
346,1,False,Cleanliness,Clean and good communication.,Positive,
346,2,False,Taxi-issue,Booked a taxi from the airport was a no show.,Negative,
346,2,False,Cleanliness,Clean and good communication.,Positive,
346,3,False,Taxi-issue,Booked a taxi from the airport was a no show.,Negative,
346,3,False,Cleanliness,Clean and good communication.,Positive,
347,1,True,Room,Rooms were also exceptional in their cleanliness and although compact had everything that you might need for your stay.,Positive,
347,1,True,Staff,Exceptional staff who were so friendly and keen to please.,Positive,
347,1,True,Location,Also only 10 minutes walk from beach and loads of restaurants.,Positive,
347,2,True,Room,Rooms were also exceptional in their cleanliness and although compact had everything that you might need for your stay.,Positive,
347,2,True,Staff,Exceptional staff who were so friendly and keen to please.,Positive,
347,2,True,Location,Also only 10 minutes walk from beach and loads of restaurants.,Positive,
347,3,True,Room,Rooms were also exceptional in their cleanliness and although compact had everything that you might need for your stay.,Positive,
347,3,True,Staff,Exceptional staff who were so friendly and keen to please.,Positive,
347,3,True,Location,Also only 10 minutes walk from beach and loads of restaurants.,Positive,
348,1,False,Staff,Staff and owners were very welcoming,Positive,
348,1,False,Food,breakfast was a typical Cypriot one,Positive,
348,1,False,Aircraft-noise,aircraft noise,Negative,
348,2,False,Staff,Staff and owners were very welcoming,Positive,
348,2,False,Food,breakfast was a typical Cypriot one,Positive,
348,2,False,Aircraft-noise,aircraft noise,Negative,
348,3,False,Staff,Staff and owners were very welcoming,Positive,
348,3,False,Food,breakfast was a typical Cypriot one,Positive,
348,3,False,Aircraft-noise,aircraft noise,Negative,
349,1,True,Room,Clean rooms.,Positive,
349,1,True,Room,Comfortable bed.,Positive,
349,1,True,Staff,Very friendly and helpful staff.,Positive,
349,1,True,Location,Close to bus stop.,Positive,
349,1,True,Location,Pretty far from major tourist spots.,Negative,
349,2,True,Room,Clean rooms.,Positive,
349,2,True,Room,Comfortable bed.,Positive,
349,2,True,Staff,Very friendly and helpful staff.,Positive,
349,2,True,Location,Close to bus stop.,Positive,
349,2,True,Location,Pretty far from major tourist spots.,Negative,
349,3,True,Room,Clean rooms.,Positive,
349,3,True,Room,Comfortable bed.,Positive,
349,3,True,Staff,Very friendly and helpful staff.,Positive,
349,3,True,Location,Close to bus stop.,Positive,
349,3,True,Location,Pretty far from major tourist spots.,Negative,
350,1,False,Room,Lovely clean room,Positive,
350,1,False,Staff,Lovely helpful staff,Positive,
350,1,False,Location,6 mins drive from the airport,Positive,
350,1,False,Easy-access,Easy parking,Positive,
350,1,False,Comfort,Comfortable bed,Positive,
350,2,False,Room,Lovely clean room,Positive,
350,2,False,Staff,Lovely helpful staff,Positive,
350,2,False,Location,6 mins drive from the airport,Positive,
350,2,False,Easy-access,Easy parking,Positive,
350,2,False,Comfort,Comfortable bed,Positive,
350,3,False,Room,Lovely clean room,Positive,
350,3,False,Staff,Lovely helpful staff,Positive,
350,3,False,Location,6 mins drive from the airport,Positive,
350,3,False,Easy-access,Easy parking,Positive,
350,3,False,Comfort,Comfortable bed,Positive,
351,1,True,Room,"Clean, modern room, with comfy bed and great air conditioning.",Positive,
351,1,True,Location,Fab location Close to Mackenzie beach and bars.,Positive,
351,2,True,Room,"Clean, modern room, with comfy bed and great air conditioning.",Positive,
351,2,True,Location,Fab location Close to Mackenzie beach and bars.,Positive,
351,3,True,Room,"Clean, modern room, with comfy bed and great air conditioning.",Positive,
351,3,True,Location,Fab location Close to Mackenzie beach and bars.,Positive,
352,1,True,Room,"Super clean, good beds.",Positive,
352,2,True,Room,"Super clean, good beds.",Positive,
352,3,True,Room,"Super clean, good beds.",Positive,
353,1,False,Room,Very clean and comfy room with balcony,Positive,
353,1,False,Room,Simple clear contemporary decoration,Positive,
353,1,False,Staff,Friendly staff,Positive,
353,1,False,Location,Near the airport,Positive,
353,1,False,Food,Healthy breakfast,Positive,
353,1,False,WiFi,Weak WiFi,Negative,
353,1,False,Pool,Pool is very tiny,Negative,
353,1,False,Organisation,still needs to improve its organisation and collaboration,Negative,
353,1,False,Distance,Far from centre town,Negative,
353,2,False,Room,Very clean and comfy room with balcony,Positive,
353,2,False,Room,Simple clear contemporary decoration,Positive,
353,2,False,Staff,Friendly staff,Positive,
353,2,False,Location,Near the airport,Positive,
353,2,False,Food,Healthy breakfast,Positive,
353,2,False,WiFi,Weak WiFi,Negative,
353,2,False,Pool,Pool is very tiny,Negative,
353,2,False,Organisation,still needs to improve its organisation and collaboration,Negative,
353,2,False,Distance,Far from centre town,Negative,
353,3,False,Room,Very clean and comfy room with balcony,Positive,
353,3,False,Room,Simple clear contemporary decoration,Positive,
353,3,False,Staff,Friendly staff,Positive,
353,3,False,Location,Near the airport,Positive,
353,3,False,Food,Healthy breakfast,Positive,
353,3,False,WiFi,Weak WiFi,Negative,
353,3,False,Pool,Pool is very tiny,Negative,
353,3,False,Organisation,still needs to improve its organisation and collaboration,Negative,
353,3,False,Distance,Far from centre town,Negative,
354,1,True,Staff,Very nice staff,Positive,
354,2,True,Staff,Very nice staff,Positive,
354,3,True,Staff,Very nice staff,Positive,
355,1,False,Location,There is a beach strip nearby with various restaurants for every taste,Positive,
355,1,False,Location,we walked there,Positive,
355,1,False,Location,and a dinner in another,Positive,
355,1,False,Food,Breakfast in the hotel was great,Positive,
355,1,False,Off,Nothing to complain about,,
355,2,False,Location,There is a beach strip nearby with various restaurants for every taste,Positive,
355,2,False,Location,we walked there,Positive,
355,2,False,Location,and a dinner in another,Positive,
355,2,False,Food,Breakfast in the hotel was great,Positive,
355,2,False,Off,Nothing to complain about,,
355,3,False,Location,There is a beach strip nearby with various restaurants for every taste,Positive,
355,3,False,Location,we walked there,Positive,
355,3,False,Location,and a dinner in another,Positive,
355,3,False,Food,Breakfast in the hotel was great,Positive,
355,3,False,Off,Nothing to complain about,,
356,1,False,Staff,"The staff at the hotel were friendly, polite and nothing was too much for them.",Positive,
356,1,False,Staff,Always willing to help in anyway which made our stay enjoyable.,Positive,
356,1,False,Facility,Extremely clean too.,Positive,
356,1,False,Communication,The communication prior to arriving was brilliant.,Positive,
356,2,False,Staff,"The staff at the hotel were friendly, polite and nothing was too much for them.",Positive,
356,2,False,Staff,Always willing to help in anyway which made our stay enjoyable.,Positive,
356,2,False,Facility,Extremely clean too.,Positive,
356,2,False,Communication,The communication prior to arriving was brilliant.,Positive,
356,3,False,Staff,"The staff at the hotel were friendly, polite and nothing was too much for them.",Positive,
356,3,False,Staff,Always willing to help in anyway which made our stay enjoyable.,Positive,
356,3,False,Facility,Extremely clean too.,Positive,
356,3,False,Communication,The communication prior to arriving was brilliant.,Positive,
357,1,True,Room,hotel is comfortable and clean,Positive,
357,1,True,Staff,Staff is friendly,Positive,
357,2,True,Room,hotel is comfortable and clean,Positive,
357,2,True,Staff,Staff is friendly,Positive,
357,3,True,Room,hotel is comfortable and clean,Positive,
357,3,True,Staff,Staff is friendly,Positive,
358,1,True,Location,Location close to airport,Positive,
358,2,True,Location,Location close to airport,Positive,
358,3,True,Location,Location close to airport,Positive,
359,1,True,Location,Good location and nice atmosphere,Positive,
359,2,True,Location,Good location and nice atmosphere,Positive,
359,3,True,Location,Good location and nice atmosphere,Positive,
360,1,True,(no topics found),,,
360,2,True,(no topics found),,,
360,3,True,(no topics found),,,
361,1,True,Location,The location near Makanzie Beach6,Positive,
361,2,True,Location,The location near Makanzie Beach6,Positive,
361,3,True,Location,The location near Makanzie Beach6,Positive,
362,1,True,Room,the room with a balcony overlooking Makenzy and Salt Lake made an amazing impression.,Positive,
362,1,True,Staff,very kind and helpful staff,Positive,
362,1,True,Staff,Excellent service,Positive,
362,1,True,Food,"I recommend the breakfasts, which are really delicious.",Positive,
362,2,True,Room,the room with a balcony overlooking Makenzy and Salt Lake made an amazing impression.,Positive,
362,2,True,Staff,very kind and helpful staff,Positive,
362,2,True,Staff,Excellent service,Positive,
362,2,True,Food,"I recommend the breakfasts, which are really delicious.",Positive,
362,3,True,Room,the room with a balcony overlooking Makenzy and Salt Lake made an amazing impression.,Positive,
362,3,True,Staff,very kind and helpful staff,Positive,
362,3,True,Staff,Excellent service,Positive,
362,3,True,Food,"I recommend the breakfasts, which are really delicious.",Positive,
363,1,False,Staff,The staff were exceptionally attentive to ensuring that our stay was pleasent.,Positive,
363,1,False,Hospitality,"Hospitality was great, highly recommend the hotel 😊",Positive,
363,2,False,Staff,The staff were exceptionally attentive to ensuring that our stay was pleasent.,Positive,
363,2,False,Hospitality,"Hospitality was great, highly recommend the hotel 😊",Positive,
363,3,False,Staff,The staff were exceptionally attentive to ensuring that our stay was pleasent.,Positive,
363,3,False,Hospitality,"Hospitality was great, highly recommend the hotel 😊",Positive,
364,1,True,Location,Loads of bars and restaurants 5 mins walk away on the beach.,Positive,
364,2,True,Location,Loads of bars and restaurants 5 mins walk away on the beach.,Positive,
364,3,True,Location,Loads of bars and restaurants 5 mins walk away on the beach.,Positive,
365,1,True,Facility,The hotel had been just renovated,Positive,
365,1,True,Check-in,We arrived in the night and were checked-in quickly,Positive,
365,2,True,Facility,The hotel had been just renovated,Positive,
365,2,True,Check-in,We arrived in the night and were checked-in quickly,Positive,
365,3,True,Facility,The hotel had been just renovated,Positive,
365,3,True,Check-in,We arrived in the night and were checked-in quickly,Positive,
366,1,True,Food,Excellent Hotel.Is my 5th time that i stay in this hotel and i want to say that is better than a 5star hotel.,Positive,
366,1,True,Food,"the chef of La Vernada Hotel is perfest,he made delicious breakfast,lunch and dinner and his food is better than a 5star hotel.",Positive,
366,1,True,Price,the price of his hotel and the prices of the food are very good and are not expensive,Positive,
366,2,True,Food,Excellent Hotel.Is my 5th time that i stay in this hotel and i want to say that is better than a 5star hotel.,Positive,
366,2,True,Food,"the chef of La Vernada Hotel is perfest,he made delicious breakfast,lunch and dinner and his food is better than a 5star hotel.",Positive,
366,2,True,Price,the price of his hotel and the prices of the food are very good and are not expensive,Positive,
366,3,True,Food,Excellent Hotel.Is my 5th time that i stay in this hotel and i want to say that is better than a 5star hotel.,Positive,
366,3,True,Food,"the chef of La Vernada Hotel is perfest,he made delicious breakfast,lunch and dinner and his food is better than a 5star hotel.",Positive,
366,3,True,Price,the price of his hotel and the prices of the food are very good and are not expensive,Positive,
367,1,True,Room,Nice room with comfortable beds and nice bathroom.,Positive,
367,1,True,Staff,Friendly Staff.,Positive,
367,1,True,Location,Good choice for travelers in larnaca,Positive,
367,2,True,Room,Nice room with comfortable beds and nice bathroom.,Positive,
367,2,True,Staff,Friendly Staff.,Positive,
367,2,True,Location,Good choice for travelers in larnaca,Positive,
367,3,True,Room,Nice room with comfortable beds and nice bathroom.,Positive,
367,3,True,Staff,Friendly Staff.,Positive,
367,3,True,Location,Good choice for travelers in larnaca,Positive,
368,1,True,Location,Clean and perfect location.,Positive,
368,2,True,Location,Clean and perfect location.,Positive,
368,3,True,Location,Clean and perfect location.,Positive,
369,1,True,Food,The food was amazing at the restaurant,Positive,
369,1,True,Staff,Location and staff,Positive,
369,2,True,Food,The food was amazing at the restaurant,Positive,
369,2,True,Staff,Location and staff,Positive,
369,3,True,Food,The food was amazing at the restaurant,Positive,
369,3,True,Staff,Location and staff,Positive,
370,1,True,Location,good location from the airport and sea,Positive,
370,2,True,Location,good location from the airport and sea,Positive,
370,3,True,Location,good location from the airport and sea,Positive,
371,1,False,Staff,People working here are the best ever,Positive,
371,1,False,WiFi,WiFi,Negative,
371,2,False,Staff,People working here are the best ever,Positive,
371,2,False,WiFi,WiFi,Negative,
371,3,False,Staff,People working here are the best ever,Positive,
371,3,False,WiFi,WiFi,Negative,
372,1,False,Room,"Bright, cozy, looks like almost new hotel",Positive,
372,1,False,Facility,TV with only 3 channels,Negative,
372,2,False,Room,"Bright, cozy, looks like almost new hotel",Positive,
372,2,False,Facility,TV with only 3 channels,Negative,
372,3,False,Room,"Bright, cozy, looks like almost new hotel",Positive,
372,3,False,Facility,TV with only 3 channels,Negative,
373,1,True,Staff,wonderful staff,Positive,
373,1,True,Food,delicious breakfast,Positive,
373,2,True,Staff,wonderful staff,Positive,
373,2,True,Food,delicious breakfast,Positive,
373,3,True,Staff,wonderful staff,Positive,
373,3,True,Food,delicious breakfast,Positive,
374,1,False,Room,"Rooms were a great size, very clean, modern and comfy.",Positive,
374,1,False,Location,Location is great.,Positive,
374,1,False,Location,right next to an amazing beach,Positive,
374,1,False,Pool,Pool could of been bigger,Negative,
374,2,False,Room,"Rooms were a great size, very clean, modern and comfy.",Positive,
374,2,False,Location,Location is great.,Positive,
374,2,False,Location,right next to an amazing beach,Positive,
374,2,False,Pool,Pool could of been bigger,Negative,
374,3,False,Room,"Rooms were a great size, very clean, modern and comfy.",Positive,
374,3,False,Location,Location is great.,Positive,
374,3,False,Location,right next to an amazing beach,Positive,
374,3,False,Pool,Pool could of been bigger,Negative,
375,1,False,Room,The rooms are stylish,Positive,
375,1,False,Staff,The staff are helpful and friendly,Positive,
375,1,False,Food,Richard is the chef at the hotel. The food he creates is outstanding and delicious. Even the simplest of food ie. chicken burger and salad was made to taste exceptional.,Positive,
375,1,False,Food,Whether you stay at the hotel or not you should go to their restaurant for lunch or dinner or both. It will not disappoint and you will want to keep going back.,Positive,
375,1,False,Facility,The hotel is well situated,Positive,
375,2,False,Room,The rooms are stylish,Positive,
375,2,False,Staff,The staff are helpful and friendly,Positive,
375,2,False,Food,Richard is the chef at the hotel. The food he creates is outstanding and delicious. Even the simplest of food ie. chicken burger and salad was made to taste exceptional.,Positive,
375,2,False,Food,Whether you stay at the hotel or not you should go to their restaurant for lunch or dinner or both. It will not disappoint and you will want to keep going back.,Positive,
375,2,False,Facility,The hotel is well situated,Positive,
375,3,False,Room,The rooms are stylish,Positive,
375,3,False,Staff,The staff are helpful and friendly,Positive,
375,3,False,Food,Richard is the chef at the hotel. The food he creates is outstanding and delicious. Even the simplest of food ie. chicken burger and salad was made to taste exceptional.,Positive,
375,3,False,Food,Whether you stay at the hotel or not you should go to their restaurant for lunch or dinner or both. It will not disappoint and you will want to keep going back.,Positive,
375,3,False,Facility,The hotel is well situated,Positive,
376,1,False,Staff,"The chef is incredible and very friendly, the kind of person who loves nothing more than you enjoying his food!",Positive,
376,1,False,Location,5 minute walk to the beach.,Positive,
376,1,False,Food,"The chef is incredible and very friendly, the kind of person who loves nothing more than you enjoying his food!",Positive,
376,1,False,Cleanliness,It was very clean,Positive,
376,1,False,Comfort,very comfortable,Positive,
376,2,False,Staff,"The chef is incredible and very friendly, the kind of person who loves nothing more than you enjoying his food!",Positive,
376,2,False,Location,5 minute walk to the beach.,Positive,
376,2,False,Food,"The chef is incredible and very friendly, the kind of person who loves nothing more than you enjoying his food!",Positive,
376,2,False,Cleanliness,It was very clean,Positive,
376,2,False,Comfort,very comfortable,Positive,
376,3,False,Staff,"The chef is incredible and very friendly, the kind of person who loves nothing more than you enjoying his food!",Positive,
376,3,False,Location,5 minute walk to the beach.,Positive,
376,3,False,Food,"The chef is incredible and very friendly, the kind of person who loves nothing more than you enjoying his food!",Positive,
376,3,False,Cleanliness,It was very clean,Positive,
376,3,False,Comfort,very comfortable,Positive,
377,1,True,Room,Rooms are clean.,Positive,
377,1,True,Staff,Staff very polite and helpful.,Positive,
377,1,True,Location,"Hotel is near to the beach, airport and bus station.",Positive,
377,1,True,Food,Breakfast was delicious.,Positive,
377,2,True,Room,Rooms are clean.,Positive,
377,2,True,Staff,Staff very polite and helpful.,Positive,
377,2,True,Location,"Hotel is near to the beach, airport and bus station.",Positive,
377,2,True,Food,Breakfast was delicious.,Positive,
377,3,True,Room,Rooms are clean.,Positive,
377,3,True,Staff,Staff very polite and helpful.,Positive,
377,3,True,Location,"Hotel is near to the beach, airport and bus station.",Positive,
377,3,True,Food,Breakfast was delicious.,Positive,
378,1,False,Room,The room was very clean and comfortable.,Positive,
378,1,False,Staff,The staff was very friendly.,Positive,
378,1,False,Food,The food was delicious.,Positive,
378,2,False,Room,The room was very clean and comfortable.,Positive,
378,2,False,Staff,The staff was very friendly.,Positive,
378,2,False,Food,The food was delicious.,Positive,
378,3,False,Room,The room was very clean and comfortable.,Positive,
378,3,False,Staff,The staff was very friendly.,Positive,
378,3,False,Food,The food was delicious.,Positive,
379,1,False,Room,"Clean rooms, comfortable beds - everything was good!",Positive,
379,1,False,Staff,were pleased by staff,Positive,
379,1,False,Staff,hotel administrator helped us with taxi,Positive,
379,1,False,Bar,had nice evening in bar,Positive,
379,2,False,Room,"Clean rooms, comfortable beds - everything was good!",Positive,
379,2,False,Staff,were pleased by staff,Positive,
379,2,False,Staff,hotel administrator helped us with taxi,Positive,
379,2,False,Bar,had nice evening in bar,Positive,
379,3,False,Room,"Clean rooms, comfortable beds - everything was good!",Positive,
379,3,False,Staff,were pleased by staff,Positive,
379,3,False,Staff,hotel administrator helped us with taxi,Positive,
379,3,False,Bar,had nice evening in bar,Positive,
380,1,False,Room,"Rooms were very spacy, tidy with a modern design.",Positive,
380,1,False,Staff,Very nice and helpful staff able to go an extra mile for your satisfaction.,Positive,
380,1,False,Location,"This hotel has great location, because it is very close to the airport, beaches and entertainment.",Positive,
380,1,False,Food,Breakfasts were tasty!,Positive,
380,1,False,Food,More options for breakfast.,Negative,
380,2,False,Room,"Rooms were very spacy, tidy with a modern design.",Positive,
380,2,False,Staff,Very nice and helpful staff able to go an extra mile for your satisfaction.,Positive,
380,2,False,Location,"This hotel has great location, because it is very close to the airport, beaches and entertainment.",Positive,
380,2,False,Food,Breakfasts were tasty!,Positive,
380,2,False,Food,More options for breakfast.,Negative,
380,3,False,Room,"Rooms were very spacy, tidy with a modern design.",Positive,
380,3,False,Staff,Very nice and helpful staff able to go an extra mile for your satisfaction.,Positive,
380,3,False,Location,"This hotel has great location, because it is very close to the airport, beaches and entertainment.",Positive,
380,3,False,Food,Breakfasts were tasty!,Positive,
380,3,False,Food,More options for breakfast.,Negative,
381,1,True,Staff,staff was very friendly,Positive,
381,1,True,Location,"great location,walking distance to the beach and close to the airport",Positive,
381,1,True,Facility,interior was clearly recently renovated,Positive,
381,2,True,Staff,staff was very friendly,Positive,
381,2,True,Location,"great location,walking distance to the beach and close to the airport",Positive,
381,2,True,Facility,interior was clearly recently renovated,Positive,
381,3,True,Staff,staff was very friendly,Positive,
381,3,True,Location,"great location,walking distance to the beach and close to the airport",Positive,
381,3,True,Facility,interior was clearly recently renovated,Positive,
382,1,True,Room,The room was clean.,Positive,
382,1,True,Facility,The hotel facilitated shuttle service from the airport for an additional cost based on my request.,Positive,
382,1,True,Staff,Maha was responsive and reachable via whatsap and was able to accommodate the needs for my stay.,Positive,
382,1,True,Location,The hotel is good for a layover in Larnaca as it is close to the airport and also allows you access to the beach at 7min walking distance.,Positive,
382,2,True,Room,The room was clean.,Positive,
382,2,True,Facility,The hotel facilitated shuttle service from the airport for an additional cost based on my request.,Positive,
382,2,True,Staff,Maha was responsive and reachable via whatsap and was able to accommodate the needs for my stay.,Positive,
382,2,True,Location,The hotel is good for a layover in Larnaca as it is close to the airport and also allows you access to the beach at 7min walking distance.,Positive,
382,3,True,Room,The room was clean.,Positive,
382,3,True,Facility,The hotel facilitated shuttle service from the airport for an additional cost based on my request.,Positive,
382,3,True,Staff,Maha was responsive and reachable via whatsap and was able to accommodate the needs for my stay.,Positive,
382,3,True,Location,The hotel is good for a layover in Larnaca as it is close to the airport and also allows you access to the beach at 7min walking distance.,Positive,
383,1,True,Staff,Very friendly and helpful staff.,Positive,
383,1,True,Facility,Clean facilities.,Positive,
383,1,True,Food,Good breakfast,Positive,
383,2,True,Staff,Very friendly and helpful staff.,Positive,
383,2,True,Facility,Clean facilities.,Positive,
383,2,True,Food,Good breakfast,Positive,
383,3,True,Staff,Very friendly and helpful staff.,Positive,
383,3,True,Facility,Clean facilities.,Positive,
383,3,True,Food,Good breakfast,Positive,
384,1,True,Staff,staff & management are great,Positive,
384,1,True,Facility,"Amazing hotel, new, clean",Positive,
384,2,True,Staff,staff & management are great,Positive,
384,2,True,Facility,"Amazing hotel, new, clean",Positive,
384,3,True,Staff,staff & management are great,Positive,
384,3,True,Facility,"Amazing hotel, new, clean",Positive,
385,1,True,(no topics found),,,
385,2,True,(no topics found),,,
385,3,True,(no topics found),,,
386,1,False,Room,The rooms were completely renovated and stunning with brand new air conditioning systems that chilled the rooms within minutes,Positive,
386,1,False,Staff,"The owners, Tony and Joanna were very friendly, welcoming and accommodating as was Richard at the bar/restaurant",Positive,
386,1,False,Facility,"The owners, Tony and Joanna were very friendly, welcoming and accommodating as was Richard at the bar/restaurant",Positive,
386,1,False,Facility,Tony had multiple converters for us to borrow. He even had a luggage scale for us as we prepared our suitcase,Positive,
386,1,False,Off,There is nothing negative to say about the property. It was a wonderful stay,Positive,
386,1,False,Cleanliness,The place was spotlessly clean,Positive,
386,2,False,Room,The rooms were completely renovated and stunning with brand new air conditioning systems that chilled the rooms within minutes,Positive,
386,2,False,Staff,"The owners, Tony and Joanna were very friendly, welcoming and accommodating as was Richard at the bar/restaurant",Positive,
386,2,False,Facility,"The owners, Tony and Joanna were very friendly, welcoming and accommodating as was Richard at the bar/restaurant",Positive,
386,2,False,Facility,Tony had multiple converters for us to borrow. He even had a luggage scale for us as we prepared our suitcase,Positive,
386,2,False,Off,There is nothing negative to say about the property. It was a wonderful stay,Positive,
386,2,False,Cleanliness,The place was spotlessly clean,Positive,
386,3,False,Room,The rooms were completely renovated and stunning with brand new air conditioning systems that chilled the rooms within minutes,Positive,
386,3,False,Staff,"The owners, Tony and Joanna were very friendly, welcoming and accommodating as was Richard at the bar/restaurant",Positive,
386,3,False,Facility,"The owners, Tony and Joanna were very friendly, welcoming and accommodating as was Richard at the bar/restaurant",Positive,
386,3,False,Facility,Tony had multiple converters for us to borrow. He even had a luggage scale for us as we prepared our suitcase,Positive,
386,3,False,Off,There is nothing negative to say about the property. It was a wonderful stay,Positive,
386,3,False,Cleanliness,The place was spotlessly clean,Positive,
387,1,True,Room,The rooms,Positive,
387,1,True,Staff,the staff,Positive,
387,2,True,Room,The rooms,Positive,
387,2,True,Staff,the staff,Positive,
387,3,True,Room,The rooms,Positive,
387,3,True,Staff,the staff,Positive,
388,1,False,Staff,Very friendly and effective employees and owners.,Positive,
388,1,False,Location,Excellent location near the airport and the beach.,Positive,
388,1,False,Cleanliness,Very clean and quite.,Positive,
388,1,False,Recommendation,I recommend it without any reservation.,Positive,
388,2,False,Staff,Very friendly and effective employees and owners.,Positive,
388,2,False,Location,Excellent location near the airport and the beach.,Positive,
388,2,False,Cleanliness,Very clean and quite.,Positive,
388,2,False,Recommendation,I recommend it without any reservation.,Positive,
388,3,False,Staff,Very friendly and effective employees and owners.,Positive,
388,3,False,Location,Excellent location near the airport and the beach.,Positive,
388,3,False,Cleanliness,Very clean and quite.,Positive,
388,3,False,Recommendation,I recommend it without any reservation.,Positive,
389,1,True,Staff,Professional and friendly staff.,Positive,
389,1,True,Location,Great location!,Positive,
389,1,True,Location,Convenient to the airport and the beach.,Positive,
389,1,True,Location,"5 minutes away from the airport and within walking distance to the beach, restaurants, and other amenities",Positive,
389,1,True,Off,Nothing,Positive,
389,2,True,Staff,Professional and friendly staff.,Positive,
389,2,True,Location,Great location!,Positive,
389,2,True,Location,Convenient to the airport and the beach.,Positive,
389,2,True,Location,"5 minutes away from the airport and within walking distance to the beach, restaurants, and other amenities",Positive,
389,2,True,Off,Nothing,Positive,
389,3,True,Staff,Professional and friendly staff.,Positive,
389,3,True,Location,Great location!,Positive,
389,3,True,Location,Convenient to the airport and the beach.,Positive,
389,3,True,Location,"5 minutes away from the airport and within walking distance to the beach, restaurants, and other amenities",Positive,
389,3,True,Off,Nothing,Positive,
390,1,False,Service,Very good service,Positive,
390,2,False,Service,Very good service,Positive,
390,3,False,Service,Very good service,Positive,
391,1,True,Room,it is recently renovated building therefore the rooms were nice and clean,Positive,
391,1,True,Location,Mackenzie Beach promenade is 5 min walk,Positive,
391,1,True,Off,close surroundings are not that exciting and clean,Negative,
391,2,True,Room,it is recently renovated building therefore the rooms were nice and clean,Positive,
391,2,True,Location,Mackenzie Beach promenade is 5 min walk,Positive,
391,2,True,Off,close surroundings are not that exciting and clean,Negative,
391,3,True,Room,it is recently renovated building therefore the rooms were nice and clean,Positive,
391,3,True,Location,Mackenzie Beach promenade is 5 min walk,Positive,
391,3,True,Off,close surroundings are not that exciting and clean,Negative,
392,1,False,Room,Excellent rooms,Positive,
392,1,False,Location,Nice location,Positive,
392,1,False,Staff,Very friendly staff,Positive,
392,2,False,Room,Excellent rooms,Positive,
392,2,False,Location,Nice location,Positive,
392,2,False,Staff,Very friendly staff,Positive,
392,3,False,Room,Excellent rooms,Positive,
392,3,False,Location,Nice location,Positive,
392,3,False,Staff,Very friendly staff,Positive,
393,1,False,Staff,good customer service,Positive,
393,1,False,Facility,Very clean & modern,Positive,
393,1,False,Restaurant-bar,reasonably priced and quality,Positive,
393,2,False,Staff,good customer service,Positive,
393,2,False,Facility,Very clean & modern,Positive,
393,2,False,Restaurant-bar,reasonably priced and quality,Positive,
393,3,False,Staff,good customer service,Positive,
393,3,False,Facility,Very clean & modern,Positive,
393,3,False,Restaurant-bar,reasonably priced and quality,Positive,
394,1,True,Room,"Rooms very clean, good quality bed linen and towels, A/C, flat screen tv.",Positive,
394,1,True,Staff,"Check in was quick and easy by polite, friendly hotel managers.",Positive,
394,1,True,Staff,Great service by Richard (bar manager).,Positive,
394,1,True,Location,"Located 7 minutes walk from beach, restaurants and supermarket.",Positive,
394,1,True,Location,10 mins by taxi.,Positive,
394,1,True,Location,30 mins walking.,Positive,
394,2,True,Room,"Rooms very clean, good quality bed linen and towels, A/C, flat screen tv.",Positive,
394,2,True,Staff,"Check in was quick and easy by polite, friendly hotel managers.",Positive,
394,2,True,Staff,Great service by Richard (bar manager).,Positive,
394,2,True,Location,"Located 7 minutes walk from beach, restaurants and supermarket.",Positive,
394,2,True,Location,10 mins by taxi.,Positive,
394,2,True,Location,30 mins walking.,Positive,
394,3,True,Room,"Rooms very clean, good quality bed linen and towels, A/C, flat screen tv.",Positive,
394,3,True,Staff,"Check in was quick and easy by polite, friendly hotel managers.",Positive,
394,3,True,Staff,Great service by Richard (bar manager).,Positive,
394,3,True,Location,"Located 7 minutes walk from beach, restaurants and supermarket.",Positive,
394,3,True,Location,10 mins by taxi.,Positive,
394,3,True,Location,30 mins walking.,Positive,
395,1,True,(no topics found),,,
395,2,True,(no topics found),,,
395,3,True,(no topics found),,,
396,1,True,Room,"Very clean, nice renovated rooms",Positive,
396,1,True,Staff,staff was fantastic,Positive,
396,1,True,Price,price was great,Positive,
396,1,True,Facility,Need some renovation in lobby and common areas,Negative,
396,1,True,Facility,During night lights in common areas didn't work well,Negative,
396,2,True,Room,"Very clean, nice renovated rooms",Positive,
396,2,True,Staff,staff was fantastic,Positive,
396,2,True,Price,price was great,Positive,
396,2,True,Facility,Need some renovation in lobby and common areas,Negative,
396,2,True,Facility,During night lights in common areas didn't work well,Negative,
396,3,True,Room,"Very clean, nice renovated rooms",Positive,
396,3,True,Staff,staff was fantastic,Positive,
396,3,True,Price,price was great,Positive,
396,3,True,Facility,Need some renovation in lobby and common areas,Negative,
396,3,True,Facility,During night lights in common areas didn't work well,Negative,
397,1,True,(no topics found),,,
397,2,True,(no topics found),,,
397,3,True,(no topics found),,,
398,1,False,(parse failed),,,json_parse_error: Expecting value: line 1 column 1 (char 0)
398,2,False,(parse failed),,,json_parse_error: Expecting value: line 1 column 1 (char 0)
398,3,False,(parse failed),,,json_parse_error: Expecting value: line 1 column 1 (char 0)
399,1,True,Room,the room was clean and ready by 12 to check in.,Positive,
399,1,True,Staff,Amazing staff.,Positive,
399,1,True,Staff,I met the owners at the reception and they took care of my girl and she was very happy with her stay,Positive,
399,1,True,Check-in,the room was clean and ready by 12 to check in.,Positive,
399,1,True,Off,Nothing,Positive,
399,2,True,Room,the room was clean and ready by 12 to check in.,Positive,
399,2,True,Staff,Amazing staff.,Positive,
399,2,True,Staff,I met the owners at the reception and they took care of my girl and she was very happy with her stay,Positive,
399,2,True,Check-in,the room was clean and ready by 12 to check in.,Positive,
399,2,True,Off,Nothing,Positive,
399,3,True,Room,the room was clean and ready by 12 to check in.,Positive,
399,3,True,Staff,Amazing staff.,Positive,
399,3,True,Staff,I met the owners at the reception and they took care of my girl and she was very happy with her stay,Positive,
399,3,True,Check-in,the room was clean and ready by 12 to check in.,Positive,
399,3,True,Off,Nothing,Positive,
400,1,False,Staff,"We liked a lot the hotel, ...  the personnel, especially the Chief. He is real professional, ...  always trying to prepare for us traditional vegan dishes of local cuisine (always delicious!).",Positive,
400,2,False,Staff,"We liked a lot the hotel, ...  the personnel, especially the Chief. He is real professional, ...  always trying to prepare for us traditional vegan dishes of local cuisine (always delicious!).",Positive,
400,3,False,Staff,"We liked a lot the hotel, ...  the personnel, especially the Chief. He is real professional, ...  always trying to prepare for us traditional vegan dishes of local cuisine (always delicious!).",Positive,
401,1,True,Room,The room was fresh and clean.,Positive,
401,1,True,Staff,Friendly staff.,Positive,
401,2,True,Room,The room was fresh and clean.,Positive,
401,2,True,Staff,Friendly staff.,Positive,
401,3,True,Room,The room was fresh and clean.,Positive,
401,3,True,Staff,Friendly staff.,Positive,
402,1,True,Room,clean and spacious rooms,Positive,
402,1,True,Staff,The staff is superb,Positive,
402,1,True,Location,near Mackenzie Beach just 2 min walk,Positive,
402,2,True,Room,clean and spacious rooms,Positive,
402,2,True,Staff,The staff is superb,Positive,
402,2,True,Location,near Mackenzie Beach just 2 min walk,Positive,
402,3,True,Room,clean and spacious rooms,Positive,
402,3,True,Staff,The staff is superb,Positive,
402,3,True,Location,near Mackenzie Beach just 2 min walk,Positive,
403,1,True,(no topics found),,,
403,2,True,(no topics found),,,
403,3,True,(no topics found),,,
404,1,True,Room,A bit small rooms,Negative,
404,2,True,Room,A bit small rooms,Negative,
404,3,True,Room,A bit small rooms,Negative,
405,1,False,Room,The rooms are brand new very good bedding!,Positive,
405,1,False,Staff,The owners (mum&children from lebanon) are very kind and ready to help,Positive,
405,1,False,Staff,Richard the chef of the hotel! He makes you feel like you know each other years before,Positive,
405,1,False,Food,Delicious food,Positive,
405,1,False,Facility,5* facilities,Positive,
405,1,False,Off,Nothing!,Negative,
405,2,False,Room,The rooms are brand new very good bedding!,Positive,
405,2,False,Staff,The owners (mum&children from lebanon) are very kind and ready to help,Positive,
405,2,False,Staff,Richard the chef of the hotel! He makes you feel like you know each other years before,Positive,
405,2,False,Food,Delicious food,Positive,
405,2,False,Facility,5* facilities,Positive,
405,2,False,Off,Nothing!,Negative,
405,3,False,Room,The rooms are brand new very good bedding!,Positive,
405,3,False,Staff,The owners (mum&children from lebanon) are very kind and ready to help,Positive,
405,3,False,Staff,Richard the chef of the hotel! He makes you feel like you know each other years before,Positive,
405,3,False,Food,Delicious food,Positive,
405,3,False,Facility,5* facilities,Positive,
405,3,False,Off,Nothing!,Negative,
406,1,False,(parse failed),,,json_parse_error: Expecting value: line 1 column 1 (char 0)
406,2,False,(parse failed),,,json_parse_error: Expecting value: line 1 column 1 (char 0)
406,3,False,(parse failed),,,json_parse_error: Expecting value: line 1 column 1 (char 0)
407,1,True,Room,Nice modern bedroom,Positive,
407,1,True,Food,nice greek breakfast,Positive,
407,1,True,Location,great location,Positive,
407,2,True,Room,Nice modern bedroom,Positive,
407,2,True,Food,nice greek breakfast,Positive,
407,2,True,Location,great location,Positive,
407,3,True,Room,Nice modern bedroom,Positive,
407,3,True,Food,nice greek breakfast,Positive,
407,3,True,Location,great location,Positive,
408,1,True,Staff,A wonderful place run by wonderful people!,Positive,
408,2,True,Staff,A wonderful place run by wonderful people!,Positive,
408,3,True,Staff,A wonderful place run by wonderful people!,Positive,
409,1,False,Room,The rooms were to a very high standard and clean.,Positive,
409,1,False,Staff,"I am very pleased to stay here and grateful for the staff, they have been helpful, kind and professional.",Positive,
409,1,False,Food,The restaurant had delicious food,Positive,
409,1,False,Service,The service was incredible,Positive,
409,2,False,Room,The rooms were to a very high standard and clean.,Positive,
409,2,False,Staff,"I am very pleased to stay here and grateful for the staff, they have been helpful, kind and professional.",Positive,
409,2,False,Food,The restaurant had delicious food,Positive,
409,2,False,Service,The service was incredible,Positive,
409,3,False,Room,The rooms were to a very high standard and clean.,Positive,
409,3,False,Staff,"I am very pleased to stay here and grateful for the staff, they have been helpful, kind and professional.",Positive,
409,3,False,Food,The restaurant had delicious food,Positive,
409,3,False,Service,The service was incredible,Positive,
410,1,False,Room,The room is about as clean as it could be.,Positive,
410,1,False,Room,The recently renovated room is about as clean as it could be.,Positive,
410,1,False,Room,The double bed is extremely comfortable,Positive,
410,1,False,Staff,"The staff make this hotel great. They are friendly, warm, helpful.",Positive,
410,1,False,Location,The location is amazing. Being close to the airport in Larnaka makes travelling easier.,Positive,
410,1,False,Location,The hotel is next to a bus stop for travelling between downtown and other locations.,Positive,
410,1,False,Facility,The shower is amazing for couples to use together.,Positive,
410,1,False,Facility,"The balcony is a nice addition to an already fresh, well presented room.",Positive,
410,1,False,Food,The minibar is extremely reasonably priced and well stocked.,Positive,
410,1,False,Off,Minor point: a bar for hanging clothes in the room was the only thing we felt was missing to improve our stay.,Negative,
410,2,False,Room,The room is about as clean as it could be.,Positive,
410,2,False,Room,The recently renovated room is about as clean as it could be.,Positive,
410,2,False,Room,The double bed is extremely comfortable,Positive,
410,2,False,Staff,"The staff make this hotel great. They are friendly, warm, helpful.",Positive,
410,2,False,Location,The location is amazing. Being close to the airport in Larnaka makes travelling easier.,Positive,
410,2,False,Location,The hotel is next to a bus stop for travelling between downtown and other locations.,Positive,
410,2,False,Facility,The shower is amazing for couples to use together.,Positive,
410,2,False,Facility,"The balcony is a nice addition to an already fresh, well presented room.",Positive,
410,2,False,Food,The minibar is extremely reasonably priced and well stocked.,Positive,
410,2,False,Off,Minor point: a bar for hanging clothes in the room was the only thing we felt was missing to improve our stay.,Negative,
410,3,False,Room,The room is about as clean as it could be.,Positive,
410,3,False,Room,The recently renovated room is about as clean as it could be.,Positive,
410,3,False,Room,The double bed is extremely comfortable,Positive,
410,3,False,Staff,"The staff make this hotel great. They are friendly, warm, helpful.",Positive,
410,3,False,Location,The location is amazing. Being close to the airport in Larnaka makes travelling easier.,Positive,
410,3,False,Location,The hotel is next to a bus stop for travelling between downtown and other locations.,Positive,
410,3,False,Facility,The shower is amazing for couples to use together.,Positive,
410,3,False,Facility,"The balcony is a nice addition to an already fresh, well presented room.",Positive,
410,3,False,Food,The minibar is extremely reasonably priced and well stocked.,Positive,
410,3,False,Off,Minor point: a bar for hanging clothes in the room was the only thing we felt was missing to improve our stay.,Negative,
411,1,True,(no topics found),,,
411,2,True,(no topics found),,,
411,3,True,(no topics found),,,
412,1,False,(parse failed),,,json_parse_error: Expecting value: line 1 column 1 (char 0)
412,2,False,(parse failed),,,json_parse_error: Expecting value: line 1 column 1 (char 0)
412,3,False,(parse failed),,,json_parse_error: Expecting value: line 1 column 1 (char 0)
413,1,False,Bed,the bed,Positive,
413,1,False,Customer Service,the customer service,Positive,
413,2,False,Bed,the bed,Positive,
413,2,False,Customer Service,the customer service,Positive,
413,3,False,Bed,the bed,Positive,
413,3,False,Customer Service,the customer service,Positive,
414,1,True,Room,very clean and modern rooms,Positive,
414,1,True,Staff,Great staff,Positive,
414,1,True,Price,great value,Positive,
414,2,True,Room,very clean and modern rooms,Positive,
414,2,True,Staff,Great staff,Positive,
414,2,True,Price,great value,Positive,
414,3,True,Room,very clean and modern rooms,Positive,
414,3,True,Staff,Great staff,Positive,
414,3,True,Price,great value,Positive,
415,1,False,Room,the hotel and room were super clean.,Positive,
415,1,False,Staff,The staff were really welcoming,Positive,
415,1,False,Food,breakfast was awesome.,Positive,
415,1,False,Location,"Walking distance from the Mackenzie beach, beach lounges and restaurants.",Positive,
415,2,False,Room,the hotel and room were super clean.,Positive,
415,2,False,Staff,The staff were really welcoming,Positive,
415,2,False,Food,breakfast was awesome.,Positive,
415,2,False,Location,"Walking distance from the Mackenzie beach, beach lounges and restaurants.",Positive,
415,3,False,Room,the hotel and room were super clean.,Positive,
415,3,False,Staff,The staff were really welcoming,Positive,
415,3,False,Food,breakfast was awesome.,Positive,
415,3,False,Location,"Walking distance from the Mackenzie beach, beach lounges and restaurants.",Positive,
416,1,True,Staff,The staff and hosts were great!,Positive,
416,2,True,Staff,The staff and hosts were great!,Positive,
416,3,True,Staff,The staff and hosts were great!,Positive,
417,1,True,Room,"Clean, fresh rooms with all you need for overnight stay.",Positive,
417,1,True,Staff,Very friendly staff.,Positive,
417,1,True,Facility,The bottle with hair/body wash was empty.,Negative,
417,1,True,Facility,Aircon had just one uncontrolled speed.,Negative,
417,1,True,Facility,There were no adapters for CY sockets.,Negative,
417,1,True,Location,Close to airport - just 7-10 min by taxi (15€).,Positive,
417,2,True,Room,"Clean, fresh rooms with all you need for overnight stay.",Positive,
417,2,True,Staff,Very friendly staff.,Positive,
417,2,True,Facility,The bottle with hair/body wash was empty.,Negative,
417,2,True,Facility,Aircon had just one uncontrolled speed.,Negative,
417,2,True,Facility,There were no adapters for CY sockets.,Negative,
417,2,True,Location,Close to airport - just 7-10 min by taxi (15€).,Positive,
417,3,True,Room,"Clean, fresh rooms with all you need for overnight stay.",Positive,
417,3,True,Staff,Very friendly staff.,Positive,
417,3,True,Facility,The bottle with hair/body wash was empty.,Negative,
417,3,True,Facility,Aircon had just one uncontrolled speed.,Negative,
417,3,True,Facility,There were no adapters for CY sockets.,Negative,
417,3,True,Location,Close to airport - just 7-10 min by taxi (15€).,Positive,
418,1,True,Staff,Very nice and kind stuff!,Positive,
418,1,True,Food,Breakfast was tasty and excellent.,Positive,
418,2,True,Staff,Very nice and kind stuff!,Positive,
418,2,True,Food,Breakfast was tasty and excellent.,Positive,
418,3,True,Staff,Very nice and kind stuff!,Positive,
418,3,True,Food,Breakfast was tasty and excellent.,Positive,
419,1,True,Room,comfortable rooms,Positive,
419,1,True,Staff,Very friendly and helpful staff,Positive,
419,1,True,Location,great location,Positive,
419,2,True,Room,comfortable rooms,Positive,
419,2,True,Staff,Very friendly and helpful staff,Positive,
419,2,True,Location,great location,Positive,
419,3,True,Room,comfortable rooms,Positive,
419,3,True,Staff,Very friendly and helpful staff,Positive,
419,3,True,Location,great location,Positive,
420,1,True,Location,A LITTLE BIT FAR FROM SEA,Negative,
420,2,True,Location,A LITTLE BIT FAR FROM SEA,Negative,
420,3,True,Location,A LITTLE BIT FAR FROM SEA,Negative,
421,1,True,Staff,The staff made me feel welcome and was very helpful when asking about things to do.,Positive,
421,1,True,Location,"steps to Makenzy beach, cafés, and restaurants. Easy access to nightlife.",Positive,
421,1,True,Location,"My stay was fantastic,",Positive,
421,2,True,Staff,The staff made me feel welcome and was very helpful when asking about things to do.,Positive,
421,2,True,Location,"steps to Makenzy beach, cafés, and restaurants. Easy access to nightlife.",Positive,
421,2,True,Location,"My stay was fantastic,",Positive,
421,3,True,Staff,The staff made me feel welcome and was very helpful when asking about things to do.,Positive,
421,3,True,Location,"steps to Makenzy beach, cafés, and restaurants. Easy access to nightlife.",Positive,
421,3,True,Location,"My stay was fantastic,",Positive,
422,1,True,Room,The room is completely new and very clean.,Positive,
422,1,True,Staff,very good service from the family that owns it,Positive,
422,1,True,Location,close to the city and very accessible by any transportation,Positive,
422,1,True,Facility,The mini bar was really well equipped and very cheap,Positive,
422,2,True,Room,The room is completely new and very clean.,Positive,
422,2,True,Staff,very good service from the family that owns it,Positive,
422,2,True,Location,close to the city and very accessible by any transportation,Positive,
422,2,True,Facility,The mini bar was really well equipped and very cheap,Positive,
422,3,True,Room,The room is completely new and very clean.,Positive,
422,3,True,Staff,very good service from the family that owns it,Positive,
422,3,True,Location,close to the city and very accessible by any transportation,Positive,
422,3,True,Facility,The mini bar was really well equipped and very cheap,Positive,
423,1,True,Room,Rooms are so clean and comfortable,Positive,
423,1,True,Staff,Staff was amazing and very welcoming,Positive,
423,1,True,Location,Walking distance from the beach and very easy access to public transportation,Positive,
423,1,True,Price,variety of snacks at very affordable price,Positive,
423,2,True,Room,Rooms are so clean and comfortable,Positive,
423,2,True,Staff,Staff was amazing and very welcoming,Positive,
423,2,True,Location,Walking distance from the beach and very easy access to public transportation,Positive,
423,2,True,Price,variety of snacks at very affordable price,Positive,
423,3,True,Room,Rooms are so clean and comfortable,Positive,
423,3,True,Staff,Staff was amazing and very welcoming,Positive,
423,3,True,Location,Walking distance from the beach and very easy access to public transportation,Positive,
423,3,True,Price,variety of snacks at very affordable price,Positive,
424,1,False,Room,Family room that fits a family of five.,Positive,
424,1,False,Staff,Super friendly staff.,Positive,
424,1,False,Food,Fantastic breakfast.,Positive,
424,1,False,Location,Close to jogging trails along the lake and close to the airport.,Positive,
424,2,False,Room,Family room that fits a family of five.,Positive,
424,2,False,Staff,Super friendly staff.,Positive,
424,2,False,Food,Fantastic breakfast.,Positive,
424,2,False,Location,Close to jogging trails along the lake and close to the airport.,Positive,
424,3,False,Room,Family room that fits a family of five.,Positive,
424,3,False,Staff,Super friendly staff.,Positive,
424,3,False,Food,Fantastic breakfast.,Positive,
424,3,False,Location,Close to jogging trails along the lake and close to the airport.,Positive,
425,1,False,(parse failed),,,json_parse_error: Expecting value: line 1 column 1 (char 0)
425,2,False,(parse failed),,,json_parse_error: Expecting value: line 1 column 1 (char 0)
425,3,False,(parse failed),,,json_parse_error: Expecting value: line 1 column 1 (char 0)
426,1,True,Room,comfortable bed lovely soft duvet and pillows.,Positive,
426,2,True,Room,comfortable bed lovely soft duvet and pillows.,Positive,
426,3,True,Room,comfortable bed lovely soft duvet and pillows.,Positive,
427,1,True,Staff,spotlessly clean and the staff were so helpful.,Positive,
427,1,True,Location,it was not on the beach front as we were under the impression it was.,Negative,
427,2,True,Staff,spotlessly clean and the staff were so helpful.,Positive,
427,2,True,Location,it was not on the beach front as we were under the impression it was.,Negative,
427,3,True,Staff,spotlessly clean and the staff were so helpful.,Positive,
427,3,True,Location,it was not on the beach front as we were under the impression it was.,Negative,
428,1,True,(no topics found),,,
428,2,True,(no topics found),,,
428,3,True,(no topics found),,,
429,1,False,Room,Bed was very soft and uncomfortable for me.,Negative,
429,1,False,Location,Quiet location.,Positive,
429,1,False,Parking,limited parking,Negative,
429,2,False,Room,Bed was very soft and uncomfortable for me.,Negative,
429,2,False,Location,Quiet location.,Positive,
429,2,False,Parking,limited parking,Negative,
429,3,False,Room,Bed was very soft and uncomfortable for me.,Negative,
429,3,False,Location,Quiet location.,Positive,
429,3,False,Parking,limited parking,Negative,
430,1,True,(no topics found),,,
430,2,True,(no topics found),,,
430,3,True,(no topics found),,,
431,1,False,Room,The room was large and had a nice balcony.,Positive,
431,1,False,Location,The bus stop into town was around the corner.,Positive,
431,1,False,Restaurant,The restaurant was decent.,Positive,
431,1,False,Mini-mart,There was nothing close by for a mini Mart.,Negative,
431,2,False,Room,The room was large and had a nice balcony.,Positive,
431,2,False,Location,The bus stop into town was around the corner.,Positive,
431,2,False,Restaurant,The restaurant was decent.,Positive,
431,2,False,Mini-mart,There was nothing close by for a mini Mart.,Negative,
431,3,False,Room,The room was large and had a nice balcony.,Positive,
431,3,False,Location,The bus stop into town was around the corner.,Positive,
431,3,False,Restaurant,The restaurant was decent.,Positive,
431,3,False,Mini-mart,There was nothing close by for a mini Mart.,Negative,
432,1,False,Location,Short walk to Mckenzie beach.,Positive,
432,1,False,Location,Cute balconies.,Positive,
432,1,False,Location,Clean and comfortable.,Positive,
432,1,False,Street-parking,Street parking.,Negative,
432,2,False,Location,Short walk to Mckenzie beach.,Positive,
432,2,False,Location,Cute balconies.,Positive,
432,2,False,Location,Clean and comfortable.,Positive,
432,2,False,Street-parking,Street parking.,Negative,
432,3,False,Location,Short walk to Mckenzie beach.,Positive,
432,3,False,Location,Cute balconies.,Positive,
432,3,False,Location,Clean and comfortable.,Positive,
432,3,False,Street-parking,Street parking.,Negative,
433,1,False,(parse failed),,,json_parse_error: Expecting value: line 1 column 1 (char 0)
433,2,False,(parse failed),,,json_parse_error: Expecting value: line 1 column 1 (char 0)
433,3,False,(parse failed),,,json_parse_error: Expecting value: line 1 column 1 (char 0)
434,1,False,Location,Near to the airport,Positive,
434,1,False,Unpleasant-issue,There was some kind of unpleasant smell in the bathroom,Negative,
434,2,False,Location,Near to the airport,Positive,
434,2,False,Unpleasant-issue,There was some kind of unpleasant smell in the bathroom,Negative,
434,3,False,Location,Near to the airport,Positive,
434,3,False,Unpleasant-issue,There was some kind of unpleasant smell in the bathroom,Negative,
435,1,True,Location,close to the airports,Positive,
435,1,True,Price,this is a guesthouse that is priced like a hotel,Negative,
435,2,True,Location,close to the airports,Positive,
435,2,True,Price,this is a guesthouse that is priced like a hotel,Negative,
435,3,True,Location,close to the airports,Positive,
435,3,True,Price,this is a guesthouse that is priced like a hotel,Negative,
436,1,True,Room,The room was perfectly clean.,Positive,
436,1,True,Staff,Maria and Richard are really great hosts! Very kind and hospitable.,Positive,
436,1,True,Location,Central location.,Positive,
436,1,True,Facility,The room was perfectly clean.,Positive,
436,1,True,Price,For that money,Negative,
436,2,True,Room,The room was perfectly clean.,Positive,
436,2,True,Staff,Maria and Richard are really great hosts! Very kind and hospitable.,Positive,
436,2,True,Location,Central location.,Positive,
436,2,True,Facility,The room was perfectly clean.,Positive,
436,2,True,Price,For that money,Negative,
436,3,True,Room,The room was perfectly clean.,Positive,
436,3,True,Staff,Maria and Richard are really great hosts! Very kind and hospitable.,Positive,
436,3,True,Location,Central location.,Positive,
436,3,True,Facility,The room was perfectly clean.,Positive,
436,3,True,Price,For that money,Negative,
437,1,False,Room,The rooms were a bit small for a suite.,Negative,
437,1,False,Food,No breakfast included.,Negative,
437,1,False,Food,We tried it one time at their restaurant and it was low quality compared to an original greek breakfast.,Negative,
437,1,False,Price,For what you get it was a bit expensive.,Negative,
437,1,False,Cleanliness,It was clean.,Positive,
437,1,False,Comfort,The beds were comfortable.,Positive,
437,2,False,Room,The rooms were a bit small for a suite.,Negative,
437,2,False,Food,No breakfast included.,Negative,
437,2,False,Food,We tried it one time at their restaurant and it was low quality compared to an original greek breakfast.,Negative,
437,2,False,Price,For what you get it was a bit expensive.,Negative,
437,2,False,Cleanliness,It was clean.,Positive,
437,2,False,Comfort,The beds were comfortable.,Positive,
437,3,False,Room,The rooms were a bit small for a suite.,Negative,
437,3,False,Food,No breakfast included.,Negative,
437,3,False,Food,We tried it one time at their restaurant and it was low quality compared to an original greek breakfast.,Negative,
437,3,False,Price,For what you get it was a bit expensive.,Negative,
437,3,False,Cleanliness,It was clean.,Positive,
437,3,False,Comfort,The beds were comfortable.,Positive,
438,1,True,Room,Very spacious and clean room.,Positive,
438,1,True,Staff,Very friendly people.,Positive,
438,1,True,Location,Very close to the Larnaka airport as we needed it to be.,Positive,
438,2,True,Room,Very spacious and clean room.,Positive,
438,2,True,Staff,Very friendly people.,Positive,
438,2,True,Location,Very close to the Larnaka airport as we needed it to be.,Positive,
438,3,True,Room,Very spacious and clean room.,Positive,
438,3,True,Staff,Very friendly people.,Positive,
438,3,True,Location,Very close to the Larnaka airport as we needed it to be.,Positive,
439,1,True,Room,Room quite small.,Negative,
439,1,True,Location,Usefully located hotel in between city centre and airport.,Positive,
439,1,True,Food,Restaurant was offering a rather narrow set of choices compared to what was listed on the menu.,Negative,
439,1,True,Food,Restaurant stayed open reasonably late so I could eat after an evening arrival in Cyprus.,Positive,
439,2,True,Room,Room quite small.,Negative,
439,2,True,Location,Usefully located hotel in between city centre and airport.,Positive,
439,2,True,Food,Restaurant was offering a rather narrow set of choices compared to what was listed on the menu.,Negative,
439,2,True,Food,Restaurant stayed open reasonably late so I could eat after an evening arrival in Cyprus.,Positive,
439,3,True,Room,Room quite small.,Negative,
439,3,True,Location,Usefully located hotel in between city centre and airport.,Positive,
439,3,True,Food,Restaurant was offering a rather narrow set of choices compared to what was listed on the menu.,Negative,
439,3,True,Food,Restaurant stayed open reasonably late so I could eat after an evening arrival in Cyprus.,Positive,
440,1,False,Room,Very modern rooms,Positive,
440,1,False,Staff,Friendly Staff!,Positive,
440,1,False,Cleanliness,"Bath room was cleaned rather superficially, so that medium nice with hair not being removed.",Negative,
440,2,False,Room,Very modern rooms,Positive,
440,2,False,Staff,Friendly Staff!,Positive,
440,2,False,Cleanliness,"Bath room was cleaned rather superficially, so that medium nice with hair not being removed.",Negative,
440,3,False,Room,Very modern rooms,Positive,
440,3,False,Staff,Friendly Staff!,Positive,
440,3,False,Cleanliness,"Bath room was cleaned rather superficially, so that medium nice with hair not being removed.",Negative,
441,1,True,Room,the room was PERFECT,Positive,
441,1,True,Room,Cold floor in the room,Negative,
441,1,True,Location,bit far from the center,Negative,
441,1,True,Facility,Some issues with internet,Negative,
441,2,True,Room,the room was PERFECT,Positive,
441,2,True,Room,Cold floor in the room,Negative,
441,2,True,Location,bit far from the center,Negative,
441,2,True,Facility,Some issues with internet,Negative,
441,3,True,Room,the room was PERFECT,Positive,
441,3,True,Room,Cold floor in the room,Negative,
441,3,True,Location,bit far from the center,Negative,
441,3,True,Facility,Some issues with internet,Negative,
442,1,False,Room,Room was a little cold.,Negative,
442,1,False,Food,Breakfast was very filling.,Positive,
442,1,False,Location,It was located on the table in front of us (funny question).,,
442,2,False,Room,Room was a little cold.,Negative,
442,2,False,Food,Breakfast was very filling.,Positive,
442,2,False,Location,It was located on the table in front of us (funny question).,,
442,3,False,Room,Room was a little cold.,Negative,
442,3,False,Food,Breakfast was very filling.,Positive,
442,3,False,Location,It was located on the table in front of us (funny question).,,
443,1,False,Room,clean room,Positive,
443,1,False,Staff,friendly staff,Positive,
443,1,False,Off,"off season, no bar / restaurant / pool",Negative,
443,2,False,Room,clean room,Positive,
443,2,False,Staff,friendly staff,Positive,
443,2,False,Off,"off season, no bar / restaurant / pool",Negative,
443,3,False,Room,clean room,Positive,
443,3,False,Staff,friendly staff,Positive,
443,3,False,Off,"off season, no bar / restaurant / pool",Negative,
444,1,False,Room,that i couldn’t wait for 15min as i had just fractured my ankle and need to change my bandage and the Lady of the house was literally standing next to the door with a cleaner to clean the room.,Negative,
444,1,False,Staff,The Lady of the house was literally standing next to the door with a cleaner to clean the room.,Positive,
444,2,False,Room,that i couldn’t wait for 15min as i had just fractured my ankle and need to change my bandage and the Lady of the house was literally standing next to the door with a cleaner to clean the room.,Negative,
444,2,False,Staff,The Lady of the house was literally standing next to the door with a cleaner to clean the room.,Positive,
444,3,False,Room,that i couldn’t wait for 15min as i had just fractured my ankle and need to change my bandage and the Lady of the house was literally standing next to the door with a cleaner to clean the room.,Negative,
444,3,False,Staff,The Lady of the house was literally standing next to the door with a cleaner to clean the room.,Positive,
445,1,True,Location,Nice clean little hotel next to the airport,Positive,
445,1,True,Food,Breakfast was below average,Negative,
445,2,True,Location,Nice clean little hotel next to the airport,Positive,
445,2,True,Food,Breakfast was below average,Negative,
445,3,True,Location,Nice clean little hotel next to the airport,Positive,
445,3,True,Food,Breakfast was below average,Negative,
446,1,True,Location,Location very good,Positive,
446,1,True,Food,evening meal was poor,Negative,
446,2,True,Location,Location very good,Positive,
446,2,True,Food,evening meal was poor,Negative,
446,3,True,Location,Location very good,Positive,
446,3,True,Food,evening meal was poor,Negative,
447,1,False,Staff,the staff were lovely,Positive,
447,1,False,Bed,The bed and pillows were very uncomfortable,Negative,
447,1,False,TV,the telly was not working properly,Negative,
447,2,False,Staff,the staff were lovely,Positive,
447,2,False,Bed,The bed and pillows were very uncomfortable,Negative,
447,2,False,TV,the telly was not working properly,Negative,
447,3,False,Staff,the staff were lovely,Positive,
447,3,False,Bed,The bed and pillows were very uncomfortable,Negative,
447,3,False,TV,the telly was not working properly,Negative,
448,1,False,Room,Clean room.,Positive,
448,1,False,Location,Good location for makenzie beach.,Positive,
448,1,False,Staff,Staff was excellent,Positive,
448,2,False,Room,Clean room.,Positive,
448,2,False,Location,Good location for makenzie beach.,Positive,
448,2,False,Staff,Staff was excellent,Positive,
448,3,False,Room,Clean room.,Positive,
448,3,False,Location,Good location for makenzie beach.,Positive,
448,3,False,Staff,Staff was excellent,Positive,
449,1,True,Location,Close to the airport,Positive,
449,1,True,Booking-issue,We booked a taxi at 04:30 in the morning to go to the airport. Very frustrating that the host didnt inform us that his taxi had a double Booking instead of ordening another for us.,Negative,
449,2,True,Location,Close to the airport,Positive,
449,2,True,Booking-issue,We booked a taxi at 04:30 in the morning to go to the airport. Very frustrating that the host didnt inform us that his taxi had a double Booking instead of ordening another for us.,Negative,
449,3,True,Location,Close to the airport,Positive,
449,3,True,Booking-issue,We booked a taxi at 04:30 in the morning to go to the airport. Very frustrating that the host didnt inform us that his taxi had a double Booking instead of ordening another for us.,Negative,
450,1,True,Room,Room Cleanliness,Positive,
450,1,True,Staff,Friendly and Helpful Staff.,Positive,
450,2,True,Room,Room Cleanliness,Positive,
450,2,True,Staff,Friendly and Helpful Staff.,Positive,
450,3,True,Room,Room Cleanliness,Positive,
450,3,True,Staff,Friendly and Helpful Staff.,Positive,
451,1,False,Room,Rooms are a nice size,Positive,
451,1,False,Room,twin beds are provided,Positive,
451,1,False,Room,the pillows is not comfortable at all,Negative,
451,1,False,Facility,neat and modern hotel facility,Positive,
451,1,False,Facility,property have great potential,Positive,
451,1,False,Location,close from the airport,Positive,
451,1,False,Location,close to the famous Makenzie Beach,Positive,
451,2,False,Room,Rooms are a nice size,Positive,
451,2,False,Room,twin beds are provided,Positive,
451,2,False,Room,the pillows is not comfortable at all,Negative,
451,2,False,Facility,neat and modern hotel facility,Positive,
451,2,False,Facility,property have great potential,Positive,
451,2,False,Location,close from the airport,Positive,
451,2,False,Location,close to the famous Makenzie Beach,Positive,
451,3,False,Room,Rooms are a nice size,Positive,
451,3,False,Room,twin beds are provided,Positive,
451,3,False,Room,the pillows is not comfortable at all,Negative,
451,3,False,Facility,neat and modern hotel facility,Positive,
451,3,False,Facility,property have great potential,Positive,
451,3,False,Location,close from the airport,Positive,
451,3,False,Location,close to the famous Makenzie Beach,Positive,
452,1,False,Staff,Friendly welcoming staff,Positive,
452,1,False,Location,Proximity to airport,Positive,
452,1,False,Facility,Spotlessly clean,Positive,
452,1,False,Facility,COVID prevention measures taken,Positive,
452,1,False,Check-in,Easy check-in,Positive,
452,2,False,Staff,Friendly welcoming staff,Positive,
452,2,False,Location,Proximity to airport,Positive,
452,2,False,Facility,Spotlessly clean,Positive,
452,2,False,Facility,COVID prevention measures taken,Positive,
452,2,False,Check-in,Easy check-in,Positive,
452,3,False,Staff,Friendly welcoming staff,Positive,
452,3,False,Location,Proximity to airport,Positive,
452,3,False,Facility,Spotlessly clean,Positive,
452,3,False,Facility,COVID prevention measures taken,Positive,
452,3,False,Check-in,Easy check-in,Positive,
453,1,False,Location,close to mackenzie beach,Positive,
453,2,False,Location,close to mackenzie beach,Positive,
453,3,False,Location,close to mackenzie beach,Positive,
454,1,True,(no topics found),,,
454,2,True,(no topics found),,,
454,3,True,(no topics found),,,
455,1,False,Room,"It’s clean, you can easily pass here one night before flying back",Positive,
455,1,False,Location,The location was not great,Negative,
455,1,False,Facility,the pool not even to be considered,Negative,
455,1,False,Facility,The aircon was too strong,Negative,
455,1,False,Staff,the guy was offended becaue asked to see the room before paying,Negative,
455,1,False,Off,The pictures of the room are accurate but fot the hotel installation and pool have a look to ‘Pasithea Apartments’,,
455,2,False,Room,"It’s clean, you can easily pass here one night before flying back",Positive,
455,2,False,Location,The location was not great,Negative,
455,2,False,Facility,the pool not even to be considered,Negative,
455,2,False,Facility,The aircon was too strong,Negative,
455,2,False,Staff,the guy was offended becaue asked to see the room before paying,Negative,
455,2,False,Off,The pictures of the room are accurate but fot the hotel installation and pool have a look to ‘Pasithea Apartments’,,
455,3,False,Room,"It’s clean, you can easily pass here one night before flying back",Positive,
455,3,False,Location,The location was not great,Negative,
455,3,False,Facility,the pool not even to be considered,Negative,
455,3,False,Facility,The aircon was too strong,Negative,
455,3,False,Staff,the guy was offended becaue asked to see the room before paying,Negative,
455,3,False,Off,The pictures of the room are accurate but fot the hotel installation and pool have a look to ‘Pasithea Apartments’,,
456,1,False,(parse failed),,,json_parse_error: Expecting value: line 1 column 1 (char 0)
456,2,False,(parse failed),,,json_parse_error: Expecting value: line 1 column 1 (char 0)
456,3,False,(parse failed),,,json_parse_error: Expecting value: line 1 column 1 (char 0)
457,1,True,Room,The way room are furnished is not comfortable,Negative,
457,1,True,Location,I like the quietness and it’s close to airport,Positive,
457,2,True,Room,The way room are furnished is not comfortable,Negative,
457,2,True,Location,I like the quietness and it’s close to airport,Positive,
457,3,True,Room,The way room are furnished is not comfortable,Negative,
457,3,True,Location,I like the quietness and it’s close to airport,Positive,
458,1,True,Facility,Basic night stay but facilities are limited.,Positive,
458,1,True,Facility,Limited food options,Negative,
458,1,True,Facility,Noisy,Negative,
458,1,True,Facility,"some items were not ready. Example, there is no rod for hangers in the wardrobe, the safe wasn’t fixed.",Negative,
458,2,True,Facility,Basic night stay but facilities are limited.,Positive,
458,2,True,Facility,Limited food options,Negative,
458,2,True,Facility,Noisy,Negative,
458,2,True,Facility,"some items were not ready. Example, there is no rod for hangers in the wardrobe, the safe wasn’t fixed.",Negative,
458,3,True,Facility,Basic night stay but facilities are limited.,Positive,
458,3,True,Facility,Limited food options,Negative,
458,3,True,Facility,Noisy,Negative,
458,3,True,Facility,"some items were not ready. Example, there is no rod for hangers in the wardrobe, the safe wasn’t fixed.",Negative,
459,1,False,Room,"Very comfortable bed, room very new and comfortable.",Positive,
459,1,False,TV,TV did not work,Negative,
459,1,False,Noise,garbage truck passes at 3 a.m with an incredible noise,Negative,
459,2,False,Room,"Very comfortable bed, room very new and comfortable.",Positive,
459,2,False,TV,TV did not work,Negative,
459,2,False,Noise,garbage truck passes at 3 a.m with an incredible noise,Negative,
459,3,False,Room,"Very comfortable bed, room very new and comfortable.",Positive,
459,3,False,TV,TV did not work,Negative,
459,3,False,Noise,garbage truck passes at 3 a.m with an incredible noise,Negative,
460,1,False,Room,Room was very clean upon arrival,Positive,
460,1,False,Staff,staff was very polite,Positive,
460,1,False,Location,Location was excellent,Positive,
460,1,False,Price,Rate was very expensive for what it offered,Negative,
460,1,False,Facility,no emptying garbage can,Negative,
460,1,False,Service,No cleaning service,Negative,
460,2,False,Room,Room was very clean upon arrival,Positive,
460,2,False,Staff,staff was very polite,Positive,
460,2,False,Location,Location was excellent,Positive,
460,2,False,Price,Rate was very expensive for what it offered,Negative,
460,2,False,Facility,no emptying garbage can,Negative,
460,2,False,Service,No cleaning service,Negative,
460,3,False,Room,Room was very clean upon arrival,Positive,
460,3,False,Staff,staff was very polite,Positive,
460,3,False,Location,Location was excellent,Positive,
460,3,False,Price,Rate was very expensive for what it offered,Negative,
460,3,False,Facility,no emptying garbage can,Negative,
460,3,False,Service,No cleaning service,Negative,
461,1,False,Staff,The people working there were kind and responsive.,Positive,
461,1,False,Facility,our plumbing had complications twice,Negative,
461,1,False,Facility,the cleaning crew cleaned out our rooms and threw out a box of cookies,Negative,
461,2,False,Staff,The people working there were kind and responsive.,Positive,
461,2,False,Facility,our plumbing had complications twice,Negative,
461,2,False,Facility,the cleaning crew cleaned out our rooms and threw out a box of cookies,Negative,
461,3,False,Staff,The people working there were kind and responsive.,Positive,
461,3,False,Facility,our plumbing had complications twice,Negative,
461,3,False,Facility,the cleaning crew cleaned out our rooms and threw out a box of cookies,Negative,
462,1,True,Location,excellent location,Positive,
462,1,True,Facility,clean and modern,Positive,
462,2,True,Location,excellent location,Positive,
462,2,True,Facility,clean and modern,Positive,
462,3,True,Location,excellent location,Positive,
462,3,True,Facility,clean and modern,Positive,
463,1,True,(no topics found),,,
463,2,True,(no topics found),,,
463,3,True,(no topics found),,,
464,1,True,Room,"The room was nice and clean, the two beds were set up as we requested",Positive,
464,1,True,Facility,There wasn’t a fan in the bathroom so opening the window was required,Negative,
464,2,True,Room,"The room was nice and clean, the two beds were set up as we requested",Positive,
464,2,True,Facility,There wasn’t a fan in the bathroom so opening the window was required,Negative,
464,3,True,Room,"The room was nice and clean, the two beds were set up as we requested",Positive,
464,3,True,Facility,There wasn’t a fan in the bathroom so opening the window was required,Negative,
465,1,True,Room,"Room fresh, clean and modern. Same as shown in photos.",Positive,
465,1,True,Location,"Calm area, close to the beach, many restaurants and coffee shops there.",Positive,
465,1,True,Check-in,Bus station very close.,Positive,
465,1,True,Food,Breakfast above expectations.,Positive,
465,1,True,Off,nothing,Negative,
465,2,True,Room,"Room fresh, clean and modern. Same as shown in photos.",Positive,
465,2,True,Location,"Calm area, close to the beach, many restaurants and coffee shops there.",Positive,
465,2,True,Check-in,Bus station very close.,Positive,
465,2,True,Food,Breakfast above expectations.,Positive,
465,2,True,Off,nothing,Negative,
465,3,True,Room,"Room fresh, clean and modern. Same as shown in photos.",Positive,
465,3,True,Location,"Calm area, close to the beach, many restaurants and coffee shops there.",Positive,
465,3,True,Check-in,Bus station very close.,Positive,
465,3,True,Food,Breakfast above expectations.,Positive,
465,3,True,Off,nothing,Negative,
466,1,True,Location,"Hotel is very close to the airport, nice place to stay if you arrive late at night.",Positive,
466,2,True,Location,"Hotel is very close to the airport, nice place to stay if you arrive late at night.",Positive,
466,3,True,Location,"Hotel is very close to the airport, nice place to stay if you arrive late at night.",Positive,
467,1,False,Facility,Liked the happy and smiling welcome that greets you once you arrive at the property.,Positive,
467,1,False,Off,Not applicable,,
467,1,False,Welcome,I will definitely return and I can thoroughly recommend this property. Thank you very much!,Positive,
467,2,False,Facility,Liked the happy and smiling welcome that greets you once you arrive at the property.,Positive,
467,2,False,Off,Not applicable,,
467,2,False,Welcome,I will definitely return and I can thoroughly recommend this property. Thank you very much!,Positive,
467,3,False,Facility,Liked the happy and smiling welcome that greets you once you arrive at the property.,Positive,
467,3,False,Off,Not applicable,,
467,3,False,Welcome,I will definitely return and I can thoroughly recommend this property. Thank you very much!,Positive,
468,1,True,Room,room very nice and clean,Positive,
468,1,True,Staff,Nice staff,Positive,
468,1,True,Facility,Swimming pool could be cleaner,Negative,
468,2,True,Room,room very nice and clean,Positive,
468,2,True,Staff,Nice staff,Positive,
468,2,True,Facility,Swimming pool could be cleaner,Negative,
468,3,True,Room,room very nice and clean,Positive,
468,3,True,Staff,Nice staff,Positive,
468,3,True,Facility,Swimming pool could be cleaner,Negative,
469,1,True,Room,Rooms are updated and clean.,Positive,
469,1,True,Staff,Very helpful and knowledgeable staff.,Positive,
469,2,True,Room,Rooms are updated and clean.,Positive,
469,2,True,Staff,Very helpful and knowledgeable staff.,Positive,
469,3,True,Room,Rooms are updated and clean.,Positive,
469,3,True,Staff,Very helpful and knowledgeable staff.,Positive,
470,1,False,Room,clean,Positive,
470,1,False,Staff,owners very nice and friendly,Positive,
470,2,False,Room,clean,Positive,
470,2,False,Staff,owners very nice and friendly,Positive,
470,3,False,Room,clean,Positive,
470,3,False,Staff,owners very nice and friendly,Positive,
471,1,False,Room,"Very clean, modern rooms, comfortable bed and good shower.",Positive,
471,1,False,Staff,Very helpful staff.,Positive,
471,1,False,Location,Very close to beach.,Positive,
471,1,False,Location,A little way from main town.,Negative,
471,2,False,Room,"Very clean, modern rooms, comfortable bed and good shower.",Positive,
471,2,False,Staff,Very helpful staff.,Positive,
471,2,False,Location,Very close to beach.,Positive,
471,2,False,Location,A little way from main town.,Negative,
471,3,False,Room,"Very clean, modern rooms, comfortable bed and good shower.",Positive,
471,3,False,Staff,Very helpful staff.,Positive,
471,3,False,Location,Very close to beach.,Positive,
471,3,False,Location,A little way from main town.,Negative,
472,1,False,Food,Huge and delicious breakfast.,Positive,
472,2,False,Food,Huge and delicious breakfast.,Positive,
472,3,False,Food,Huge and delicious breakfast.,Positive,
473,1,True,Room,Very nice rooms.,Positive,
473,1,True,Room,Clean.,Positive,
473,1,True,Staff,Friendly staff and service.,Positive,
473,2,True,Room,Very nice rooms.,Positive,
473,2,True,Room,Clean.,Positive,
473,2,True,Staff,Friendly staff and service.,Positive,
473,3,True,Room,Very nice rooms.,Positive,
473,3,True,Room,Clean.,Positive,
473,3,True,Staff,Friendly staff and service.,Positive,
474,1,True,Food,Very poor lunch (breakfast).,Negative,
474,1,True,Price,Overpriced for its facilities,Negative,
474,1,True,Facility,"Clean, smart devices.",Positive,
474,2,True,Food,Very poor lunch (breakfast).,Negative,
474,2,True,Price,Overpriced for its facilities,Negative,
474,2,True,Facility,"Clean, smart devices.",Positive,
474,3,True,Food,Very poor lunch (breakfast).,Negative,
474,3,True,Price,Overpriced for its facilities,Negative,
474,3,True,Facility,"Clean, smart devices.",Positive,
475,1,True,Room,"The floor is not cleaned enough, full of dust, water does not drain and floods the room",Negative,
475,2,True,Room,"The floor is not cleaned enough, full of dust, water does not drain and floods the room",Negative,
475,3,True,Room,"The floor is not cleaned enough, full of dust, water does not drain and floods the room",Negative,
476,1,False,Room,The size of the room,Positive,
476,1,False,Staff,The kindness of the staff,Positive,
476,1,False,Location,the location,Positive,
476,2,False,Room,The size of the room,Positive,
476,2,False,Staff,The kindness of the staff,Positive,
476,2,False,Location,the location,Positive,
476,3,False,Room,The size of the room,Positive,
476,3,False,Staff,The kindness of the staff,Positive,
476,3,False,Location,the location,Positive,
477,1,False,Staff,Very kind staff.,Positive,
477,1,False,Food,"Delicious food,",Positive,
477,1,False,Cleanliness,impeccable cleanliness.,Positive,
477,2,False,Staff,Very kind staff.,Positive,
477,2,False,Food,"Delicious food,",Positive,
477,2,False,Cleanliness,impeccable cleanliness.,Positive,
477,3,False,Staff,Very kind staff.,Positive,
477,3,False,Food,"Delicious food,",Positive,
477,3,False,Cleanliness,impeccable cleanliness.,Positive,
478,1,False,Room,The cleanliness of the room.,Positive,
478,1,False,Staff,The kindness of the staff.,Positive,
478,1,False,Location,the location.,Positive,
478,2,False,Room,The cleanliness of the room.,Positive,
478,2,False,Staff,The kindness of the staff.,Positive,
478,2,False,Location,the location.,Positive,
478,3,False,Room,The cleanliness of the room.,Positive,
478,3,False,Staff,The kindness of the staff.,Positive,
478,3,False,Location,the location.,Positive,
479,1,True,Room,"Friendly, clean hotel, functionally furnished.",Positive,
479,1,True,Staff,Very friendly host.,Positive,
479,1,True,Location,Proximity to the airport (3km) and the beach including numerous restaurants (500m).,Positive,
479,1,True,Food,"Good breakfast directly in the hotel, to be paid separately (various options up to 10 EUR).",Positive,
479,2,True,Room,"Friendly, clean hotel, functionally furnished.",Positive,
479,2,True,Staff,Very friendly host.,Positive,
479,2,True,Location,Proximity to the airport (3km) and the beach including numerous restaurants (500m).,Positive,
479,2,True,Food,"Good breakfast directly in the hotel, to be paid separately (various options up to 10 EUR).",Positive,
479,3,True,Room,"Friendly, clean hotel, functionally furnished.",Positive,
479,3,True,Staff,Very friendly host.,Positive,
479,3,True,Location,Proximity to the airport (3km) and the beach including numerous restaurants (500m).,Positive,
479,3,True,Food,"Good breakfast directly in the hotel, to be paid separately (various options up to 10 EUR).",Positive,
480,1,True,Staff,French speaking and competent staff.,Positive,
480,2,True,Staff,French speaking and competent staff.,Positive,
480,3,True,Staff,French speaking and competent staff.,Positive,
481,1,True,Staff,The staff is kind and welcoming.,Positive,
481,2,True,Staff,The staff is kind and welcoming.,Positive,
481,3,True,Staff,The staff is kind and welcoming.,Positive,
482,1,False,Room,the rooms were not soundproofed enough,Negative,
482,1,False,Staff,helpful reception,Positive,
482,1,False,Facility,pleasant accommodation,Positive,
482,1,False,Cleanliness,cleanliness,Positive,
482,2,False,Room,the rooms were not soundproofed enough,Negative,
482,2,False,Staff,helpful reception,Positive,
482,2,False,Facility,pleasant accommodation,Positive,
482,2,False,Cleanliness,cleanliness,Positive,
482,3,False,Room,the rooms were not soundproofed enough,Negative,
482,3,False,Staff,helpful reception,Positive,
482,3,False,Facility,pleasant accommodation,Positive,
482,3,False,Cleanliness,cleanliness,Positive,
483,1,False,Staff,The staff are extremely friendly and always happy to help when needed.,Positive,
483,1,False,Staff,They were always ready to answer any of our questions.,Positive,
483,1,False,Location,"In a very good location, close to the airport, especially if you have an early or late flight, and also close to the beach.",Positive,
483,1,False,Noise,The main reason for not giving the highest rating is the noise.,Negative,
483,1,False,Seal,there were problems with the sealing and closing of the window.,Negative,
483,2,False,Staff,The staff are extremely friendly and always happy to help when needed.,Positive,
483,2,False,Staff,They were always ready to answer any of our questions.,Positive,
483,2,False,Location,"In a very good location, close to the airport, especially if you have an early or late flight, and also close to the beach.",Positive,
483,2,False,Noise,The main reason for not giving the highest rating is the noise.,Negative,
483,2,False,Seal,there were problems with the sealing and closing of the window.,Negative,
483,3,False,Staff,The staff are extremely friendly and always happy to help when needed.,Positive,
483,3,False,Staff,They were always ready to answer any of our questions.,Positive,
483,3,False,Location,"In a very good location, close to the airport, especially if you have an early or late flight, and also close to the beach.",Positive,
483,3,False,Noise,The main reason for not giving the highest rating is the noise.,Negative,
483,3,False,Seal,there were problems with the sealing and closing of the window.,Negative,
484,1,False,(parse failed),,,json_parse_error: Expecting value: line 1 column 1 (char 0)
484,2,False,(parse failed),,,json_parse_error: Expecting value: line 1 column 1 (char 0)
484,3,False,(parse failed),,,json_parse_error: Expecting value: line 1 column 1 (char 0)
485,1,True,Staff,wonderful hotel and staff!,Positive,
485,2,True,Staff,wonderful hotel and staff!,Positive,
485,3,True,Staff,wonderful hotel and staff!,Positive,
486,1,False,Room,The room was very clean and very spacious.,Positive,
486,1,False,Room,The mattresses and pillows were excellent.,Positive,
486,1,False,Facility,The water in the shower in the evening was lukewarm,Negative,
486,2,False,Room,The room was very clean and very spacious.,Positive,
486,2,False,Room,The mattresses and pillows were excellent.,Positive,
486,2,False,Facility,The water in the shower in the evening was lukewarm,Negative,
486,3,False,Room,The room was very clean and very spacious.,Positive,
486,3,False,Room,The mattresses and pillows were excellent.,Positive,
486,3,False,Facility,The water in the shower in the evening was lukewarm,Negative,
487,1,True,(no topics found),,,
487,2,True,(no topics found),,,
487,3,True,(no topics found),,,
488,1,True,(no topics found),,,
488,2,True,(no topics found),,,
488,3,True,(no topics found),,,
489,1,False,Room,nice and comfortable small room.,Positive,
489,1,False,Staff,Friendly staff and very good advice,Positive,
489,1,False,Location,The beach is 10 minutes walk,Positive,
489,1,False,Location,10 minutes by bus,Positive,
489,1,False,Facility,good availability of free parking spaces at the bottom of the hotel,Positive,
489,2,False,Room,nice and comfortable small room.,Positive,
489,2,False,Staff,Friendly staff and very good advice,Positive,
489,2,False,Location,The beach is 10 minutes walk,Positive,
489,2,False,Location,10 minutes by bus,Positive,
489,2,False,Facility,good availability of free parking spaces at the bottom of the hotel,Positive,
489,3,False,Room,nice and comfortable small room.,Positive,
489,3,False,Staff,Friendly staff and very good advice,Positive,
489,3,False,Location,The beach is 10 minutes walk,Positive,
489,3,False,Location,10 minutes by bus,Positive,
489,3,False,Facility,good availability of free parking spaces at the bottom of the hotel,Positive,
490,1,True,Location,Proximity to the airport,Positive,
490,1,True,Food,excellent cuisine,Positive,
490,2,True,Location,Proximity to the airport,Positive,
490,2,True,Food,excellent cuisine,Positive,
490,3,True,Location,Proximity to the airport,Positive,
490,3,True,Food,excellent cuisine,Positive,
491,1,False,Room,"Practical rooms, balconies in each room.",Positive,
491,1,False,Location,good location for the airport.,Positive,
491,1,False,Staff,Listening staff.,Positive,
491,1,False,Noise,The noise.,Negative,
491,1,False,Soundproofing,The rooms are poorly soundproofed.,Negative,
491,2,False,Room,"Practical rooms, balconies in each room.",Positive,
491,2,False,Location,good location for the airport.,Positive,
491,2,False,Staff,Listening staff.,Positive,
491,2,False,Noise,The noise.,Negative,
491,2,False,Soundproofing,The rooms are poorly soundproofed.,Negative,
491,3,False,Room,"Practical rooms, balconies in each room.",Positive,
491,3,False,Location,good location for the airport.,Positive,
491,3,False,Staff,Listening staff.,Positive,
491,3,False,Noise,The noise.,Negative,
491,3,False,Soundproofing,The rooms are poorly soundproofed.,Negative,
492,1,False,Room,"bed duvet much too thick, we suffocate underneath! ",Negative,
492,1,False,Facility,heavy use of tiling,Negative,
492,1,False,Location,"near the airport, ideal for a late arrival or a very early departure",Positive,
492,1,False,Off,Do not use this hotel other than for a stopover night near the airport,Negative,
492,2,False,Room,"bed duvet much too thick, we suffocate underneath! ",Negative,
492,2,False,Facility,heavy use of tiling,Negative,
492,2,False,Location,"near the airport, ideal for a late arrival or a very early departure",Positive,
492,2,False,Off,Do not use this hotel other than for a stopover night near the airport,Negative,
492,3,False,Room,"bed duvet much too thick, we suffocate underneath! ",Negative,
492,3,False,Facility,heavy use of tiling,Negative,
492,3,False,Location,"near the airport, ideal for a late arrival or a very early departure",Positive,
492,3,False,Off,Do not use this hotel other than for a stopover night near the airport,Negative,
493,1,True,(no topics found),,,
493,2,True,(no topics found),,,
493,3,True,(no topics found),,,
494,1,True,Staff,Very kind staff,Positive,
494,1,True,Location,Very close to the airport,Positive,
494,2,True,Staff,Very kind staff,Positive,
494,2,True,Location,Very close to the airport,Positive,
494,3,True,Staff,Very kind staff,Positive,
494,3,True,Location,Very close to the airport,Positive,
495,1,True,Location,clean close to the beach close to the field Intimate and quiet,Positive,
495,2,True,Location,clean close to the beach close to the field Intimate and quiet,Positive,
495,3,True,Location,clean close to the beach close to the field Intimate and quiet,Positive,
496,1,True,Staff,friendly service,Positive,
496,1,True,Location,Great location close to the airport,Positive,
496,1,True,Food,delicious breakfasts,Positive,
496,2,True,Staff,friendly service,Positive,
496,2,True,Location,Great location close to the airport,Positive,
496,2,True,Food,delicious breakfasts,Positive,
496,3,True,Staff,friendly service,Positive,
496,3,True,Location,Great location close to the airport,Positive,
496,3,True,Food,delicious breakfasts,Positive,
497,1,False,Room,the room was spacious and clean.,Positive,
497,1,False,Staff,welcoming and helpful staff.,Positive,
497,1,False,Staff,Tony,Positive,
497,1,False,Location,close to the airport and the beach,Positive,
497,1,False,Food,the restaurant is very varied.,Positive,
497,2,False,Room,the room was spacious and clean.,Positive,
497,2,False,Staff,welcoming and helpful staff.,Positive,
497,2,False,Staff,Tony,Positive,
497,2,False,Location,close to the airport and the beach,Positive,
497,2,False,Food,the restaurant is very varied.,Positive,
497,3,False,Room,the room was spacious and clean.,Positive,
497,3,False,Staff,welcoming and helpful staff.,Positive,
497,3,False,Staff,Tony,Positive,
497,3,False,Location,close to the airport and the beach,Positive,
497,3,False,Food,the restaurant is very varied.,Positive,
498,1,False,Staff,"Great welcome, very pleasant contact, very helpful",Positive,
498,1,False,Location,close,Positive,
498,1,False,Access,not so easy with the bus,Negative,
498,2,False,Staff,"Great welcome, very pleasant contact, very helpful",Positive,
498,2,False,Location,close,Positive,
498,2,False,Access,not so easy with the bus,Negative,
498,3,False,Staff,"Great welcome, very pleasant contact, very helpful",Positive,
498,3,False,Location,close,Positive,
498,3,False,Access,not so easy with the bus,Negative,
499,1,False,Room,The room had everything you need,Positive,
499,1,False,Staff,Very helpful staff,Positive,
499,1,False,Location,The hotel is located close to Larnaca airport,Positive,
499,1,False,Facility,The bathroom,Positive,
499,2,False,Room,The room had everything you need,Positive,
499,2,False,Staff,Very helpful staff,Positive,
499,2,False,Location,The hotel is located close to Larnaca airport,Positive,
499,2,False,Facility,The bathroom,Positive,
499,3,False,Room,The room had everything you need,Positive,
499,3,False,Staff,Very helpful staff,Positive,
499,3,False,Location,The hotel is located close to Larnaca airport,Positive,
499,3,False,Facility,The bathroom,Positive,
500,1,False,Location,It is very central.,Positive,
500,1,False,Location,The accommodation itself is very good.,Positive,
500,1,False,Location,The problem is finding it.,Neutral,
500,1,False,Noise,the guests in the upper apartment didn't stop making noise at 3am,Negative,
500,1,False,Parking,We had to leave the car far away.,Negative,
500,2,False,Location,It is very central.,Positive,
500,2,False,Location,The accommodation itself is very good.,Positive,
500,2,False,Location,The problem is finding it.,Neutral,
500,2,False,Noise,the guests in the upper apartment didn't stop making noise at 3am,Negative,
500,2,False,Parking,We had to leave the car far away.,Negative,
500,3,False,Location,It is very central.,Positive,
500,3,False,Location,The accommodation itself is very good.,Positive,
500,3,False,Location,The problem is finding it.,Neutral,
500,3,False,Noise,the guests in the upper apartment didn't stop making noise at 3am,Negative,
500,3,False,Parking,We had to leave the car far away.,Negative,
501,1,True,Room,Simple and comfortable rooms,Positive,
501,1,True,Location,The hotel is very clean and close to the airport,Positive,
501,1,True,Food,"The restaurant in the hotel lobby is good, although it took a relatively long time for our food to be ready",Positive,
501,2,True,Room,Simple and comfortable rooms,Positive,
501,2,True,Location,The hotel is very clean and close to the airport,Positive,
501,2,True,Food,"The restaurant in the hotel lobby is good, although it took a relatively long time for our food to be ready",Positive,
501,3,True,Room,Simple and comfortable rooms,Positive,
501,3,True,Location,The hotel is very clean and close to the airport,Positive,
501,3,True,Food,"The restaurant in the hotel lobby is good, although it took a relatively long time for our food to be ready",Positive,
502,1,False,Service,the service is also great,Positive,
502,1,False,Cleanliness,clean,Positive,
502,2,False,Service,the service is also great,Positive,
502,2,False,Cleanliness,clean,Positive,
502,3,False,Service,the service is also great,Positive,
502,3,False,Cleanliness,clean,Positive,
503,1,False,(parse failed),,,json_parse_error: Expecting value: line 1 column 1 (char 0)
503,2,False,(parse failed),,,json_parse_error: Expecting value: line 1 column 1 (char 0)
503,3,False,(parse failed),,,json_parse_error: Expecting value: line 1 column 1 (char 0)
504,1,True,(no topics found),,,
504,2,True,(no topics found),,,
504,3,True,(no topics found),,,
505,1,False,Room,Modern furnished and very clean room,Positive,
505,1,False,Staff,friendly staff,Positive,
505,1,False,Food,"Nice restaurant in the house, great coffee!",Positive,
505,1,False,Location,"Close to the city center, the airport and the sea",Positive,
505,1,False,Price,Price/performance is totally right,Positive,
505,2,False,Room,Modern furnished and very clean room,Positive,
505,2,False,Staff,friendly staff,Positive,
505,2,False,Food,"Nice restaurant in the house, great coffee!",Positive,
505,2,False,Location,"Close to the city center, the airport and the sea",Positive,
505,2,False,Price,Price/performance is totally right,Positive,
505,3,False,Room,Modern furnished and very clean room,Positive,
505,3,False,Staff,friendly staff,Positive,
505,3,False,Food,"Nice restaurant in the house, great coffee!",Positive,
505,3,False,Location,"Close to the city center, the airport and the sea",Positive,
505,3,False,Price,Price/performance is totally right,Positive,
506,1,True,Location,location,Positive,
506,1,True,Facility,simple and modern furnishings,Positive,
506,1,True,Facility,new like the whole structure,Positive,
506,2,True,Location,location,Positive,
506,2,True,Facility,simple and modern furnishings,Positive,
506,2,True,Facility,new like the whole structure,Positive,
506,3,True,Location,location,Positive,
506,3,True,Facility,simple and modern furnishings,Positive,
506,3,True,Facility,new like the whole structure,Positive,
507,1,False,Room,The room is spacious enough,Positive,
507,1,False,Staff,The staff at the reception willingly arranged a ride to the airport for us,Positive,
507,1,False,Facility,The hotel is very modernly furnished,Positive,
507,2,False,Room,The room is spacious enough,Positive,
507,2,False,Staff,The staff at the reception willingly arranged a ride to the airport for us,Positive,
507,2,False,Facility,The hotel is very modernly furnished,Positive,
507,3,False,Room,The room is spacious enough,Positive,
507,3,False,Staff,The staff at the reception willingly arranged a ride to the airport for us,Positive,
507,3,False,Facility,The hotel is very modernly furnished,Positive,
508,1,True,(no topics found),,,
508,2,True,(no topics found),,,
508,3,True,(no topics found),,,
509,1,True,Staff,very nice and helpful staff.,Positive,
509,1,True,Facility,Nice facility,Positive,
509,2,True,Staff,very nice and helpful staff.,Positive,
509,2,True,Facility,Nice facility,Positive,
509,3,True,Staff,very nice and helpful staff.,Positive,
509,3,True,Facility,Nice facility,Positive,
510,1,True,Room,"Cramped, the third bed for a child is more suitable for a baby, minimalist room accessories",Negative,
510,1,True,Location,"Proximity to the airport, clean and cheap",Positive,
510,2,True,Room,"Cramped, the third bed for a child is more suitable for a baby, minimalist room accessories",Negative,
510,2,True,Location,"Proximity to the airport, clean and cheap",Positive,
510,3,True,Room,"Cramped, the third bed for a child is more suitable for a baby, minimalist room accessories",Negative,
510,3,True,Location,"Proximity to the airport, clean and cheap",Positive,
511,1,True,(no topics found),,,
511,2,True,(no topics found),,,
511,3,True,(no topics found),,,
512,1,True,Staff,the staff is available and always helps,Positive,
512,2,True,Staff,the staff is available and always helps,Positive,
512,3,True,Staff,the staff is available and always helps,Positive,
513,1,False,Room,The room for 5 was very tight. Suitable for one night no more,Negative,
513,1,False,Location,The place is close to the airport and easy to get to. A short distance from the promenade where you can find nice restaurants on the beach,Positive,
513,1,False,Check-in,We arrived late and the directions were clear and easy,Positive,
513,1,False,Cleanliness,The place is clean and everything was exactly as expected,Positive,
513,2,False,Room,The room for 5 was very tight. Suitable for one night no more,Negative,
513,2,False,Location,The place is close to the airport and easy to get to. A short distance from the promenade where you can find nice restaurants on the beach,Positive,
513,2,False,Check-in,We arrived late and the directions were clear and easy,Positive,
513,2,False,Cleanliness,The place is clean and everything was exactly as expected,Positive,
513,3,False,Room,The room for 5 was very tight. Suitable for one night no more,Negative,
513,3,False,Location,The place is close to the airport and easy to get to. A short distance from the promenade where you can find nice restaurants on the beach,Positive,
513,3,False,Check-in,We arrived late and the directions were clear and easy,Positive,
513,3,False,Cleanliness,The place is clean and everything was exactly as expected,Positive,
514,1,True,(no topics found),,,
514,2,True,(no topics found),,,
514,3,True,(no topics found),,,
515,1,True,Staff,Very nice staff.,Positive,
515,1,True,Location,I really liked the location. Close to the lake and the beach.,Positive,
515,2,True,Staff,Very nice staff.,Positive,
515,2,True,Location,I really liked the location. Close to the lake and the beach.,Positive,
515,3,True,Staff,Very nice staff.,Positive,
515,3,True,Location,I really liked the location. Close to the lake and the beach.,Positive,
516,1,True,Staff,friendliness of staff,Positive,
516,2,True,Staff,friendliness of staff,Positive,
516,3,True,Staff,friendliness of staff,Positive,
517,1,True,Staff,The manager very friendly,Positive,
517,1,True,Facility,the hotel of very good quality,Positive,
517,2,True,Staff,The manager very friendly,Positive,
517,2,True,Facility,the hotel of very good quality,Positive,
517,3,True,Staff,The manager very friendly,Positive,
517,3,True,Facility,the hotel of very good quality,Positive,
518,1,True,(no topics found),,,
518,2,True,(no topics found),,,
518,3,True,(no topics found),,,
519,1,True,Staff,Staff very polite and helpful almost family atmosphere.,Positive,
519,1,True,Location,great location near MacKenzie beach,Positive,
519,1,True,Food,Very good breakfast,Positive,
519,2,True,Staff,Staff very polite and helpful almost family atmosphere.,Positive,
519,2,True,Location,great location near MacKenzie beach,Positive,
519,2,True,Food,Very good breakfast,Positive,
519,3,True,Staff,Staff very polite and helpful almost family atmosphere.,Positive,
519,3,True,Location,great location near MacKenzie beach,Positive,
519,3,True,Food,Very good breakfast,Positive,
521,1,True,Room,"Very clean, well organized, nothing missing, pleasant balcony, nice hosts, comfortable mattress.",Positive,
521,1,True,Staff,nice hosts,Positive,
521,1,True,Facility,air conditioner,Negative,
521,2,True,Room,"Very clean, well organized, nothing missing, pleasant balcony, nice hosts, comfortable mattress.",Positive,
521,2,True,Staff,nice hosts,Positive,
521,2,True,Facility,air conditioner,Negative,
521,3,True,Room,"Very clean, well organized, nothing missing, pleasant balcony, nice hosts, comfortable mattress.",Positive,
521,3,True,Staff,nice hosts,Positive,
521,3,True,Facility,air conditioner,Negative,
522,1,True,Staff,friendly staff,Positive,
522,2,True,Staff,friendly staff,Positive,
522,3,True,Staff,friendly staff,Positive,
523,1,False,Staff,Amazing team!!!,Positive,
523,1,False,Staff,helps with any question and problem... smiling and patient.,Positive,
523,1,False,Staff,Changed us to a family room that we requested..,Positive,
523,1,False,Staff,They gave us great recommendations for places in the city.,Positive,
523,1,False,Staff,Order taxis for us...help with car rental.,Positive,
523,1,False,Staff,They even celebrated our daughter's birthday with a surprise..,Positive,
523,2,False,Staff,Amazing team!!!,Positive,
523,2,False,Staff,helps with any question and problem... smiling and patient.,Positive,
523,2,False,Staff,Changed us to a family room that we requested..,Positive,
523,2,False,Staff,They gave us great recommendations for places in the city.,Positive,
523,2,False,Staff,Order taxis for us...help with car rental.,Positive,
523,2,False,Staff,They even celebrated our daughter's birthday with a surprise..,Positive,
523,3,False,Staff,Amazing team!!!,Positive,
523,3,False,Staff,helps with any question and problem... smiling and patient.,Positive,
523,3,False,Staff,Changed us to a family room that we requested..,Positive,
523,3,False,Staff,They gave us great recommendations for places in the city.,Positive,
523,3,False,Staff,Order taxis for us...help with car rental.,Positive,
523,3,False,Staff,They even celebrated our daughter's birthday with a surprise..,Positive,
524,1,True,Staff,Professional staff.,Positive,
524,1,True,Location,Good location.,Positive,
524,1,True,Food,Excellent food,Positive,
524,1,True,Price,A place that gives full value for the price.,Positive,
524,2,True,Staff,Professional staff.,Positive,
524,2,True,Location,Good location.,Positive,
524,2,True,Food,Excellent food,Positive,
524,2,True,Price,A place that gives full value for the price.,Positive,
524,3,True,Staff,Professional staff.,Positive,
524,3,True,Location,Good location.,Positive,
524,3,True,Food,Excellent food,Positive,
524,3,True,Price,A place that gives full value for the price.,Positive,
525,1,True,(no topics found),,,
525,2,True,(no topics found),,,
525,3,True,(no topics found),,,
526,1,True,(no topics found),,,
526,2,True,(no topics found),,,
526,3,True,(no topics found),,,
527,1,True,Staff,The staff extremely friendly.,Positive,
527,1,True,Location,In addition to being very well located near Larnaca airport and mckenzie beach.,Positive,
527,2,True,Staff,The staff extremely friendly.,Positive,
527,2,True,Location,In addition to being very well located near Larnaca airport and mckenzie beach.,Positive,
527,3,True,Staff,The staff extremely friendly.,Positive,
527,3,True,Location,In addition to being very well located near Larnaca airport and mckenzie beach.,Positive,
528,1,True,Location,it met our expectations!,Positive,
528,1,True,Facility,"New hotel, everything is clean and fresh.",Positive,
528,2,True,Location,it met our expectations!,Positive,
528,2,True,Facility,"New hotel, everything is clean and fresh.",Positive,
528,3,True,Location,it met our expectations!,Positive,
528,3,True,Facility,"New hotel, everything is clean and fresh.",Positive,
529,1,False,Cleanliness,10/10,Positive,
529,1,False,Design,10/10,Positive,
529,1,False,Soundproofing,07/10,Positive,
529,1,False,Balcony furniture set,08/10,Positive,
529,1,False,Set of shampoo etc. for the bathroom,08/10,Positive,
529,2,False,Cleanliness,10/10,Positive,
529,2,False,Design,10/10,Positive,
529,2,False,Soundproofing,07/10,Positive,
529,2,False,Balcony furniture set,08/10,Positive,
529,2,False,Set of shampoo etc. for the bathroom,08/10,Positive,
529,3,False,Cleanliness,10/10,Positive,
529,3,False,Design,10/10,Positive,
529,3,False,Soundproofing,07/10,Positive,
529,3,False,Balcony furniture set,08/10,Positive,
529,3,False,Set of shampoo etc. for the bathroom,08/10,Positive,
530,1,True,Staff,The staff was very nice and polite,Positive,
530,1,True,Location,Not far from the beach,Positive,
530,1,True,Location,In an easy and quiet place,Positive,
530,2,True,Staff,The staff was very nice and polite,Positive,
530,2,True,Location,Not far from the beach,Positive,
530,2,True,Location,In an easy and quiet place,Positive,
530,3,True,Staff,The staff was very nice and polite,Positive,
530,3,True,Location,Not far from the beach,Positive,
530,3,True,Location,In an easy and quiet place,Positive,
531,1,True,Room,"Clean, tidy, comfortable and beautiful room.",Positive,
531,1,True,Location,Location close to the airport and the promenade by the sea.,Positive,
531,1,True,Staff,Courteous and welcoming service.,Positive,
531,2,True,Room,"Clean, tidy, comfortable and beautiful room.",Positive,
531,2,True,Location,Location close to the airport and the promenade by the sea.,Positive,
531,2,True,Staff,Courteous and welcoming service.,Positive,
531,3,True,Room,"Clean, tidy, comfortable and beautiful room.",Positive,
531,3,True,Location,Location close to the airport and the promenade by the sea.,Positive,
531,3,True,Staff,Courteous and welcoming service.,Positive,
532,1,False,Room,large rooms!,Positive,
532,1,False,Location,The proximity to the airport,Positive,
532,1,False,Facility,free parking,Positive,
532,1,False,Cleanliness,very clean,Positive,
532,2,False,Room,large rooms!,Positive,
532,2,False,Location,The proximity to the airport,Positive,
532,2,False,Facility,free parking,Positive,
532,2,False,Cleanliness,very clean,Positive,
532,3,False,Room,large rooms!,Positive,
532,3,False,Location,The proximity to the airport,Positive,
532,3,False,Facility,free parking,Positive,
532,3,False,Cleanliness,very clean,Positive,
533,1,True,Food,The cook particularly affable fast and delicious irreproachable service. A real Lebanese tabbouleh all hearty I recommend the restaurant as much as the hotel,Positive,
533,2,True,Food,The cook particularly affable fast and delicious irreproachable service. A real Lebanese tabbouleh all hearty I recommend the restaurant as much as the hotel,Positive,
533,3,True,Food,The cook particularly affable fast and delicious irreproachable service. A real Lebanese tabbouleh all hearty I recommend the restaurant as much as the hotel,Positive,
534,1,True,Food,Very good homemade breakfast.,Positive,
534,2,True,Food,Very good homemade breakfast.,Positive,
534,3,True,Food,Very good homemade breakfast.,Positive,
535,1,True,Staff,very friendly and helpful hosts.,Positive,
535,1,True,Location,30 minute walk from Larnaca center,Positive,
535,1,True,Location,10 minute walk from beautiful Mackenzie Beach,Positive,
535,2,True,Staff,very friendly and helpful hosts.,Positive,
535,2,True,Location,30 minute walk from Larnaca center,Positive,
535,2,True,Location,10 minute walk from beautiful Mackenzie Beach,Positive,
535,3,True,Staff,very friendly and helpful hosts.,Positive,
535,3,True,Location,30 minute walk from Larnaca center,Positive,
535,3,True,Location,10 minute walk from beautiful Mackenzie Beach,Positive,
536,1,False,Location,An intimate hotel with service at the highest level.,Positive,
536,1,False,Location,the cuisine is simple but tasty.,Positive,
536,1,False,Location,Location on +.,Positive,
536,1,False,Location,"close to the beach, gastronomy and the airport",Positive,
536,2,False,Location,An intimate hotel with service at the highest level.,Positive,
536,2,False,Location,the cuisine is simple but tasty.,Positive,
536,2,False,Location,Location on +.,Positive,
536,2,False,Location,"close to the beach, gastronomy and the airport",Positive,
536,3,False,Location,An intimate hotel with service at the highest level.,Positive,
536,3,False,Location,the cuisine is simple but tasty.,Positive,
536,3,False,Location,Location on +.,Positive,
536,3,False,Location,"close to the beach, gastronomy and the airport",Positive,
537,1,False,(no topics found),,,[] should be non-empty; [] should be non-empty; [] should be non-empty; [] should be non-empty; [] should be non-empty; [] should be non-empty; [] should be non-empty; [] should be non-empty; [] should be non-empty; [] should be non-empty; [] should be non-empty
537,2,False,(no topics found),,,[] should be non-empty; [] should be non-empty; [] should be non-empty; [] should be non-empty; [] should be non-empty; [] should be non-empty; [] should be non-empty; [] should be non-empty; [] should be non-empty; [] should be non-empty; [] should be non-empty
537,3,False,(no topics found),,,[] should be non-empty; [] should be non-empty; [] should be non-empty; [] should be non-empty; [] should be non-empty; [] should be non-empty; [] should be non-empty; [] should be non-empty; [] should be non-empty; [] should be non-empty; [] should be non-empty
538,1,True,Room,Rooms may be a bit small for a longer stay,Negative,
538,1,True,Location,Good location close to the airport,Positive,
538,1,True,Location,"easily accessible by taxi, there is also a bus route nearby",Positive,
538,1,True,Check-in,self-check-in without any problems,Positive,
538,2,True,Room,Rooms may be a bit small for a longer stay,Negative,
538,2,True,Location,Good location close to the airport,Positive,
538,2,True,Location,"easily accessible by taxi, there is also a bus route nearby",Positive,
538,2,True,Check-in,self-check-in without any problems,Positive,
538,3,True,Room,Rooms may be a bit small for a longer stay,Negative,
538,3,True,Location,Good location close to the airport,Positive,
538,3,True,Location,"easily accessible by taxi, there is also a bus route nearby",Positive,
538,3,True,Check-in,self-check-in without any problems,Positive,
539,1,True,Staff,"lovely staff, ready to help at any hour",Positive,
539,2,True,Staff,"lovely staff, ready to help at any hour",Positive,
539,3,True,Staff,"lovely staff, ready to help at any hour",Positive,
540,1,False,(parse failed),,,json_parse_error: Expecting value: line 1 column 1 (char 0)
540,2,False,(parse failed),,,json_parse_error: Expecting value: line 1 column 1 (char 0)
540,3,False,(parse failed),,,json_parse_error: Expecting value: line 1 column 1 (char 0)
541,1,False,Staff,Courteous and helpful staff,Positive,
541,1,False,Location,Strategic location: the property is close to both the airport and Mackenzie Beach.,Positive,
541,1,False,Location,In fifteen minutes of walking along the sea you can also reach Finikoudes.,Positive,
541,1,False,Facility,excellent up and modern furnishings,Positive,
541,1,False,Facility,maximum cleanliness,Positive,
541,2,False,Staff,Courteous and helpful staff,Positive,
541,2,False,Location,Strategic location: the property is close to both the airport and Mackenzie Beach.,Positive,
541,2,False,Location,In fifteen minutes of walking along the sea you can also reach Finikoudes.,Positive,
541,2,False,Facility,excellent up and modern furnishings,Positive,
541,2,False,Facility,maximum cleanliness,Positive,
541,3,False,Staff,Courteous and helpful staff,Positive,
541,3,False,Location,Strategic location: the property is close to both the airport and Mackenzie Beach.,Positive,
541,3,False,Location,In fifteen minutes of walking along the sea you can also reach Finikoudes.,Positive,
541,3,False,Facility,excellent up and modern furnishings,Positive,
541,3,False,Facility,maximum cleanliness,Positive,
542,1,False,Room,superior room with a balcony,Positive,
542,1,False,Location,very close to the airport,Positive,
542,1,False,Location,within walking distance from the hotel,Positive,
542,1,False,Location,close to the beach,Positive,
542,1,False,Check-in,we were seated very quickly,Positive,
542,2,False,Room,superior room with a balcony,Positive,
542,2,False,Location,very close to the airport,Positive,
542,2,False,Location,within walking distance from the hotel,Positive,
542,2,False,Location,close to the beach,Positive,
542,2,False,Check-in,we were seated very quickly,Positive,
542,3,False,Room,superior room with a balcony,Positive,
542,3,False,Location,very close to the airport,Positive,
542,3,False,Location,within walking distance from the hotel,Positive,
542,3,False,Location,close to the beach,Positive,
542,3,False,Check-in,we were seated very quickly,Positive,
543,1,False,Room,recently refurbished rooms.,Positive,
543,1,False,Parking,Little parking nearby arriving in the evening,Negative,
543,2,False,Room,recently refurbished rooms.,Positive,
543,2,False,Parking,Little parking nearby arriving in the evening,Negative,
543,3,False,Room,recently refurbished rooms.,Positive,
543,3,False,Parking,Little parking nearby arriving in the evening,Negative,
544,1,False,Hospitality,All. The sense of hospitality of the owner.,Positive,
544,2,False,Hospitality,All. The sense of hospitality of the owner.,Positive,
544,3,False,Hospitality,All. The sense of hospitality of the owner.,Positive,
545,1,True,Food,We had dinner and it was perfect,Positive,
545,2,True,Food,We had dinner and it was perfect,Positive,
545,3,True,Food,We had dinner and it was perfect,Positive,
546,1,False,Location,convenient location,Positive,
546,1,False,Location,Walking distance to Mackenzie Beach and Salt Lake,Positive,
546,1,False,Check-in,no problem with check-in after 12 at night,Positive,
546,1,False,Parking,Parking next to the hotel,Positive,
546,2,False,Location,convenient location,Positive,
546,2,False,Location,Walking distance to Mackenzie Beach and Salt Lake,Positive,
546,2,False,Check-in,no problem with check-in after 12 at night,Positive,
546,2,False,Parking,Parking next to the hotel,Positive,
546,3,False,Location,convenient location,Positive,
546,3,False,Location,Walking distance to Mackenzie Beach and Salt Lake,Positive,
546,3,False,Check-in,no problem with check-in after 12 at night,Positive,
546,3,False,Parking,Parking next to the hotel,Positive,
547,1,True,Room,"large comfortable bed, clean linen, cozy.",Positive,
547,1,True,Location,close to the airport (7-10 minutes by taxi),Positive,
547,2,True,Room,"large comfortable bed, clean linen, cozy.",Positive,
547,2,True,Location,close to the airport (7-10 minutes by taxi),Positive,
547,3,True,Room,"large comfortable bed, clean linen, cozy.",Positive,
547,3,True,Location,close to the airport (7-10 minutes by taxi),Positive,
548,1,True,Food,Arabic food,Positive,
548,1,True,Food,Have to pay for breakfast,Negative,
548,2,True,Food,Arabic food,Positive,
548,2,True,Food,Have to pay for breakfast,Negative,
548,3,True,Food,Arabic food,Positive,
548,3,True,Food,Have to pay for breakfast,Negative,
549,1,True,Staff,Super nice staff.,Positive,
549,1,True,Location,Great location,Positive,
549,2,True,Staff,Super nice staff.,Positive,
549,2,True,Location,Great location,Positive,
549,3,True,Staff,Super nice staff.,Positive,
549,3,True,Location,Great location,Positive,
550,1,False,Room,The rooms are big and very clean! There is also a balcony.,Positive,
550,1,False,Staff,Tony the hotel owner is a great man! Helped us with everything we needed,Positive,
550,1,False,Off,everything will be alright,Positive,
550,2,False,Room,The rooms are big and very clean! There is also a balcony.,Positive,
550,2,False,Staff,Tony the hotel owner is a great man! Helped us with everything we needed,Positive,
550,2,False,Off,everything will be alright,Positive,
550,3,False,Room,The rooms are big and very clean! There is also a balcony.,Positive,
550,3,False,Staff,Tony the hotel owner is a great man! Helped us with everything we needed,Positive,
550,3,False,Off,everything will be alright,Positive,
551,1,False,Staff,"A very welcoming staff, smiling and always available to satisfy you.",Positive,
551,1,False,Location,The proximity to the famous Mackenzie Beach is an asset for this charming hotel.,Positive,
551,1,False,Location,the beach is around 5 minutes walk,Positive,
551,2,False,Staff,"A very welcoming staff, smiling and always available to satisfy you.",Positive,
551,2,False,Location,The proximity to the famous Mackenzie Beach is an asset for this charming hotel.,Positive,
551,2,False,Location,the beach is around 5 minutes walk,Positive,
551,3,False,Staff,"A very welcoming staff, smiling and always available to satisfy you.",Positive,
551,3,False,Location,The proximity to the famous Mackenzie Beach is an asset for this charming hotel.,Positive,
551,3,False,Location,the beach is around 5 minutes walk,Positive,
552,1,True,Room,"The rooms are pleasant, clean, the beds are comfortable, everything is new and clean!!",Positive,
552,2,True,Room,"The rooms are pleasant, clean, the beds are comfortable, everything is new and clean!!",Positive,
552,3,True,Room,"The rooms are pleasant, clean, the beds are comfortable, everything is new and clean!!",Positive,
553,1,False,Room,clean rooms,Positive,
553,1,False,Staff,very nice staff,Positive,
553,1,False,Bed,comfortable bed,Positive,
553,2,False,Room,clean rooms,Positive,
553,2,False,Staff,very nice staff,Positive,
553,2,False,Bed,comfortable bed,Positive,
553,3,False,Room,clean rooms,Positive,
553,3,False,Staff,very nice staff,Positive,
553,3,False,Bed,comfortable bed,Positive,
554,1,False,Location,"The situation, extremely close to the airport for a very early departure or a late arrival, and extremely close to the beach and its entertainment (restaurants, bars...).",Positive,
554,1,False,Facility,"Very clean, very comfortable, brand new!",Positive,
554,1,False,Welcome,Very friendly and pleasant welcome.,Positive,
554,2,False,Location,"The situation, extremely close to the airport for a very early departure or a late arrival, and extremely close to the beach and its entertainment (restaurants, bars...).",Positive,
554,2,False,Facility,"Very clean, very comfortable, brand new!",Positive,
554,2,False,Welcome,Very friendly and pleasant welcome.,Positive,
554,3,False,Location,"The situation, extremely close to the airport for a very early departure or a late arrival, and extremely close to the beach and its entertainment (restaurants, bars...).",Positive,
554,3,False,Facility,"Very clean, very comfortable, brand new!",Positive,
554,3,False,Welcome,Very friendly and pleasant welcome.,Positive,
555,1,True,Room,Clean room,Positive,
555,1,True,Room,Bed 5 could be opened and was less comfortable,Negative,
555,1,True,Staff,We were received with a beautiful and kind hospitality by the hotel staff,Positive,
555,1,True,Facility,There is a kettle and a fridge in the room,Positive,
555,1,True,Location,Close to Larnaca airport. Less than 10 minutes,Positive,
555,2,True,Room,Clean room,Positive,
555,2,True,Room,Bed 5 could be opened and was less comfortable,Negative,
555,2,True,Staff,We were received with a beautiful and kind hospitality by the hotel staff,Positive,
555,2,True,Facility,There is a kettle and a fridge in the room,Positive,
555,2,True,Location,Close to Larnaca airport. Less than 10 minutes,Positive,
555,3,True,Room,Clean room,Positive,
555,3,True,Room,Bed 5 could be opened and was less comfortable,Negative,
555,3,True,Staff,We were received with a beautiful and kind hospitality by the hotel staff,Positive,
555,3,True,Facility,There is a kettle and a fridge in the room,Positive,
555,3,True,Location,Close to Larnaca airport. Less than 10 minutes,Positive,
556,1,False,Room,"Lovely and clean room, enough for a family with 3 children. Two rooms.",Positive,
556,1,False,Room,The children's third bed was a bit problematic and not very stable.,Negative,
556,1,False,Location,The location near the airport is convenient for those who need to fly early in the morning.,Positive,
556,1,False,Location,There is a lovely promenade on the sea (McKenzie Beach) with worthwhile restaurants - very worth going in the evening.,Positive,
556,1,False,Facility,There is a shuttle to the field.,Positive,
556,2,False,Room,"Lovely and clean room, enough for a family with 3 children. Two rooms.",Positive,
556,2,False,Room,The children's third bed was a bit problematic and not very stable.,Negative,
556,2,False,Location,The location near the airport is convenient for those who need to fly early in the morning.,Positive,
556,2,False,Location,There is a lovely promenade on the sea (McKenzie Beach) with worthwhile restaurants - very worth going in the evening.,Positive,
556,2,False,Facility,There is a shuttle to the field.,Positive,
556,3,False,Room,"Lovely and clean room, enough for a family with 3 children. Two rooms.",Positive,
556,3,False,Room,The children's third bed was a bit problematic and not very stable.,Negative,
556,3,False,Location,The location near the airport is convenient for those who need to fly early in the morning.,Positive,
556,3,False,Location,There is a lovely promenade on the sea (McKenzie Beach) with worthwhile restaurants - very worth going in the evening.,Positive,
556,3,False,Facility,There is a shuttle to the field.,Positive,
557,1,False,Staff,kindness of the staff,Positive,
557,1,False,Food,"The breakfast offered by an independent service does not correspond quantitatively and qualitatively to the known levels of Cypriot hospitality and gastronomy, and the price of €12 for breakfast is much more expensive than the reasonable value (in terms of quality and quantity) of the offered product!",Negative,
557,1,False,Cleanliness,Cleanliness first,Positive,
557,1,False,Price,the price of €12 for breakfast,Negative,
557,2,False,Staff,kindness of the staff,Positive,
557,2,False,Food,"The breakfast offered by an independent service does not correspond quantitatively and qualitatively to the known levels of Cypriot hospitality and gastronomy, and the price of €12 for breakfast is much more expensive than the reasonable value (in terms of quality and quantity) of the offered product!",Negative,
557,2,False,Cleanliness,Cleanliness first,Positive,
557,2,False,Price,the price of €12 for breakfast,Negative,
557,3,False,Staff,kindness of the staff,Positive,
557,3,False,Food,"The breakfast offered by an independent service does not correspond quantitatively and qualitatively to the known levels of Cypriot hospitality and gastronomy, and the price of €12 for breakfast is much more expensive than the reasonable value (in terms of quality and quantity) of the offered product!",Negative,
557,3,False,Cleanliness,Cleanliness first,Positive,
557,3,False,Price,the price of €12 for breakfast,Negative,
558,1,True,(no topics found),,,
558,2,True,(no topics found),,,
558,3,True,(no topics found),,,
559,1,True,(no topics found),,,
559,2,True,(no topics found),,,
559,3,True,(no topics found),,,
560,1,False,Location,Excellent location near the airport. Good for an overnight stay after a late or early morning flight.,Positive,
560,1,False,Hotel-issue,"There was no hot water the two nights we slept there. And even when we complained, they said they took care of it and it wasn't taken care of.",Negative,
560,2,False,Location,Excellent location near the airport. Good for an overnight stay after a late or early morning flight.,Positive,
560,2,False,Hotel-issue,"There was no hot water the two nights we slept there. And even when we complained, they said they took care of it and it wasn't taken care of.",Negative,
560,3,False,Location,Excellent location near the airport. Good for an overnight stay after a late or early morning flight.,Positive,
560,3,False,Hotel-issue,"There was no hot water the two nights we slept there. And even when we complained, they said they took care of it and it wasn't taken care of.",Negative,
561,1,True,Staff,kindness of the staff,Positive,
561,1,True,Staff,cleanliness,Positive,
561,2,True,Staff,kindness of the staff,Positive,
561,2,True,Staff,cleanliness,Positive,
561,3,True,Staff,kindness of the staff,Positive,
561,3,True,Staff,cleanliness,Positive,
562,1,False,Room,The room is really clean,Positive,
562,1,False,Location,close to Larnaca airport,Positive,
562,1,False,Check-in,it was really convenient to stop there because our flight landed in the middle of the night,Positive,
562,1,False,Cleanliness,The water in the bath is cold,Negative,
562,2,False,Room,The room is really clean,Positive,
562,2,False,Location,close to Larnaca airport,Positive,
562,2,False,Check-in,it was really convenient to stop there because our flight landed in the middle of the night,Positive,
562,2,False,Cleanliness,The water in the bath is cold,Negative,
562,3,False,Room,The room is really clean,Positive,
562,3,False,Location,close to Larnaca airport,Positive,
562,3,False,Check-in,it was really convenient to stop there because our flight landed in the middle of the night,Positive,
562,3,False,Cleanliness,The water in the bath is cold,Negative,
564,1,False,Room,The room was spotless and the sheets were musky!,Positive,
564,1,False,Staff,The staff is very kind and helpful!,Positive,
564,1,False,Check-in,while we arrived after midnight there was a person at the reception to check in,Positive,
564,2,False,Room,The room was spotless and the sheets were musky!,Positive,
564,2,False,Staff,The staff is very kind and helpful!,Positive,
564,2,False,Check-in,while we arrived after midnight there was a person at the reception to check in,Positive,
564,3,False,Room,The room was spotless and the sheets were musky!,Positive,
564,3,False,Staff,The staff is very kind and helpful!,Positive,
564,3,False,Check-in,while we arrived after midnight there was a person at the reception to check in,Positive,
565,1,False,Room,"Homer comfortable, clean, cleaned every day.",Positive,
565,1,False,Staff,attentive staff,Positive,
565,1,False,Staff,The owners of the hotel helped with all questions.,Positive,
565,1,False,Location,"Location near the airport, near Mackenzie beach - super convenient.",Positive,
565,1,False,Location,five minutes to the beach.,Positive,
565,1,False,Food,Delicious breakfasts,Positive,
565,2,False,Room,"Homer comfortable, clean, cleaned every day.",Positive,
565,2,False,Staff,attentive staff,Positive,
565,2,False,Staff,The owners of the hotel helped with all questions.,Positive,
565,2,False,Location,"Location near the airport, near Mackenzie beach - super convenient.",Positive,
565,2,False,Location,five minutes to the beach.,Positive,
565,2,False,Food,Delicious breakfasts,Positive,
565,3,False,Room,"Homer comfortable, clean, cleaned every day.",Positive,
565,3,False,Staff,attentive staff,Positive,
565,3,False,Staff,The owners of the hotel helped with all questions.,Positive,
565,3,False,Location,"Location near the airport, near Mackenzie beach - super convenient.",Positive,
565,3,False,Location,five minutes to the beach.,Positive,
565,3,False,Food,Delicious breakfasts,Positive,
566,1,True,Staff,Kindness of staff,Positive,
566,1,True,Staff,Staff speaks French,Positive,
566,1,True,Location,Location close to the airport,Positive,
566,2,True,Staff,Kindness of staff,Positive,
566,2,True,Staff,Staff speaks French,Positive,
566,2,True,Location,Location close to the airport,Positive,
566,3,True,Staff,Kindness of staff,Positive,
566,3,True,Staff,Staff speaks French,Positive,
566,3,True,Location,Location close to the airport,Positive,
567,1,False,Service,excellent service,Positive,
567,1,False,Help,they helped us with everything we needed,Positive,
567,1,False,Overall Experience,We liked everything,Positive,
567,2,False,Service,excellent service,Positive,
567,2,False,Help,they helped us with everything we needed,Positive,
567,2,False,Overall Experience,We liked everything,Positive,
567,3,False,Service,excellent service,Positive,
567,3,False,Help,they helped us with everything we needed,Positive,
567,3,False,Overall Experience,We liked everything,Positive,
568,1,False,Food,We only had drinks.,Positive,
568,1,False,Hotel-issue,The taxi driver who picked us up for the short drive to the airport ripped us off. Be sure to negotiate the price beforehand. It's your own fault!,Negative,
568,2,False,Food,We only had drinks.,Positive,
568,2,False,Hotel-issue,The taxi driver who picked us up for the short drive to the airport ripped us off. Be sure to negotiate the price beforehand. It's your own fault!,Negative,
568,3,False,Food,We only had drinks.,Positive,
568,3,False,Hotel-issue,The taxi driver who picked us up for the short drive to the airport ripped us off. Be sure to negotiate the price beforehand. It's your own fault!,Negative,
569,1,True,Room,"The hotel was recently renovated, rooms are in new and clean condition",Positive,
569,1,True,Room,"In addition, there is smart technology, there are electronic buttons to request cleaning for the room, a bell and remote control of the air conditioner if there is a problem.",Positive,
569,1,True,Staff,The hotel staff is simply charming and kind!,Positive,
569,1,True,Location,"Excellent location, 7 minutes walk from the boardwalk and the airport",Positive,
569,1,True,Taxi-issue,The hotel put us in touch with a taxi driver who took us to visit the mall and charged us decent prices.,Positive,
569,2,True,Room,"The hotel was recently renovated, rooms are in new and clean condition",Positive,
569,2,True,Room,"In addition, there is smart technology, there are electronic buttons to request cleaning for the room, a bell and remote control of the air conditioner if there is a problem.",Positive,
569,2,True,Staff,The hotel staff is simply charming and kind!,Positive,
569,2,True,Location,"Excellent location, 7 minutes walk from the boardwalk and the airport",Positive,
569,2,True,Taxi-issue,The hotel put us in touch with a taxi driver who took us to visit the mall and charged us decent prices.,Positive,
569,3,True,Room,"The hotel was recently renovated, rooms are in new and clean condition",Positive,
569,3,True,Room,"In addition, there is smart technology, there are electronic buttons to request cleaning for the room, a bell and remote control of the air conditioner if there is a problem.",Positive,
569,3,True,Staff,The hotel staff is simply charming and kind!,Positive,
569,3,True,Location,"Excellent location, 7 minutes walk from the boardwalk and the airport",Positive,
569,3,True,Taxi-issue,The hotel put us in touch with a taxi driver who took us to visit the mall and charged us decent prices.,Positive,
570,1,True,Staff,"Staff very welcoming, kind and very friendly.",Positive,
570,2,True,Staff,"Staff very welcoming, kind and very friendly.",Positive,
570,3,True,Staff,"Staff very welcoming, kind and very friendly.",Positive,
571,1,False,Room,Clean comfortable hotel,Positive,
571,1,False,Food,delicious breakfast,Positive,
571,1,False,Location,To the beach on foot 5 minutes,Positive,
571,1,False,Off,Only pleasant impressions remain,Positive,
571,2,False,Room,Clean comfortable hotel,Positive,
571,2,False,Food,delicious breakfast,Positive,
571,2,False,Location,To the beach on foot 5 minutes,Positive,
571,2,False,Off,Only pleasant impressions remain,Positive,
571,3,False,Room,Clean comfortable hotel,Positive,
571,3,False,Food,delicious breakfast,Positive,
571,3,False,Location,To the beach on foot 5 minutes,Positive,
571,3,False,Off,Only pleasant impressions remain,Positive,
572,1,False,Staff,"Friendly people both at the reception and in the restaurant, willing to serve",Positive,
572,1,False,Facility,The elevator. it needs more cleaning and maybe a complete renovation would be better.,Negative,
572,2,False,Staff,"Friendly people both at the reception and in the restaurant, willing to serve",Positive,
572,2,False,Facility,The elevator. it needs more cleaning and maybe a complete renovation would be better.,Negative,
572,3,False,Staff,"Friendly people both at the reception and in the restaurant, willing to serve",Positive,
572,3,False,Facility,The elevator. it needs more cleaning and maybe a complete renovation would be better.,Negative,
573,1,False,Room,"the calm and comfort of the bedding, the spacious room",Positive,
573,1,False,Balcony,the balcony,Positive,
573,1,False,Issue,the blue light on the balcony at night which interferes with sleeping open window,Negative,
573,2,False,Room,"the calm and comfort of the bedding, the spacious room",Positive,
573,2,False,Balcony,the balcony,Positive,
573,2,False,Issue,the blue light on the balcony at night which interferes with sleeping open window,Negative,
573,3,False,Room,"the calm and comfort of the bedding, the spacious room",Positive,
573,3,False,Balcony,the balcony,Positive,
573,3,False,Issue,the blue light on the balcony at night which interferes with sleeping open window,Negative,
574,1,True,(no topics found),,,
574,2,True,(no topics found),,,
574,3,True,(no topics found),,,
575,1,True,(no topics found),,,
575,2,True,(no topics found),,,
575,3,True,(no topics found),,,
576,1,False,Service,"The restaurant service is very good, varied and with good prices, the workers are very pleasant and attentive.",Positive,
576,1,False,Air-conditioning,The air conditioning had poor regulation... or cold (and directly to the body) or heat.,Negative,
576,2,False,Service,"The restaurant service is very good, varied and with good prices, the workers are very pleasant and attentive.",Positive,
576,2,False,Air-conditioning,The air conditioning had poor regulation... or cold (and directly to the body) or heat.,Negative,
576,3,False,Service,"The restaurant service is very good, varied and with good prices, the workers are very pleasant and attentive.",Positive,
576,3,False,Air-conditioning,The air conditioning had poor regulation... or cold (and directly to the body) or heat.,Negative,
577,1,True,(no topics found),,,
577,2,True,(no topics found),,,
577,3,True,(no topics found),,,
578,1,False,Room,"Good, firm beds and nice air conditioning in the room.",Positive,
578,1,False,Staff,the staff: they were very nice and prepared a fantastic breakfast for us!,Positive,
578,1,False,Service,Self check-in at night was also very easy.,Positive,
578,1,False,Service,arranged a taxi from the airport to the hotel for us,Positive,
578,2,False,Room,"Good, firm beds and nice air conditioning in the room.",Positive,
578,2,False,Staff,the staff: they were very nice and prepared a fantastic breakfast for us!,Positive,
578,2,False,Service,Self check-in at night was also very easy.,Positive,
578,2,False,Service,arranged a taxi from the airport to the hotel for us,Positive,
578,3,False,Room,"Good, firm beds and nice air conditioning in the room.",Positive,
578,3,False,Staff,the staff: they were very nice and prepared a fantastic breakfast for us!,Positive,
578,3,False,Service,Self check-in at night was also very easy.,Positive,
578,3,False,Service,arranged a taxi from the airport to the hotel for us,Positive,
579,1,True,Location,Hotel near airport about 10 minutes drive away,Positive,
579,2,True,Location,Hotel near airport about 10 minutes drive away,Positive,
579,3,True,Location,Hotel near airport about 10 minutes drive away,Positive,
580,1,True,Staff,"Super establishment undervalued in my opinion with an available, pleasant and very professional staff.",Positive,
580,2,True,Staff,"Super establishment undervalued in my opinion with an available, pleasant and very professional staff.",Positive,
580,3,True,Staff,"Super establishment undervalued in my opinion with an available, pleasant and very professional staff.",Positive,
581,1,False,Staff,Welcoming by the staff,Positive,
581,1,False,Location,location,Positive,
581,1,False,Price,price,Positive,
581,1,False,Difficulty,Difficulty finding parking,Negative,
581,2,False,Staff,Welcoming by the staff,Positive,
581,2,False,Location,location,Positive,
581,2,False,Price,price,Positive,
581,2,False,Difficulty,Difficulty finding parking,Negative,
581,3,False,Staff,Welcoming by the staff,Positive,
581,3,False,Location,location,Positive,
581,3,False,Price,price,Positive,
581,3,False,Difficulty,Difficulty finding parking,Negative,
582,1,True,Room,The comfort of the room and its layout.,Positive,
582,1,True,Staff,The reception and availability of staff.,Positive,
582,2,True,Room,The comfort of the room and its layout.,Positive,
582,2,True,Staff,The reception and availability of staff.,Positive,
582,3,True,Room,The comfort of the room and its layout.,Positive,
582,3,True,Staff,The reception and availability of staff.,Positive,
583,1,True,Room,Room comfort.,Positive,
583,2,True,Room,Room comfort.,Positive,
583,3,True,Room,Room comfort.,Positive,
584,1,True,Staff,Very pleasant welcome,Positive,
584,2,True,Staff,Very pleasant welcome,Positive,
584,3,True,Staff,Very pleasant welcome,Positive,
585,1,True,Staff,Very friendly and courteous staff.,Positive,
585,1,True,Facility,Clean and chic furnishings.,Positive,
585,2,True,Staff,Very friendly and courteous staff.,Positive,
585,2,True,Facility,Clean and chic furnishings.,Positive,
585,3,True,Staff,Very friendly and courteous staff.,Positive,
585,3,True,Facility,Clean and chic furnishings.,Positive,
586,1,True,Staff,Friendly and welcoming staff.,Positive,
586,1,True,Location,"The hotel is close to the airport, convenient for a short stay.",Positive,
586,1,True,Location,"Near the sea, promenade and several excellent restaurants.",Positive,
586,2,True,Staff,Friendly and welcoming staff.,Positive,
586,2,True,Location,"The hotel is close to the airport, convenient for a short stay.",Positive,
586,2,True,Location,"Near the sea, promenade and several excellent restaurants.",Positive,
586,3,True,Staff,Friendly and welcoming staff.,Positive,
586,3,True,Location,"The hotel is close to the airport, convenient for a short stay.",Positive,
586,3,True,Location,"Near the sea, promenade and several excellent restaurants.",Positive,
587,1,True,Staff,the employees are nice,Positive,
587,1,True,Location,close to the airport and the beach,Positive,
587,2,True,Staff,the employees are nice,Positive,
587,2,True,Location,close to the airport and the beach,Positive,
587,3,True,Staff,the employees are nice,Positive,
587,3,True,Location,close to the airport and the beach,Positive,
588,1,True,Location,Excellent location close to everything.,Positive,
588,2,True,Location,Excellent location close to everything.,Positive,
588,3,True,Location,Excellent location close to everything.,Positive,
589,1,True,Room,"The owners left us clear and precise information for our arrival, sending us photos.",Positive,
589,1,True,Room,"Cleanliness, distance from the airport, quality of bedding, size of the room, bottle of water available.",Positive,
589,1,True,Staff,Sympathy of the owners in the morning who made the effort to speak French to us.,Positive,
589,2,True,Room,"The owners left us clear and precise information for our arrival, sending us photos.",Positive,
589,2,True,Room,"Cleanliness, distance from the airport, quality of bedding, size of the room, bottle of water available.",Positive,
589,2,True,Staff,Sympathy of the owners in the morning who made the effort to speak French to us.,Positive,
589,3,True,Room,"The owners left us clear and precise information for our arrival, sending us photos.",Positive,
589,3,True,Room,"Cleanliness, distance from the airport, quality of bedding, size of the room, bottle of water available.",Positive,
589,3,True,Staff,Sympathy of the owners in the morning who made the effort to speak French to us.,Positive,
590,1,False,Room,"crisp white linens, small but cozy and very clean room",Positive,
590,1,False,Staff,very pleasant and helpful staff,Positive,
590,1,False,Location,5 minutes from the beach and the airport,Positive,
590,1,False,Price,reasonable price,Positive,
590,2,False,Room,"crisp white linens, small but cozy and very clean room",Positive,
590,2,False,Staff,very pleasant and helpful staff,Positive,
590,2,False,Location,5 minutes from the beach and the airport,Positive,
590,2,False,Price,reasonable price,Positive,
590,3,False,Room,"crisp white linens, small but cozy and very clean room",Positive,
590,3,False,Staff,very pleasant and helpful staff,Positive,
590,3,False,Location,5 minutes from the beach and the airport,Positive,
590,3,False,Price,reasonable price,Positive,
591,1,False,Food,Very varied breakfasts to choose from in the hotel restaurant.,Positive,
591,2,False,Food,Very varied breakfasts to choose from in the hotel restaurant.,Positive,
591,3,False,Food,Very varied breakfasts to choose from in the hotel restaurant.,Positive,
592,1,True,(no topics found),,,
592,2,True,(no topics found),,,
592,3,True,(no topics found),,,
593,1,False,Food,"The dishes cooked to order are delicious, I recommend eating at Jasmine Garden.",Positive,
593,2,False,Food,"The dishes cooked to order are delicious, I recommend eating at Jasmine Garden.",Positive,
593,3,False,Food,"The dishes cooked to order are delicious, I recommend eating at Jasmine Garden.",Positive,
594,1,False,Room,"Very uncomfortable folding bed, the child at night could not fall asleep with it.",Negative,
594,1,False,Staff,Nice welcoming staff.,Positive,
594,1,False,Food,Delicious dinner at the hotel restaurant.,Positive,
594,1,False,Location,Close to the airport.,Neutral,
594,1,False,Facility,Cozy courtyard.,Positive,
594,1,False,Check-in,Kindly settled early.,Positive,
594,2,False,Room,"Very uncomfortable folding bed, the child at night could not fall asleep with it.",Negative,
594,2,False,Staff,Nice welcoming staff.,Positive,
594,2,False,Food,Delicious dinner at the hotel restaurant.,Positive,
594,2,False,Location,Close to the airport.,Neutral,
594,2,False,Facility,Cozy courtyard.,Positive,
594,2,False,Check-in,Kindly settled early.,Positive,
594,3,False,Room,"Very uncomfortable folding bed, the child at night could not fall asleep with it.",Negative,
594,3,False,Staff,Nice welcoming staff.,Positive,
594,3,False,Food,Delicious dinner at the hotel restaurant.,Positive,
594,3,False,Location,Close to the airport.,Neutral,
594,3,False,Facility,Cozy courtyard.,Positive,
594,3,False,Check-in,Kindly settled early.,Positive,
595,1,True,Price,The meal is not included in the price,Positive,
595,2,True,Price,The meal is not included in the price,Positive,
595,3,True,Price,The meal is not included in the price,Positive,
596,1,False,Room,"very clean cheap, modern room",Positive,
596,1,False,Noise,Noisy outside,Negative,
596,2,False,Room,"very clean cheap, modern room",Positive,
596,2,False,Noise,Noisy outside,Negative,
596,3,False,Room,"very clean cheap, modern room",Positive,
596,3,False,Noise,Noisy outside,Negative,
597,1,True,Room,"Modern and renovated rooms, very comfortable beds",Positive,
597,1,True,Location,"Excellent location, a few steps from the sea and from via dei premises, in 20 minutes on foot you can also reach the ""historic"" center",Positive,
597,1,True,Food,"Excellent breakfast and meals in the restaurant, all freshly made",Positive,
597,1,True,Facility,Slightly small bathroom but still ok,Negative,
597,2,True,Room,"Modern and renovated rooms, very comfortable beds",Positive,
597,2,True,Location,"Excellent location, a few steps from the sea and from via dei premises, in 20 minutes on foot you can also reach the ""historic"" center",Positive,
597,2,True,Food,"Excellent breakfast and meals in the restaurant, all freshly made",Positive,
597,2,True,Facility,Slightly small bathroom but still ok,Negative,
597,3,True,Room,"Modern and renovated rooms, very comfortable beds",Positive,
597,3,True,Location,"Excellent location, a few steps from the sea and from via dei premises, in 20 minutes on foot you can also reach the ""historic"" center",Positive,
597,3,True,Food,"Excellent breakfast and meals in the restaurant, all freshly made",Positive,
597,3,True,Facility,Slightly small bathroom but still ok,Negative,
598,1,True,Staff,Very nice staff,Positive,
598,2,True,Staff,Very nice staff,Positive,
598,3,True,Staff,Very nice staff,Positive,
599,1,False,Room,The room is small but everything is new and very clean. Comfortable double bed and crisp white linen.,Positive,
599,1,False,Staff,friendly staff,Positive,
599,1,False,Food,Delicious breakfast in cafe,Positive,
599,1,False,Location,Great transit hotel near the airport. Side sea view.,Positive,
599,2,False,Room,The room is small but everything is new and very clean. Comfortable double bed and crisp white linen.,Positive,
599,2,False,Staff,friendly staff,Positive,
599,2,False,Food,Delicious breakfast in cafe,Positive,
599,2,False,Location,Great transit hotel near the airport. Side sea view.,Positive,
599,3,False,Room,The room is small but everything is new and very clean. Comfortable double bed and crisp white linen.,Positive,
599,3,False,Staff,friendly staff,Positive,
599,3,False,Food,Delicious breakfast in cafe,Positive,
599,3,False,Location,Great transit hotel near the airport. Side sea view.,Positive,
600,1,True,Room,a small but clean cozy modern hotel,Positive,
600,1,True,Price,corresponds to the price,Positive,
600,1,True,Facility,a small number of people,Positive,
600,2,True,Room,a small but clean cozy modern hotel,Positive,
600,2,True,Price,corresponds to the price,Positive,
600,2,True,Facility,a small number of people,Positive,
600,3,True,Room,a small but clean cozy modern hotel,Positive,
600,3,True,Price,corresponds to the price,Positive,
600,3,True,Facility,a small number of people,Positive,
601,1,True,(no topics found),,,
601,2,True,(no topics found),,,
601,3,True,(no topics found),,,
602,1,True,Location,Hotel very well located for the airport.,Positive,
602,2,True,Location,Hotel very well located for the airport.,Positive,
602,3,True,Location,Hotel very well located for the airport.,Positive,
603,1,False,Room,Very clean accommodation.,Positive,
603,1,False,Staff,Friendly staff.,Positive,
603,1,False,Facility,Very pleasant terrace in the evening.,Positive,
603,1,False,Quality-issue,The quality of the television image quite poor.,Negative,
603,2,False,Room,Very clean accommodation.,Positive,
603,2,False,Staff,Friendly staff.,Positive,
603,2,False,Facility,Very pleasant terrace in the evening.,Positive,
603,2,False,Quality-issue,The quality of the television image quite poor.,Negative,
603,3,False,Room,Very clean accommodation.,Positive,
603,3,False,Staff,Friendly staff.,Positive,
603,3,False,Facility,Very pleasant terrace in the evening.,Positive,
603,3,False,Quality-issue,The quality of the television image quite poor.,Negative,
604,1,True,(no topics found),,,
604,2,True,(no topics found),,,
604,3,True,(no topics found),,,
605,1,True,(no topics found),,,
605,2,True,(no topics found),,,
605,3,True,(no topics found),,,
606,1,True,Staff,"Amazing team, thinks of all the details and happy to help.",Positive,
606,1,True,Check-in,late check-in,Negative,
606,2,True,Staff,"Amazing team, thinks of all the details and happy to help.",Positive,
606,2,True,Check-in,late check-in,Negative,
606,3,True,Staff,"Amazing team, thinks of all the details and happy to help.",Positive,
606,3,True,Check-in,late check-in,Negative,
607,1,True,Room,"The room is not sealed off from the corridor, you can hear everything. Somewhat small and sterile rooms.",Negative,
607,1,True,Staff,"Clean, friendly staff",Positive,
607,1,True,Location,"very close to the beach and the airport, lots of restaurants nearby, relatively quiet location",Positive,
607,2,True,Room,"The room is not sealed off from the corridor, you can hear everything. Somewhat small and sterile rooms.",Negative,
607,2,True,Staff,"Clean, friendly staff",Positive,
607,2,True,Location,"very close to the beach and the airport, lots of restaurants nearby, relatively quiet location",Positive,
607,3,True,Room,"The room is not sealed off from the corridor, you can hear everything. Somewhat small and sterile rooms.",Negative,
607,3,True,Staff,"Clean, friendly staff",Positive,
607,3,True,Location,"very close to the beach and the airport, lots of restaurants nearby, relatively quiet location",Positive,
608,1,True,Room,the view from my room.,Negative,
608,2,True,Room,the view from my room.,Negative,
608,3,True,Room,the view from my room.,Negative,
609,1,False,Room,The room was modern with a large and very comfortable bed.,Positive,
609,1,False,Room,"The size of the room was just enough to spend one night, not much more.",Negative,
609,1,False,Price,The price is perhaps a little high,Negative,
609,1,False,Facility,The room was ... easy to set up,Positive,
609,1,False,Shower,The shower really good.,Positive,
609,1,False,Cleanliness,Everything very clean.,Positive,
609,1,False,Comfort,very comfortable,Positive,
609,1,False,Quiet,great quiet,Positive,
609,1,False,Space,The room was ... not much space,Negative,
609,2,False,Room,The room was modern with a large and very comfortable bed.,Positive,
609,2,False,Room,"The size of the room was just enough to spend one night, not much more.",Negative,
609,2,False,Price,The price is perhaps a little high,Negative,
609,2,False,Facility,The room was ... easy to set up,Positive,
609,2,False,Shower,The shower really good.,Positive,
609,2,False,Cleanliness,Everything very clean.,Positive,
609,2,False,Comfort,very comfortable,Positive,
609,2,False,Quiet,great quiet,Positive,
609,2,False,Space,The room was ... not much space,Negative,
609,3,False,Room,The room was modern with a large and very comfortable bed.,Positive,
609,3,False,Room,"The size of the room was just enough to spend one night, not much more.",Negative,
609,3,False,Price,The price is perhaps a little high,Negative,
609,3,False,Facility,The room was ... easy to set up,Positive,
609,3,False,Shower,The shower really good.,Positive,
609,3,False,Cleanliness,Everything very clean.,Positive,
609,3,False,Comfort,very comfortable,Positive,
609,3,False,Quiet,great quiet,Positive,
609,3,False,Space,The room was ... not much space,Negative,
610,1,True,Location,Close to Larnaca airport and 5min walk to the beach.,Positive,
610,1,True,Food,The breakfast on the terrace is very nice too!,Positive,
610,1,True,Food,Very quiet hotel with a restaurant in the enclosure which is very good.,Positive,
610,2,True,Location,Close to Larnaca airport and 5min walk to the beach.,Positive,
610,2,True,Food,The breakfast on the terrace is very nice too!,Positive,
610,2,True,Food,Very quiet hotel with a restaurant in the enclosure which is very good.,Positive,
610,3,True,Location,Close to Larnaca airport and 5min walk to the beach.,Positive,
610,3,True,Food,The breakfast on the terrace is very nice too!,Positive,
610,3,True,Food,Very quiet hotel with a restaurant in the enclosure which is very good.,Positive,
611,1,False,Room,The comfortable and very clean room.,Positive,
611,1,False,Staff,The kindness and availability of the staff.,Positive,
611,1,False,Location,Proximity to the city center and the beach.,Positive,
611,1,False,Food,The restaurant offering a good quality of dishes.,Positive,
611,1,False,Price,Very good value for money.,Positive,
611,2,False,Room,The comfortable and very clean room.,Positive,
611,2,False,Staff,The kindness and availability of the staff.,Positive,
611,2,False,Location,Proximity to the city center and the beach.,Positive,
611,2,False,Food,The restaurant offering a good quality of dishes.,Positive,
611,2,False,Price,Very good value for money.,Positive,
611,3,False,Room,The comfortable and very clean room.,Positive,
611,3,False,Staff,The kindness and availability of the staff.,Positive,
611,3,False,Location,Proximity to the city center and the beach.,Positive,
611,3,False,Food,The restaurant offering a good quality of dishes.,Positive,
611,3,False,Price,Very good value for money.,Positive,
612,1,True,Room,the room is nice and well furnished,Positive,
612,1,True,Staff,the managers of the hotel are extraordinarily kind and caring,Positive,
612,1,True,Staff,"they speak French and helped us find a rental car at a good price, they accompanied and advised us during our stay",Positive,
612,1,True,Location,"the establishment is really close to the airport, i.e. 6 minutes by car",Positive,
612,2,True,Room,the room is nice and well furnished,Positive,
612,2,True,Staff,the managers of the hotel are extraordinarily kind and caring,Positive,
612,2,True,Staff,"they speak French and helped us find a rental car at a good price, they accompanied and advised us during our stay",Positive,
612,2,True,Location,"the establishment is really close to the airport, i.e. 6 minutes by car",Positive,
612,3,True,Room,the room is nice and well furnished,Positive,
612,3,True,Staff,the managers of the hotel are extraordinarily kind and caring,Positive,
612,3,True,Staff,"they speak French and helped us find a rental car at a good price, they accompanied and advised us during our stay",Positive,
612,3,True,Location,"the establishment is really close to the airport, i.e. 6 minutes by car",Positive,
613,1,False,(parse failed),,,json_parse_error: Expecting value: line 1 column 1 (char 0)
613,2,False,(parse failed),,,json_parse_error: Expecting value: line 1 column 1 (char 0)
613,3,False,(parse failed),,,json_parse_error: Expecting value: line 1 column 1 (char 0)
614,1,True,Room,The rooms are spacious and comfortable.,Positive,
614,1,True,Staff,Very friendly staff,Positive,
614,1,True,Location,"ideally located near the airport, 5min by bus",Positive,
614,2,True,Room,The rooms are spacious and comfortable.,Positive,
614,2,True,Staff,Very friendly staff,Positive,
614,2,True,Location,"ideally located near the airport, 5min by bus",Positive,
614,3,True,Room,The rooms are spacious and comfortable.,Positive,
614,3,True,Staff,Very friendly staff,Positive,
614,3,True,Location,"ideally located near the airport, 5min by bus",Positive,
615,1,False,(parse failed),,,json_parse_error: Expecting value: line 1 column 1 (char 0)
615,2,False,(parse failed),,,json_parse_error: Expecting value: line 1 column 1 (char 0)
615,3,False,(parse failed),,,json_parse_error: Expecting value: line 1 column 1 (char 0)
616,1,True,Staff,Very friendly and helpful hotel staff.,Positive,
616,1,True,Location,"Mackenzie Beach is super easy to reach, but not too close to be disturbed by the parties there at night.",Positive,
616,2,True,Staff,Very friendly and helpful hotel staff.,Positive,
616,2,True,Location,"Mackenzie Beach is super easy to reach, but not too close to be disturbed by the parties there at night.",Positive,
616,3,True,Staff,Very friendly and helpful hotel staff.,Positive,
616,3,True,Location,"Mackenzie Beach is super easy to reach, but not too close to be disturbed by the parties there at night.",Positive,
617,1,False,Staff,Very nice staff.,Positive,
617,1,False,Location,Good central location.,Positive,
617,1,False,Facility,Neat small hotel.,Positive,
617,1,False,Off,Very noisy,Negative,
617,2,False,Staff,Very nice staff.,Positive,
617,2,False,Location,Good central location.,Positive,
617,2,False,Facility,Neat small hotel.,Positive,
617,2,False,Off,Very noisy,Negative,
617,3,False,Staff,Very nice staff.,Positive,
617,3,False,Location,Good central location.,Positive,
617,3,False,Facility,Neat small hotel.,Positive,
617,3,False,Off,Very noisy,Negative,
618,1,False,Location,"cleanliness, space, location",Positive,
618,1,False,Noise-issue,garbage truck at 3am making a lot of noise,Negative,
618,2,False,Location,"cleanliness, space, location",Positive,
618,2,False,Noise-issue,garbage truck at 3am making a lot of noise,Negative,
618,3,False,Location,"cleanliness, space, location",Positive,
618,3,False,Noise-issue,garbage truck at 3am making a lot of noise,Negative,
619,1,False,Staff,Excellent welcome by the owner who speaks fluent French.,Positive,
619,1,False,Location,extremely well located for the airport and Larnaca salt lake.,Positive,
619,1,False,Food,Perfect and good dinner,Positive,
619,1,False,Price,unbeatable value for money I think.,Positive,
619,2,False,Staff,Excellent welcome by the owner who speaks fluent French.,Positive,
619,2,False,Location,extremely well located for the airport and Larnaca salt lake.,Positive,
619,2,False,Food,Perfect and good dinner,Positive,
619,2,False,Price,unbeatable value for money I think.,Positive,
619,3,False,Staff,Excellent welcome by the owner who speaks fluent French.,Positive,
619,3,False,Location,extremely well located for the airport and Larnaca salt lake.,Positive,
619,3,False,Food,Perfect and good dinner,Positive,
619,3,False,Price,unbeatable value for money I think.,Positive,
620,1,False,Room,The room has everything you need.,Positive,
620,1,False,Staff,The staff are friendly and try to help.,Positive,
620,1,False,Location,Nice clean hotel near the airport.,Positive,
620,1,False,Location,In 7-10 minutes you can walk to the embankment.,Positive,
620,1,False,Booking-issue,"I booked a room with one bed, in fact it was 2 separate beds, no one warned about this, it was very uncomfortable for me and my husband to sleep, having moved the mattresses. If I had known from the beginning that there would not be a room with one bed, I would have chosen another hotel. It spoiled the impression.",Negative,
620,2,False,Room,The room has everything you need.,Positive,
620,2,False,Staff,The staff are friendly and try to help.,Positive,
620,2,False,Location,Nice clean hotel near the airport.,Positive,
620,2,False,Location,In 7-10 minutes you can walk to the embankment.,Positive,
620,2,False,Booking-issue,"I booked a room with one bed, in fact it was 2 separate beds, no one warned about this, it was very uncomfortable for me and my husband to sleep, having moved the mattresses. If I had known from the beginning that there would not be a room with one bed, I would have chosen another hotel. It spoiled the impression.",Negative,
620,3,False,Room,The room has everything you need.,Positive,
620,3,False,Staff,The staff are friendly and try to help.,Positive,
620,3,False,Location,Nice clean hotel near the airport.,Positive,
620,3,False,Location,In 7-10 minutes you can walk to the embankment.,Positive,
620,3,False,Booking-issue,"I booked a room with one bed, in fact it was 2 separate beds, no one warned about this, it was very uncomfortable for me and my husband to sleep, having moved the mattresses. If I had known from the beginning that there would not be a room with one bed, I would have chosen another hotel. It spoiled the impression.",Negative,
621,1,True,Food,not a big variety but tasty,Positive,
621,2,True,Food,not a big variety but tasty,Positive,
621,3,True,Food,not a big variety but tasty,Positive,
622,1,True,Room,"clean, modern room",Positive,
622,1,True,Staff,super friendly staff,Positive,
622,1,True,Facility,we didn't have a balcony,Negative,
622,1,True,Off,It wasn't bad though as we were only there for one night.,Negative,
622,2,True,Room,"clean, modern room",Positive,
622,2,True,Staff,super friendly staff,Positive,
622,2,True,Facility,we didn't have a balcony,Negative,
622,2,True,Off,It wasn't bad though as we were only there for one night.,Negative,
622,3,True,Room,"clean, modern room",Positive,
622,3,True,Staff,super friendly staff,Positive,
622,3,True,Facility,we didn't have a balcony,Negative,
622,3,True,Off,It wasn't bad though as we were only there for one night.,Negative,
623,1,False,Location,Good location near the airport and the beach.,Positive,
623,1,False,Noise,Noisy air conditioning and night traffic in the area.,Negative,
623,2,False,Location,Good location near the airport and the beach.,Positive,
623,2,False,Noise,Noisy air conditioning and night traffic in the area.,Negative,
623,3,False,Location,Good location near the airport and the beach.,Positive,
623,3,False,Noise,Noisy air conditioning and night traffic in the area.,Negative,
624,1,True,Room,Nice modern room.,Positive,
624,1,True,Room,Boss and family take care of that,Positive,
624,1,True,Room,Well-being of your guests!,Positive,
624,2,True,Room,Nice modern room.,Positive,
624,2,True,Room,Boss and family take care of that,Positive,
624,2,True,Room,Well-being of your guests!,Positive,
624,3,True,Room,Nice modern room.,Positive,
624,3,True,Room,Boss and family take care of that,Positive,
624,3,True,Room,Well-being of your guests!,Positive,
625,1,True,Location,Location very good for airport and beach.,Positive,
625,1,True,Booking-issue,No breakfast booked.,Negative,
625,2,True,Location,Location very good for airport and beach.,Positive,
625,2,True,Booking-issue,No breakfast booked.,Negative,
625,3,True,Location,Location very good for airport and beach.,Positive,
625,3,True,Booking-issue,No breakfast booked.,Negative,
626,1,True,Room,"The rooms are clean, air-conditioned, balcony, mini-bar.",Positive,
626,1,True,Staff,The most important thing about the hotel is the incredible staff. Very soulful atmosphere.,Positive,
626,1,True,Staff,"The general manager, he is behind the counter in the restaurant, made our holiday",Positive,
626,1,True,Food,"Definitely recommend trying the food in the restaurant. We took pasta, pizza, salads and burgers and everything was piping hot and very tasty and homemade.",Positive,
626,2,True,Room,"The rooms are clean, air-conditioned, balcony, mini-bar.",Positive,
626,2,True,Staff,The most important thing about the hotel is the incredible staff. Very soulful atmosphere.,Positive,
626,2,True,Staff,"The general manager, he is behind the counter in the restaurant, made our holiday",Positive,
626,2,True,Food,"Definitely recommend trying the food in the restaurant. We took pasta, pizza, salads and burgers and everything was piping hot and very tasty and homemade.",Positive,
626,3,True,Room,"The rooms are clean, air-conditioned, balcony, mini-bar.",Positive,
626,3,True,Staff,The most important thing about the hotel is the incredible staff. Very soulful atmosphere.,Positive,
626,3,True,Staff,"The general manager, he is behind the counter in the restaurant, made our holiday",Positive,
626,3,True,Food,"Definitely recommend trying the food in the restaurant. We took pasta, pizza, salads and burgers and everything was piping hot and very tasty and homemade.",Positive,
627,1,False,Staff,"I loved the staff, they always greeted us with a smile, they were really nice, they always responded to the help we needed, they called us a taxi, they didn't charge me again because I lost my room ticket, a stunning hotel, an aesthetic and clean place with innovative and interesting service that you can really request at the push of a button that I couldn't hear the bell, I have never come across this in my life amazing thank you so much to this hotel.",,
627,1,False,Location,A bit far from the city center but taxis cost the same price from anywhere in the city so it's not critical,,
627,2,False,Staff,"I loved the staff, they always greeted us with a smile, they were really nice, they always responded to the help we needed, they called us a taxi, they didn't charge me again because I lost my room ticket, a stunning hotel, an aesthetic and clean place with innovative and interesting service that you can really request at the push of a button that I couldn't hear the bell, I have never come across this in my life amazing thank you so much to this hotel.",,
627,2,False,Location,A bit far from the city center but taxis cost the same price from anywhere in the city so it's not critical,,
627,3,False,Staff,"I loved the staff, they always greeted us with a smile, they were really nice, they always responded to the help we needed, they called us a taxi, they didn't charge me again because I lost my room ticket, a stunning hotel, an aesthetic and clean place with innovative and interesting service that you can really request at the push of a button that I couldn't hear the bell, I have never come across this in my life amazing thank you so much to this hotel.",,
627,3,False,Location,A bit far from the city center but taxis cost the same price from anywhere in the city so it's not critical,,
628,1,False,Staff,The staff at the hotel (Tony) was nice and gave a pleasant feeling,Positive,
628,1,False,Location,The hotel is located close to the airport,Positive,
628,1,False,Location,The hotel is located close to the city center,Positive,
628,2,False,Staff,The staff at the hotel (Tony) was nice and gave a pleasant feeling,Positive,
628,2,False,Location,The hotel is located close to the airport,Positive,
628,2,False,Location,The hotel is located close to the city center,Positive,
628,3,False,Staff,The staff at the hotel (Tony) was nice and gave a pleasant feeling,Positive,
628,3,False,Location,The hotel is located close to the airport,Positive,
628,3,False,Location,The hotel is located close to the city center,Positive,
629,1,False,Staff,Welcome was pleasant,Positive,
629,1,False,Taxi-issue,helped us order a taxi to the airport,Positive,
629,2,False,Staff,Welcome was pleasant,Positive,
629,2,False,Taxi-issue,helped us order a taxi to the airport,Positive,
629,3,False,Staff,Welcome was pleasant,Positive,
629,3,False,Taxi-issue,helped us order a taxi to the airport,Positive,
630,1,False,Staff,Very friendly and helpful,Positive,
630,1,False,Wifi,weak at times,Negative,
630,2,False,Staff,Very friendly and helpful,Positive,
630,2,False,Wifi,weak at times,Negative,
630,3,False,Staff,Very friendly and helpful,Positive,
630,3,False,Wifi,weak at times,Negative,
631,1,True,Price,Excellent price/quality ratio,Positive,
631,1,True,Facility,"It was very new, clean and quite modern.",Positive,
631,2,True,Price,Excellent price/quality ratio,Positive,
631,2,True,Facility,"It was very new, clean and quite modern.",Positive,
631,3,True,Price,Excellent price/quality ratio,Positive,
631,3,True,Facility,"It was very new, clean and quite modern.",Positive,
632,1,False,Room,"The room was very nicely furnished and, above all, super clean.",Positive,
632,1,False,Location,The location was perfect for the trip to the airport the next morning (7:00 am).,Positive,
632,1,False,Location,It was perfect for that.,Positive,
632,1,False,Location,The bus connection to the city center was just around the corner and we were able to get back to the hotel later in the evening without any problems using public transport.,Positive,
632,2,False,Room,"The room was very nicely furnished and, above all, super clean.",Positive,
632,2,False,Location,The location was perfect for the trip to the airport the next morning (7:00 am).,Positive,
632,2,False,Location,It was perfect for that.,Positive,
632,2,False,Location,The bus connection to the city center was just around the corner and we were able to get back to the hotel later in the evening without any problems using public transport.,Positive,
632,3,False,Room,"The room was very nicely furnished and, above all, super clean.",Positive,
632,3,False,Location,The location was perfect for the trip to the airport the next morning (7:00 am).,Positive,
632,3,False,Location,It was perfect for that.,Positive,
632,3,False,Location,The bus connection to the city center was just around the corner and we were able to get back to the hotel later in the evening without any problems using public transport.,Positive,
633,1,False,Staff,very friendly,Positive,
633,1,False,Location,close to the airport,Positive,
633,1,False,Check-in,waited for us,Positive,
633,2,False,Staff,very friendly,Positive,
633,2,False,Location,close to the airport,Positive,
633,2,False,Check-in,waited for us,Positive,
633,3,False,Staff,very friendly,Positive,
633,3,False,Location,close to the airport,Positive,
633,3,False,Check-in,waited for us,Positive,
634,1,True,(no topics found),,,
634,2,True,(no topics found),,,
634,3,True,(no topics found),,,
635,1,False,Staff,The staff is friendly.,Positive,
635,1,False,Location,Great location.,Positive,
635,1,False,Location,10 minutes by bus from and to the airport.,Positive,
635,1,False,Location,10 minutes walk to the beach and cafes by the beach.,Positive,
635,1,False,Location,"It takes 40 minutes to walk along the promenade to the city, but it's nice.",Positive,
635,2,False,Staff,The staff is friendly.,Positive,
635,2,False,Location,Great location.,Positive,
635,2,False,Location,10 minutes by bus from and to the airport.,Positive,
635,2,False,Location,10 minutes walk to the beach and cafes by the beach.,Positive,
635,2,False,Location,"It takes 40 minutes to walk along the promenade to the city, but it's nice.",Positive,
635,3,False,Staff,The staff is friendly.,Positive,
635,3,False,Location,Great location.,Positive,
635,3,False,Location,10 minutes by bus from and to the airport.,Positive,
635,3,False,Location,10 minutes walk to the beach and cafes by the beach.,Positive,
635,3,False,Location,"It takes 40 minutes to walk along the promenade to the city, but it's nice.",Positive,
636,1,True,Staff,"A renovated, brilliant family hotel with a very friendly staff.",Positive,
636,1,True,Food,We had dinner at the hotel restaurant and it was excellent! The chef gave a personal touch to understand exactly what we want.,Positive,
636,2,True,Staff,"A renovated, brilliant family hotel with a very friendly staff.",Positive,
636,2,True,Food,We had dinner at the hotel restaurant and it was excellent! The chef gave a personal touch to understand exactly what we want.,Positive,
636,3,True,Staff,"A renovated, brilliant family hotel with a very friendly staff.",Positive,
636,3,True,Food,We had dinner at the hotel restaurant and it was excellent! The chef gave a personal touch to understand exactly what we want.,Positive,
637,1,False,Location,Perfect location to the airport.,Positive,
637,1,False,Reception,Very friendly reception.,Positive,
637,1,False,Reception,Very clean.,Positive,
637,2,False,Location,Perfect location to the airport.,Positive,
637,2,False,Reception,Very friendly reception.,Positive,
637,2,False,Reception,Very clean.,Positive,
637,3,False,Location,Perfect location to the airport.,Positive,
637,3,False,Reception,Very friendly reception.,Positive,
637,3,False,Reception,Very clean.,Positive,
638,1,True,(no topics found),,,
638,2,True,(no topics found),,,
638,3,True,(no topics found),,,
639,1,False,Room,Small beautiful clean room.,Positive,
639,1,False,Check-in,They accommodated us with an earlier check-in.,Positive,
639,1,False,Check-in,There is no problem with a later check-in either.,Positive,
639,2,False,Room,Small beautiful clean room.,Positive,
639,2,False,Check-in,They accommodated us with an earlier check-in.,Positive,
639,2,False,Check-in,There is no problem with a later check-in either.,Positive,
639,3,False,Room,Small beautiful clean room.,Positive,
639,3,False,Check-in,They accommodated us with an earlier check-in.,Positive,
639,3,False,Check-in,There is no problem with a later check-in either.,Positive,
640,1,False,Room,It was very clean.,Positive,
640,1,False,Staff,The host was very nice.,Positive,
640,1,False,Staff,He gave us instructions on how to get to the hotel and then even picked us up at the bus stop because we were very late,Positive,
640,1,False,Facility,The air conditioning probably didn't work properly,Negative,
640,1,False,Off,the humid air in the room. It was very warm.,Negative,
640,2,False,Room,It was very clean.,Positive,
640,2,False,Staff,The host was very nice.,Positive,
640,2,False,Staff,He gave us instructions on how to get to the hotel and then even picked us up at the bus stop because we were very late,Positive,
640,2,False,Facility,The air conditioning probably didn't work properly,Negative,
640,2,False,Off,the humid air in the room. It was very warm.,Negative,
640,3,False,Room,It was very clean.,Positive,
640,3,False,Staff,The host was very nice.,Positive,
640,3,False,Staff,He gave us instructions on how to get to the hotel and then even picked us up at the bus stop because we were very late,Positive,
640,3,False,Facility,The air conditioning probably didn't work properly,Negative,
640,3,False,Off,the humid air in the room. It was very warm.,Negative,
641,1,True,Room,Nice room with a nice balcony.,Positive,
641,1,True,Staff,Very friendly staff,Positive,
641,1,True,Location,Quiet and peaceful area,Positive,
641,2,True,Room,Nice room with a nice balcony.,Positive,
641,2,True,Staff,Very friendly staff,Positive,
641,2,True,Location,Quiet and peaceful area,Positive,
641,3,True,Room,Nice room with a nice balcony.,Positive,
641,3,True,Staff,Very friendly staff,Positive,
641,3,True,Location,Quiet and peaceful area,Positive,
642,1,True,Staff,Are very caring and welcome you 24 hours a day,Positive,
642,1,True,Food,Delicious homemade breakfast,Positive,
642,1,True,Location,very close to the airport,Positive,
642,2,True,Staff,Are very caring and welcome you 24 hours a day,Positive,
642,2,True,Food,Delicious homemade breakfast,Positive,
642,2,True,Location,very close to the airport,Positive,
642,3,True,Staff,Are very caring and welcome you 24 hours a day,Positive,
642,3,True,Food,Delicious homemade breakfast,Positive,
642,3,True,Location,very close to the airport,Positive,
643,1,True,Room,modern room,Positive,
643,1,True,Food,I would like more variety at breakfast.,Negative,
643,1,True,Price,The price to food ratio was disproportionate.,Negative,
643,2,True,Room,modern room,Positive,
643,2,True,Food,I would like more variety at breakfast.,Negative,
643,2,True,Price,The price to food ratio was disproportionate.,Negative,
643,3,True,Room,modern room,Positive,
643,3,True,Food,I would like more variety at breakfast.,Negative,
643,3,True,Price,The price to food ratio was disproportionate.,Negative,
644,1,True,Room,"Very clean, comfortable bed",Positive,
644,1,True,Room,tea and coffee in the room,Positive,
644,1,True,Location,perfect location (near the airport),Positive,
644,1,True,Staff,very friendly welcome,Positive,
644,2,True,Room,"Very clean, comfortable bed",Positive,
644,2,True,Room,tea and coffee in the room,Positive,
644,2,True,Location,perfect location (near the airport),Positive,
644,2,True,Staff,very friendly welcome,Positive,
644,3,True,Room,"Very clean, comfortable bed",Positive,
644,3,True,Room,tea and coffee in the room,Positive,
644,3,True,Location,perfect location (near the airport),Positive,
644,3,True,Staff,very friendly welcome,Positive,
645,1,True,(no topics found),,,
645,2,True,(no topics found),,,
645,3,True,(no topics found),,,
646,1,False,Room,The room was wonderful.,Positive,
646,1,False,Staff,The owner of the hotel was very friendly,Positive,
646,1,False,Location,Very close to Salt Lake and Mackenzie Beach.,Positive,
646,1,False,Location,Very close to the bus stop.,Positive,
646,1,False,Location,"The hotel is clean, comfortable and a good location.",Positive,
646,1,False,Food,Breakfast can be bought directly at the hotel for only 8 euros.,Positive,
646,1,False,Price,The bus only costs 1.5 euros to and from the airport.,Positive,
646,1,False,Facility,The shower is wonderful,Positive,
646,1,False,Facility,The air conditioner works,Positive,
646,2,False,Room,The room was wonderful.,Positive,
646,2,False,Staff,The owner of the hotel was very friendly,Positive,
646,2,False,Location,Very close to Salt Lake and Mackenzie Beach.,Positive,
646,2,False,Location,Very close to the bus stop.,Positive,
646,2,False,Location,"The hotel is clean, comfortable and a good location.",Positive,
646,2,False,Food,Breakfast can be bought directly at the hotel for only 8 euros.,Positive,
646,2,False,Price,The bus only costs 1.5 euros to and from the airport.,Positive,
646,2,False,Facility,The shower is wonderful,Positive,
646,2,False,Facility,The air conditioner works,Positive,
646,3,False,Room,The room was wonderful.,Positive,
646,3,False,Staff,The owner of the hotel was very friendly,Positive,
646,3,False,Location,Very close to Salt Lake and Mackenzie Beach.,Positive,
646,3,False,Location,Very close to the bus stop.,Positive,
646,3,False,Location,"The hotel is clean, comfortable and a good location.",Positive,
646,3,False,Food,Breakfast can be bought directly at the hotel for only 8 euros.,Positive,
646,3,False,Price,The bus only costs 1.5 euros to and from the airport.,Positive,
646,3,False,Facility,The shower is wonderful,Positive,
646,3,False,Facility,The air conditioner works,Positive,
647,1,True,(no topics found),,,
647,2,True,(no topics found),,,
647,3,True,(no topics found),,,
648,1,True,Staff,Nice staff.,Positive,
648,2,True,Staff,Nice staff.,Positive,
648,3,True,Staff,Nice staff.,Positive,
649,1,True,Room,"The room was small, could have been a bit more spacious.",Negative,
649,1,True,Staff,Friendly staff.,Positive,
649,1,True,Location,The hotel is located near the airport.,Positive,
649,2,True,Room,"The room was small, could have been a bit more spacious.",Negative,
649,2,True,Staff,Friendly staff.,Positive,
649,2,True,Location,The hotel is located near the airport.,Positive,
649,3,True,Room,"The room was small, could have been a bit more spacious.",Negative,
649,3,True,Staff,Friendly staff.,Positive,
649,3,True,Location,The hotel is located near the airport.,Positive,
650,1,False,Room,"The room is very clean, comfortable mattresses, excellent clean bedding.",Positive,
650,1,False,Staff,Very polite and pleasant staff.,Positive,
650,1,False,Location,"Cozy hotel in a quiet location. Walking distance to the beach, we went with a child. Walking around is also interesting.",Positive,
650,1,False,Food,We took breakfast once. I liked it.,Positive,
650,1,False,Facility,"There is only soap in the shower, no shower gel. Keep in mind. But we usually go with ours.",Neutral,
650,2,False,Room,"The room is very clean, comfortable mattresses, excellent clean bedding.",Positive,
650,2,False,Staff,Very polite and pleasant staff.,Positive,
650,2,False,Location,"Cozy hotel in a quiet location. Walking distance to the beach, we went with a child. Walking around is also interesting.",Positive,
650,2,False,Food,We took breakfast once. I liked it.,Positive,
650,2,False,Facility,"There is only soap in the shower, no shower gel. Keep in mind. But we usually go with ours.",Neutral,
650,3,False,Room,"The room is very clean, comfortable mattresses, excellent clean bedding.",Positive,
650,3,False,Staff,Very polite and pleasant staff.,Positive,
650,3,False,Location,"Cozy hotel in a quiet location. Walking distance to the beach, we went with a child. Walking around is also interesting.",Positive,
650,3,False,Food,We took breakfast once. I liked it.,Positive,
650,3,False,Facility,"There is only soap in the shower, no shower gel. Keep in mind. But we usually go with ours.",Neutral,
651,1,True,Staff,Pleasant staff,Positive,
651,2,True,Staff,Pleasant staff,Positive,
651,3,True,Staff,Pleasant staff,Positive,
652,1,True,Room,the accommodation is perfect - close to the airport.,Positive,
652,1,True,Location,close to the airport.,Positive,
652,1,True,Location,the accommodation is perfect - close to the airport.,Positive,
652,2,True,Room,the accommodation is perfect - close to the airport.,Positive,
652,2,True,Location,close to the airport.,Positive,
652,2,True,Location,the accommodation is perfect - close to the airport.,Positive,
652,3,True,Room,the accommodation is perfect - close to the airport.,Positive,
652,3,True,Location,close to the airport.,Positive,
652,3,True,Location,the accommodation is perfect - close to the airport.,Positive,
653,1,False,Staff,Very nice staff.,Positive,
653,1,False,Location,"close to the airport, near the lake with flamingos (in winter)",Positive,
653,2,False,Staff,Very nice staff.,Positive,
653,2,False,Location,"close to the airport, near the lake with flamingos (in winter)",Positive,
653,3,False,Staff,Very nice staff.,Positive,
653,3,False,Location,"close to the airport, near the lake with flamingos (in winter)",Positive,
654,1,False,Room,"clean, comfortable, with a soft bed",Positive,
654,1,False,Room,The room ...  with a soft bed,Positive,
654,1,False,Staff,Always friendly staff,Positive,
654,1,False,Location,I liked the hotel already when approaching it from the street,Positive,
654,1,False,Facility,the veranda,Positive,
654,2,False,Room,"clean, comfortable, with a soft bed",Positive,
654,2,False,Room,The room ...  with a soft bed,Positive,
654,2,False,Staff,Always friendly staff,Positive,
654,2,False,Location,I liked the hotel already when approaching it from the street,Positive,
654,2,False,Facility,the veranda,Positive,
654,3,False,Room,"clean, comfortable, with a soft bed",Positive,
654,3,False,Room,The room ...  with a soft bed,Positive,
654,3,False,Staff,Always friendly staff,Positive,
654,3,False,Location,I liked the hotel already when approaching it from the street,Positive,
654,3,False,Facility,the veranda,Positive,
655,1,False,Room,"The room was very well equipped, clean, comfortable",Positive,
655,1,False,Staff,Very warm and caring welcome,Positive,
655,1,False,Location,"The hotel is not far from the airport, a bit far from city center",Negative,
655,2,False,Room,"The room was very well equipped, clean, comfortable",Positive,
655,2,False,Staff,Very warm and caring welcome,Positive,
655,2,False,Location,"The hotel is not far from the airport, a bit far from city center",Negative,
655,3,False,Room,"The room was very well equipped, clean, comfortable",Positive,
655,3,False,Staff,Very warm and caring welcome,Positive,
655,3,False,Location,"The hotel is not far from the airport, a bit far from city center",Negative,
656,1,True,Room,room,Positive,
656,1,True,Staff,nice staff,Positive,
656,2,True,Room,room,Positive,
656,2,True,Staff,nice staff,Positive,
656,3,True,Room,room,Positive,
656,3,True,Staff,nice staff,Positive,
657,1,False,Room,nice rooms,Positive,
657,1,False,Staff,Friendly staff,Positive,
657,1,False,Cleanliness,cleanliness,Positive,
657,2,False,Room,nice rooms,Positive,
657,2,False,Staff,Friendly staff,Positive,
657,2,False,Cleanliness,cleanliness,Positive,
657,3,False,Room,nice rooms,Positive,
657,3,False,Staff,Friendly staff,Positive,
657,3,False,Cleanliness,cleanliness,Positive,
658,1,False,Food,delicious food,Positive,
658,1,False,Food,The owner takes care of the guests to make them feel at home.,Positive,
658,2,False,Food,delicious food,Positive,
658,2,False,Food,The owner takes care of the guests to make them feel at home.,Positive,
658,3,False,Food,delicious food,Positive,
658,3,False,Food,The owner takes care of the guests to make them feel at home.,Positive,
659,1,True,Room,"It was the cleanest room I've ever been, cleanliness is top notch, cleaned every day, down to the taps, towels and white bedding",Positive,
659,1,True,Staff,"The staff is excellent, everyone is definitely polite and smiling",Positive,
659,1,True,Facility,earplugs did not save,Negative,
659,2,True,Room,"It was the cleanest room I've ever been, cleanliness is top notch, cleaned every day, down to the taps, towels and white bedding",Positive,
659,2,True,Staff,"The staff is excellent, everyone is definitely polite and smiling",Positive,
659,2,True,Facility,earplugs did not save,Negative,
659,3,True,Room,"It was the cleanest room I've ever been, cleanliness is top notch, cleaned every day, down to the taps, towels and white bedding",Positive,
659,3,True,Staff,"The staff is excellent, everyone is definitely polite and smiling",Positive,
659,3,True,Facility,earplugs did not save,Negative,
660,1,False,Room,The rooms are very well equipped,Positive,
660,1,False,Staff,Very available and caring for his customers,Positive,
660,1,False,Food,The breakfast very good and plentiful,Positive,
660,1,False,Check-in,a shuttle taxi to the hotel was waiting for us,Positive,
660,1,False,Check-out,late departure,Positive,
660,2,False,Room,The rooms are very well equipped,Positive,
660,2,False,Staff,Very available and caring for his customers,Positive,
660,2,False,Food,The breakfast very good and plentiful,Positive,
660,2,False,Check-in,a shuttle taxi to the hotel was waiting for us,Positive,
660,2,False,Check-out,late departure,Positive,
660,3,False,Room,The rooms are very well equipped,Positive,
660,3,False,Staff,Very available and caring for his customers,Positive,
660,3,False,Food,The breakfast very good and plentiful,Positive,
660,3,False,Check-in,a shuttle taxi to the hotel was waiting for us,Positive,
660,3,False,Check-out,late departure,Positive,
661,1,False,Room,small but modern rooms,Positive,
661,1,False,Room,good bed,Positive,
661,1,False,Facility,Proximity to the airport,Positive,
661,1,False,Sleep,Those who sleep lightly will be disturbed by the aircraft noise.,Negative,
661,2,False,Room,small but modern rooms,Positive,
661,2,False,Room,good bed,Positive,
661,2,False,Facility,Proximity to the airport,Positive,
661,2,False,Sleep,Those who sleep lightly will be disturbed by the aircraft noise.,Negative,
661,3,False,Room,small but modern rooms,Positive,
661,3,False,Room,good bed,Positive,
661,3,False,Facility,Proximity to the airport,Positive,
661,3,False,Sleep,Those who sleep lightly will be disturbed by the aircraft noise.,Negative,
662,1,True,Staff,very helpful staff,Positive,
662,1,True,Location,a beautiful beach within walking distance,Positive,
662,2,True,Staff,very helpful staff,Positive,
662,2,True,Location,a beautiful beach within walking distance,Positive,
662,3,True,Staff,very helpful staff,Positive,
662,3,True,Location,a beautiful beach within walking distance,Positive,
663,1,False,Location,"Hotel near the airport, fast transfer organized by the hotel.",Positive,
663,1,False,Location,close to the beach,Positive,
663,1,False,Location,"The center is quite far, about 2.5 km",Negative,
663,1,False,Facility,Pool infrastructure.,Negative,
663,1,False,Peace,"Great, modern design, comfortable bed, clean, large with a balcony.",Positive,
663,1,False,Breakfast,"Served on site, on the ground floor in the dining room with access to the front terrace, delicious, homemade Greek taste.",Positive,
663,2,False,Location,"Hotel near the airport, fast transfer organized by the hotel.",Positive,
663,2,False,Location,close to the beach,Positive,
663,2,False,Location,"The center is quite far, about 2.5 km",Negative,
663,2,False,Facility,Pool infrastructure.,Negative,
663,2,False,Peace,"Great, modern design, comfortable bed, clean, large with a balcony.",Positive,
663,2,False,Breakfast,"Served on site, on the ground floor in the dining room with access to the front terrace, delicious, homemade Greek taste.",Positive,
663,3,False,Location,"Hotel near the airport, fast transfer organized by the hotel.",Positive,
663,3,False,Location,close to the beach,Positive,
663,3,False,Location,"The center is quite far, about 2.5 km",Negative,
663,3,False,Facility,Pool infrastructure.,Negative,
663,3,False,Peace,"Great, modern design, comfortable bed, clean, large with a balcony.",Positive,
663,3,False,Breakfast,"Served on site, on the ground floor in the dining room with access to the front terrace, delicious, homemade Greek taste.",Positive,
664,1,True,Room,"The reception of the staff, the cleanliness and the quality of the room.",Positive,
664,2,True,Room,"The reception of the staff, the cleanliness and the quality of the room.",Positive,
664,3,True,Room,"The reception of the staff, the cleanliness and the quality of the room.",Positive,
665,1,False,(parse failed),,,json_parse_error: Expecting value: line 1 column 1 (char 0)
665,2,False,(parse failed),,,json_parse_error: Expecting value: line 1 column 1 (char 0)
665,3,False,(parse failed),,,json_parse_error: Expecting value: line 1 column 1 (char 0)
666,1,False,Staff,very friendly and helpful staff/owners,Positive,
666,1,False,Location,Great location as I arrived very late and just wanted to sleep.,Positive,
666,1,False,Taxi-issue,unorganized taxi came too late,Negative,
666,2,False,Staff,very friendly and helpful staff/owners,Positive,
666,2,False,Location,Great location as I arrived very late and just wanted to sleep.,Positive,
666,2,False,Taxi-issue,unorganized taxi came too late,Negative,
666,3,False,Staff,very friendly and helpful staff/owners,Positive,
666,3,False,Location,Great location as I arrived very late and just wanted to sleep.,Positive,
666,3,False,Taxi-issue,unorganized taxi came too late,Negative,
667,1,False,Room,"Very clean new room, perfect bed and towels",Positive,
667,1,False,Location,"close to the bus stop, 10 minutes to the center and 5 minutes to the airport",Positive,
667,1,False,Staff,"Friendly staff, all wishes and problematic situations are solved immediately",Positive,
667,2,False,Room,"Very clean new room, perfect bed and towels",Positive,
667,2,False,Location,"close to the bus stop, 10 minutes to the center and 5 minutes to the airport",Positive,
667,2,False,Staff,"Friendly staff, all wishes and problematic situations are solved immediately",Positive,
667,3,False,Room,"Very clean new room, perfect bed and towels",Positive,
667,3,False,Location,"close to the bus stop, 10 minutes to the center and 5 minutes to the airport",Positive,
667,3,False,Staff,"Friendly staff, all wishes and problematic situations are solved immediately",Positive,
668,1,True,Location,location and calm,Positive,
668,2,True,Location,location and calm,Positive,
668,3,True,Location,location and calm,Positive,
669,1,False,Room,Very nice room.,Positive,
669,1,False,Facility,"There was a kettle and a microwave, a spacious bath, a view of the beautiful houses.",Positive,
669,1,False,Food,Delicious breakfast for a fee.,Positive,
669,1,False,Off,-,,
669,1,False,Service,"On request, there is a transfer from the airport and to the airport",Positive,
669,2,False,Room,Very nice room.,Positive,
669,2,False,Facility,"There was a kettle and a microwave, a spacious bath, a view of the beautiful houses.",Positive,
669,2,False,Food,Delicious breakfast for a fee.,Positive,
669,2,False,Off,-,,
669,2,False,Service,"On request, there is a transfer from the airport and to the airport",Positive,
669,3,False,Room,Very nice room.,Positive,
669,3,False,Facility,"There was a kettle and a microwave, a spacious bath, a view of the beautiful houses.",Positive,
669,3,False,Food,Delicious breakfast for a fee.,Positive,
669,3,False,Off,-,,
669,3,False,Service,"On request, there is a transfer from the airport and to the airport",Positive,
670,1,False,Room,The street side rooms are noisier than those facing the back.,Positive,
670,2,False,Room,The street side rooms are noisier than those facing the back.,Positive,
670,3,False,Room,The street side rooms are noisier than those facing the back.,Positive,
671,1,True,Facility,Pleasantly surprised as the hotel appears to have been renovated.,Positive,
671,1,True,Facility,Unfortunately the pool was closed.,Negative,
671,2,True,Facility,Pleasantly surprised as the hotel appears to have been renovated.,Positive,
671,2,True,Facility,Unfortunately the pool was closed.,Negative,
671,3,True,Facility,Pleasantly surprised as the hotel appears to have been renovated.,Positive,
671,3,True,Facility,Unfortunately the pool was closed.,Negative,
672,1,True,Food,Breakfast was good,Positive,
672,2,True,Food,Breakfast was good,Positive,
672,3,True,Food,Breakfast was good,Positive,
673,1,False,Staff,Very friendly staff,Positive,
673,1,False,Location,good walking distance to Mackenzie Beach,Positive,
673,1,False,Food,We can highly recommend the breakfast offered,Positive,
673,1,False,Parking,Free parking in front of the hotel along the street,Positive,
673,2,False,Staff,Very friendly staff,Positive,
673,2,False,Location,good walking distance to Mackenzie Beach,Positive,
673,2,False,Food,We can highly recommend the breakfast offered,Positive,
673,2,False,Parking,Free parking in front of the hotel along the street,Positive,
673,3,False,Staff,Very friendly staff,Positive,
673,3,False,Location,good walking distance to Mackenzie Beach,Positive,
673,3,False,Food,We can highly recommend the breakfast offered,Positive,
673,3,False,Parking,Free parking in front of the hotel along the street,Positive,
674,1,True,Staff,Very competent staff,Positive,
674,2,True,Staff,Very competent staff,Positive,
674,3,True,Staff,Very competent staff,Positive,
675,1,True,Room,Very well-kept hotel,Positive,
675,1,True,Room,comfortable mattresses,Positive,
675,1,True,Room,fridge,Positive,
675,1,True,Room,kettle,Positive,
675,1,True,Room,modern new equipment,Positive,
675,1,True,Staff,friendly service,Positive,
675,2,True,Room,Very well-kept hotel,Positive,
675,2,True,Room,comfortable mattresses,Positive,
675,2,True,Room,fridge,Positive,
675,2,True,Room,kettle,Positive,
675,2,True,Room,modern new equipment,Positive,
675,2,True,Staff,friendly service,Positive,
675,3,True,Room,Very well-kept hotel,Positive,
675,3,True,Room,comfortable mattresses,Positive,
675,3,True,Room,fridge,Positive,
675,3,True,Room,kettle,Positive,
675,3,True,Room,modern new equipment,Positive,
675,3,True,Staff,friendly service,Positive,
676,1,False,Room,"The room has a refrigerator, kettle, mugs (small), safe (did not use), TV (2 channels in the local language, net)",Positive,
676,1,False,Staff,"Responsive, kind people, you feel at home",Positive,
676,1,False,Location,"Near the salt lake, about 10 minutes walk, 5-6 minutes to the sea. Quiet place.",Positive,
676,1,False,Location,"Near the airport about 4 km, by bus or car for 5-6 minutes, you can walk and walk for 50 minutes",Positive,
676,2,False,Room,"The room has a refrigerator, kettle, mugs (small), safe (did not use), TV (2 channels in the local language, net)",Positive,
676,2,False,Staff,"Responsive, kind people, you feel at home",Positive,
676,2,False,Location,"Near the salt lake, about 10 minutes walk, 5-6 minutes to the sea. Quiet place.",Positive,
676,2,False,Location,"Near the airport about 4 km, by bus or car for 5-6 minutes, you can walk and walk for 50 minutes",Positive,
676,3,False,Room,"The room has a refrigerator, kettle, mugs (small), safe (did not use), TV (2 channels in the local language, net)",Positive,
676,3,False,Staff,"Responsive, kind people, you feel at home",Positive,
676,3,False,Location,"Near the salt lake, about 10 minutes walk, 5-6 minutes to the sea. Quiet place.",Positive,
676,3,False,Location,"Near the airport about 4 km, by bus or car for 5-6 minutes, you can walk and walk for 50 minutes",Positive,
677,1,True,(no topics found),,,
677,2,True,(no topics found),,,
677,3,True,(no topics found),,,
678,1,True,Location,Good hotel next to Mackenzie beach and especially the airport.,Positive,
678,2,True,Location,Good hotel next to Mackenzie beach and especially the airport.,Positive,
678,3,True,Location,Good hotel next to Mackenzie beach and especially the airport.,Positive,
679,1,False,Room,Superb room,Positive,
679,1,False,Staff,top notch,Positive,
679,1,False,Facility,balcony,Positive,
679,1,False,Noise,Lots of noise from the hallway,Negative,
679,2,False,Room,Superb room,Positive,
679,2,False,Staff,top notch,Positive,
679,2,False,Facility,balcony,Positive,
679,2,False,Noise,Lots of noise from the hallway,Negative,
679,3,False,Room,Superb room,Positive,
679,3,False,Staff,top notch,Positive,
679,3,False,Facility,balcony,Positive,
679,3,False,Noise,Lots of noise from the hallway,Negative,
680,1,False,Location,"the hotel is located 500 meters from the beach and an area with restaurants, bars",Positive,
680,1,False,Location,30' on foot from the town center,Positive,
680,2,False,Location,"the hotel is located 500 meters from the beach and an area with restaurants, bars",Positive,
680,2,False,Location,30' on foot from the town center,Positive,
680,3,False,Location,"the hotel is located 500 meters from the beach and an area with restaurants, bars",Positive,
680,3,False,Location,30' on foot from the town center,Positive,
681,1,False,Staff,good staff,Positive,
681,1,False,Location,excellent location,Positive,
681,1,False,Location,5 minutes walk to the sea,Positive,
681,1,False,Hotel-amenity,bus stops nearby,Positive,
681,2,False,Staff,good staff,Positive,
681,2,False,Location,excellent location,Positive,
681,2,False,Location,5 minutes walk to the sea,Positive,
681,2,False,Hotel-amenity,bus stops nearby,Positive,
681,3,False,Staff,good staff,Positive,
681,3,False,Location,excellent location,Positive,
681,3,False,Location,5 minutes walk to the sea,Positive,
681,3,False,Hotel-amenity,bus stops nearby,Positive,
682,1,True,Location,proximity to the airport for those arriving during the night,Positive,
682,2,True,Location,proximity to the airport for those arriving during the night,Positive,
682,3,True,Location,proximity to the airport for those arriving during the night,Positive,
683,1,False,Staff,very friendly staff.,Positive,
683,1,False,Facility,Clean and modern hotel.,Positive,
683,2,False,Staff,very friendly staff.,Positive,
683,2,False,Facility,Clean and modern hotel.,Positive,
683,3,False,Staff,very friendly staff.,Positive,
683,3,False,Facility,Clean and modern hotel.,Positive,
684,1,False,(parse failed),,,json_parse_error: Extra data: line 3 column 1 (char 443)
684,2,False,(parse failed),,,json_parse_error: Extra data: line 3 column 1 (char 443)
684,3,False,(parse failed),,,json_parse_error: Extra data: line 3 column 1 (char 443)
685,1,True,Location,Excellent location,Positive,
685,2,True,Location,Excellent location,Positive,
685,3,True,Location,Excellent location,Positive,
686,1,True,Room,Nice quiet room.,Positive,
686,1,True,Staff,Very friendly reception.,Positive,
686,2,True,Room,Nice quiet room.,Positive,
686,2,True,Staff,Very friendly reception.,Positive,
686,3,True,Room,Nice quiet room.,Positive,
686,3,True,Staff,Very friendly reception.,Positive,
687,1,False,Staff,Excellent service staff.,Positive,
687,1,False,Staff,The owner and staff are always ready to help.,Positive,
687,1,False,Location,From the hotel to the beach is relatively close.,Positive,
687,1,False,Location,There is a bus stop nearby.,Positive,
687,1,False,Food,monotonous breakfast,Negative,
687,2,False,Staff,Excellent service staff.,Positive,
687,2,False,Staff,The owner and staff are always ready to help.,Positive,
687,2,False,Location,From the hotel to the beach is relatively close.,Positive,
687,2,False,Location,There is a bus stop nearby.,Positive,
687,2,False,Food,monotonous breakfast,Negative,
687,3,False,Staff,Excellent service staff.,Positive,
687,3,False,Staff,The owner and staff are always ready to help.,Positive,
687,3,False,Location,From the hotel to the beach is relatively close.,Positive,
687,3,False,Location,There is a bus stop nearby.,Positive,
687,3,False,Food,monotonous breakfast,Negative,
688,1,True,(no topics found),,,
688,2,True,(no topics found),,,
688,3,True,(no topics found),,,
689,1,True,Booking-issue,"When the booked taxi didn't show up at 3 in the morning, the Htl owner drove me to the airport himself after I rang him out of bed.",Positive,
689,2,True,Booking-issue,"When the booked taxi didn't show up at 3 in the morning, the Htl owner drove me to the airport himself after I rang him out of bed.",Positive,
689,3,True,Booking-issue,"When the booked taxi didn't show up at 3 in the morning, the Htl owner drove me to the airport himself after I rang him out of bed.",Positive,
690,1,False,Location,Very convenient location. Not far from the airport and from the sea.,Positive,
690,1,False,Noise,Very thin walls. Everything is heard. At 3 o'clock in the morning we woke up from the fact that the garbage truck loaded the tanks.,Negative,
690,2,False,Location,Very convenient location. Not far from the airport and from the sea.,Positive,
690,2,False,Noise,Very thin walls. Everything is heard. At 3 o'clock in the morning we woke up from the fact that the garbage truck loaded the tanks.,Negative,
690,3,False,Location,Very convenient location. Not far from the airport and from the sea.,Positive,
690,3,False,Noise,Very thin walls. Everything is heard. At 3 o'clock in the morning we woke up from the fact that the garbage truck loaded the tanks.,Negative,
691,1,False,Staff,Nice and kind staff.,Positive,
691,1,False,Facility,Plenty of parking.,Positive,
691,1,False,Cleanliness,very clean,Positive,
691,2,False,Staff,Nice and kind staff.,Positive,
691,2,False,Facility,Plenty of parking.,Positive,
691,2,False,Cleanliness,very clean,Positive,
691,3,False,Staff,Nice and kind staff.,Positive,
691,3,False,Facility,Plenty of parking.,Positive,
691,3,False,Cleanliness,very clean,Positive,
692,1,True,Staff,Very helpful staff.,Positive,
692,1,True,Staff,"If you do not have adapters for sockets, ask at the reception..",Positive,
692,2,True,Staff,Very helpful staff.,Positive,
692,2,True,Staff,"If you do not have adapters for sockets, ask at the reception..",Positive,
692,3,True,Staff,Very helpful staff.,Positive,
692,3,True,Staff,"If you do not have adapters for sockets, ask at the reception..",Positive,
693,1,False,Location,"Hotel rather well placed,",Positive,
693,1,False,Location,access to the beach by crossing a vacant lot.,Positive,
693,1,False,Facility,accommodation has a swimming pool!,Positive,
693,1,False,Facility,Fridge filled with drinks and delicacies,Positive,
693,1,False,Booking-issue,Too bad the swimming pool is not indicated on the booking site and at the reception of the hotel!,Negative,
693,2,False,Location,"Hotel rather well placed,",Positive,
693,2,False,Location,access to the beach by crossing a vacant lot.,Positive,
693,2,False,Facility,accommodation has a swimming pool!,Positive,
693,2,False,Facility,Fridge filled with drinks and delicacies,Positive,
693,2,False,Booking-issue,Too bad the swimming pool is not indicated on the booking site and at the reception of the hotel!,Negative,
693,3,False,Location,"Hotel rather well placed,",Positive,
693,3,False,Location,access to the beach by crossing a vacant lot.,Positive,
693,3,False,Facility,accommodation has a swimming pool!,Positive,
693,3,False,Facility,Fridge filled with drinks and delicacies,Positive,
693,3,False,Booking-issue,Too bad the swimming pool is not indicated on the booking site and at the reception of the hotel!,Negative,
694,1,True,Room,"The room is very very small (3 beds at 18 meters), but at the same time, clean and tidy.",Positive,
694,1,True,Staff,The hosts are very friendly.,Positive,
694,1,True,Location,Close to the airport.,Positive,
694,1,True,Food,Never had such a terrible dinner before.,Negative,
694,1,True,Price,Tomorrow is quite meager - 8 euros.,Negative,
694,1,True,Facility,The area near the hotel is a wasteland / wasteland. There is nothing.,Negative,
694,2,True,Room,"The room is very very small (3 beds at 18 meters), but at the same time, clean and tidy.",Positive,
694,2,True,Staff,The hosts are very friendly.,Positive,
694,2,True,Location,Close to the airport.,Positive,
694,2,True,Food,Never had such a terrible dinner before.,Negative,
694,2,True,Price,Tomorrow is quite meager - 8 euros.,Negative,
694,2,True,Facility,The area near the hotel is a wasteland / wasteland. There is nothing.,Negative,
694,3,True,Room,"The room is very very small (3 beds at 18 meters), but at the same time, clean and tidy.",Positive,
694,3,True,Staff,The hosts are very friendly.,Positive,
694,3,True,Location,Close to the airport.,Positive,
694,3,True,Food,Never had such a terrible dinner before.,Negative,
694,3,True,Price,Tomorrow is quite meager - 8 euros.,Negative,
694,3,True,Facility,The area near the hotel is a wasteland / wasteland. There is nothing.,Negative,
695,1,False,Room,"New hotel, with super clean rooms and comfortable beds.",Positive,
695,1,False,Staff,The owners are very friendly!,Positive,
695,2,False,Room,"New hotel, with super clean rooms and comfortable beds.",Positive,
695,2,False,Staff,The owners are very friendly!,Positive,
695,3,False,Room,"New hotel, with super clean rooms and comfortable beds.",Positive,
695,3,False,Staff,The owners are very friendly!,Positive,
696,1,True,Location,The airport is 6 minutes by car.,Positive,
696,1,True,Location,Near a good beach.,Positive,
696,1,True,Food,Liked the food at the cafe in the lobby.,Positive,
696,2,True,Location,The airport is 6 minutes by car.,Positive,
696,2,True,Location,Near a good beach.,Positive,
696,2,True,Food,Liked the food at the cafe in the lobby.,Positive,
696,3,True,Location,The airport is 6 minutes by car.,Positive,
696,3,True,Location,Near a good beach.,Positive,
696,3,True,Food,Liked the food at the cafe in the lobby.,Positive,
697,1,False,Room,"Very clean, fresh, comfortable.",Positive,
697,1,False,Staff,Responsive staff.,Positive,
697,1,False,Staff,Individual approach.,Positive,
697,1,False,Facility,you can see it's new.,Positive,
697,1,False,Cleanliness,Cleaning every day.,Positive,
697,2,False,Room,"Very clean, fresh, comfortable.",Positive,
697,2,False,Staff,Responsive staff.,Positive,
697,2,False,Staff,Individual approach.,Positive,
697,2,False,Facility,you can see it's new.,Positive,
697,2,False,Cleanliness,Cleaning every day.,Positive,
697,3,False,Room,"Very clean, fresh, comfortable.",Positive,
697,3,False,Staff,Responsive staff.,Positive,
697,3,False,Staff,Individual approach.,Positive,
697,3,False,Facility,you can see it's new.,Positive,
697,3,False,Cleanliness,Cleaning every day.,Positive,
698,1,False,Location,The hotel is 10 minutes from the airport which is very convenient for not missing your flight.,Positive,
698,1,False,Location,The hotel is well located for the restaurants in the area.,Positive,
698,1,False,Food,I unfortunately did not try the breakfast or other meal,Positive,
698,1,False,Electricity,The electric kettle didn't seem to work.,Negative,
698,2,False,Location,The hotel is 10 minutes from the airport which is very convenient for not missing your flight.,Positive,
698,2,False,Location,The hotel is well located for the restaurants in the area.,Positive,
698,2,False,Food,I unfortunately did not try the breakfast or other meal,Positive,
698,2,False,Electricity,The electric kettle didn't seem to work.,Negative,
698,3,False,Location,The hotel is 10 minutes from the airport which is very convenient for not missing your flight.,Positive,
698,3,False,Location,The hotel is well located for the restaurants in the area.,Positive,
698,3,False,Food,I unfortunately did not try the breakfast or other meal,Positive,
698,3,False,Electricity,The electric kettle didn't seem to work.,Negative,
699,1,True,Staff,The hotel staff was fantastic.,Positive,
699,2,True,Staff,The hotel staff was fantastic.,Positive,
699,3,True,Staff,The hotel staff was fantastic.,Positive,
700,1,True,Room,"Small room, only one nescafe bag, no curtain in the bathroom.",Negative,
700,1,True,Room,"Great bed, excellent cleaning, great for the airport (it's attached)",Positive,
700,2,True,Room,"Small room, only one nescafe bag, no curtain in the bathroom.",Negative,
700,2,True,Room,"Great bed, excellent cleaning, great for the airport (it's attached)",Positive,
700,3,True,Room,"Small room, only one nescafe bag, no curtain in the bathroom.",Negative,
700,3,True,Room,"Great bed, excellent cleaning, great for the airport (it's attached)",Positive,
701,1,True,Staff,Very friendly and helpful staff,Positive,
701,1,True,Location,walking distance to the beach with several restaurants,Positive,
701,2,True,Staff,Very friendly and helpful staff,Positive,
701,2,True,Location,walking distance to the beach with several restaurants,Positive,
701,3,True,Staff,Very friendly and helpful staff,Positive,
701,3,True,Location,walking distance to the beach with several restaurants,Positive,
702,1,False,Room,room a bit small.,Negative,
702,1,False,Staff,Nice staff,Positive,
702,1,False,Food,good cook,Positive,
702,1,False,Sleeping-arrangement,son of 16 had to sleep on the starter,Negative,
702,2,False,Room,room a bit small.,Negative,
702,2,False,Staff,Nice staff,Positive,
702,2,False,Food,good cook,Positive,
702,2,False,Sleeping-arrangement,son of 16 had to sleep on the starter,Negative,
702,3,False,Room,room a bit small.,Negative,
702,3,False,Staff,Nice staff,Positive,
702,3,False,Food,good cook,Positive,
702,3,False,Sleeping-arrangement,son of 16 had to sleep on the starter,Negative,
703,1,True,Room,"Hotel completely redone, the rooms are clean and comfortable.",Positive,
703,1,True,Staff,"Like the 2 managers of the hotel and the chef, the staff is extremely kind and helpful.",Positive,
703,1,True,Food,"Full breakfast and served without time limit, to good understanding :)",Positive,
703,2,True,Room,"Hotel completely redone, the rooms are clean and comfortable.",Positive,
703,2,True,Staff,"Like the 2 managers of the hotel and the chef, the staff is extremely kind and helpful.",Positive,
703,2,True,Food,"Full breakfast and served without time limit, to good understanding :)",Positive,
703,3,True,Room,"Hotel completely redone, the rooms are clean and comfortable.",Positive,
703,3,True,Staff,"Like the 2 managers of the hotel and the chef, the staff is extremely kind and helpful.",Positive,
703,3,True,Food,"Full breakfast and served without time limit, to good understanding :)",Positive,
704,1,True,Location,The hotel is close to Larnaca Airport and the beach.,Positive,
704,1,True,Location,For the best.,Positive,
704,2,True,Location,The hotel is close to Larnaca Airport and the beach.,Positive,
704,2,True,Location,For the best.,Positive,
704,3,True,Location,The hotel is close to Larnaca Airport and the beach.,Positive,
704,3,True,Location,For the best.,Positive,
705,1,False,Staff,Pleasant staff,Positive,
705,1,False,Food,Good food,Positive,
705,2,False,Staff,Pleasant staff,Positive,
705,2,False,Food,Good food,Positive,
705,3,False,Staff,Pleasant staff,Positive,
705,3,False,Food,Good food,Positive,
706,1,True,Location,"Very good accommodation in a perfect location, 7 minutes from the airport!",Positive,
706,2,True,Location,"Very good accommodation in a perfect location, 7 minutes from the airport!",Positive,
706,3,True,Location,"Very good accommodation in a perfect location, 7 minutes from the airport!",Positive,
707,1,True,Room,Small room for a family,Negative,
707,1,True,Facility,"New hotel, renovated",Positive,
707,2,True,Room,Small room for a family,Negative,
707,2,True,Facility,"New hotel, renovated",Positive,
707,3,True,Room,Small room for a family,Negative,
707,3,True,Facility,"New hotel, renovated",Positive,
708,1,True,Location,Excellent location on the way to/from Larnaca airport.,Positive,
708,1,True,Location,Warm and cordial hospitality,Positive,
708,2,True,Location,Excellent location on the way to/from Larnaca airport.,Positive,
708,2,True,Location,Warm and cordial hospitality,Positive,
708,3,True,Location,Excellent location on the way to/from Larnaca airport.,Positive,
708,3,True,Location,Warm and cordial hospitality,Positive,
709,1,True,Facility,Very well-kept small hotel,Positive,
709,2,True,Facility,Very well-kept small hotel,Positive,
709,3,True,Facility,Very well-kept small hotel,Positive,
710,1,False,Food,We had dinner in the restaurant and it was very good.,Positive,
710,2,True,Food,dinner in the restaurant and it was very good,Positive,
710,3,True,Food,dinner in the restaurant and it was very good,Positive,
711,1,True,Room,Room and possibility for late check out and very nice staff,Positive,
711,1,True,Staff,and very nice staff,Positive,
711,1,True,Facility,"Swimming pool , small and dirty",Negative,
711,2,True,Room,Room and possibility for late check out and very nice staff,Positive,
711,2,True,Staff,and very nice staff,Positive,
711,2,True,Facility,"Swimming pool , small and dirty",Negative,
711,3,True,Room,Room and possibility for late check out and very nice staff,Positive,
711,3,True,Staff,and very nice staff,Positive,
711,3,True,Facility,"Swimming pool , small and dirty",Negative,
712,1,True,Room,Comfortable room,Positive,
712,2,True,Room,Comfortable room,Positive,
712,3,True,Room,Comfortable room,Positive,
713,1,True,Location,Very nice and close to the airport,Positive,
713,2,True,Location,Very nice and close to the airport,Positive,
713,3,True,Location,Very nice and close to the airport,Positive,
714,1,True,Room,a comfortable place.,Positive,
714,1,True,Staff,Quiet friendly staff.,Positive,
714,1,True,Facility,Quiet and spacious.,Positive,
714,2,True,Room,a comfortable place.,Positive,
714,2,True,Staff,Quiet friendly staff.,Positive,
714,2,True,Facility,Quiet and spacious.,Positive,
714,3,True,Room,a comfortable place.,Positive,
714,3,True,Staff,Quiet friendly staff.,Positive,
714,3,True,Facility,Quiet and spacious.,Positive,
715,1,False,Staff,Great staff,Positive,
715,1,False,Price,worth the price,Positive,
715,2,False,Staff,Great staff,Positive,
715,2,False,Price,worth the price,Positive,
715,3,False,Staff,Great staff,Positive,
715,3,False,Price,worth the price,Positive,
716,1,True,Room,New and clean rooms.,Positive,
716,1,True,Staff,Very pleasant staff.,Positive,
716,1,True,Staff,But the staff promised to fix it.,Positive,
716,1,True,Facility,Lack of adapters for sockets in the rooms.,Negative,
716,2,True,Room,New and clean rooms.,Positive,
716,2,True,Staff,Very pleasant staff.,Positive,
716,2,True,Staff,But the staff promised to fix it.,Positive,
716,2,True,Facility,Lack of adapters for sockets in the rooms.,Negative,
716,3,True,Room,New and clean rooms.,Positive,
716,3,True,Staff,Very pleasant staff.,Positive,
716,3,True,Staff,But the staff promised to fix it.,Positive,
716,3,True,Facility,Lack of adapters for sockets in the rooms.,Negative,
717,1,True,Staff,Very accommodating and nice staff. Helpful. Top,Positive,
717,2,True,Staff,Very accommodating and nice staff. Helpful. Top,Positive,
717,3,True,Staff,Very accommodating and nice staff. Helpful. Top,Positive,
718,1,True,Room,No trash can in the room,Negative,
718,1,True,Staff,very nice staff,Positive,
718,1,True,Location,Close to Mackenzie beach and salt lake,Positive,
718,1,True,Location,10 minutes to the airport by bus or taxi,Positive,
718,2,True,Room,No trash can in the room,Negative,
718,2,True,Staff,very nice staff,Positive,
718,2,True,Location,Close to Mackenzie beach and salt lake,Positive,
718,2,True,Location,10 minutes to the airport by bus or taxi,Positive,
718,3,True,Room,No trash can in the room,Negative,
718,3,True,Staff,very nice staff,Positive,
718,3,True,Location,Close to Mackenzie beach and salt lake,Positive,
718,3,True,Location,10 minutes to the airport by bus or taxi,Positive,
719,1,True,Room,Super clean modern room and bathroom with balcony.,Positive,
719,1,True,Location,The street on which the hotel is located.,Positive,
719,1,True,Facility,Wonderful air conditioning that also stays on when you leave the room or open the balcony door.,Positive,
719,2,True,Room,Super clean modern room and bathroom with balcony.,Positive,
719,2,True,Location,The street on which the hotel is located.,Positive,
719,2,True,Facility,Wonderful air conditioning that also stays on when you leave the room or open the balcony door.,Positive,
719,3,True,Room,Super clean modern room and bathroom with balcony.,Positive,
719,3,True,Location,The street on which the hotel is located.,Positive,
719,3,True,Facility,Wonderful air conditioning that also stays on when you leave the room or open the balcony door.,Positive,
720,1,True,Room,"Clean, modern hotel, comfortable rooms.",Positive,
720,2,True,Room,"Clean, modern hotel, comfortable rooms.",Positive,
720,3,True,Room,"Clean, modern hotel, comfortable rooms.",Positive,
721,1,True,Staff,Nice staff,Positive,
721,1,True,Staff,helpful people,Positive,
721,2,True,Staff,Nice staff,Positive,
721,2,True,Staff,helpful people,Positive,
721,3,True,Staff,Nice staff,Positive,
721,3,True,Staff,helpful people,Positive,
722,1,True,Room,clean comfortable room with good new furniture,Positive,
722,1,True,Staff,Super polite and helpful staff,Positive,
722,2,True,Room,clean comfortable room with good new furniture,Positive,
722,2,True,Staff,Super polite and helpful staff,Positive,
722,3,True,Room,clean comfortable room with good new furniture,Positive,
722,3,True,Staff,Super polite and helpful staff,Positive,
723,1,False,Facility,It was simple and beautiful.,Positive,
723,1,False,Other,There were no TV channels,Negative,
723,2,False,Facility,It was simple and beautiful.,Positive,
723,2,False,Other,There were no TV channels,Negative,
723,3,False,Facility,It was simple and beautiful.,Positive,
723,3,False,Other,There were no TV channels,Negative,
724,1,True,(no topics found),,,
724,2,True,(no topics found),,,
724,3,True,(no topics found),,,
725,1,False,Staff,Constructive attitude of the staff.,Positive,
725,1,False,Bedding,Extremely thick bedding for the weather,Positive,
725,2,False,Staff,Constructive attitude of the staff.,Positive,
725,2,False,Bedding,Extremely thick bedding for the weather,Positive,
725,3,False,Staff,Constructive attitude of the staff.,Positive,
725,3,False,Bedding,Extremely thick bedding for the weather,Positive,
726,1,False,Room,The room is clean.,Positive,
726,1,False,Staff,Friendly staff.,Positive,
726,1,False,Location,The hotel is very conveniently located.,Positive,
726,1,False,Location,5 minutes walk.,Positive,
726,1,False,Facility,The pressure of the ox is excellent.,Positive,
726,1,False,Bed,Bed is comfortable,Positive,
726,2,False,Room,The room is clean.,Positive,
726,2,False,Staff,Friendly staff.,Positive,
726,2,False,Location,The hotel is very conveniently located.,Positive,
726,2,False,Location,5 minutes walk.,Positive,
726,2,False,Facility,The pressure of the ox is excellent.,Positive,
726,2,False,Bed,Bed is comfortable,Positive,
726,3,False,Room,The room is clean.,Positive,
726,3,False,Staff,Friendly staff.,Positive,
726,3,False,Location,The hotel is very conveniently located.,Positive,
726,3,False,Location,5 minutes walk.,Positive,
726,3,False,Facility,The pressure of the ox is excellent.,Positive,
726,3,False,Bed,Bed is comfortable,Positive,
727,1,True,Staff,"Everyone at the hotel was very friendly, tried to help and explain.",Positive,
727,1,True,Location,"Great option for if you arrive at Larnaca airport, close",Positive,
727,1,True,Location,To restaurants and the beach go through an intensive road.,Negative,
727,2,True,Staff,"Everyone at the hotel was very friendly, tried to help and explain.",Positive,
727,2,True,Location,"Great option for if you arrive at Larnaca airport, close",Positive,
727,2,True,Location,To restaurants and the beach go through an intensive road.,Negative,
727,3,True,Staff,"Everyone at the hotel was very friendly, tried to help and explain.",Positive,
727,3,True,Location,"Great option for if you arrive at Larnaca airport, close",Positive,
727,3,True,Location,To restaurants and the beach go through an intensive road.,Negative,
728,1,True,(no topics found),,,
728,2,True,(no topics found),,,
728,3,True,(no topics found),,,
729,1,True,Staff,The managers are extremely nice and helpful,Positive,
729,1,True,Food,excellent breakfast,Positive,
729,1,True,Facility,This hotel is very very clean,Positive,
729,1,True,Facility,well equipped,Positive,
729,2,True,Staff,The managers are extremely nice and helpful,Positive,
729,2,True,Food,excellent breakfast,Positive,
729,2,True,Facility,This hotel is very very clean,Positive,
729,2,True,Facility,well equipped,Positive,
729,3,True,Staff,The managers are extremely nice and helpful,Positive,
729,3,True,Food,excellent breakfast,Positive,
729,3,True,Facility,This hotel is very very clean,Positive,
729,3,True,Facility,well equipped,Positive,
730,1,False,Location,close to airport and beach,Positive,
730,1,False,Location,proximity to the airport has its own nuances: the noise of planes taking off and the smell of jet fuel are very audible,Negative,
730,1,False,Location,"near the beach at night there is a disco, which also makes it very difficult to sleep",Negative,
730,1,False,Facility,"newly refurbished hotel, rooms with balconies and clean",Positive,
730,2,False,Location,close to airport and beach,Positive,
730,2,False,Location,proximity to the airport has its own nuances: the noise of planes taking off and the smell of jet fuel are very audible,Negative,
730,2,False,Location,"near the beach at night there is a disco, which also makes it very difficult to sleep",Negative,
730,2,False,Facility,"newly refurbished hotel, rooms with balconies and clean",Positive,
730,3,False,Location,close to airport and beach,Positive,
730,3,False,Location,proximity to the airport has its own nuances: the noise of planes taking off and the smell of jet fuel are very audible,Negative,
730,3,False,Location,"near the beach at night there is a disco, which also makes it very difficult to sleep",Negative,
730,3,False,Facility,"newly refurbished hotel, rooms with balconies and clean",Positive,
731,1,True,Room,the room,Positive,
731,1,True,Staff,the staff,Positive,
731,2,True,Room,the room,Positive,
731,2,True,Staff,the staff,Positive,
731,3,True,Room,the room,Positive,
731,3,True,Staff,the staff,Positive,
732,1,False,Staff,Very welcoming and friendly staff.,Positive,
732,1,False,Location,"Near Mackenzie beach, airport, salt lake.",Positive,
732,1,False,Facility,"Everything is clean, freshly renovated.",Positive,
732,2,False,Staff,Very welcoming and friendly staff.,Positive,
732,2,False,Location,"Near Mackenzie beach, airport, salt lake.",Positive,
732,2,False,Facility,"Everything is clean, freshly renovated.",Positive,
732,3,False,Staff,Very welcoming and friendly staff.,Positive,
732,3,False,Location,"Near Mackenzie beach, airport, salt lake.",Positive,
732,3,False,Facility,"Everything is clean, freshly renovated.",Positive,
733,1,True,Staff,The staff is very friendly.,Positive,
733,1,True,Staff,Staff. Everything in the hotel is new.,Positive,
733,1,True,Location,Located close to the waterfront.,Positive,
733,2,True,Staff,The staff is very friendly.,Positive,
733,2,True,Staff,Staff. Everything in the hotel is new.,Positive,
733,2,True,Location,Located close to the waterfront.,Positive,
733,3,True,Staff,The staff is very friendly.,Positive,
733,3,True,Staff,Staff. Everything in the hotel is new.,Positive,
733,3,True,Location,Located close to the waterfront.,Positive,
734,1,True,(no topics found),,,
734,2,True,(no topics found),,,
734,3,True,(no topics found),,,
735,1,False,(parse failed),,,json_parse_error: Expecting value: line 1 column 1 (char 0)
735,2,False,(parse failed),,,json_parse_error: Expecting value: line 1 column 1 (char 0)
735,3,False,(parse failed),,,json_parse_error: Expecting value: line 1 column 1 (char 0)
736,1,False,Staff,The staff is very friendly.,Positive,
736,2,False,Staff,The staff is very friendly.,Positive,
736,3,False,Staff,The staff is very friendly.,Positive,
737,1,True,Location,Close to the beach.,Positive,
737,2,True,Location,Close to the beach.,Positive,
737,3,True,Location,Close to the beach.,Positive,
738,1,True,Room,all the furniture in the hotel is new,Positive,
738,1,True,Room,the bed is comfortable,Positive,
738,1,True,Staff,the owners are very good people,Positive,
738,1,True,Food,breakfast is excellent,Positive,
738,2,True,Room,all the furniture in the hotel is new,Positive,
738,2,True,Room,the bed is comfortable,Positive,
738,2,True,Staff,the owners are very good people,Positive,
738,2,True,Food,breakfast is excellent,Positive,
738,3,True,Room,all the furniture in the hotel is new,Positive,
738,3,True,Room,the bed is comfortable,Positive,
738,3,True,Staff,the owners are very good people,Positive,
738,3,True,Food,breakfast is excellent,Positive,
739,1,False,Room,"Nice accommodation, extremely clean and with a very good location near the beach and the center.",Positive,
739,1,False,Staff,the staff communicates well in French,Positive,
739,1,False,Location,near the beach and the center,Positive,
739,1,False,Facility,with a very pleasant atmosphere,Positive,
739,2,False,Room,"Nice accommodation, extremely clean and with a very good location near the beach and the center.",Positive,
739,2,False,Staff,the staff communicates well in French,Positive,
739,2,False,Location,near the beach and the center,Positive,
739,2,False,Facility,with a very pleasant atmosphere,Positive,
739,3,False,Room,"Nice accommodation, extremely clean and with a very good location near the beach and the center.",Positive,
739,3,False,Staff,the staff communicates well in French,Positive,
739,3,False,Location,near the beach and the center,Positive,
739,3,False,Facility,with a very pleasant atmosphere,Positive,
740,1,True,(no topics found),,,
740,2,True,(no topics found),,,
740,3,True,(no topics found),,,
741,1,True,(no topics found),,,
741,2,True,(no topics found),,,
741,3,True,(no topics found),,,
742,1,True,Room,comfortable bed,Positive,
742,2,True,Room,comfortable bed,Positive,
742,3,True,Room,comfortable bed,Positive,
743,1,True,Room,Clean and nice room,Positive,
743,1,True,Location,Not as close to the airport as advertised,Negative,
743,2,True,Room,Clean and nice room,Positive,
743,2,True,Location,Not as close to the airport as advertised,Negative,
743,3,True,Room,Clean and nice room,Positive,
743,3,True,Location,Not as close to the airport as advertised,Negative,
744,1,True,Room,Room quality,Positive,
744,2,True,Room,Room quality,Positive,
744,3,True,Room,Room quality,Positive,
745,1,True,(no topics found),,,
745,2,True,(no topics found),,,
745,3,True,(no topics found),,,
746,1,True,Room,The room was satisfactory,Positive,
746,1,True,Staff,the lady at the reception who spoke Cypriot was kind and willing for any help,Positive,
746,2,True,Room,The room was satisfactory,Positive,
746,2,True,Staff,the lady at the reception who spoke Cypriot was kind and willing for any help,Positive,
746,3,True,Room,The room was satisfactory,Positive,
746,3,True,Staff,the lady at the reception who spoke Cypriot was kind and willing for any help,Positive,
747,1,True,Room,A clean room that really serves the purpose for which we came,Positive,
747,1,True,Off,The frozen water in the bath,Negative,
747,2,True,Room,A clean room that really serves the purpose for which we came,Positive,
747,2,True,Off,The frozen water in the bath,Negative,
747,3,True,Room,A clean room that really serves the purpose for which we came,Positive,
747,3,True,Off,The frozen water in the bath,Negative,
748,1,False,(parse failed),,,"json_parse_error: Expecting ',' delimiter: line 3 column 1 (char 584)"
748,2,False,(parse failed),,,"json_parse_error: Expecting ',' delimiter: line 3 column 1 (char 584)"
748,3,False,(parse failed),,,"json_parse_error: Expecting ',' delimiter: line 3 column 1 (char 584)"
749,1,True,Room,The room is clean.,Positive,
749,1,True,Room,Small rooms.,Negative,
749,1,True,Location,The location is close to the field.,Positive,
749,2,True,Room,The room is clean.,Positive,
749,2,True,Room,Small rooms.,Negative,
749,2,True,Location,The location is close to the field.,Positive,
749,3,True,Room,The room is clean.,Positive,
749,3,True,Room,Small rooms.,Negative,
749,3,True,Location,The location is close to the field.,Positive,
750,1,True,Staff,No staff at night..,Negative,
750,1,True,Location,Location close to the field.,Positive,
750,2,True,Staff,No staff at night..,Negative,
750,2,True,Location,Location close to the field.,Positive,
750,3,True,Staff,No staff at night..,Negative,
750,3,True,Location,Location close to the field.,Positive,
751,1,True,Room,The room was next to another property's pool.,Negative,
751,1,True,Room,"Despite too much noise, shouting.",Negative,
751,2,True,Room,The room was next to another property's pool.,Negative,
751,2,True,Room,"Despite too much noise, shouting.",Negative,
751,3,True,Room,The room was next to another property's pool.,Negative,
751,3,True,Room,"Despite too much noise, shouting.",Negative,
752,1,False,Room,comfortable room for one night before departure,Positive,
752,1,False,Noise,It was extremely noisy,Negative,
752,2,False,Room,comfortable room for one night before departure,Positive,
752,2,False,Noise,It was extremely noisy,Negative,
752,3,False,Room,comfortable room for one night before departure,Positive,
752,3,False,Noise,It was extremely noisy,Negative,
753,1,False,Cleanliness,Cleanliness,Positive,
753,1,False,Cleanliness,Spacious,Positive,
753,2,False,Cleanliness,Cleanliness,Positive,
753,2,False,Cleanliness,Spacious,Positive,
753,3,False,Cleanliness,Cleanliness,Positive,
753,3,False,Cleanliness,Spacious,Positive,
754,1,True,(no topics found),,,
754,2,True,(no topics found),,,
754,3,True,(no topics found),,,
755,1,True,(no topics found),,,
755,2,True,(no topics found),,,
755,3,True,(no topics found),,,
756,1,False,Location,"central location between the beach, the party mile, the airport and the old town",Positive,
756,1,False,Breakfast,it would be nice if there was a breakfast buffet,Negative,
756,2,False,Location,"central location between the beach, the party mile, the airport and the old town",Positive,
756,2,False,Breakfast,it would be nice if there was a breakfast buffet,Negative,
756,3,False,Location,"central location between the beach, the party mile, the airport and the old town",Positive,
756,3,False,Breakfast,it would be nice if there was a breakfast buffet,Negative,
757,1,True,Food,After 20 minutes of waiting bad and half raw croissant,Negative,
757,1,True,Food,Watery cappuccino,Negative,
757,2,True,Food,After 20 minutes of waiting bad and half raw croissant,Negative,
757,2,True,Food,Watery cappuccino,Negative,
757,3,True,Food,After 20 minutes of waiting bad and half raw croissant,Negative,
757,3,True,Food,Watery cappuccino,Negative,
758,1,True,Room,Big room,Positive,
758,1,True,Staff,Receptionist didn't understand English very well,Negative,
758,1,True,Staff,could not give me any information about the bus to the airport,Negative,
758,2,True,Room,Big room,Positive,
758,2,True,Staff,Receptionist didn't understand English very well,Negative,
758,2,True,Staff,could not give me any information about the bus to the airport,Negative,
758,3,True,Room,Big room,Positive,
758,3,True,Staff,Receptionist didn't understand English very well,Negative,
758,3,True,Staff,could not give me any information about the bus to the airport,Negative,
759,1,True,Room,The room,Positive,
759,2,True,Room,The room,Positive,
759,3,True,Room,The room,Positive,
760,1,False,Location,Very good location,Positive,
760,1,False,Sound-issue,Sound-proofing,Negative,
760,2,False,Location,Very good location,Positive,
760,2,False,Sound-issue,Sound-proofing,Negative,
760,3,False,Location,Very good location,Positive,
760,3,False,Sound-issue,Sound-proofing,Negative,
761,1,False,(parse failed),,,json_parse_error: Expecting value: line 1 column 1 (char 0)
761,2,False,(parse failed),,,json_parse_error: Expecting value: line 1 column 1 (char 0)
761,3,False,(parse failed),,,json_parse_error: Expecting value: line 1 column 1 (char 0)
762,1,True,Room,"The room smelled of sewage, it should never be like this.",Negative,
762,1,True,Location,Location good,Positive,
762,2,True,Room,"The room smelled of sewage, it should never be like this.",Negative,
762,2,True,Location,Location good,Positive,
762,3,True,Room,"The room smelled of sewage, it should never be like this.",Negative,
762,3,True,Location,Location good,Positive,
763,1,False,Room,"The comfort of the beds, the cleanliness.",Positive,
763,1,False,Staff,The warm welcome in French,Positive,
763,1,False,Facility,The noise emanating from the terrace when located on the 1st floor.,Negative,
763,2,False,Room,"The comfort of the beds, the cleanliness.",Positive,
763,2,False,Staff,The warm welcome in French,Positive,
763,2,False,Facility,The noise emanating from the terrace when located on the 1st floor.,Negative,
763,3,False,Room,"The comfort of the beds, the cleanliness.",Positive,
763,3,False,Staff,The warm welcome in French,Positive,
763,3,False,Facility,The noise emanating from the terrace when located on the 1st floor.,Negative,
764,1,False,Room,"Clean room, comfortable bed.",Positive,
764,1,False,Room,"The small room, with almost non-existent storage spaces",Negative,
764,1,False,Room,"Thin walls, all night I heard how other travelers checked in.",Negative,
764,1,False,Staff,With the exception of one gentleman at the reception,Neutral,
764,2,False,Room,"Clean room, comfortable bed.",Positive,
764,2,False,Room,"The small room, with almost non-existent storage spaces",Negative,
764,2,False,Room,"Thin walls, all night I heard how other travelers checked in.",Negative,
764,2,False,Staff,With the exception of one gentleman at the reception,Neutral,
764,3,False,Room,"Clean room, comfortable bed.",Positive,
764,3,False,Room,"The small room, with almost non-existent storage spaces",Negative,
764,3,False,Room,"Thin walls, all night I heard how other travelers checked in.",Negative,
764,3,False,Staff,With the exception of one gentleman at the reception,Neutral,
765,1,False,Room,Very comfortable bed.,Positive,
765,1,False,Room,The furniture and bathroom are all new and impeccable.,Positive,
765,1,False,Location,Bars and restaurants nearby.,Positive,
765,1,False,Facility,Very good WiFi connection.,Positive,
765,2,False,Room,Very comfortable bed.,Positive,
765,2,False,Room,The furniture and bathroom are all new and impeccable.,Positive,
765,2,False,Location,Bars and restaurants nearby.,Positive,
765,2,False,Facility,Very good WiFi connection.,Positive,
765,3,False,Room,Very comfortable bed.,Positive,
765,3,False,Room,The furniture and bathroom are all new and impeccable.,Positive,
765,3,False,Location,Bars and restaurants nearby.,Positive,
765,3,False,Facility,Very good WiFi connection.,Positive,
766,1,False,Room,The room given was not the one booked.,Negative,
766,1,False,Room,small corner,Negative,
766,1,False,Cleanliness,Cleanliness,Positive,
766,2,False,Room,The room given was not the one booked.,Negative,
766,2,False,Room,small corner,Negative,
766,2,False,Cleanliness,Cleanliness,Positive,
766,3,False,Room,The room given was not the one booked.,Negative,
766,3,False,Room,small corner,Negative,
766,3,False,Cleanliness,Cleanliness,Positive,
767,1,True,Room,Clean and spacious room,Positive,
767,1,True,Location,Far from the beach,Negative,
767,1,True,Price,400 euros for 3 nights a bit expensive,Negative,
767,1,True,Facility,"The windows overlooked the courtyard, where it was quite noisy",Negative,
767,2,True,Room,Clean and spacious room,Positive,
767,2,True,Location,Far from the beach,Negative,
767,2,True,Price,400 euros for 3 nights a bit expensive,Negative,
767,2,True,Facility,"The windows overlooked the courtyard, where it was quite noisy",Negative,
767,3,True,Room,Clean and spacious room,Positive,
767,3,True,Location,Far from the beach,Negative,
767,3,True,Price,400 euros for 3 nights a bit expensive,Negative,
767,3,True,Facility,"The windows overlooked the courtyard, where it was quite noisy",Negative,
768,1,False,(parse failed),,,json_parse_error: Expecting value: line 1 column 1 (char 0)
768,2,False,(parse failed),,,json_parse_error: Expecting value: line 1 column 1 (char 0)
768,3,False,(parse failed),,,json_parse_error: Expecting value: line 1 column 1 (char 0)
769,1,False,Room,microscopic,Negative,
769,1,False,Room,Bed linen was never changed,Negative,
769,1,False,Room,the refrigerator is full of minibar for money,Negative,
769,1,False,Location,within walking distance,Positive,
769,1,False,Location,20 minutes,Positive,
769,1,False,Facility,taverns in the area,Positive,
769,2,False,Room,microscopic,Negative,
769,2,False,Room,Bed linen was never changed,Negative,
769,2,False,Room,the refrigerator is full of minibar for money,Negative,
769,2,False,Location,within walking distance,Positive,
769,2,False,Location,20 minutes,Positive,
769,2,False,Facility,taverns in the area,Positive,
769,3,False,Room,microscopic,Negative,
769,3,False,Room,Bed linen was never changed,Negative,
769,3,False,Room,the refrigerator is full of minibar for money,Negative,
769,3,False,Location,within walking distance,Positive,
769,3,False,Location,20 minutes,Positive,
769,3,False,Facility,taverns in the area,Positive,
770,1,True,Staff,pleasant and helpful staff,Positive,
770,1,True,Price,value for money,Positive,
770,1,True,Facility,daily change of towels,Positive,
770,2,True,Staff,pleasant and helpful staff,Positive,
770,2,True,Price,value for money,Positive,
770,2,True,Facility,daily change of towels,Positive,
770,3,True,Staff,pleasant and helpful staff,Positive,
770,3,True,Price,value for money,Positive,
770,3,True,Facility,daily change of towels,Positive,
771,1,True,Staff,nice staff,Positive,
771,1,True,Food,The breakfast is delicious,Positive,
771,1,True,Food,but the same,Negative,
771,1,True,Location,Walking distance to the center,Positive,
771,1,True,Location,within walking distance of Mackenzie beach,Positive,
771,2,True,Staff,nice staff,Positive,
771,2,True,Food,The breakfast is delicious,Positive,
771,2,True,Food,but the same,Negative,
771,2,True,Location,Walking distance to the center,Positive,
771,2,True,Location,within walking distance of Mackenzie beach,Positive,
771,3,True,Staff,nice staff,Positive,
771,3,True,Food,The breakfast is delicious,Positive,
771,3,True,Food,but the same,Negative,
771,3,True,Location,Walking distance to the center,Positive,
771,3,True,Location,within walking distance of Mackenzie beach,Positive,
772,1,True,Room,"new equipment, good accessibility for reptiles",Positive,
772,1,True,Room,couldn't close one window,Negative,
772,2,True,Room,"new equipment, good accessibility for reptiles",Positive,
772,2,True,Room,couldn't close one window,Negative,
772,3,True,Room,"new equipment, good accessibility for reptiles",Positive,
772,3,True,Room,couldn't close one window,Negative,
773,1,False,Room,"Great, compact room and hotel. Clean and modern.",Positive,
773,1,False,Location,Mackenzie Beach is 10-15 minutes on asphalt and 5-7 off-road,Positive,
773,1,False,Airport,7 - 10 minutes drive,Positive,
773,2,False,Room,"Great, compact room and hotel. Clean and modern.",Positive,
773,2,False,Location,Mackenzie Beach is 10-15 minutes on asphalt and 5-7 off-road,Positive,
773,2,False,Airport,7 - 10 minutes drive,Positive,
773,3,False,Room,"Great, compact room and hotel. Clean and modern.",Positive,
773,3,False,Location,Mackenzie Beach is 10-15 minutes on asphalt and 5-7 off-road,Positive,
773,3,False,Airport,7 - 10 minutes drive,Positive,
774,1,True,Room,comfortable and clean room,Positive,
774,1,True,Location,good location,Positive,
774,1,True,Staff,kind staff,Positive,
774,1,True,Facility,difficulties with the different sockets,Negative,
774,1,True,Facility,provided devices without adapters,Negative,
774,2,True,Room,comfortable and clean room,Positive,
774,2,True,Location,good location,Positive,
774,2,True,Staff,kind staff,Positive,
774,2,True,Facility,difficulties with the different sockets,Negative,
774,2,True,Facility,provided devices without adapters,Negative,
774,3,True,Room,comfortable and clean room,Positive,
774,3,True,Location,good location,Positive,
774,3,True,Staff,kind staff,Positive,
774,3,True,Facility,difficulties with the different sockets,Negative,
774,3,True,Facility,provided devices without adapters,Negative,
775,1,True,Price,perfect price,Positive,
775,2,True,Price,perfect price,Positive,
775,3,True,Price,perfect price,Positive,
776,1,False,Location,proximity to the airport,Positive,
776,1,False,Location,proximity to the sea,Positive,
776,2,False,Location,proximity to the airport,Positive,
776,2,False,Location,proximity to the sea,Positive,
776,3,False,Location,proximity to the airport,Positive,
776,3,False,Location,proximity to the sea,Positive,
777,1,True,Room,"A couple of days after arrival, we changed the room from a one-room to a two-room with a balcony.",Positive,
777,1,True,Staff,Responsive staff. Always with a smile.,Positive,
777,1,True,Food,Delicious inexpensive breakfast options.,Positive,
777,1,True,Facility,Wonderful hotel with a cozy homely atmosphere.,Positive,
777,2,True,Room,"A couple of days after arrival, we changed the room from a one-room to a two-room with a balcony.",Positive,
777,2,True,Staff,Responsive staff. Always with a smile.,Positive,
777,2,True,Food,Delicious inexpensive breakfast options.,Positive,
777,2,True,Facility,Wonderful hotel with a cozy homely atmosphere.,Positive,
777,3,True,Room,"A couple of days after arrival, we changed the room from a one-room to a two-room with a balcony.",Positive,
777,3,True,Staff,Responsive staff. Always with a smile.,Positive,
777,3,True,Food,Delicious inexpensive breakfast options.,Positive,
777,3,True,Facility,Wonderful hotel with a cozy homely atmosphere.,Positive,
778,1,True,Location,Close to the airport.,Positive,
778,1,True,Price,Excellent value.,Positive,
778,1,True,Check-in,Perfect welcome at 1:30 in the morning!,Positive,
778,2,True,Location,Close to the airport.,Positive,
778,2,True,Price,Excellent value.,Positive,
778,2,True,Check-in,Perfect welcome at 1:30 in the morning!,Positive,
778,3,True,Location,Close to the airport.,Positive,
778,3,True,Price,Excellent value.,Positive,
778,3,True,Check-in,Perfect welcome at 1:30 in the morning!,Positive,
779,1,False,Room,"The room is clean, large enough and recent",Positive,
779,1,False,Staff,An exceptional welcome in French,Positive,
779,1,False,Location,"The location close to the airport, while being quiet",Positive,
779,1,False,Location,The proximity to the beach and the city is a significant asset,Positive,
779,1,False,Food,Nothing except the breakfast served at the bar next door (too frugal for the price and very slow service!),Negative,
779,1,False,Check-in,Check-in at 4am,Positive,
779,1,False,Facility,The outdoor balcony is a plus,Positive,
779,1,False,Off,I recommend 100%,Positive,
779,1,False,Bus,There is a bus stop near the hotel which allows you to go to the city center and to the airport,Positive,
779,2,False,Room,"The room is clean, large enough and recent",Positive,
779,2,False,Staff,An exceptional welcome in French,Positive,
779,2,False,Location,"The location close to the airport, while being quiet",Positive,
779,2,False,Location,The proximity to the beach and the city is a significant asset,Positive,
779,2,False,Food,Nothing except the breakfast served at the bar next door (too frugal for the price and very slow service!),Negative,
779,2,False,Check-in,Check-in at 4am,Positive,
779,2,False,Facility,The outdoor balcony is a plus,Positive,
779,2,False,Off,I recommend 100%,Positive,
779,2,False,Bus,There is a bus stop near the hotel which allows you to go to the city center and to the airport,Positive,
779,3,False,Room,"The room is clean, large enough and recent",Positive,
779,3,False,Staff,An exceptional welcome in French,Positive,
779,3,False,Location,"The location close to the airport, while being quiet",Positive,
779,3,False,Location,The proximity to the beach and the city is a significant asset,Positive,
779,3,False,Food,Nothing except the breakfast served at the bar next door (too frugal for the price and very slow service!),Negative,
779,3,False,Check-in,Check-in at 4am,Positive,
779,3,False,Facility,The outdoor balcony is a plus,Positive,
779,3,False,Off,I recommend 100%,Positive,
779,3,False,Bus,There is a bus stop near the hotel which allows you to go to the city center and to the airport,Positive,
780,1,True,Room,nice room,Positive,
780,1,True,Room,large room size,Positive,
780,1,True,Location,near mackenzie beach,Positive,
780,2,True,Room,nice room,Positive,
780,2,True,Room,large room size,Positive,
780,2,True,Location,near mackenzie beach,Positive,
780,3,True,Room,nice room,Positive,
780,3,True,Room,large room size,Positive,
780,3,True,Location,near mackenzie beach,Positive,
781,1,True,Room,"Bed frame structure dangerous, sharp corners.",Negative,
781,1,True,Staff,"A friendly, nice and sympathetic man serving breakfast.",Positive,
781,2,True,Room,"Bed frame structure dangerous, sharp corners.",Negative,
781,2,True,Staff,"A friendly, nice and sympathetic man serving breakfast.",Positive,
781,3,True,Room,"Bed frame structure dangerous, sharp corners.",Negative,
781,3,True,Staff,"A friendly, nice and sympathetic man serving breakfast.",Positive,
782,1,True,Room,clean room,Positive,
782,1,True,Food,Delicious breakfast,Positive,
782,1,True,Facility,"excellent renovation with taste, stylish and beautiful",Positive,
782,2,True,Room,clean room,Positive,
782,2,True,Food,Delicious breakfast,Positive,
782,2,True,Facility,"excellent renovation with taste, stylish and beautiful",Positive,
782,3,True,Room,clean room,Positive,
782,3,True,Food,Delicious breakfast,Positive,
782,3,True,Facility,"excellent renovation with taste, stylish and beautiful",Positive,
783,1,True,Staff,Great staff ... great willingness!,Positive,
783,1,True,Facility,"The hotel itself was tidy and modern,",Positive,
783,2,True,Staff,Great staff ... great willingness!,Positive,
783,2,True,Facility,"The hotel itself was tidy and modern,",Positive,
783,3,True,Staff,Great staff ... great willingness!,Positive,
783,3,True,Facility,"The hotel itself was tidy and modern,",Positive,
784,1,True,Room,very clean and new rooms.,Positive,
784,1,True,Staff,Very friendly and warm service.,Positive,
784,1,True,Location,Proximity to the beach and airport.,Positive,
784,2,True,Room,very clean and new rooms.,Positive,
784,2,True,Staff,Very friendly and warm service.,Positive,
784,2,True,Location,Proximity to the beach and airport.,Positive,
784,3,True,Room,very clean and new rooms.,Positive,
784,3,True,Staff,Very friendly and warm service.,Positive,
784,3,True,Location,Proximity to the beach and airport.,Positive,
785,1,True,Staff,Very kind and helpful staff.,Positive,
785,1,True,Location,Bad-degraded area.,Negative,
785,2,True,Staff,Very kind and helpful staff.,Positive,
785,2,True,Location,Bad-degraded area.,Negative,
785,3,True,Staff,Very kind and helpful staff.,Positive,
785,3,True,Location,Bad-degraded area.,Negative,
2484,1,True,(no topics found),,,
2484,2,True,(no topics found),,,
2484,3,True,(no topics found),,,
